<?xml version="1.0" encoding="UTF-8"?>
<gpx creator="https://gpx.studio" version="1.1" xmlns="http://www.topografix.com/GPX/1/1" xmlns:xsi="http://www.w3.org/2001/XMLSchema-instance" xsi:schemaLocation="http://www.topografix.com/GPX/1/1 http://www.topografix.com/GPX/1/1/gpx.xsd http://www.garmin.com/xmlschemas/GpxExtensions/v3 http://www.garmin.com/xmlschemas/GpxExtensionsv3.xsd http://www.garmin.com/xmlschemas/TrackPointExtension/v1 http://www.garmin.com/xmlschemas/TrackPointExtensionv1.xsd http://www.garmin.com/xmlschemas/PowerExtension/v1 http://www.garmin.com/xmlschemas/PowerExtensionv1.xsd http://www.topografix.com/GPX/gpx_style/0/2 http://www.topografix.com/GPX/gpx_style/0/2/gpx_style.xsd" xmlns:gpxtpx="http://www.garmin.com/xmlschemas/TrackPointExtension/v1" xmlns:gpxx="http://www.garmin.com/xmlschemas/GpxExtensions/v3" xmlns:gpxpx="http://www.garmin.com/xmlschemas/PowerExtension/v1" xmlns:gpx_style="http://www.topografix.com/GPX/gpx_style/0/2">
  <metadata>
    <name>4. nap</name>
    <author>
      <name>gpx.studio</name>
      <link href="https://gpx.studio"/>
    </author>
  </metadata>
  <trk>
    <name>4. nap</name>
    <trkseg>
      <trkpt lat="42.347719" lon="9.012458">
        <ele>1056.5</ele>
      </trkpt>
      <trkpt lat="42.347669" lon="9.012397">
        <ele>1056.25</ele>
      </trkpt>
      <trkpt lat="42.347287" lon="9.011727">
        <ele>1051.75</ele>
      </trkpt>
      <trkpt lat="42.34716" lon="9.011426">
        <ele>1048.5</ele>
      </trkpt>
      <trkpt lat="42.347163" lon="9.011148">
        <ele>1048.25</ele>
      </trkpt>
      <trkpt lat="42.347077" lon="9.010817">
        <ele>1045.75</ele>
      </trkpt>
      <trkpt lat="42.346997" lon="9.010446">
        <ele>1043.25</ele>
      </trkpt>
      <trkpt lat="42.346931" lon="9.00987">
        <ele>1041</ele>
      </trkpt>
      <trkpt lat="42.346897" lon="9.009516">
        <ele>1039.75</ele>
      </trkpt>
      <trkpt lat="42.346858" lon="9.009518">
        <ele>1038.5</ele>
      </trkpt>
      <trkpt lat="42.346816" lon="9.009478">
        <ele>1037.25</ele>
      </trkpt>
      <trkpt lat="42.346788" lon="9.009382">
        <ele>1036.25</ele>
      </trkpt>
      <trkpt lat="42.346795" lon="9.009017">
        <ele>1035.5</ele>
      </trkpt>
      <trkpt lat="42.34678" lon="9.008572">
        <ele>1033.25</ele>
      </trkpt>
      <trkpt lat="42.346789" lon="9.00755">
        <ele>1029</ele>
      </trkpt>
      <trkpt lat="42.346776" lon="9.007287">
        <ele>1030.25</ele>
      </trkpt>
      <trkpt lat="42.346741" lon="9.007123">
        <ele>1030.75</ele>
      </trkpt>
      <trkpt lat="42.346672" lon="9.007012">
        <ele>1029.75</ele>
      </trkpt>
      <trkpt lat="42.346621" lon="9.006956">
        <ele>1029</ele>
      </trkpt>
      <trkpt lat="42.346271" lon="9.006574">
        <ele>1026.75</ele>
      </trkpt>
      <trkpt lat="42.34599" lon="9.006266">
        <ele>1026.75</ele>
      </trkpt>
      <trkpt lat="42.345564" lon="9.005698">
        <ele>1027.25</ele>
      </trkpt>
      <trkpt lat="42.344821" lon="9.00527">
        <ele>1020</ele>
      </trkpt>
      <trkpt lat="42.344438" lon="9.004983">
        <ele>1019.75</ele>
      </trkpt>
      <trkpt lat="42.343037" lon="9.004313">
        <ele>1006.25</ele>
      </trkpt>
      <trkpt lat="42.342805" lon="9.004232">
        <ele>1003.75</ele>
      </trkpt>
      <trkpt lat="42.34175" lon="9.004082">
        <ele>994</ele>
      </trkpt>
      <trkpt lat="42.34148" lon="9.004078">
        <ele>992</ele>
      </trkpt>
      <trkpt lat="42.341409" lon="9.004138">
        <ele>991.25</ele>
      </trkpt>
      <trkpt lat="42.341325" lon="9.004262">
        <ele>990.5</ele>
      </trkpt>
      <trkpt lat="42.341086" lon="9.00457">
        <ele>988.5</ele>
      </trkpt>
      <trkpt lat="42.341009" lon="9.004634">
        <ele>988.25</ele>
      </trkpt>
      <trkpt lat="42.340917" lon="9.004653">
        <ele>987.75</ele>
      </trkpt>
      <trkpt lat="42.340828" lon="9.004613">
        <ele>987.25</ele>
      </trkpt>
      <trkpt lat="42.340359" lon="9.004156">
        <ele>986</ele>
      </trkpt>
      <trkpt lat="42.340268" lon="9.003995">
        <ele>984.75</ele>
      </trkpt>
      <trkpt lat="42.34016" lon="9.003512">
        <ele>980.5</ele>
      </trkpt>
      <trkpt lat="42.340122" lon="9.00343">
        <ele>979.75</ele>
      </trkpt>
      <trkpt lat="42.340046" lon="9.003383">
        <ele>978.75</ele>
      </trkpt>
      <trkpt lat="42.339815" lon="9.003264">
        <ele>975.5</ele>
      </trkpt>
      <trkpt lat="42.339748" lon="9.003256">
        <ele>975</ele>
      </trkpt>
      <trkpt lat="42.339208" lon="9.003442">
        <ele>972</ele>
      </trkpt>
      <trkpt lat="42.338843" lon="9.003607">
        <ele>968.5</ele>
      </trkpt>
      <trkpt lat="42.338772" lon="9.003722">
        <ele>967.75</ele>
      </trkpt>
      <trkpt lat="42.338729" lon="9.003872">
        <ele>967.75</ele>
      </trkpt>
      <trkpt lat="42.338729" lon="9.005415">
        <ele>962.5</ele>
      </trkpt>
      <trkpt lat="42.33875" lon="9.005671">
        <ele>961</ele>
      </trkpt>
      <trkpt lat="42.338826" lon="9.00615">
        <ele>959.25</ele>
      </trkpt>
      <trkpt lat="42.338908" lon="9.006516">
        <ele>958</ele>
      </trkpt>
      <trkpt lat="42.339028" lon="9.006836">
        <ele>957</ele>
      </trkpt>
      <trkpt lat="42.33907" lon="9.006992">
        <ele>956.25</ele>
      </trkpt>
      <trkpt lat="42.339102" lon="9.007281">
        <ele>953.75</ele>
      </trkpt>
      <trkpt lat="42.339216" lon="9.008588">
        <ele>941.5</ele>
      </trkpt>
      <trkpt lat="42.339268" lon="9.008766">
        <ele>939.75</ele>
      </trkpt>
      <trkpt lat="42.339393" lon="9.008923">
        <ele>938</ele>
      </trkpt>
      <trkpt lat="42.339678" lon="9.00908">
        <ele>936</ele>
      </trkpt>
      <trkpt lat="42.339779" lon="9.009173">
        <ele>935.25</ele>
      </trkpt>
      <trkpt lat="42.339859" lon="9.009313">
        <ele>934.25</ele>
      </trkpt>
      <trkpt lat="42.33993" lon="9.009529">
        <ele>933</ele>
      </trkpt>
      <trkpt lat="42.339965" lon="9.009733">
        <ele>932</ele>
      </trkpt>
      <trkpt lat="42.339944" lon="9.009975">
        <ele>930.5</ele>
      </trkpt>
      <trkpt lat="42.339891" lon="9.010143">
        <ele>928</ele>
      </trkpt>
      <trkpt lat="42.339835" lon="9.010272">
        <ele>925.5</ele>
      </trkpt>
      <trkpt lat="42.339745" lon="9.010337">
        <ele>923.75</ele>
      </trkpt>
      <trkpt lat="42.339657" lon="9.010326">
        <ele>923</ele>
      </trkpt>
      <trkpt lat="42.339497" lon="9.010248">
        <ele>923</ele>
      </trkpt>
      <trkpt lat="42.339218" lon="9.010034">
        <ele>924.5</ele>
      </trkpt>
      <trkpt lat="42.338529" lon="9.009354">
        <ele>919.75</ele>
      </trkpt>
      <trkpt lat="42.338336" lon="9.009184">
        <ele>917.75</ele>
      </trkpt>
      <trkpt lat="42.338111" lon="9.009012">
        <ele>915</ele>
      </trkpt>
      <trkpt lat="42.337858" lon="9.008856">
        <ele>911.5</ele>
      </trkpt>
      <trkpt lat="42.337718" lon="9.008746">
        <ele>910</ele>
      </trkpt>
      <trkpt lat="42.337414" lon="9.008367">
        <ele>908.5</ele>
      </trkpt>
      <trkpt lat="42.337333" lon="9.008196">
        <ele>908.75</ele>
      </trkpt>
      <trkpt lat="42.337167" lon="9.007767">
        <ele>909.5</ele>
      </trkpt>
      <trkpt lat="42.336978" lon="9.007531">
        <ele>907.75</ele>
      </trkpt>
      <trkpt lat="42.33685" lon="9.007474">
        <ele>905.5</ele>
      </trkpt>
      <trkpt lat="42.336551" lon="9.007414">
        <ele>900.25</ele>
      </trkpt>
      <trkpt lat="42.336393" lon="9.007368">
        <ele>898.25</ele>
      </trkpt>
      <trkpt lat="42.336226" lon="9.007277">
        <ele>896.5</ele>
      </trkpt>
      <trkpt lat="42.335773" lon="9.006928">
        <ele>893.5</ele>
      </trkpt>
      <trkpt lat="42.33539" lon="9.006668">
        <ele>889.75</ele>
      </trkpt>
      <trkpt lat="42.334846" lon="9.006131">
        <ele>884</ele>
      </trkpt>
      <trkpt lat="42.334223" lon="9.005238">
        <ele>877.5</ele>
      </trkpt>
      <trkpt lat="42.333954" lon="9.004712">
        <ele>876</ele>
      </trkpt>
      <trkpt lat="42.333898" lon="9.004659">
        <ele>875</ele>
      </trkpt>
      <trkpt lat="42.333851" lon="9.004653">
        <ele>874</ele>
      </trkpt>
      <trkpt lat="42.333817" lon="9.004688">
        <ele>873.25</ele>
      </trkpt>
      <trkpt lat="42.333787" lon="9.004789">
        <ele>872</ele>
      </trkpt>
      <trkpt lat="42.33378" lon="9.005042">
        <ele>870.75</ele>
      </trkpt>
      <trkpt lat="42.333799" lon="9.005832">
        <ele>867</ele>
      </trkpt>
      <trkpt lat="42.333776" lon="9.00601">
        <ele>866.5</ele>
      </trkpt>
      <trkpt lat="42.333699" lon="9.006387">
        <ele>865.25</ele>
      </trkpt>
      <trkpt lat="42.333651" lon="9.006787">
        <ele>864</ele>
      </trkpt>
      <trkpt lat="42.333614" lon="9.006896">
        <ele>863.25</ele>
      </trkpt>
      <trkpt lat="42.333554" lon="9.00697">
        <ele>862.5</ele>
      </trkpt>
      <trkpt lat="42.333293" lon="9.007134">
        <ele>860.75</ele>
      </trkpt>
      <trkpt lat="42.333337" lon="9.007388">
        <ele>860.25</ele>
      </trkpt>
      <trkpt lat="42.333412" lon="9.007613">
        <ele>860.25</ele>
      </trkpt>
      <trkpt lat="42.333686" lon="9.00812">
        <ele>860.75</ele>
      </trkpt>
      <trkpt lat="42.333932" lon="9.00861">
        <ele>859.25</ele>
      </trkpt>
      <trkpt lat="42.333945" lon="9.008636">
        <ele>859</ele>
      </trkpt>
      <trkpt lat="42.334195" lon="9.009112">
        <ele>857.25</ele>
      </trkpt>
      <trkpt lat="42.334215" lon="9.009172">
        <ele>857</ele>
      </trkpt>
      <trkpt lat="42.334266" lon="9.009322">
        <ele>857</ele>
      </trkpt>
      <trkpt lat="42.334421" lon="9.009853">
        <ele>856.25</ele>
      </trkpt>
      <trkpt lat="42.334736" lon="9.010672">
        <ele>853.75</ele>
      </trkpt>
      <trkpt lat="42.334794" lon="9.010797">
        <ele>853.25</ele>
      </trkpt>
      <trkpt lat="42.335111" lon="9.01147">
        <ele>851</ele>
      </trkpt>
      <trkpt lat="42.335158" lon="9.011596">
        <ele>850.75</ele>
      </trkpt>
      <trkpt lat="42.335182" lon="9.011721">
        <ele>850</ele>
      </trkpt>
      <trkpt lat="42.335229" lon="9.012212">
        <ele>846.75</ele>
      </trkpt>
      <trkpt lat="42.335284" lon="9.013111">
        <ele>840.25</ele>
      </trkpt>
      <trkpt lat="42.335312" lon="9.01334">
        <ele>838.5</ele>
      </trkpt>
      <trkpt lat="42.335349" lon="9.013451">
        <ele>837.75</ele>
      </trkpt>
      <trkpt lat="42.3354" lon="9.013559">
        <ele>837.25</ele>
      </trkpt>
      <trkpt lat="42.335485" lon="9.013677">
        <ele>837</ele>
      </trkpt>
      <trkpt lat="42.335605" lon="9.013762">
        <ele>837.25</ele>
      </trkpt>
      <trkpt lat="42.33578" lon="9.013846">
        <ele>838</ele>
      </trkpt>
      <trkpt lat="42.33599" lon="9.013985">
        <ele>839.5</ele>
      </trkpt>
      <trkpt lat="42.33606" lon="9.014045">
        <ele>840.25</ele>
      </trkpt>
      <trkpt lat="42.336097" lon="9.014115">
        <ele>840.25</ele>
      </trkpt>
      <trkpt lat="42.336123" lon="9.014212">
        <ele>840</ele>
      </trkpt>
      <trkpt lat="42.336148" lon="9.014943">
        <ele>835.75</ele>
      </trkpt>
      <trkpt lat="42.336235" lon="9.016425">
        <ele>828</ele>
      </trkpt>
      <trkpt lat="42.336276" lon="9.016709">
        <ele>827</ele>
      </trkpt>
      <trkpt lat="42.336379" lon="9.017052">
        <ele>827.25</ele>
      </trkpt>
      <trkpt lat="42.336806" lon="9.018374">
        <ele>825</ele>
      </trkpt>
      <trkpt lat="42.336825" lon="9.018491">
        <ele>824.75</ele>
      </trkpt>
      <trkpt lat="42.336825" lon="9.018603">
        <ele>824.25</ele>
      </trkpt>
      <trkpt lat="42.336804" lon="9.018765">
        <ele>823</ele>
      </trkpt>
      <trkpt lat="42.336758" lon="9.018895">
        <ele>822</ele>
      </trkpt>
      <trkpt lat="42.336708" lon="9.018995">
        <ele>821</ele>
      </trkpt>
      <trkpt lat="42.336637" lon="9.019064">
        <ele>820.25</ele>
      </trkpt>
      <trkpt lat="42.33656" lon="9.019101">
        <ele>820</ele>
      </trkpt>
      <trkpt lat="42.33647" lon="9.019116">
        <ele>820</ele>
      </trkpt>
      <trkpt lat="42.336336" lon="9.01909">
        <ele>819.75</ele>
      </trkpt>
      <trkpt lat="42.335891" lon="9.01898">
        <ele>819</ele>
      </trkpt>
      <trkpt lat="42.335763" lon="9.018948">
        <ele>818.25</ele>
      </trkpt>
      <trkpt lat="42.335637" lon="9.018945">
        <ele>817.5</ele>
      </trkpt>
      <trkpt lat="42.335486" lon="9.018973">
        <ele>816.75</ele>
      </trkpt>
      <trkpt lat="42.335248" lon="9.019037">
        <ele>816</ele>
      </trkpt>
      <trkpt lat="42.334882" lon="9.019144">
        <ele>814.75</ele>
      </trkpt>
      <trkpt lat="42.334657" lon="9.019193">
        <ele>813.75</ele>
      </trkpt>
      <trkpt lat="42.334626" lon="9.0192">
        <ele>813.5</ele>
      </trkpt>
      <trkpt lat="42.334304" lon="9.019277">
        <ele>811.75</ele>
      </trkpt>
      <trkpt lat="42.33422" lon="9.019319">
        <ele>811.5</ele>
      </trkpt>
      <trkpt lat="42.334159" lon="9.019362">
        <ele>811.5</ele>
      </trkpt>
      <trkpt lat="42.334054" lon="9.019474">
        <ele>811</ele>
      </trkpt>
      <trkpt lat="42.333719" lon="9.019969">
        <ele>810.75</ele>
      </trkpt>
      <trkpt lat="42.33329" lon="9.020625">
        <ele>811</ele>
      </trkpt>
      <trkpt lat="42.333219" lon="9.020749">
        <ele>812</ele>
      </trkpt>
      <trkpt lat="42.333151" lon="9.020895">
        <ele>812.5</ele>
      </trkpt>
      <trkpt lat="42.333108" lon="9.021056">
        <ele>812</ele>
      </trkpt>
      <trkpt lat="42.333108" lon="9.021222">
        <ele>811.75</ele>
      </trkpt>
      <trkpt lat="42.333129" lon="9.021345">
        <ele>811.5</ele>
      </trkpt>
      <trkpt lat="42.333167" lon="9.021469">
        <ele>811.5</ele>
      </trkpt>
      <trkpt lat="42.333234" lon="9.021618">
        <ele>811.5</ele>
      </trkpt>
      <trkpt lat="42.33369" lon="9.022452">
        <ele>806.25</ele>
      </trkpt>
      <trkpt lat="42.333863" lon="9.022776">
        <ele>804.25</ele>
      </trkpt>
      <trkpt lat="42.334001" lon="9.02307">
        <ele>802</ele>
      </trkpt>
      <trkpt lat="42.334158" lon="9.023516">
        <ele>798.75</ele>
      </trkpt>
      <trkpt lat="42.334198" lon="9.023717">
        <ele>797.5</ele>
      </trkpt>
      <trkpt lat="42.334253" lon="9.024181">
        <ele>793.75</ele>
      </trkpt>
      <trkpt lat="42.334294" lon="9.024312">
        <ele>793.25</ele>
      </trkpt>
      <trkpt lat="42.334351" lon="9.024426">
        <ele>793.25</ele>
      </trkpt>
      <trkpt lat="42.334422" lon="9.024531">
        <ele>793.5</ele>
      </trkpt>
      <trkpt lat="42.334594" lon="9.024696">
        <ele>795.25</ele>
      </trkpt>
      <trkpt lat="42.334675" lon="9.024807">
        <ele>795.5</ele>
      </trkpt>
      <trkpt lat="42.334728" lon="9.024916">
        <ele>795.25</ele>
      </trkpt>
      <trkpt lat="42.334774" lon="9.025042">
        <ele>794.75</ele>
      </trkpt>
      <trkpt lat="42.334992" lon="9.025781">
        <ele>788.5</ele>
      </trkpt>
      <trkpt lat="42.335042" lon="9.025923">
        <ele>787</ele>
      </trkpt>
      <trkpt lat="42.33511" lon="9.026069">
        <ele>785.75</ele>
      </trkpt>
      <trkpt lat="42.335205" lon="9.026219">
        <ele>784.75</ele>
      </trkpt>
      <trkpt lat="42.335443" lon="9.026569">
        <ele>783.25</ele>
      </trkpt>
      <trkpt lat="42.335562" lon="9.026734">
        <ele>782.25</ele>
      </trkpt>
      <trkpt lat="42.335666" lon="9.026849">
        <ele>781.5</ele>
      </trkpt>
      <trkpt lat="42.335743" lon="9.02692">
        <ele>781.25</ele>
      </trkpt>
      <trkpt lat="42.335844" lon="9.026999">
        <ele>781.5</ele>
      </trkpt>
      <trkpt lat="42.335923" lon="9.02704">
        <ele>781.25</ele>
      </trkpt>
      <trkpt lat="42.336093" lon="9.027093">
        <ele>781.75</ele>
      </trkpt>
      <trkpt lat="42.336224" lon="9.027144">
        <ele>781.75</ele>
      </trkpt>
      <trkpt lat="42.336338" lon="9.027231">
        <ele>781</ele>
      </trkpt>
      <trkpt lat="42.33652" lon="9.027446">
        <ele>778.5</ele>
      </trkpt>
      <trkpt lat="42.336637" lon="9.027546">
        <ele>777.5</ele>
      </trkpt>
      <trkpt lat="42.336863" lon="9.027707">
        <ele>777.75</ele>
      </trkpt>
      <trkpt lat="42.336977" lon="9.027852">
        <ele>776.5</ele>
      </trkpt>
      <trkpt lat="42.337192" lon="9.028175">
        <ele>772.75</ele>
      </trkpt>
      <trkpt lat="42.337316" lon="9.028323">
        <ele>771.5</ele>
      </trkpt>
      <trkpt lat="42.337423" lon="9.028417">
        <ele>771.25</ele>
      </trkpt>
      <trkpt lat="42.337543" lon="9.0285">
        <ele>771.25</ele>
      </trkpt>
      <trkpt lat="42.338043" lon="9.028728">
        <ele>774.25</ele>
      </trkpt>
      <trkpt lat="42.338164" lon="9.028803">
        <ele>774.25</ele>
      </trkpt>
      <trkpt lat="42.33839" lon="9.029048">
        <ele>771.75</ele>
      </trkpt>
      <trkpt lat="42.33864" lon="9.029395">
        <ele>768.75</ele>
      </trkpt>
      <trkpt lat="42.338927" lon="9.029823">
        <ele>765.25</ele>
      </trkpt>
      <trkpt lat="42.339171" lon="9.030224">
        <ele>761</ele>
      </trkpt>
      <trkpt lat="42.339257" lon="9.030319">
        <ele>759.75</ele>
      </trkpt>
      <trkpt lat="42.339359" lon="9.030387">
        <ele>759</ele>
      </trkpt>
      <trkpt lat="42.339477" lon="9.030418">
        <ele>759.25</ele>
      </trkpt>
      <trkpt lat="42.339742" lon="9.030488">
        <ele>759.5</ele>
      </trkpt>
      <trkpt lat="42.34026" lon="9.030649">
        <ele>759</ele>
      </trkpt>
      <trkpt lat="42.340863" lon="9.030951">
        <ele>757.25</ele>
      </trkpt>
      <trkpt lat="42.34097" lon="9.031029">
        <ele>758.25</ele>
      </trkpt>
      <trkpt lat="42.341062" lon="9.031135">
        <ele>758.25</ele>
      </trkpt>
      <trkpt lat="42.341179" lon="9.031365">
        <ele>757</ele>
      </trkpt>
      <trkpt lat="42.341433" lon="9.032034">
        <ele>751.75</ele>
      </trkpt>
      <trkpt lat="42.341501" lon="9.032315">
        <ele>748.75</ele>
      </trkpt>
      <trkpt lat="42.341577" lon="9.032494">
        <ele>747.5</ele>
      </trkpt>
      <trkpt lat="42.341694" lon="9.032711">
        <ele>746.5</ele>
      </trkpt>
      <trkpt lat="42.342192" lon="9.03356">
        <ele>738.75</ele>
      </trkpt>
      <trkpt lat="42.342278" lon="9.033691">
        <ele>737</ele>
      </trkpt>
      <trkpt lat="42.342367" lon="9.033774">
        <ele>736.25</ele>
      </trkpt>
      <trkpt lat="42.342463" lon="9.033851">
        <ele>736</ele>
      </trkpt>
      <trkpt lat="42.342715" lon="9.033987">
        <ele>731</ele>
      </trkpt>
      <trkpt lat="42.34284" lon="9.034025">
        <ele>728.75</ele>
      </trkpt>
      <trkpt lat="42.342919" lon="9.034027">
        <ele>728.25</ele>
      </trkpt>
      <trkpt lat="42.342993" lon="9.034">
        <ele>728.25</ele>
      </trkpt>
      <trkpt lat="42.343086" lon="9.033938">
        <ele>729.5</ele>
      </trkpt>
      <trkpt lat="42.343415" lon="9.033603">
        <ele>737.75</ele>
      </trkpt>
      <trkpt lat="42.34354" lon="9.033532">
        <ele>738</ele>
      </trkpt>
      <trkpt lat="42.343672" lon="9.03349">
        <ele>737.25</ele>
      </trkpt>
      <trkpt lat="42.343794" lon="9.033485">
        <ele>735.5</ele>
      </trkpt>
      <trkpt lat="42.344089" lon="9.033527">
        <ele>729.75</ele>
      </trkpt>
      <trkpt lat="42.344197" lon="9.033528">
        <ele>728.25</ele>
      </trkpt>
      <trkpt lat="42.344491" lon="9.033502">
        <ele>728</ele>
      </trkpt>
      <trkpt lat="42.344571" lon="9.033484">
        <ele>728.25</ele>
      </trkpt>
      <trkpt lat="42.344918" lon="9.033236">
        <ele>733.5</ele>
      </trkpt>
      <trkpt lat="42.345047" lon="9.033191">
        <ele>734.5</ele>
      </trkpt>
      <trkpt lat="42.34518" lon="9.03317">
        <ele>734.25</ele>
      </trkpt>
      <trkpt lat="42.345401" lon="9.033171">
        <ele>732</ele>
      </trkpt>
      <trkpt lat="42.345513" lon="9.033188">
        <ele>730.25</ele>
      </trkpt>
      <trkpt lat="42.345598" lon="9.033222">
        <ele>728.25</ele>
      </trkpt>
      <trkpt lat="42.345682" lon="9.033289">
        <ele>725.25</ele>
      </trkpt>
      <trkpt lat="42.345762" lon="9.033378">
        <ele>723.5</ele>
      </trkpt>
      <trkpt lat="42.345803" lon="9.033465">
        <ele>723.75</ele>
      </trkpt>
      <trkpt lat="42.345815" lon="9.033542">
        <ele>724</ele>
      </trkpt>
      <trkpt lat="42.34581" lon="9.033647">
        <ele>724.5</ele>
      </trkpt>
      <trkpt lat="42.345787" lon="9.033901">
        <ele>725.25</ele>
      </trkpt>
      <trkpt lat="42.345776" lon="9.033983">
        <ele>725.5</ele>
      </trkpt>
      <trkpt lat="42.345731" lon="9.03404">
        <ele>725.5</ele>
      </trkpt>
      <trkpt lat="42.345674" lon="9.034086">
        <ele>725</ele>
      </trkpt>
      <trkpt lat="42.345553" lon="9.034113">
        <ele>724</ele>
      </trkpt>
      <trkpt lat="42.345497" lon="9.034099">
        <ele>723.5</ele>
      </trkpt>
      <trkpt lat="42.345337" lon="9.034015">
        <ele>722.5</ele>
      </trkpt>
      <trkpt lat="42.345261" lon="9.033992">
        <ele>722</ele>
      </trkpt>
      <trkpt lat="42.345187" lon="9.033984">
        <ele>721.5</ele>
      </trkpt>
      <trkpt lat="42.345102" lon="9.033999">
        <ele>720.75</ele>
      </trkpt>
      <trkpt lat="42.345025" lon="9.03403">
        <ele>720</ele>
      </trkpt>
      <trkpt lat="42.344898" lon="9.034123">
        <ele>718</ele>
      </trkpt>
      <trkpt lat="42.3447" lon="9.034313">
        <ele>719.75</ele>
      </trkpt>
      <trkpt lat="42.344606" lon="9.034376">
        <ele>720.25</ele>
      </trkpt>
      <trkpt lat="42.344524" lon="9.034401">
        <ele>720</ele>
      </trkpt>
      <trkpt lat="42.344119" lon="9.034443">
        <ele>716.5</ele>
      </trkpt>
      <trkpt lat="42.344015" lon="9.03448">
        <ele>716.5</ele>
      </trkpt>
      <trkpt lat="42.343847" lon="9.034612">
        <ele>716.25</ele>
      </trkpt>
      <trkpt lat="42.343691" lon="9.034734">
        <ele>714.5</ele>
      </trkpt>
      <trkpt lat="42.343423" lon="9.034929">
        <ele>709.5</ele>
      </trkpt>
      <trkpt lat="42.343352" lon="9.035006">
        <ele>707.25</ele>
      </trkpt>
      <trkpt lat="42.343208" lon="9.035184">
        <ele>707.5</ele>
      </trkpt>
      <trkpt lat="42.343103" lon="9.035337">
        <ele>707</ele>
      </trkpt>
      <trkpt lat="42.34299" lon="9.035576">
        <ele>705.5</ele>
      </trkpt>
      <trkpt lat="42.342957" lon="9.035711">
        <ele>704.5</ele>
      </trkpt>
      <trkpt lat="42.342952" lon="9.035856">
        <ele>704</ele>
      </trkpt>
      <trkpt lat="42.343021" lon="9.036566">
        <ele>704</ele>
      </trkpt>
      <trkpt lat="42.343152" lon="9.037537">
        <ele>701.75</ele>
      </trkpt>
      <trkpt lat="42.343501" lon="9.038578">
        <ele>701.25</ele>
      </trkpt>
      <trkpt lat="42.34363" lon="9.039016">
        <ele>700.75</ele>
      </trkpt>
      <trkpt lat="42.343724" lon="9.03938">
        <ele>700.75</ele>
      </trkpt>
      <trkpt lat="42.343754" lon="9.039547">
        <ele>700.75</ele>
      </trkpt>
      <trkpt lat="42.343767" lon="9.039703">
        <ele>700.5</ele>
      </trkpt>
      <trkpt lat="42.343768" lon="9.039849">
        <ele>700</ele>
      </trkpt>
      <trkpt lat="42.34374" lon="9.040133">
        <ele>700.25</ele>
      </trkpt>
      <trkpt lat="42.343708" lon="9.040247">
        <ele>700.75</ele>
      </trkpt>
      <trkpt lat="42.343661" lon="9.040345">
        <ele>701</ele>
      </trkpt>
      <trkpt lat="42.343474" lon="9.040596">
        <ele>700</ele>
      </trkpt>
      <trkpt lat="42.343416" lon="9.040655">
        <ele>699.75</ele>
      </trkpt>
      <trkpt lat="42.343278" lon="9.040797">
        <ele>698.25</ele>
      </trkpt>
      <trkpt lat="42.343083" lon="9.040993">
        <ele>696.25</ele>
      </trkpt>
      <trkpt lat="42.342988" lon="9.041105">
        <ele>695.5</ele>
      </trkpt>
      <trkpt lat="42.342909" lon="9.041235">
        <ele>695</ele>
      </trkpt>
      <trkpt lat="42.342852" lon="9.041378">
        <ele>695</ele>
      </trkpt>
      <trkpt lat="42.342815" lon="9.041532">
        <ele>695.75</ele>
      </trkpt>
      <trkpt lat="42.342788" lon="9.041732">
        <ele>696.5</ele>
      </trkpt>
      <trkpt lat="42.342719" lon="9.043773">
        <ele>693.5</ele>
      </trkpt>
      <trkpt lat="42.342715" lon="9.044032">
        <ele>694.25</ele>
      </trkpt>
      <trkpt lat="42.342727" lon="9.044249">
        <ele>694.75</ele>
      </trkpt>
      <trkpt lat="42.342753" lon="9.044379">
        <ele>694.5</ele>
      </trkpt>
      <trkpt lat="42.342802" lon="9.044519">
        <ele>694.75</ele>
      </trkpt>
      <trkpt lat="42.342871" lon="9.044661">
        <ele>695.25</ele>
      </trkpt>
      <trkpt lat="42.342979" lon="9.04479">
        <ele>696.25</ele>
      </trkpt>
      <trkpt lat="42.343109" lon="9.044876">
        <ele>697.75</ele>
      </trkpt>
      <trkpt lat="42.343299" lon="9.044959">
        <ele>700</ele>
      </trkpt>
      <trkpt lat="42.343402" lon="9.045015">
        <ele>702.5</ele>
      </trkpt>
      <trkpt lat="42.343499" lon="9.045109">
        <ele>705</ele>
      </trkpt>
      <trkpt lat="42.34359" lon="9.045244">
        <ele>706.75</ele>
      </trkpt>
      <trkpt lat="42.34378" lon="9.045613">
        <ele>710.25</ele>
      </trkpt>
      <trkpt lat="42.343807" lon="9.045702">
        <ele>710.25</ele>
      </trkpt>
      <trkpt lat="42.34382" lon="9.045791">
        <ele>709.75</ele>
      </trkpt>
      <trkpt lat="42.343832" lon="9.046036">
        <ele>707.75</ele>
      </trkpt>
      <trkpt lat="42.343865" lon="9.046151">
        <ele>708.25</ele>
      </trkpt>
      <trkpt lat="42.343961" lon="9.046317">
        <ele>710.5</ele>
      </trkpt>
      <trkpt lat="42.343998" lon="9.046427">
        <ele>710.5</ele>
      </trkpt>
      <trkpt lat="42.344023" lon="9.046657">
        <ele>708.25</ele>
      </trkpt>
      <trkpt lat="42.344013" lon="9.046999">
        <ele>697.5</ele>
      </trkpt>
      <trkpt lat="42.344068" lon="9.047353">
        <ele>686.5</ele>
      </trkpt>
      <trkpt lat="42.344137" lon="9.047528">
        <ele>679.5</ele>
      </trkpt>
      <trkpt lat="42.3442" lon="9.04762">
        <ele>677.25</ele>
      </trkpt>
      <trkpt lat="42.344546" lon="9.047969">
        <ele>674.25</ele>
      </trkpt>
      <trkpt lat="42.344676" lon="9.048053">
        <ele>673.5</ele>
      </trkpt>
      <trkpt lat="42.344856" lon="9.0481">
        <ele>675</ele>
      </trkpt>
      <trkpt lat="42.345343" lon="9.048123">
        <ele>677.75</ele>
      </trkpt>
      <trkpt lat="42.345613" lon="9.048155">
        <ele>677.25</ele>
      </trkpt>
      <trkpt lat="42.345898" lon="9.048223">
        <ele>676</ele>
      </trkpt>
      <trkpt lat="42.34652" lon="9.048443">
        <ele>677.5</ele>
      </trkpt>
      <trkpt lat="42.346678" lon="9.048482">
        <ele>678</ele>
      </trkpt>
      <trkpt lat="42.346821" lon="9.048505">
        <ele>679.75</ele>
      </trkpt>
      <trkpt lat="42.347053" lon="9.048524">
        <ele>683.75</ele>
      </trkpt>
      <trkpt lat="42.347133" lon="9.048556">
        <ele>683.75</ele>
      </trkpt>
      <trkpt lat="42.347193" lon="9.048615">
        <ele>682</ele>
      </trkpt>
      <trkpt lat="42.34728" lon="9.048773">
        <ele>676.25</ele>
      </trkpt>
      <trkpt lat="42.347328" lon="9.048835">
        <ele>674.25</ele>
      </trkpt>
      <trkpt lat="42.347456" lon="9.04892">
        <ele>673.25</ele>
      </trkpt>
      <trkpt lat="42.347619" lon="9.049124">
        <ele>667.75</ele>
      </trkpt>
      <trkpt lat="42.34783" lon="9.049236">
        <ele>668.5</ele>
      </trkpt>
      <trkpt lat="42.348015" lon="9.049315">
        <ele>669.25</ele>
      </trkpt>
      <trkpt lat="42.348094" lon="9.04934">
        <ele>669.75</ele>
      </trkpt>
      <trkpt lat="42.348232" lon="9.049383">
        <ele>670.25</ele>
      </trkpt>
      <trkpt lat="42.348373" lon="9.04939">
        <ele>671.5</ele>
      </trkpt>
      <trkpt lat="42.348759" lon="9.049328">
        <ele>672.5</ele>
      </trkpt>
      <trkpt lat="42.349075" lon="9.049349">
        <ele>669.5</ele>
      </trkpt>
      <trkpt lat="42.349319" lon="9.049448">
        <ele>664.5</ele>
      </trkpt>
      <trkpt lat="42.349404" lon="9.049462">
        <ele>664.5</ele>
      </trkpt>
      <trkpt lat="42.349459" lon="9.049438">
        <ele>666.25</ele>
      </trkpt>
      <trkpt lat="42.349516" lon="9.049393">
        <ele>669.25</ele>
      </trkpt>
      <trkpt lat="42.349566" lon="9.049371">
        <ele>670.75</ele>
      </trkpt>
      <trkpt lat="42.349798" lon="9.049287">
        <ele>677</ele>
      </trkpt>
      <trkpt lat="42.349832" lon="9.049301">
        <ele>676.5</ele>
      </trkpt>
      <trkpt lat="42.349956" lon="9.049397">
        <ele>672.25</ele>
      </trkpt>
      <trkpt lat="42.350151" lon="9.04968">
        <ele>663.25</ele>
      </trkpt>
      <trkpt lat="42.350209" lon="9.049735">
        <ele>662.25</ele>
      </trkpt>
      <trkpt lat="42.350266" lon="9.049773">
        <ele>662.25</ele>
      </trkpt>
      <trkpt lat="42.350492" lon="9.049864">
        <ele>665.25</ele>
      </trkpt>
      <trkpt lat="42.350542" lon="9.049914">
        <ele>664.5</ele>
      </trkpt>
      <trkpt lat="42.35066" lon="9.050115">
        <ele>660</ele>
      </trkpt>
      <trkpt lat="42.350732" lon="9.050188">
        <ele>659.5</ele>
      </trkpt>
      <trkpt lat="42.351097" lon="9.050464">
        <ele>664</ele>
      </trkpt>
      <trkpt lat="42.351187" lon="9.050549">
        <ele>665</ele>
      </trkpt>
      <trkpt lat="42.351244" lon="9.050658">
        <ele>663.5</ele>
      </trkpt>
      <trkpt lat="42.351295" lon="9.050831">
        <ele>659</ele>
      </trkpt>
      <trkpt lat="42.35136" lon="9.051193">
        <ele>654.75</ele>
      </trkpt>
      <trkpt lat="42.351404" lon="9.051585">
        <ele>648.25</ele>
      </trkpt>
      <trkpt lat="42.351444" lon="9.05173">
        <ele>647</ele>
      </trkpt>
      <trkpt lat="42.351551" lon="9.051912">
        <ele>646.75</ele>
      </trkpt>
      <trkpt lat="42.351726" lon="9.052163">
        <ele>645.5</ele>
      </trkpt>
      <trkpt lat="42.35203" lon="9.05255">
        <ele>645.25</ele>
      </trkpt>
      <trkpt lat="42.352276" lon="9.05278">
        <ele>646</ele>
      </trkpt>
      <trkpt lat="42.352344" lon="9.052811">
        <ele>646.25</ele>
      </trkpt>
      <trkpt lat="42.352427" lon="9.052815">
        <ele>647.5</ele>
      </trkpt>
      <trkpt lat="42.352633" lon="9.052746">
        <ele>655</ele>
      </trkpt>
      <trkpt lat="42.352724" lon="9.052757">
        <ele>657</ele>
      </trkpt>
      <trkpt lat="42.352818" lon="9.052803">
        <ele>657.5</ele>
      </trkpt>
      <trkpt lat="42.352942" lon="9.052907">
        <ele>656.25</ele>
      </trkpt>
      <trkpt lat="42.353022" lon="9.053016">
        <ele>653.25</ele>
      </trkpt>
      <trkpt lat="42.353102" lon="9.05316">
        <ele>648.5</ele>
      </trkpt>
      <trkpt lat="42.353202" lon="9.053244">
        <ele>646.5</ele>
      </trkpt>
      <trkpt lat="42.35325" lon="9.053297">
        <ele>645</ele>
      </trkpt>
      <trkpt lat="42.35333" lon="9.05354">
        <ele>638.5</ele>
      </trkpt>
      <trkpt lat="42.353494" lon="9.053808">
        <ele>639</ele>
      </trkpt>
      <trkpt lat="42.353624" lon="9.054074">
        <ele>638.75</ele>
      </trkpt>
      <trkpt lat="42.353669" lon="9.054215">
        <ele>638.25</ele>
      </trkpt>
      <trkpt lat="42.353698" lon="9.054483">
        <ele>636.25</ele>
      </trkpt>
      <trkpt lat="42.353684" lon="9.054739">
        <ele>632</ele>
      </trkpt>
      <trkpt lat="42.353702" lon="9.054837">
        <ele>631.5</ele>
      </trkpt>
      <trkpt lat="42.353732" lon="9.054917">
        <ele>631.75</ele>
      </trkpt>
      <trkpt lat="42.353782" lon="9.054986">
        <ele>633</ele>
      </trkpt>
      <trkpt lat="42.353844" lon="9.055039">
        <ele>635</ele>
      </trkpt>
      <trkpt lat="42.354065" lon="9.055148">
        <ele>640.5</ele>
      </trkpt>
      <trkpt lat="42.354127" lon="9.055217">
        <ele>640</ele>
      </trkpt>
      <trkpt lat="42.354239" lon="9.05541">
        <ele>636</ele>
      </trkpt>
      <trkpt lat="42.35437" lon="9.055555">
        <ele>634.25</ele>
      </trkpt>
      <trkpt lat="42.354475" lon="9.055691">
        <ele>631.25</ele>
      </trkpt>
      <trkpt lat="42.354575" lon="9.055842">
        <ele>627</ele>
      </trkpt>
      <trkpt lat="42.354717" lon="9.055917">
        <ele>629.25</ele>
      </trkpt>
      <trkpt lat="42.354805" lon="9.055997">
        <ele>629.25</ele>
      </trkpt>
      <trkpt lat="42.354949" lon="9.056071">
        <ele>629.5</ele>
      </trkpt>
      <trkpt lat="42.35501" lon="9.056078">
        <ele>630.25</ele>
      </trkpt>
      <trkpt lat="42.355228" lon="9.056035">
        <ele>636.75</ele>
      </trkpt>
      <trkpt lat="42.355306" lon="9.055986">
        <ele>640.75</ele>
      </trkpt>
      <trkpt lat="42.355385" lon="9.055981">
        <ele>643</ele>
      </trkpt>
      <trkpt lat="42.355458" lon="9.05601">
        <ele>643.25</ele>
      </trkpt>
      <trkpt lat="42.35558" lon="9.056101">
        <ele>640.5</ele>
      </trkpt>
      <trkpt lat="42.355662" lon="9.056149">
        <ele>638.75</ele>
      </trkpt>
      <trkpt lat="42.355908" lon="9.0562">
        <ele>638.25</ele>
      </trkpt>
      <trkpt lat="42.356021" lon="9.056244">
        <ele>635.75</ele>
      </trkpt>
      <trkpt lat="42.356608" lon="9.056542">
        <ele>621.25</ele>
      </trkpt>
      <trkpt lat="42.356763" lon="9.056568">
        <ele>623.5</ele>
      </trkpt>
      <trkpt lat="42.356874" lon="9.056617">
        <ele>624.5</ele>
      </trkpt>
      <trkpt lat="42.356955" lon="9.056714">
        <ele>623</ele>
      </trkpt>
      <trkpt lat="42.357054" lon="9.056941">
        <ele>618.25</ele>
      </trkpt>
      <trkpt lat="42.357104" lon="9.057034">
        <ele>616.5</ele>
      </trkpt>
      <trkpt lat="42.357343" lon="9.057328">
        <ele>612.5</ele>
      </trkpt>
      <trkpt lat="42.357374" lon="9.057407">
        <ele>610.25</ele>
      </trkpt>
      <trkpt lat="42.357428" lon="9.057636">
        <ele>604.25</ele>
      </trkpt>
      <trkpt lat="42.357481" lon="9.057768">
        <ele>601</ele>
      </trkpt>
      <trkpt lat="42.357551" lon="9.057856">
        <ele>600</ele>
      </trkpt>
      <trkpt lat="42.357778" lon="9.058008">
        <ele>603.25</ele>
      </trkpt>
      <trkpt lat="42.358026" lon="9.058022">
        <ele>611.75</ele>
      </trkpt>
      <trkpt lat="42.358091" lon="9.058039">
        <ele>613.5</ele>
      </trkpt>
      <trkpt lat="42.358137" lon="9.058105">
        <ele>613.5</ele>
      </trkpt>
      <trkpt lat="42.358235" lon="9.058432">
        <ele>609.75</ele>
      </trkpt>
      <trkpt lat="42.358533" lon="9.058944">
        <ele>611</ele>
      </trkpt>
      <trkpt lat="42.35858" lon="9.059071">
        <ele>610.5</ele>
      </trkpt>
      <trkpt lat="42.35869" lon="9.059548">
        <ele>610.5</ele>
      </trkpt>
      <trkpt lat="42.358718" lon="9.059754">
        <ele>609.75</ele>
      </trkpt>
      <trkpt lat="42.358766" lon="9.060346">
        <ele>603.75</ele>
      </trkpt>
      <trkpt lat="42.358894" lon="9.060838">
        <ele>601</ele>
      </trkpt>
      <trkpt lat="42.358939" lon="9.061193">
        <ele>597.75</ele>
      </trkpt>
      <trkpt lat="42.358979" lon="9.061333">
        <ele>596.5</ele>
      </trkpt>
      <trkpt lat="42.359043" lon="9.061456">
        <ele>596</ele>
      </trkpt>
      <trkpt lat="42.359204" lon="9.061638">
        <ele>597</ele>
      </trkpt>
      <trkpt lat="42.359249" lon="9.061737">
        <ele>597.25</ele>
      </trkpt>
      <trkpt lat="42.359404" lon="9.062372">
        <ele>587.75</ele>
      </trkpt>
      <trkpt lat="42.359443" lon="9.062475">
        <ele>587</ele>
      </trkpt>
      <trkpt lat="42.359497" lon="9.062528">
        <ele>589</ele>
      </trkpt>
      <trkpt lat="42.359602" lon="9.062575">
        <ele>594.5</ele>
      </trkpt>
      <trkpt lat="42.359645" lon="9.062622">
        <ele>596</ele>
      </trkpt>
      <trkpt lat="42.359677" lon="9.062686">
        <ele>596.25</ele>
      </trkpt>
      <trkpt lat="42.35993" lon="9.063655">
        <ele>586.25</ele>
      </trkpt>
      <trkpt lat="42.359936" lon="9.06377">
        <ele>584.5</ele>
      </trkpt>
      <trkpt lat="42.359882" lon="9.06404">
        <ele>579</ele>
      </trkpt>
      <trkpt lat="42.359892" lon="9.0642">
        <ele>576.5</ele>
      </trkpt>
      <trkpt lat="42.35996" lon="9.064511">
        <ele>568.75</ele>
      </trkpt>
      <trkpt lat="42.36" lon="9.06462">
        <ele>565.25</ele>
      </trkpt>
      <trkpt lat="42.360042" lon="9.06468">
        <ele>565.75</ele>
      </trkpt>
      <trkpt lat="42.360122" lon="9.064741">
        <ele>568.25</ele>
      </trkpt>
      <trkpt lat="42.360274" lon="9.064838">
        <ele>573</ele>
      </trkpt>
      <trkpt lat="42.36037" lon="9.064929">
        <ele>575</ele>
      </trkpt>
      <trkpt lat="42.360679" lon="9.065337">
        <ele>575.75</ele>
      </trkpt>
      <trkpt lat="42.360767" lon="9.065531">
        <ele>570.25</ele>
      </trkpt>
      <trkpt lat="42.360822" lon="9.065611">
        <ele>567.75</ele>
      </trkpt>
      <trkpt lat="42.360921" lon="9.065705">
        <ele>567.5</ele>
      </trkpt>
      <trkpt lat="42.360978" lon="9.065775">
        <ele>567</ele>
      </trkpt>
      <trkpt lat="42.361157" lon="9.066094">
        <ele>565</ele>
      </trkpt>
      <trkpt lat="42.361352" lon="9.066342">
        <ele>561.25</ele>
      </trkpt>
      <trkpt lat="42.361424" lon="9.066416">
        <ele>559.5</ele>
      </trkpt>
      <trkpt lat="42.361572" lon="9.066481">
        <ele>558.25</ele>
      </trkpt>
      <trkpt lat="42.362088" lon="9.066766">
        <ele>560.25</ele>
      </trkpt>
      <trkpt lat="42.362285" lon="9.066884">
        <ele>562.25</ele>
      </trkpt>
      <trkpt lat="42.362388" lon="9.066975">
        <ele>561.5</ele>
      </trkpt>
      <trkpt lat="42.362473" lon="9.067002">
        <ele>562</ele>
      </trkpt>
      <trkpt lat="42.362606" lon="9.067008">
        <ele>563.75</ele>
      </trkpt>
      <trkpt lat="42.362757" lon="9.067047">
        <ele>564.5</ele>
      </trkpt>
      <trkpt lat="42.363189" lon="9.067303">
        <ele>559.75</ele>
      </trkpt>
      <trkpt lat="42.363268" lon="9.067327">
        <ele>559.75</ele>
      </trkpt>
      <trkpt lat="42.36373" lon="9.067369">
        <ele>558.5</ele>
      </trkpt>
      <trkpt lat="42.363838" lon="9.067408">
        <ele>556.5</ele>
      </trkpt>
      <trkpt lat="42.363983" lon="9.067484">
        <ele>552.75</ele>
      </trkpt>
      <trkpt lat="42.364189" lon="9.067483">
        <ele>553</ele>
      </trkpt>
      <trkpt lat="42.364264" lon="9.067492">
        <ele>553.75</ele>
      </trkpt>
      <trkpt lat="42.364631" lon="9.067699">
        <ele>555.25</ele>
      </trkpt>
      <trkpt lat="42.365117" lon="9.068125">
        <ele>541.75</ele>
      </trkpt>
      <trkpt lat="42.365243" lon="9.068244">
        <ele>537.75</ele>
      </trkpt>
      <trkpt lat="42.365367" lon="9.068445">
        <ele>537</ele>
      </trkpt>
      <trkpt lat="42.36542" lon="9.068506">
        <ele>537.5</ele>
      </trkpt>
      <trkpt lat="42.365489" lon="9.068549">
        <ele>537</ele>
      </trkpt>
      <trkpt lat="42.365756" lon="9.06861">
        <ele>532.5</ele>
      </trkpt>
      <trkpt lat="42.366179" lon="9.068709">
        <ele>536.25</ele>
      </trkpt>
      <trkpt lat="42.366219" lon="9.068725">
        <ele>536.75</ele>
      </trkpt>
      <trkpt lat="42.366311" lon="9.068792">
        <ele>537.25</ele>
      </trkpt>
      <trkpt lat="42.366388" lon="9.068821">
        <ele>538.25</ele>
      </trkpt>
      <trkpt lat="42.366618" lon="9.068837">
        <ele>543</ele>
      </trkpt>
      <trkpt lat="42.366715" lon="9.068884">
        <ele>544.25</ele>
      </trkpt>
      <trkpt lat="42.366794" lon="9.068891">
        <ele>546.25</ele>
      </trkpt>
      <trkpt lat="42.366915" lon="9.068882">
        <ele>549.75</ele>
      </trkpt>
      <trkpt lat="42.366985" lon="9.068892">
        <ele>551.25</ele>
      </trkpt>
      <trkpt lat="42.367043" lon="9.068942">
        <ele>551.25</ele>
      </trkpt>
      <trkpt lat="42.367147" lon="9.069056">
        <ele>550.25</ele>
      </trkpt>
      <trkpt lat="42.367266" lon="9.069246">
        <ele>547.75</ele>
      </trkpt>
      <trkpt lat="42.367474" lon="9.069504">
        <ele>545.25</ele>
      </trkpt>
      <trkpt lat="42.36766" lon="9.069779">
        <ele>546.75</ele>
      </trkpt>
      <trkpt lat="42.367809" lon="9.069974">
        <ele>548.75</ele>
      </trkpt>
      <trkpt lat="42.367869" lon="9.070117">
        <ele>549.5</ele>
      </trkpt>
      <trkpt lat="42.367918" lon="9.07044">
        <ele>547</ele>
      </trkpt>
      <trkpt lat="42.36799" lon="9.070754">
        <ele>544.75</ele>
      </trkpt>
      <trkpt lat="42.368054" lon="9.071204">
        <ele>540.75</ele>
      </trkpt>
      <trkpt lat="42.368115" lon="9.071429">
        <ele>537.75</ele>
      </trkpt>
      <trkpt lat="42.368186" lon="9.071597">
        <ele>534</ele>
      </trkpt>
      <trkpt lat="42.368297" lon="9.071788">
        <ele>529.5</ele>
      </trkpt>
      <trkpt lat="42.36863" lon="9.072286">
        <ele>532.5</ele>
      </trkpt>
      <trkpt lat="42.368891" lon="9.072579">
        <ele>532.75</ele>
      </trkpt>
      <trkpt lat="42.368935" lon="9.072704">
        <ele>531.5</ele>
      </trkpt>
      <trkpt lat="42.368955" lon="9.072992">
        <ele>526.75</ele>
      </trkpt>
      <trkpt lat="42.369034" lon="9.073255">
        <ele>522</ele>
      </trkpt>
      <trkpt lat="42.369108" lon="9.07351">
        <ele>521.75</ele>
      </trkpt>
      <trkpt lat="42.369117" lon="9.073623">
        <ele>522.5</ele>
      </trkpt>
      <trkpt lat="42.369097" lon="9.07375">
        <ele>523.75</ele>
      </trkpt>
      <trkpt lat="42.369035" lon="9.073875">
        <ele>525.5</ele>
      </trkpt>
      <trkpt lat="42.368892" lon="9.074104">
        <ele>528.75</ele>
      </trkpt>
      <trkpt lat="42.368767" lon="9.074248">
        <ele>531</ele>
      </trkpt>
      <trkpt lat="42.368735" lon="9.074351">
        <ele>531.75</ele>
      </trkpt>
      <trkpt lat="42.368731" lon="9.07447">
        <ele>532.5</ele>
      </trkpt>
      <trkpt lat="42.368773" lon="9.074814">
        <ele>534</ele>
      </trkpt>
      <trkpt lat="42.368835" lon="9.074945">
        <ele>534.5</ele>
      </trkpt>
      <trkpt lat="42.369065" lon="9.07519">
        <ele>531</ele>
      </trkpt>
      <trkpt lat="42.36912" lon="9.07531">
        <ele>527.75</ele>
      </trkpt>
      <trkpt lat="42.36922" lon="9.07556">
        <ele>523.25</ele>
      </trkpt>
      <trkpt lat="42.369361" lon="9.075793">
        <ele>523.5</ele>
      </trkpt>
      <trkpt lat="42.369662" lon="9.076162">
        <ele>529.25</ele>
      </trkpt>
      <trkpt lat="42.369917" lon="9.076429">
        <ele>522.5</ele>
      </trkpt>
      <trkpt lat="42.370232" lon="9.076738">
        <ele>518.5</ele>
      </trkpt>
      <trkpt lat="42.370975" lon="9.077585">
        <ele>513.25</ele>
      </trkpt>
      <trkpt lat="42.37125" lon="9.078019">
        <ele>521.75</ele>
      </trkpt>
      <trkpt lat="42.371331" lon="9.078247">
        <ele>520.25</ele>
      </trkpt>
      <trkpt lat="42.371412" lon="9.078621">
        <ele>517</ele>
      </trkpt>
      <trkpt lat="42.371467" lon="9.078976">
        <ele>512.5</ele>
      </trkpt>
      <trkpt lat="42.371531" lon="9.079148">
        <ele>508.75</ele>
      </trkpt>
      <trkpt lat="42.371681" lon="9.079396">
        <ele>501.75</ele>
      </trkpt>
      <trkpt lat="42.371797" lon="9.07963">
        <ele>499.25</ele>
      </trkpt>
      <trkpt lat="42.371883" lon="9.079755">
        <ele>497.5</ele>
      </trkpt>
      <trkpt lat="42.372111" lon="9.079932">
        <ele>494.75</ele>
      </trkpt>
      <trkpt lat="42.372195" lon="9.079972">
        <ele>494</ele>
      </trkpt>
      <trkpt lat="42.372284" lon="9.079995">
        <ele>493.75</ele>
      </trkpt>
      <trkpt lat="42.372382" lon="9.080005">
        <ele>494.25</ele>
      </trkpt>
      <trkpt lat="42.372653" lon="9.080053">
        <ele>495.5</ele>
      </trkpt>
      <trkpt lat="42.37294" lon="9.080004">
        <ele>497</ele>
      </trkpt>
      <trkpt lat="42.37308" lon="9.080012">
        <ele>497.5</ele>
      </trkpt>
      <trkpt lat="42.373211" lon="9.080044">
        <ele>498</ele>
      </trkpt>
      <trkpt lat="42.373306" lon="9.080052">
        <ele>498.25</ele>
      </trkpt>
      <trkpt lat="42.373558" lon="9.079997">
        <ele>505</ele>
      </trkpt>
      <trkpt lat="42.373722" lon="9.080016">
        <ele>508.75</ele>
      </trkpt>
      <trkpt lat="42.373967" lon="9.080076">
        <ele>513.25</ele>
      </trkpt>
      <trkpt lat="42.374087" lon="9.080129">
        <ele>514.25</ele>
      </trkpt>
      <trkpt lat="42.374166" lon="9.080204">
        <ele>513</ele>
      </trkpt>
      <trkpt lat="42.374229" lon="9.080297">
        <ele>513.5</ele>
      </trkpt>
      <trkpt lat="42.374288" lon="9.080506">
        <ele>509.5</ele>
      </trkpt>
      <trkpt lat="42.374551" lon="9.081629">
        <ele>505.25</ele>
      </trkpt>
      <trkpt lat="42.374561" lon="9.081876">
        <ele>504.5</ele>
      </trkpt>
      <trkpt lat="42.374536" lon="9.082168">
        <ele>502.25</ele>
      </trkpt>
      <trkpt lat="42.37453" lon="9.082443">
        <ele>501.25</ele>
      </trkpt>
      <trkpt lat="42.374574" lon="9.082821">
        <ele>497.25</ele>
      </trkpt>
      <trkpt lat="42.374602" lon="9.082988">
        <ele>495</ele>
      </trkpt>
      <trkpt lat="42.374654" lon="9.083145">
        <ele>493</ele>
      </trkpt>
      <trkpt lat="42.374786" lon="9.083385">
        <ele>490.25</ele>
      </trkpt>
      <trkpt lat="42.374913" lon="9.083577">
        <ele>489.5</ele>
      </trkpt>
      <trkpt lat="42.37525" lon="9.083865">
        <ele>494</ele>
      </trkpt>
      <trkpt lat="42.375294" lon="9.083928">
        <ele>494.75</ele>
      </trkpt>
      <trkpt lat="42.375322" lon="9.084038">
        <ele>494.25</ele>
      </trkpt>
      <trkpt lat="42.375395" lon="9.084319">
        <ele>494.75</ele>
      </trkpt>
      <trkpt lat="42.37554" lon="9.084855">
        <ele>499</ele>
      </trkpt>
      <trkpt lat="42.375577" lon="9.085066">
        <ele>500.75</ele>
      </trkpt>
      <trkpt lat="42.375565" lon="9.085861">
        <ele>503.25</ele>
      </trkpt>
      <trkpt lat="42.375547" lon="9.086316">
        <ele>502.5</ele>
      </trkpt>
      <trkpt lat="42.375554" lon="9.086807">
        <ele>501.5</ele>
      </trkpt>
      <trkpt lat="42.375538" lon="9.086964">
        <ele>499</ele>
      </trkpt>
      <trkpt lat="42.375413" lon="9.087407">
        <ele>489</ele>
      </trkpt>
      <trkpt lat="42.375407" lon="9.087572">
        <ele>486.75</ele>
      </trkpt>
      <trkpt lat="42.375435" lon="9.087721">
        <ele>485.75</ele>
      </trkpt>
      <trkpt lat="42.375508" lon="9.087923">
        <ele>485</ele>
      </trkpt>
      <trkpt lat="42.375572" lon="9.088016">
        <ele>485.25</ele>
      </trkpt>
      <trkpt lat="42.375887" lon="9.088171">
        <ele>493</ele>
      </trkpt>
      <trkpt lat="42.376089" lon="9.088329">
        <ele>501</ele>
      </trkpt>
      <trkpt lat="42.376524" lon="9.088976">
        <ele>495.75</ele>
      </trkpt>
      <trkpt lat="42.376598" lon="9.089137">
        <ele>490.75</ele>
      </trkpt>
      <trkpt lat="42.376664" lon="9.089312">
        <ele>489.75</ele>
      </trkpt>
      <trkpt lat="42.376673" lon="9.089591">
        <ele>486.5</ele>
      </trkpt>
      <trkpt lat="42.376695" lon="9.089699">
        <ele>486</ele>
      </trkpt>
      <trkpt lat="42.376763" lon="9.089934">
        <ele>485</ele>
      </trkpt>
      <trkpt lat="42.376765" lon="9.090033">
        <ele>485</ele>
      </trkpt>
      <trkpt lat="42.376734" lon="9.090172">
        <ele>485.25</ele>
      </trkpt>
      <trkpt lat="42.376612" lon="9.09053">
        <ele>486.25</ele>
      </trkpt>
      <trkpt lat="42.376568" lon="9.090595">
        <ele>486.25</ele>
      </trkpt>
      <trkpt lat="42.37651" lon="9.090654">
        <ele>485.5</ele>
      </trkpt>
      <trkpt lat="42.376321" lon="9.090761">
        <ele>481.5</ele>
      </trkpt>
      <trkpt lat="42.376255" lon="9.090807">
        <ele>480.25</ele>
      </trkpt>
      <trkpt lat="42.37606" lon="9.091024">
        <ele>480.5</ele>
      </trkpt>
      <trkpt lat="42.375977" lon="9.091092">
        <ele>480.25</ele>
      </trkpt>
      <trkpt lat="42.375869" lon="9.091137">
        <ele>479</ele>
      </trkpt>
      <trkpt lat="42.375633" lon="9.09119">
        <ele>474.75</ele>
      </trkpt>
      <trkpt lat="42.375483" lon="9.091326">
        <ele>474</ele>
      </trkpt>
      <trkpt lat="42.375253" lon="9.091599">
        <ele>471.5</ele>
      </trkpt>
      <trkpt lat="42.375216" lon="9.091706">
        <ele>471.5</ele>
      </trkpt>
      <trkpt lat="42.37515" lon="9.092696">
        <ele>481.5</ele>
      </trkpt>
      <trkpt lat="42.374991" lon="9.093311">
        <ele>475.5</ele>
      </trkpt>
      <trkpt lat="42.374998" lon="9.093455">
        <ele>475.75</ele>
      </trkpt>
      <trkpt lat="42.375076" lon="9.093772">
        <ele>478.5</ele>
      </trkpt>
      <trkpt lat="42.375363" lon="9.094692">
        <ele>483.5</ele>
      </trkpt>
      <trkpt lat="42.375383" lon="9.094837">
        <ele>483</ele>
      </trkpt>
      <trkpt lat="42.375377" lon="9.094998">
        <ele>481.25</ele>
      </trkpt>
      <trkpt lat="42.375239" lon="9.095429">
        <ele>473.5</ele>
      </trkpt>
      <trkpt lat="42.375228" lon="9.095534">
        <ele>472.5</ele>
      </trkpt>
      <trkpt lat="42.375228" lon="9.095715">
        <ele>471.75</ele>
      </trkpt>
      <trkpt lat="42.375222" lon="9.095788">
        <ele>471.25</ele>
      </trkpt>
      <trkpt lat="42.37496" lon="9.09639">
        <ele>470</ele>
      </trkpt>
      <trkpt lat="42.374832" lon="9.096488">
        <ele>467.5</ele>
      </trkpt>
      <trkpt lat="42.374741" lon="9.096589">
        <ele>465.75</ele>
      </trkpt>
      <trkpt lat="42.374649" lon="9.096772">
        <ele>466.75</ele>
      </trkpt>
      <trkpt lat="42.374172" lon="9.097987">
        <ele>468.25</ele>
      </trkpt>
      <trkpt lat="42.37395" lon="9.098445">
        <ele>471.5</ele>
      </trkpt>
      <trkpt lat="42.373564" lon="9.099374">
        <ele>461.25</ele>
      </trkpt>
      <trkpt lat="42.373491" lon="9.099597">
        <ele>460</ele>
      </trkpt>
      <trkpt lat="42.373487" lon="9.099791">
        <ele>464</ele>
      </trkpt>
      <trkpt lat="42.373517" lon="9.10013">
        <ele>471</ele>
      </trkpt>
      <trkpt lat="42.373486" lon="9.10064">
        <ele>468.5</ele>
      </trkpt>
      <trkpt lat="42.373463" lon="9.100748">
        <ele>466.75</ele>
      </trkpt>
      <trkpt lat="42.373405" lon="9.100873">
        <ele>462.25</ele>
      </trkpt>
      <trkpt lat="42.373385" lon="9.101031">
        <ele>462</ele>
      </trkpt>
      <trkpt lat="42.373401" lon="9.101302">
        <ele>465.5</ele>
      </trkpt>
      <trkpt lat="42.373453" lon="9.10178">
        <ele>472.5</ele>
      </trkpt>
      <trkpt lat="42.373365" lon="9.102349">
        <ele>469.25</ele>
      </trkpt>
      <trkpt lat="42.37326" lon="9.10255">
        <ele>466.25</ele>
      </trkpt>
      <trkpt lat="42.373166" lon="9.102918">
        <ele>470</ele>
      </trkpt>
      <trkpt lat="42.373098" lon="9.103115">
        <ele>470.5</ele>
      </trkpt>
      <trkpt lat="42.372804" lon="9.103616">
        <ele>469</ele>
      </trkpt>
      <trkpt lat="42.372678" lon="9.104085">
        <ele>480</ele>
      </trkpt>
      <trkpt lat="42.372596" lon="9.104246">
        <ele>479.75</ele>
      </trkpt>
      <trkpt lat="42.372505" lon="9.104306">
        <ele>475.5</ele>
      </trkpt>
      <trkpt lat="42.372429" lon="9.104319">
        <ele>472.75</ele>
      </trkpt>
      <trkpt lat="42.372242" lon="9.104348">
        <ele>466</ele>
      </trkpt>
      <trkpt lat="42.372149" lon="9.104401">
        <ele>463</ele>
      </trkpt>
      <trkpt lat="42.372065" lon="9.104506">
        <ele>460.5</ele>
      </trkpt>
      <trkpt lat="42.372018" lon="9.104709">
        <ele>460</ele>
      </trkpt>
      <trkpt lat="42.371997" lon="9.104931">
        <ele>460.5</ele>
      </trkpt>
      <trkpt lat="42.371996" lon="9.105248">
        <ele>461.75</ele>
      </trkpt>
      <trkpt lat="42.372029" lon="9.105519">
        <ele>464.75</ele>
      </trkpt>
      <trkpt lat="42.372024" lon="9.105632">
        <ele>464.75</ele>
      </trkpt>
      <trkpt lat="42.372" lon="9.105719">
        <ele>463.75</ele>
      </trkpt>
      <trkpt lat="42.371965" lon="9.105798">
        <ele>461.75</ele>
      </trkpt>
      <trkpt lat="42.371894" lon="9.105911">
        <ele>457.5</ele>
      </trkpt>
      <trkpt lat="42.371836" lon="9.106032">
        <ele>454</ele>
      </trkpt>
      <trkpt lat="42.371821" lon="9.106175">
        <ele>453.5</ele>
      </trkpt>
      <trkpt lat="42.371817" lon="9.106726">
        <ele>453.5</ele>
      </trkpt>
      <trkpt lat="42.371847" lon="9.106847">
        <ele>452.25</ele>
      </trkpt>
      <trkpt lat="42.371925" lon="9.107056">
        <ele>451.25</ele>
      </trkpt>
      <trkpt lat="42.372058" lon="9.107293">
        <ele>451.25</ele>
      </trkpt>
      <trkpt lat="42.372122" lon="9.107349">
        <ele>452.5</ele>
      </trkpt>
      <trkpt lat="42.372186" lon="9.107384">
        <ele>454</ele>
      </trkpt>
      <trkpt lat="42.372524" lon="9.107403">
        <ele>466.75</ele>
      </trkpt>
      <trkpt lat="42.372617" lon="9.107442">
        <ele>470</ele>
      </trkpt>
      <trkpt lat="42.372673" lon="9.107502">
        <ele>471</ele>
      </trkpt>
      <trkpt lat="42.372735" lon="9.107713">
        <ele>471.5</ele>
      </trkpt>
      <trkpt lat="42.372763" lon="9.107887">
        <ele>471</ele>
      </trkpt>
      <trkpt lat="42.37271" lon="9.108464">
        <ele>462.75</ele>
      </trkpt>
      <trkpt lat="42.372715" lon="9.108608">
        <ele>462</ele>
      </trkpt>
      <trkpt lat="42.372747" lon="9.108728">
        <ele>463</ele>
      </trkpt>
      <trkpt lat="42.372746" lon="9.108859">
        <ele>462</ele>
      </trkpt>
      <trkpt lat="42.372669" lon="9.109082">
        <ele>455.75</ele>
      </trkpt>
      <trkpt lat="42.372619" lon="9.109206">
        <ele>451.25</ele>
      </trkpt>
      <trkpt lat="42.372616" lon="9.109353">
        <ele>449.5</ele>
      </trkpt>
      <trkpt lat="42.372631" lon="9.109468">
        <ele>449.25</ele>
      </trkpt>
      <trkpt lat="42.372762" lon="9.109682">
        <ele>456.25</ele>
      </trkpt>
      <trkpt lat="42.372851" lon="9.109905">
        <ele>460.75</ele>
      </trkpt>
      <trkpt lat="42.37288" lon="9.110018">
        <ele>461.75</ele>
      </trkpt>
      <trkpt lat="42.372949" lon="9.110732">
        <ele>453.75</ele>
      </trkpt>
      <trkpt lat="42.372997" lon="9.11096">
        <ele>456</ele>
      </trkpt>
      <trkpt lat="42.372999" lon="9.111106">
        <ele>458</ele>
      </trkpt>
      <trkpt lat="42.372977" lon="9.111204">
        <ele>458</ele>
      </trkpt>
      <trkpt lat="42.372909" lon="9.111309">
        <ele>456</ele>
      </trkpt>
      <trkpt lat="42.372874" lon="9.11134">
        <ele>454.5</ele>
      </trkpt>
      <trkpt lat="42.372682" lon="9.111345">
        <ele>444.75</ele>
      </trkpt>
      <trkpt lat="42.372605" lon="9.111389">
        <ele>441.25</ele>
      </trkpt>
      <trkpt lat="42.372558" lon="9.111469">
        <ele>439.75</ele>
      </trkpt>
      <trkpt lat="42.37253" lon="9.11159">
        <ele>439.5</ele>
      </trkpt>
      <trkpt lat="42.372528" lon="9.111705">
        <ele>441.25</ele>
      </trkpt>
      <trkpt lat="42.372552" lon="9.111865">
        <ele>446.25</ele>
      </trkpt>
      <trkpt lat="42.372545" lon="9.111976">
        <ele>448.5</ele>
      </trkpt>
      <trkpt lat="42.372516" lon="9.112085">
        <ele>449.25</ele>
      </trkpt>
      <trkpt lat="42.37238" lon="9.112276">
        <ele>447</ele>
      </trkpt>
      <trkpt lat="42.372245" lon="9.112435">
        <ele>443.25</ele>
      </trkpt>
      <trkpt lat="42.372209" lon="9.112509">
        <ele>442.75</ele>
      </trkpt>
      <trkpt lat="42.372189" lon="9.11259">
        <ele>443.5</ele>
      </trkpt>
      <trkpt lat="42.372161" lon="9.112865">
        <ele>448.5</ele>
      </trkpt>
      <trkpt lat="42.372164" lon="9.113073">
        <ele>453.5</ele>
      </trkpt>
      <trkpt lat="42.372129" lon="9.113179">
        <ele>454</ele>
      </trkpt>
      <trkpt lat="42.37207" lon="9.113272">
        <ele>452.75</ele>
      </trkpt>
      <trkpt lat="42.371881" lon="9.113438">
        <ele>444.5</ele>
      </trkpt>
      <trkpt lat="42.37166" lon="9.113861">
        <ele>438.25</ele>
      </trkpt>
      <trkpt lat="42.371623" lon="9.114">
        <ele>438.75</ele>
      </trkpt>
      <trkpt lat="42.371626" lon="9.114117">
        <ele>440.5</ele>
      </trkpt>
      <trkpt lat="42.371708" lon="9.114294">
        <ele>442.25</ele>
      </trkpt>
      <trkpt lat="42.371831" lon="9.114493">
        <ele>443.5</ele>
      </trkpt>
      <trkpt lat="42.372015" lon="9.114644">
        <ele>447.75</ele>
      </trkpt>
      <trkpt lat="42.372093" lon="9.114727">
        <ele>449</ele>
      </trkpt>
      <trkpt lat="42.372218" lon="9.114982">
        <ele>447.25</ele>
      </trkpt>
      <trkpt lat="42.372307" lon="9.115115">
        <ele>444.75</ele>
      </trkpt>
      <trkpt lat="42.372445" lon="9.115195">
        <ele>445.75</ele>
      </trkpt>
      <trkpt lat="42.372592" lon="9.11521">
        <ele>449.25</ele>
      </trkpt>
      <trkpt lat="42.372769" lon="9.11524">
        <ele>452.5</ele>
      </trkpt>
      <trkpt lat="42.373057" lon="9.115463">
        <ele>449.25</ele>
      </trkpt>
      <trkpt lat="42.373166" lon="9.115503">
        <ele>450.25</ele>
      </trkpt>
      <trkpt lat="42.37339" lon="9.115512">
        <ele>455.25</ele>
      </trkpt>
      <trkpt lat="42.373486" lon="9.115561">
        <ele>454.5</ele>
      </trkpt>
      <trkpt lat="42.373627" lon="9.115751">
        <ele>448.25</ele>
      </trkpt>
      <trkpt lat="42.373702" lon="9.115828">
        <ele>446</ele>
      </trkpt>
      <trkpt lat="42.373799" lon="9.115867">
        <ele>446.5</ele>
      </trkpt>
      <trkpt lat="42.373887" lon="9.115873">
        <ele>448.25</ele>
      </trkpt>
      <trkpt lat="42.373956" lon="9.115842">
        <ele>451</ele>
      </trkpt>
      <trkpt lat="42.374059" lon="9.115772">
        <ele>456.25</ele>
      </trkpt>
      <trkpt lat="42.374129" lon="9.115747">
        <ele>453.75</ele>
      </trkpt>
      <trkpt lat="42.374262" lon="9.115795">
        <ele>449.5</ele>
      </trkpt>
      <trkpt lat="42.374339" lon="9.115908">
        <ele>446</ele>
      </trkpt>
      <trkpt lat="42.374371" lon="9.11626">
        <ele>446</ele>
      </trkpt>
      <trkpt lat="42.374414" lon="9.116398">
        <ele>442.75</ele>
      </trkpt>
      <trkpt lat="42.374487" lon="9.11654">
        <ele>440.75</ele>
      </trkpt>
      <trkpt lat="42.374602" lon="9.116647">
        <ele>442.25</ele>
      </trkpt>
      <trkpt lat="42.374922" lon="9.116813">
        <ele>445</ele>
      </trkpt>
      <trkpt lat="42.374985" lon="9.116889">
        <ele>445.75</ele>
      </trkpt>
      <trkpt lat="42.375028" lon="9.116978">
        <ele>446.5</ele>
      </trkpt>
      <trkpt lat="42.37504" lon="9.117117">
        <ele>447.5</ele>
      </trkpt>
      <trkpt lat="42.375014" lon="9.117249">
        <ele>447.5</ele>
      </trkpt>
      <trkpt lat="42.374946" lon="9.11742">
        <ele>440</ele>
      </trkpt>
      <trkpt lat="42.374831" lon="9.117778">
        <ele>430.25</ele>
      </trkpt>
      <trkpt lat="42.374826" lon="9.117885">
        <ele>429.25</ele>
      </trkpt>
      <trkpt lat="42.374852" lon="9.117979">
        <ele>430.25</ele>
      </trkpt>
      <trkpt lat="42.374995" lon="9.118239">
        <ele>437</ele>
      </trkpt>
      <trkpt lat="42.375074" lon="9.118458">
        <ele>439</ele>
      </trkpt>
      <trkpt lat="42.375113" lon="9.118638">
        <ele>438.5</ele>
      </trkpt>
      <trkpt lat="42.375114" lon="9.118783">
        <ele>436.25</ele>
      </trkpt>
      <trkpt lat="42.375075" lon="9.119055">
        <ele>430.25</ele>
      </trkpt>
      <trkpt lat="42.375086" lon="9.119198">
        <ele>428.5</ele>
      </trkpt>
      <trkpt lat="42.375125" lon="9.119448">
        <ele>425.5</ele>
      </trkpt>
      <trkpt lat="42.375207" lon="9.119785">
        <ele>422.5</ele>
      </trkpt>
      <trkpt lat="42.375294" lon="9.119993">
        <ele>421.75</ele>
      </trkpt>
      <trkpt lat="42.375605" lon="9.120415">
        <ele>421.75</ele>
      </trkpt>
      <trkpt lat="42.375753" lon="9.120523">
        <ele>422.5</ele>
      </trkpt>
      <trkpt lat="42.375848" lon="9.120559">
        <ele>423.5</ele>
      </trkpt>
      <trkpt lat="42.376412" lon="9.120523">
        <ele>427.5</ele>
      </trkpt>
      <trkpt lat="42.376478" lon="9.120529">
        <ele>427.75</ele>
      </trkpt>
      <trkpt lat="42.37655" lon="9.120565">
        <ele>426.75</ele>
      </trkpt>
      <trkpt lat="42.376801" lon="9.120743">
        <ele>423.75</ele>
      </trkpt>
      <trkpt lat="42.376873" lon="9.120824">
        <ele>422.75</ele>
      </trkpt>
      <trkpt lat="42.376917" lon="9.12094">
        <ele>421.25</ele>
      </trkpt>
      <trkpt lat="42.376979" lon="9.121132">
        <ele>418.25</ele>
      </trkpt>
      <trkpt lat="42.377072" lon="9.121246">
        <ele>417.75</ele>
      </trkpt>
      <trkpt lat="42.377276" lon="9.12137">
        <ele>419</ele>
      </trkpt>
      <trkpt lat="42.37754" lon="9.121564">
        <ele>419.25</ele>
      </trkpt>
      <trkpt lat="42.377601" lon="9.121654">
        <ele>418.75</ele>
      </trkpt>
      <trkpt lat="42.377637" lon="9.121737">
        <ele>417.5</ele>
      </trkpt>
      <trkpt lat="42.377707" lon="9.122022">
        <ele>412</ele>
      </trkpt>
      <trkpt lat="42.377778" lon="9.122171">
        <ele>409.75</ele>
      </trkpt>
      <trkpt lat="42.377879" lon="9.122294">
        <ele>408.75</ele>
      </trkpt>
      <trkpt lat="42.378033" lon="9.122398">
        <ele>409.25</ele>
      </trkpt>
      <trkpt lat="42.378429" lon="9.122554">
        <ele>414.75</ele>
      </trkpt>
      <trkpt lat="42.378517" lon="9.122637">
        <ele>415.5</ele>
      </trkpt>
      <trkpt lat="42.378596" lon="9.12279">
        <ele>416.5</ele>
      </trkpt>
      <trkpt lat="42.378627" lon="9.122921">
        <ele>417.25</ele>
      </trkpt>
      <trkpt lat="42.378623" lon="9.123017">
        <ele>417.25</ele>
      </trkpt>
      <trkpt lat="42.378608" lon="9.123119">
        <ele>416.25</ele>
      </trkpt>
      <trkpt lat="42.378534" lon="9.123278">
        <ele>412.25</ele>
      </trkpt>
      <trkpt lat="42.378365" lon="9.123518">
        <ele>403.75</ele>
      </trkpt>
      <trkpt lat="42.378317" lon="9.123634">
        <ele>401.25</ele>
      </trkpt>
      <trkpt lat="42.378293" lon="9.123737">
        <ele>400</ele>
      </trkpt>
      <trkpt lat="42.378305" lon="9.123894">
        <ele>399.75</ele>
      </trkpt>
      <trkpt lat="42.378341" lon="9.124047">
        <ele>400.75</ele>
      </trkpt>
      <trkpt lat="42.378479" lon="9.124543">
        <ele>400.5</ele>
      </trkpt>
      <trkpt lat="42.378506" lon="9.124676">
        <ele>399.25</ele>
      </trkpt>
      <trkpt lat="42.378506" lon="9.124824">
        <ele>396.25</ele>
      </trkpt>
      <trkpt lat="42.378445" lon="9.125081">
        <ele>388</ele>
      </trkpt>
      <trkpt lat="42.378444" lon="9.125184">
        <ele>386</ele>
      </trkpt>
      <trkpt lat="42.378476" lon="9.12526">
        <ele>386.25</ele>
      </trkpt>
      <trkpt lat="42.378655" lon="9.12543">
        <ele>390.75</ele>
      </trkpt>
      <trkpt lat="42.379098" lon="9.125791">
        <ele>398.75</ele>
      </trkpt>
      <trkpt lat="42.379169" lon="9.125886">
        <ele>398.5</ele>
      </trkpt>
      <trkpt lat="42.379245" lon="9.126043">
        <ele>396.75</ele>
      </trkpt>
      <trkpt lat="42.379366" lon="9.126199">
        <ele>396.25</ele>
      </trkpt>
      <trkpt lat="42.379746" lon="9.126526">
        <ele>397.5</ele>
      </trkpt>
      <trkpt lat="42.380179" lon="9.127206">
        <ele>388.75</ele>
      </trkpt>
      <trkpt lat="42.38038" lon="9.127482">
        <ele>385.5</ele>
      </trkpt>
      <trkpt lat="42.380577" lon="9.127703">
        <ele>387.25</ele>
      </trkpt>
      <trkpt lat="42.380668" lon="9.127858">
        <ele>387</ele>
      </trkpt>
      <trkpt lat="42.380729" lon="9.128013">
        <ele>386</ele>
      </trkpt>
      <trkpt lat="42.3809" lon="9.128685">
        <ele>381.5</ele>
      </trkpt>
      <trkpt lat="42.380999" lon="9.12903">
        <ele>382.25</ele>
      </trkpt>
      <trkpt lat="42.381005" lon="9.129146">
        <ele>381.25</ele>
      </trkpt>
      <trkpt lat="42.380985" lon="9.129396">
        <ele>377.75</ele>
      </trkpt>
      <trkpt lat="42.380998" lon="9.129549">
        <ele>376.75</ele>
      </trkpt>
      <trkpt lat="42.381208" lon="9.130394">
        <ele>381.5</ele>
      </trkpt>
      <trkpt lat="42.381224" lon="9.130529">
        <ele>382.25</ele>
      </trkpt>
      <trkpt lat="42.381191" lon="9.130679">
        <ele>380.25</ele>
      </trkpt>
      <trkpt lat="42.38103" lon="9.131012">
        <ele>373.25</ele>
      </trkpt>
      <trkpt lat="42.380994" lon="9.131126">
        <ele>372</ele>
      </trkpt>
      <trkpt lat="42.380984" lon="9.131364">
        <ele>372.5</ele>
      </trkpt>
      <trkpt lat="42.380995" lon="9.131662">
        <ele>374.75</ele>
      </trkpt>
      <trkpt lat="42.380977" lon="9.131968">
        <ele>372</ele>
      </trkpt>
      <trkpt lat="42.380971" lon="9.132416">
        <ele>369.75</ele>
      </trkpt>
      <trkpt lat="42.381068" lon="9.132798">
        <ele>372.5</ele>
      </trkpt>
      <trkpt lat="42.381294" lon="9.133492">
        <ele>377</ele>
      </trkpt>
      <trkpt lat="42.381484" lon="9.134045">
        <ele>373.25</ele>
      </trkpt>
      <trkpt lat="42.381519" lon="9.134228">
        <ele>371.25</ele>
      </trkpt>
      <trkpt lat="42.381527" lon="9.134655">
        <ele>369.75</ele>
      </trkpt>
      <trkpt lat="42.381568" lon="9.134896">
        <ele>369.25</ele>
      </trkpt>
      <trkpt lat="42.381627" lon="9.135137">
        <ele>367.25</ele>
      </trkpt>
      <trkpt lat="42.381734" lon="9.135402">
        <ele>365.5</ele>
      </trkpt>
      <trkpt lat="42.381835" lon="9.135613">
        <ele>364.75</ele>
      </trkpt>
      <trkpt lat="42.382335" lon="9.136245">
        <ele>359.75</ele>
      </trkpt>
      <trkpt lat="42.382933" lon="9.136734">
        <ele>356.25</ele>
      </trkpt>
      <trkpt lat="42.383644" lon="9.137437">
        <ele>351.75</ele>
      </trkpt>
      <trkpt lat="42.383778" lon="9.137583">
        <ele>352.75</ele>
      </trkpt>
      <trkpt lat="42.383824" lon="9.137669">
        <ele>352.75</ele>
      </trkpt>
      <trkpt lat="42.383835" lon="9.137739">
        <ele>352.25</ele>
      </trkpt>
      <trkpt lat="42.38389" lon="9.137751">
        <ele>353.25</ele>
      </trkpt>
      <trkpt lat="42.383955" lon="9.137811">
        <ele>353.5</ele>
      </trkpt>
      <trkpt lat="42.384169" lon="9.138068">
        <ele>351.25</ele>
      </trkpt>
      <trkpt lat="42.384477" lon="9.138466">
        <ele>354</ele>
      </trkpt>
      <trkpt lat="42.384657" lon="9.138773">
        <ele>355.5</ele>
      </trkpt>
      <trkpt lat="42.385134" lon="9.139756">
        <ele>351.75</ele>
      </trkpt>
      <trkpt lat="42.385302" lon="9.140056">
        <ele>351.25</ele>
      </trkpt>
      <trkpt lat="42.38541" lon="9.140169">
        <ele>352.5</ele>
      </trkpt>
      <trkpt lat="42.385456" lon="9.140191">
        <ele>353</ele>
      </trkpt>
      <trkpt lat="42.385537" lon="9.140231">
        <ele>354</ele>
      </trkpt>
      <trkpt lat="42.385723" lon="9.140266">
        <ele>356.75</ele>
      </trkpt>
      <trkpt lat="42.386072" lon="9.140273">
        <ele>358.75</ele>
      </trkpt>
      <trkpt lat="42.386356" lon="9.140204">
        <ele>360</ele>
      </trkpt>
      <trkpt lat="42.387636" lon="9.139615">
        <ele>369.75</ele>
      </trkpt>
      <trkpt lat="42.388529" lon="9.139291">
        <ele>376</ele>
      </trkpt>
      <trkpt lat="42.389194" lon="9.138935">
        <ele>379.5</ele>
      </trkpt>
      <trkpt lat="42.389391" lon="9.138801">
        <ele>380.75</ele>
      </trkpt>
      <trkpt lat="42.389778" lon="9.138502">
        <ele>381.75</ele>
      </trkpt>
      <trkpt lat="42.389883" lon="9.138361">
        <ele>382.75</ele>
      </trkpt>
      <trkpt lat="42.390122" lon="9.137841">
        <ele>391.75</ele>
      </trkpt>
      <trkpt lat="42.390232" lon="9.137626">
        <ele>396.5</ele>
      </trkpt>
      <trkpt lat="42.390293" lon="9.137583">
        <ele>397.25</ele>
      </trkpt>
      <trkpt lat="42.390353" lon="9.137584">
        <ele>397.25</ele>
      </trkpt>
      <trkpt lat="42.391102" lon="9.137854">
        <ele>392</ele>
      </trkpt>
      <trkpt lat="42.391227" lon="9.137878">
        <ele>392.25</ele>
      </trkpt>
      <trkpt lat="42.391348" lon="9.137857">
        <ele>393.5</ele>
      </trkpt>
      <trkpt lat="42.39183" lon="9.13766">
        <ele>399.25</ele>
      </trkpt>
      <trkpt lat="42.39368" lon="9.137073">
        <ele>407.25</ele>
      </trkpt>
      <trkpt lat="42.394012" lon="9.136985">
        <ele>407</ele>
      </trkpt>
      <trkpt lat="42.394168" lon="9.136963">
        <ele>406.25</ele>
      </trkpt>
      <trkpt lat="42.395178" lon="9.136945">
        <ele>410</ele>
      </trkpt>
      <trkpt lat="42.395403" lon="9.136919">
        <ele>410.75</ele>
      </trkpt>
      <trkpt lat="42.396521" lon="9.13674">
        <ele>410</ele>
      </trkpt>
      <trkpt lat="42.396729" lon="9.136661">
        <ele>409.25</ele>
      </trkpt>
      <trkpt lat="42.396867" lon="9.13656">
        <ele>409.25</ele>
      </trkpt>
      <trkpt lat="42.396951" lon="9.136384">
        <ele>411</ele>
      </trkpt>
      <trkpt lat="42.397031" lon="9.136081">
        <ele>414.5</ele>
      </trkpt>
      <trkpt lat="42.397066" lon="9.135973">
        <ele>416</ele>
      </trkpt>
      <trkpt lat="42.397166" lon="9.135866">
        <ele>416.75</ele>
      </trkpt>
      <trkpt lat="42.397908" lon="9.135326">
        <ele>424.5</ele>
      </trkpt>
      <trkpt lat="42.398031" lon="9.135269">
        <ele>423.75</ele>
      </trkpt>
      <trkpt lat="42.398397" lon="9.135177">
        <ele>419.25</ele>
      </trkpt>
      <trkpt lat="42.398504" lon="9.135097">
        <ele>419</ele>
      </trkpt>
      <trkpt lat="42.398582" lon="9.134986">
        <ele>419.5</ele>
      </trkpt>
      <trkpt lat="42.398621" lon="9.13482">
        <ele>419.75</ele>
      </trkpt>
      <trkpt lat="42.398585" lon="9.134679">
        <ele>421</ele>
      </trkpt>
      <trkpt lat="42.398435" lon="9.134453">
        <ele>423.75</ele>
      </trkpt>
      <trkpt lat="42.39832" lon="9.134305">
        <ele>425.75</ele>
      </trkpt>
      <trkpt lat="42.398027" lon="9.134055">
        <ele>435.25</ele>
      </trkpt>
      <trkpt lat="42.397802" lon="9.133819">
        <ele>440.25</ele>
      </trkpt>
      <trkpt lat="42.397608" lon="9.133556">
        <ele>443</ele>
      </trkpt>
      <trkpt lat="42.397541" lon="9.133408">
        <ele>443</ele>
      </trkpt>
      <trkpt lat="42.397535" lon="9.133266">
        <ele>443.75</ele>
      </trkpt>
      <trkpt lat="42.397599" lon="9.133067">
        <ele>446.5</ele>
      </trkpt>
      <trkpt lat="42.39769" lon="9.132884">
        <ele>448.75</ele>
      </trkpt>
      <trkpt lat="42.397766" lon="9.132749">
        <ele>450</ele>
      </trkpt>
      <trkpt lat="42.397867" lon="9.132678">
        <ele>449.75</ele>
      </trkpt>
      <trkpt lat="42.398124" lon="9.132765">
        <ele>443.25</ele>
      </trkpt>
      <trkpt lat="42.398529" lon="9.13316">
        <ele>436.5</ele>
      </trkpt>
      <trkpt lat="42.398945" lon="9.133325">
        <ele>440.75</ele>
      </trkpt>
      <trkpt lat="42.399189" lon="9.13351">
        <ele>440.25</ele>
      </trkpt>
      <trkpt lat="42.399487" lon="9.133756">
        <ele>444</ele>
      </trkpt>
      <trkpt lat="42.399598" lon="9.13392">
        <ele>443.75</ele>
      </trkpt>
      <trkpt lat="42.399877" lon="9.134488">
        <ele>441</ele>
      </trkpt>
      <trkpt lat="42.399973" lon="9.134636">
        <ele>440.75</ele>
      </trkpt>
      <trkpt lat="42.400099" lon="9.134687">
        <ele>441.5</ele>
      </trkpt>
      <trkpt lat="42.400411" lon="9.134714">
        <ele>444.25</ele>
      </trkpt>
      <trkpt lat="42.400515" lon="9.134657">
        <ele>446.75</ele>
      </trkpt>
      <trkpt lat="42.400836" lon="9.134407">
        <ele>456</ele>
      </trkpt>
      <trkpt lat="42.400925" lon="9.134373">
        <ele>457</ele>
      </trkpt>
      <trkpt lat="42.401048" lon="9.134433">
        <ele>455.75</ele>
      </trkpt>
      <trkpt lat="42.4013" lon="9.134578">
        <ele>452.25</ele>
      </trkpt>
      <trkpt lat="42.401406" lon="9.13459">
        <ele>452</ele>
      </trkpt>
      <trkpt lat="42.401511" lon="9.134555">
        <ele>453</ele>
      </trkpt>
      <trkpt lat="42.401599" lon="9.134495">
        <ele>454.5</ele>
      </trkpt>
      <trkpt lat="42.401745" lon="9.13431">
        <ele>460.5</ele>
      </trkpt>
      <trkpt lat="42.401826" lon="9.134263">
        <ele>463</ele>
      </trkpt>
      <trkpt lat="42.401893" lon="9.134282">
        <ele>463.75</ele>
      </trkpt>
      <trkpt lat="42.402172" lon="9.134555">
        <ele>461</ele>
      </trkpt>
      <trkpt lat="42.402329" lon="9.134665">
        <ele>460.5</ele>
      </trkpt>
      <trkpt lat="42.402489" lon="9.134699">
        <ele>462</ele>
      </trkpt>
      <trkpt lat="42.40265" lon="9.134692">
        <ele>464.75</ele>
      </trkpt>
      <trkpt lat="42.402715" lon="9.134662">
        <ele>466.5</ele>
      </trkpt>
      <trkpt lat="42.402852" lon="9.134559">
        <ele>471.25</ele>
      </trkpt>
      <trkpt lat="42.402955" lon="9.134558">
        <ele>473</ele>
      </trkpt>
      <trkpt lat="42.403041" lon="9.134617">
        <ele>472.5</ele>
      </trkpt>
      <trkpt lat="42.403393" lon="9.134954">
        <ele>468.25</ele>
      </trkpt>
      <trkpt lat="42.403557" lon="9.135025">
        <ele>466.5</ele>
      </trkpt>
      <trkpt lat="42.403782" lon="9.135045">
        <ele>466.5</ele>
      </trkpt>
      <trkpt lat="42.403939" lon="9.135017">
        <ele>467.25</ele>
      </trkpt>
      <trkpt lat="42.404125" lon="9.134893">
        <ele>470.25</ele>
      </trkpt>
      <trkpt lat="42.404206" lon="9.134789">
        <ele>473</ele>
      </trkpt>
      <trkpt lat="42.404275" lon="9.134643">
        <ele>476.75</ele>
      </trkpt>
      <trkpt lat="42.40431" lon="9.134426">
        <ele>482</ele>
      </trkpt>
      <trkpt lat="42.404354" lon="9.134328">
        <ele>484.5</ele>
      </trkpt>
      <trkpt lat="42.404407" lon="9.134287">
        <ele>485.75</ele>
      </trkpt>
      <trkpt lat="42.404524" lon="9.134305">
        <ele>486.25</ele>
      </trkpt>
      <trkpt lat="42.404686" lon="9.134354">
        <ele>486.25</ele>
      </trkpt>
      <trkpt lat="42.404758" lon="9.13446">
        <ele>484.25</ele>
      </trkpt>
      <trkpt lat="42.40483" lon="9.134668">
        <ele>479.75</ele>
      </trkpt>
      <trkpt lat="42.404898" lon="9.134738">
        <ele>478.5</ele>
      </trkpt>
      <trkpt lat="42.405078" lon="9.134803">
        <ele>478</ele>
      </trkpt>
      <trkpt lat="42.405318" lon="9.134791">
        <ele>479.5</ele>
      </trkpt>
      <trkpt lat="42.405487" lon="9.134753">
        <ele>481.5</ele>
      </trkpt>
      <trkpt lat="42.405785" lon="9.134612">
        <ele>487.25</ele>
      </trkpt>
      <trkpt lat="42.405852" lon="9.134603">
        <ele>488</ele>
      </trkpt>
      <trkpt lat="42.406097" lon="9.134633">
        <ele>490.5</ele>
      </trkpt>
      <trkpt lat="42.406383" lon="9.134716">
        <ele>491.75</ele>
      </trkpt>
      <trkpt lat="42.406544" lon="9.134732">
        <ele>493.5</ele>
      </trkpt>
      <trkpt lat="42.40743" lon="9.134628">
        <ele>501</ele>
      </trkpt>
      <trkpt lat="42.408143" lon="9.134526">
        <ele>508.25</ele>
      </trkpt>
      <trkpt lat="42.408259" lon="9.134544">
        <ele>509</ele>
      </trkpt>
      <trkpt lat="42.408416" lon="9.134624">
        <ele>509.25</ele>
      </trkpt>
      <trkpt lat="42.408562" lon="9.134652">
        <ele>510.75</ele>
      </trkpt>
      <trkpt lat="42.408657" lon="9.134697">
        <ele>511.25</ele>
      </trkpt>
      <trkpt lat="42.40877" lon="9.134805">
        <ele>511</ele>
      </trkpt>
      <trkpt lat="42.408834" lon="9.134876">
        <ele>510.5</ele>
      </trkpt>
      <trkpt lat="42.408833" lon="9.134875">
        <ele>510.5</ele>
      </trkpt>
      <trkpt lat="42.408873" lon="9.13492">
        <ele>510.5</ele>
      </trkpt>
      <trkpt lat="42.408997" lon="9.134992">
        <ele>511.25</ele>
      </trkpt>
      <trkpt lat="42.409532" lon="9.135183">
        <ele>513.75</ele>
      </trkpt>
      <trkpt lat="42.410141" lon="9.135308">
        <ele>516.75</ele>
      </trkpt>
      <trkpt lat="42.410284" lon="9.135298">
        <ele>517.75</ele>
      </trkpt>
      <trkpt lat="42.410363" lon="9.135262">
        <ele>518.75</ele>
      </trkpt>
      <trkpt lat="42.410732" lon="9.134839">
        <ele>529.25</ele>
      </trkpt>
      <trkpt lat="42.410837" lon="9.134765">
        <ele>531.5</ele>
      </trkpt>
      <trkpt lat="42.410912" lon="9.134772">
        <ele>531.5</ele>
      </trkpt>
      <trkpt lat="42.410968" lon="9.134821">
        <ele>530.5</ele>
      </trkpt>
      <trkpt lat="42.411053" lon="9.134957">
        <ele>527.75</ele>
      </trkpt>
      <trkpt lat="42.411134" lon="9.135011">
        <ele>526.75</ele>
      </trkpt>
      <trkpt lat="42.411277" lon="9.135">
        <ele>527.5</ele>
      </trkpt>
      <trkpt lat="42.411444" lon="9.134925">
        <ele>529.75</ele>
      </trkpt>
      <trkpt lat="42.411743" lon="9.134728">
        <ele>535.75</ele>
      </trkpt>
      <trkpt lat="42.412083" lon="9.134452">
        <ele>542.5</ele>
      </trkpt>
      <trkpt lat="42.412152" lon="9.134418">
        <ele>543</ele>
      </trkpt>
      <trkpt lat="42.41222" lon="9.134433">
        <ele>543</ele>
      </trkpt>
      <trkpt lat="42.412305" lon="9.134512">
        <ele>542.25</ele>
      </trkpt>
      <trkpt lat="42.412348" lon="9.13463">
        <ele>541.25</ele>
      </trkpt>
      <trkpt lat="42.412349" lon="9.134767">
        <ele>539.75</ele>
      </trkpt>
      <trkpt lat="42.412265" lon="9.13505">
        <ele>535.5</ele>
      </trkpt>
      <trkpt lat="42.412267" lon="9.135192">
        <ele>534.25</ele>
      </trkpt>
      <trkpt lat="42.412316" lon="9.135312">
        <ele>533.5</ele>
      </trkpt>
      <trkpt lat="42.412421" lon="9.135345">
        <ele>534.5</ele>
      </trkpt>
      <trkpt lat="42.412602" lon="9.135312">
        <ele>537.25</ele>
      </trkpt>
      <trkpt lat="42.412746" lon="9.135322">
        <ele>539</ele>
      </trkpt>
      <trkpt lat="42.412928" lon="9.13536">
        <ele>541</ele>
      </trkpt>
      <trkpt lat="42.413016" lon="9.135367">
        <ele>542</ele>
      </trkpt>
      <trkpt lat="42.41379" lon="9.135263">
        <ele>549.25</ele>
      </trkpt>
      <trkpt lat="42.413887" lon="9.135223">
        <ele>550</ele>
      </trkpt>
      <trkpt lat="42.413982" lon="9.135151">
        <ele>551</ele>
      </trkpt>
      <trkpt lat="42.414208" lon="9.134926">
        <ele>554.5</ele>
      </trkpt>
      <trkpt lat="42.414318" lon="9.134895">
        <ele>555.5</ele>
      </trkpt>
      <trkpt lat="42.414485" lon="9.134886">
        <ele>556</ele>
      </trkpt>
      <trkpt lat="42.414685" lon="9.134885">
        <ele>556.75</ele>
      </trkpt>
      <trkpt lat="42.414735" lon="9.134901">
        <ele>556.5</ele>
      </trkpt>
      <trkpt lat="42.414776" lon="9.134935">
        <ele>556</ele>
      </trkpt>
      <trkpt lat="42.414999" lon="9.135432">
        <ele>554.75</ele>
      </trkpt>
      <trkpt lat="42.415081" lon="9.135518">
        <ele>556.25</ele>
      </trkpt>
      <trkpt lat="42.415173" lon="9.135547">
        <ele>557.75</ele>
      </trkpt>
      <trkpt lat="42.415245" lon="9.135515">
        <ele>559.25</ele>
      </trkpt>
      <trkpt lat="42.415314" lon="9.135462">
        <ele>560.5</ele>
      </trkpt>
      <trkpt lat="42.415507" lon="9.135258">
        <ele>563</ele>
      </trkpt>
      <trkpt lat="42.415681" lon="9.135159">
        <ele>565</ele>
      </trkpt>
      <trkpt lat="42.415819" lon="9.135045">
        <ele>566</ele>
      </trkpt>
      <trkpt lat="42.416015" lon="9.134799">
        <ele>571.5</ele>
      </trkpt>
      <trkpt lat="42.416081" lon="9.134743">
        <ele>573.25</ele>
      </trkpt>
      <trkpt lat="42.416136" lon="9.134749">
        <ele>574.25</ele>
      </trkpt>
      <trkpt lat="42.416178" lon="9.134791">
        <ele>574.75</ele>
      </trkpt>
      <trkpt lat="42.416212" lon="9.134884">
        <ele>575</ele>
      </trkpt>
      <trkpt lat="42.416215" lon="9.134982">
        <ele>574.75</ele>
      </trkpt>
      <trkpt lat="42.416196" lon="9.135114">
        <ele>575.5</ele>
      </trkpt>
      <trkpt lat="42.416136" lon="9.135263">
        <ele>576</ele>
      </trkpt>
      <trkpt lat="42.415706" lon="9.135999">
        <ele>574.5</ele>
      </trkpt>
      <trkpt lat="42.415485" lon="9.136245">
        <ele>574</ele>
      </trkpt>
      <trkpt lat="42.415278" lon="9.136574">
        <ele>573</ele>
      </trkpt>
      <trkpt lat="42.415206" lon="9.136722">
        <ele>572</ele>
      </trkpt>
      <trkpt lat="42.415144" lon="9.136927">
        <ele>571.75</ele>
      </trkpt>
      <trkpt lat="42.414968" lon="9.137365">
        <ele>570.25</ele>
      </trkpt>
      <trkpt lat="42.414974" lon="9.137468">
        <ele>571.75</ele>
      </trkpt>
      <trkpt lat="42.415012" lon="9.137578">
        <ele>572.25</ele>
      </trkpt>
      <trkpt lat="42.415122" lon="9.13768">
        <ele>574.5</ele>
      </trkpt>
      <trkpt lat="42.415328" lon="9.137793">
        <ele>579</ele>
      </trkpt>
      <trkpt lat="42.415669" lon="9.137962">
        <ele>585.25</ele>
      </trkpt>
      <trkpt lat="42.416041" lon="9.138075">
        <ele>592.25</ele>
      </trkpt>
      <trkpt lat="42.416138" lon="9.13809">
        <ele>594.5</ele>
      </trkpt>
      <trkpt lat="42.416249" lon="9.138088">
        <ele>597.5</ele>
      </trkpt>
      <trkpt lat="42.41633" lon="9.138104">
        <ele>599.25</ele>
      </trkpt>
      <trkpt lat="42.416433" lon="9.138177">
        <ele>600.5</ele>
      </trkpt>
      <trkpt lat="42.416493" lon="9.138283">
        <ele>600</ele>
      </trkpt>
      <trkpt lat="42.416534" lon="9.138444">
        <ele>599.75</ele>
      </trkpt>
      <trkpt lat="42.416563" lon="9.138766">
        <ele>599.5</ele>
      </trkpt>
      <trkpt lat="42.416496" lon="9.139278">
        <ele>595</ele>
      </trkpt>
      <trkpt lat="42.416518" lon="9.13949">
        <ele>593.5</ele>
      </trkpt>
      <trkpt lat="42.416587" lon="9.139658">
        <ele>593.75</ele>
      </trkpt>
      <trkpt lat="42.417116" lon="9.140174">
        <ele>600.5</ele>
      </trkpt>
      <trkpt lat="42.41732" lon="9.14028">
        <ele>603.5</ele>
      </trkpt>
      <trkpt lat="42.417625" lon="9.140346">
        <ele>609.25</ele>
      </trkpt>
      <trkpt lat="42.41778" lon="9.14041">
        <ele>610.25</ele>
      </trkpt>
      <trkpt lat="42.418199" lon="9.140615">
        <ele>611</ele>
      </trkpt>
      <trkpt lat="42.418282" lon="9.140642">
        <ele>611.5</ele>
      </trkpt>
      <trkpt lat="42.418682" lon="9.140555">
        <ele>617.25</ele>
      </trkpt>
      <trkpt lat="42.418843" lon="9.140547">
        <ele>618.25</ele>
      </trkpt>
      <trkpt lat="42.418958" lon="9.140523">
        <ele>619.75</ele>
      </trkpt>
      <trkpt lat="42.419346" lon="9.140359">
        <ele>628.5</ele>
      </trkpt>
      <trkpt lat="42.419585" lon="9.140291">
        <ele>633</ele>
      </trkpt>
      <trkpt lat="42.419801" lon="9.140295">
        <ele>634.25</ele>
      </trkpt>
      <trkpt lat="42.420158" lon="9.140362">
        <ele>635.5</ele>
      </trkpt>
      <trkpt lat="42.420289" lon="9.140437">
        <ele>635</ele>
      </trkpt>
      <trkpt lat="42.4205" lon="9.140621">
        <ele>632.75</ele>
      </trkpt>
      <trkpt lat="42.420599" lon="9.140668">
        <ele>633</ele>
      </trkpt>
      <trkpt lat="42.420768" lon="9.14068">
        <ele>635.5</ele>
      </trkpt>
      <trkpt lat="42.420865" lon="9.140727">
        <ele>636.5</ele>
      </trkpt>
      <trkpt lat="42.420945" lon="9.140833">
        <ele>636.25</ele>
      </trkpt>
      <trkpt lat="42.421042" lon="9.141008">
        <ele>638.75</ele>
      </trkpt>
      <trkpt lat="42.421073" lon="9.141143">
        <ele>639.25</ele>
      </trkpt>
      <trkpt lat="42.421075" lon="9.141282">
        <ele>638.75</ele>
      </trkpt>
      <trkpt lat="42.421013" lon="9.141563">
        <ele>635.25</ele>
      </trkpt>
      <trkpt lat="42.420738" lon="9.142283">
        <ele>633</ele>
      </trkpt>
      <trkpt lat="42.420691" lon="9.142436">
        <ele>633</ele>
      </trkpt>
      <trkpt lat="42.420675" lon="9.14257">
        <ele>634</ele>
      </trkpt>
      <trkpt lat="42.420639" lon="9.143104">
        <ele>638</ele>
      </trkpt>
      <trkpt lat="42.420597" lon="9.143365">
        <ele>639.25</ele>
      </trkpt>
      <trkpt lat="42.420358" lon="9.144319">
        <ele>641.5</ele>
      </trkpt>
      <trkpt lat="42.420359" lon="9.144496">
        <ele>642.5</ele>
      </trkpt>
      <trkpt lat="42.420493" lon="9.145059">
        <ele>652</ele>
      </trkpt>
      <trkpt lat="42.42057" lon="9.14526">
        <ele>652.75</ele>
      </trkpt>
      <trkpt lat="42.420697" lon="9.145445">
        <ele>656.25</ele>
      </trkpt>
      <trkpt lat="42.420797" lon="9.145614">
        <ele>658</ele>
      </trkpt>
      <trkpt lat="42.420923" lon="9.145904">
        <ele>657.25</ele>
      </trkpt>
      <trkpt lat="42.42109" lon="9.146207">
        <ele>657.5</ele>
      </trkpt>
      <trkpt lat="42.421464" lon="9.146682">
        <ele>659.25</ele>
      </trkpt>
      <trkpt lat="42.421711" lon="9.146975">
        <ele>663</ele>
      </trkpt>
      <trkpt lat="42.422008" lon="9.147273">
        <ele>662</ele>
      </trkpt>
      <trkpt lat="42.42213" lon="9.14738">
        <ele>661.5</ele>
      </trkpt>
      <trkpt lat="42.422276" lon="9.147375">
        <ele>662.5</ele>
      </trkpt>
      <trkpt lat="42.422413" lon="9.147546">
        <ele>662</ele>
      </trkpt>
      <trkpt lat="42.422926" lon="9.148013">
        <ele>662.5</ele>
      </trkpt>
      <trkpt lat="42.42313" lon="9.148221">
        <ele>662.5</ele>
      </trkpt>
      <trkpt lat="42.423251" lon="9.148389">
        <ele>663.5</ele>
      </trkpt>
      <trkpt lat="42.423576" lon="9.148893">
        <ele>667.5</ele>
      </trkpt>
      <trkpt lat="42.42375" lon="9.149101">
        <ele>667.5</ele>
      </trkpt>
      <trkpt lat="42.423919" lon="9.149225">
        <ele>665.75</ele>
      </trkpt>
      <trkpt lat="42.42485" lon="9.14953">
        <ele>657.25</ele>
      </trkpt>
      <trkpt lat="42.425014" lon="9.14961">
        <ele>656</ele>
      </trkpt>
      <trkpt lat="42.425134" lon="9.149712">
        <ele>656</ele>
      </trkpt>
      <trkpt lat="42.425226" lon="9.149881">
        <ele>656.75</ele>
      </trkpt>
      <trkpt lat="42.425708" lon="9.151483">
        <ele>662.25</ele>
      </trkpt>
      <trkpt lat="42.425739" lon="9.151625">
        <ele>662.5</ele>
      </trkpt>
      <trkpt lat="42.425733" lon="9.1521">
        <ele>663</ele>
      </trkpt>
      <trkpt lat="42.425751" lon="9.152369">
        <ele>662.5</ele>
      </trkpt>
      <trkpt lat="42.425935" lon="9.153256">
        <ele>659.5</ele>
      </trkpt>
      <trkpt lat="42.425946" lon="9.153445">
        <ele>660.75</ele>
      </trkpt>
      <trkpt lat="42.42593" lon="9.153713">
        <ele>664.25</ele>
      </trkpt>
      <trkpt lat="42.425957" lon="9.153886">
        <ele>665.25</ele>
      </trkpt>
      <trkpt lat="42.42603" lon="9.154006">
        <ele>664</ele>
      </trkpt>
      <trkpt lat="42.426185" lon="9.154165">
        <ele>660.25</ele>
      </trkpt>
      <trkpt lat="42.42628" lon="9.15432">
        <ele>658.75</ele>
      </trkpt>
      <trkpt lat="42.426365" lon="9.154533">
        <ele>658</ele>
      </trkpt>
      <trkpt lat="42.426407" lon="9.154715">
        <ele>658.25</ele>
      </trkpt>
      <trkpt lat="42.426463" lon="9.155339">
        <ele>662.75</ele>
      </trkpt>
      <trkpt lat="42.426521" lon="9.155592">
        <ele>663</ele>
      </trkpt>
      <trkpt lat="42.426531" lon="9.155737">
        <ele>664.25</ele>
      </trkpt>
      <trkpt lat="42.426507" lon="9.156048">
        <ele>671</ele>
      </trkpt>
      <trkpt lat="42.426538" lon="9.156214">
        <ele>672.5</ele>
      </trkpt>
      <trkpt lat="42.426616" lon="9.156388">
        <ele>671.75</ele>
      </trkpt>
      <trkpt lat="42.426856" lon="9.156737">
        <ele>664</ele>
      </trkpt>
      <trkpt lat="42.426905" lon="9.156842">
        <ele>662</ele>
      </trkpt>
      <trkpt lat="42.426941" lon="9.156956">
        <ele>660.75</ele>
      </trkpt>
      <trkpt lat="42.426949" lon="9.157362">
        <ele>664</ele>
      </trkpt>
      <trkpt lat="42.42693" lon="9.157566">
        <ele>666.25</ele>
      </trkpt>
      <trkpt lat="42.42688" lon="9.157739">
        <ele>668.75</ele>
      </trkpt>
      <trkpt lat="42.426666" lon="9.158191">
        <ele>679.5</ele>
      </trkpt>
      <trkpt lat="42.42666" lon="9.158346">
        <ele>679.5</ele>
      </trkpt>
      <trkpt lat="42.426681" lon="9.158461">
        <ele>679.5</ele>
      </trkpt>
      <trkpt lat="42.426778" lon="9.158615">
        <ele>675.5</ele>
      </trkpt>
      <trkpt lat="42.426873" lon="9.158686">
        <ele>670.75</ele>
      </trkpt>
      <trkpt lat="42.426924" lon="9.158768">
        <ele>668.75</ele>
      </trkpt>
      <trkpt lat="42.426945" lon="9.158859">
        <ele>668.5</ele>
      </trkpt>
      <trkpt lat="42.426939" lon="9.159038">
        <ele>671</ele>
      </trkpt>
      <trkpt lat="42.426976" lon="9.159184">
        <ele>670.25</ele>
      </trkpt>
      <trkpt lat="42.426975" lon="9.159183">
        <ele>670.25</ele>
      </trkpt>
      <trkpt lat="42.426989" lon="9.159235">
        <ele>670.25</ele>
      </trkpt>
      <trkpt lat="42.427117" lon="9.159515">
        <ele>665</ele>
      </trkpt>
      <trkpt lat="42.427127" lon="9.159596">
        <ele>665</ele>
      </trkpt>
      <trkpt lat="42.427127" lon="9.1597">
        <ele>665.75</ele>
      </trkpt>
      <trkpt lat="42.427055" lon="9.159958">
        <ele>671.5</ele>
      </trkpt>
      <trkpt lat="42.427028" lon="9.160106">
        <ele>672</ele>
      </trkpt>
      <trkpt lat="42.427032" lon="9.160218">
        <ele>670.25</ele>
      </trkpt>
      <trkpt lat="42.42708" lon="9.160426">
        <ele>665</ele>
      </trkpt>
      <trkpt lat="42.427092" lon="9.160509">
        <ele>663.25</ele>
      </trkpt>
      <trkpt lat="42.42708" lon="9.160599">
        <ele>662.75</ele>
      </trkpt>
      <trkpt lat="42.426987" lon="9.160907">
        <ele>662.25</ele>
      </trkpt>
      <trkpt lat="42.426951" lon="9.161109">
        <ele>658.75</ele>
      </trkpt>
      <trkpt lat="42.426877" lon="9.161236">
        <ele>658.25</ele>
      </trkpt>
      <trkpt lat="42.426808" lon="9.161324">
        <ele>658.5</ele>
      </trkpt>
      <trkpt lat="42.426655" lon="9.161414">
        <ele>661.5</ele>
      </trkpt>
      <trkpt lat="42.426327" lon="9.161498">
        <ele>670.5</ele>
      </trkpt>
      <trkpt lat="42.426011" lon="9.16165">
        <ele>677</ele>
      </trkpt>
      <trkpt lat="42.425928" lon="9.161729">
        <ele>678.25</ele>
      </trkpt>
      <trkpt lat="42.425879" lon="9.161839">
        <ele>678.25</ele>
      </trkpt>
      <trkpt lat="42.425873" lon="9.161967">
        <ele>676.25</ele>
      </trkpt>
      <trkpt lat="42.425893" lon="9.162266">
        <ele>670</ele>
      </trkpt>
      <trkpt lat="42.425888" lon="9.162407">
        <ele>667.75</ele>
      </trkpt>
      <trkpt lat="42.425843" lon="9.162561">
        <ele>667</ele>
      </trkpt>
      <trkpt lat="42.42574" lon="9.162864">
        <ele>664.25</ele>
      </trkpt>
      <trkpt lat="42.425589" lon="9.163217">
        <ele>660.75</ele>
      </trkpt>
      <trkpt lat="42.42553" lon="9.163302">
        <ele>660.5</ele>
      </trkpt>
      <trkpt lat="42.425425" lon="9.163393">
        <ele>661</ele>
      </trkpt>
      <trkpt lat="42.425046" lon="9.16355">
        <ele>665.75</ele>
      </trkpt>
      <trkpt lat="42.424914" lon="9.163573">
        <ele>666.25</ele>
      </trkpt>
      <trkpt lat="42.42478" lon="9.163571">
        <ele>667</ele>
      </trkpt>
      <trkpt lat="42.424687" lon="9.16357">
        <ele>667.5</ele>
      </trkpt>
      <trkpt lat="42.424558" lon="9.163628">
        <ele>665.75</ele>
      </trkpt>
      <trkpt lat="42.424421" lon="9.163753">
        <ele>661.5</ele>
      </trkpt>
      <trkpt lat="42.424318" lon="9.163853">
        <ele>658.5</ele>
      </trkpt>
      <trkpt lat="42.424243" lon="9.163876">
        <ele>658</ele>
      </trkpt>
      <trkpt lat="42.424184" lon="9.16387">
        <ele>658.75</ele>
      </trkpt>
      <trkpt lat="42.424124" lon="9.163847">
        <ele>659.25</ele>
      </trkpt>
      <trkpt lat="42.42398" lon="9.163689">
        <ele>663</ele>
      </trkpt>
      <trkpt lat="42.423796" lon="9.163484">
        <ele>667.25</ele>
      </trkpt>
      <trkpt lat="42.42373" lon="9.163409">
        <ele>669</ele>
      </trkpt>
      <trkpt lat="42.423606" lon="9.163266">
        <ele>672</ele>
      </trkpt>
      <trkpt lat="42.423567" lon="9.163223">
        <ele>673</ele>
      </trkpt>
      <trkpt lat="42.423441" lon="9.163141">
        <ele>674</ele>
      </trkpt>
      <trkpt lat="42.423222" lon="9.16311">
        <ele>674.5</ele>
      </trkpt>
      <trkpt lat="42.423145" lon="9.163107">
        <ele>675.25</ele>
      </trkpt>
      <trkpt lat="42.423097" lon="9.163105">
        <ele>675.75</ele>
      </trkpt>
      <trkpt lat="42.423002" lon="9.163126">
        <ele>675.75</ele>
      </trkpt>
      <trkpt lat="42.422916" lon="9.163174">
        <ele>675</ele>
      </trkpt>
      <trkpt lat="42.422799" lon="9.163306">
        <ele>672.25</ele>
      </trkpt>
      <trkpt lat="42.422748" lon="9.163414">
        <ele>669.75</ele>
      </trkpt>
      <trkpt lat="42.422718" lon="9.163537">
        <ele>667</ele>
      </trkpt>
      <trkpt lat="42.422718" lon="9.163636">
        <ele>664.5</ele>
      </trkpt>
      <trkpt lat="42.422734" lon="9.163837">
        <ele>659.25</ele>
      </trkpt>
      <trkpt lat="42.422725" lon="9.163956">
        <ele>656.25</ele>
      </trkpt>
      <trkpt lat="42.422697" lon="9.164017">
        <ele>655.5</ele>
      </trkpt>
      <trkpt lat="42.422631" lon="9.164114">
        <ele>654.25</ele>
      </trkpt>
      <trkpt lat="42.422535" lon="9.164198">
        <ele>654.25</ele>
      </trkpt>
      <trkpt lat="42.422505" lon="9.164229">
        <ele>654</ele>
      </trkpt>
      <trkpt lat="42.422281" lon="9.164471">
        <ele>657.5</ele>
      </trkpt>
      <trkpt lat="42.422196" lon="9.164612">
        <ele>657.5</ele>
      </trkpt>
      <trkpt lat="42.421954" lon="9.165419">
        <ele>649.75</ele>
      </trkpt>
      <trkpt lat="42.421828" lon="9.165935">
        <ele>646</ele>
      </trkpt>
      <trkpt lat="42.421839" lon="9.165997">
        <ele>644.5</ele>
      </trkpt>
      <trkpt lat="42.421871" lon="9.166052">
        <ele>642</ele>
      </trkpt>
      <trkpt lat="42.421912" lon="9.166064">
        <ele>640</ele>
      </trkpt>
      <trkpt lat="42.421957" lon="9.166032">
        <ele>638.25</ele>
      </trkpt>
      <trkpt lat="42.42199" lon="9.165957">
        <ele>637.75</ele>
      </trkpt>
      <trkpt lat="42.42199" lon="9.165826">
        <ele>639.75</ele>
      </trkpt>
      <trkpt lat="42.42202" lon="9.165648">
        <ele>641.75</ele>
      </trkpt>
      <trkpt lat="42.422293" lon="9.164837">
        <ele>646.5</ele>
      </trkpt>
      <trkpt lat="42.422372" lon="9.164714">
        <ele>646.25</ele>
      </trkpt>
      <trkpt lat="42.422573" lon="9.164546">
        <ele>643.25</ele>
      </trkpt>
      <trkpt lat="42.422796" lon="9.164435">
        <ele>641.25</ele>
      </trkpt>
      <trkpt lat="42.423041" lon="9.164141">
        <ele>645</ele>
      </trkpt>
      <trkpt lat="42.423168" lon="9.16396">
        <ele>647.75</ele>
      </trkpt>
      <trkpt lat="42.423233" lon="9.163919">
        <ele>647.75</ele>
      </trkpt>
      <trkpt lat="42.423306" lon="9.163916">
        <ele>646.5</ele>
      </trkpt>
      <trkpt lat="42.423398" lon="9.163943">
        <ele>646</ele>
      </trkpt>
      <trkpt lat="42.42347" lon="9.163996">
        <ele>645.25</ele>
      </trkpt>
      <trkpt lat="42.423518" lon="9.164032">
        <ele>644.5</ele>
      </trkpt>
      <trkpt lat="42.423768" lon="9.164318">
        <ele>637.25</ele>
      </trkpt>
      <trkpt lat="42.423862" lon="9.164383">
        <ele>635.75</ele>
      </trkpt>
      <trkpt lat="42.424215" lon="9.164507">
        <ele>632.75</ele>
      </trkpt>
      <trkpt lat="42.4243" lon="9.164521">
        <ele>631.5</ele>
      </trkpt>
      <trkpt lat="42.424604" lon="9.16445">
        <ele>631.75</ele>
      </trkpt>
      <trkpt lat="42.424785" lon="9.164363">
        <ele>633.5</ele>
      </trkpt>
      <trkpt lat="42.424874" lon="9.164353">
        <ele>633.25</ele>
      </trkpt>
      <trkpt lat="42.425123" lon="9.164365">
        <ele>630.75</ele>
      </trkpt>
      <trkpt lat="42.425229" lon="9.164412">
        <ele>628.5</ele>
      </trkpt>
      <trkpt lat="42.425292" lon="9.164466">
        <ele>626.25</ele>
      </trkpt>
      <trkpt lat="42.425593" lon="9.164857">
        <ele>614</ele>
      </trkpt>
      <trkpt lat="42.425647" lon="9.164896">
        <ele>613</ele>
      </trkpt>
      <trkpt lat="42.425685" lon="9.164904">
        <ele>612.75</ele>
      </trkpt>
      <trkpt lat="42.425777" lon="9.164903">
        <ele>613</ele>
      </trkpt>
      <trkpt lat="42.425818" lon="9.164915">
        <ele>613</ele>
      </trkpt>
      <trkpt lat="42.425835" lon="9.164951">
        <ele>612</ele>
      </trkpt>
      <trkpt lat="42.425838" lon="9.165001">
        <ele>610.75</ele>
      </trkpt>
      <trkpt lat="42.425815" lon="9.165054">
        <ele>610</ele>
      </trkpt>
      <trkpt lat="42.425774" lon="9.165091">
        <ele>609.25</ele>
      </trkpt>
      <trkpt lat="42.425734" lon="9.165114">
        <ele>608.5</ele>
      </trkpt>
      <trkpt lat="42.425655" lon="9.16513">
        <ele>608</ele>
      </trkpt>
      <trkpt lat="42.425529" lon="9.165112">
        <ele>607.5</ele>
      </trkpt>
      <trkpt lat="42.425462" lon="9.165067">
        <ele>608.25</ele>
      </trkpt>
      <trkpt lat="42.425343" lon="9.164912">
        <ele>612</ele>
      </trkpt>
      <trkpt lat="42.425278" lon="9.164859">
        <ele>613.5</ele>
      </trkpt>
      <trkpt lat="42.425213" lon="9.164839">
        <ele>614</ele>
      </trkpt>
      <trkpt lat="42.425138" lon="9.164839">
        <ele>614</ele>
      </trkpt>
      <trkpt lat="42.424983" lon="9.164874">
        <ele>612.75</ele>
      </trkpt>
      <trkpt lat="42.42473" lon="9.164902">
        <ele>613</ele>
      </trkpt>
      <trkpt lat="42.424401" lon="9.164967">
        <ele>612.25</ele>
      </trkpt>
      <trkpt lat="42.424212" lon="9.164983">
        <ele>612.5</ele>
      </trkpt>
      <trkpt lat="42.423788" lon="9.164994">
        <ele>611.25</ele>
      </trkpt>
      <trkpt lat="42.423591" lon="9.164973">
        <ele>611.5</ele>
      </trkpt>
      <trkpt lat="42.423269" lon="9.16485">
        <ele>616.5</ele>
      </trkpt>
      <trkpt lat="42.423218" lon="9.164855">
        <ele>617.75</ele>
      </trkpt>
      <trkpt lat="42.42318" lon="9.164883">
        <ele>617.75</ele>
      </trkpt>
      <trkpt lat="42.423052" lon="9.165051">
        <ele>616</ele>
      </trkpt>
      <trkpt lat="42.422926" lon="9.165246">
        <ele>614.25</ele>
      </trkpt>
      <trkpt lat="42.422826" lon="9.165423">
        <ele>612.75</ele>
      </trkpt>
      <trkpt lat="42.422744" lon="9.165626">
        <ele>610.5</ele>
      </trkpt>
      <trkpt lat="42.422676" lon="9.165875">
        <ele>607.25</ele>
      </trkpt>
      <trkpt lat="42.42266" lon="9.166028">
        <ele>606</ele>
      </trkpt>
      <trkpt lat="42.422678" lon="9.166642">
        <ele>597.75</ele>
      </trkpt>
      <trkpt lat="42.422676" lon="9.166881">
        <ele>594</ele>
      </trkpt>
      <trkpt lat="42.422651" lon="9.167082">
        <ele>592.25</ele>
      </trkpt>
      <trkpt lat="42.422491" lon="9.167801">
        <ele>587.75</ele>
      </trkpt>
      <trkpt lat="42.42243" lon="9.167971">
        <ele>586</ele>
      </trkpt>
      <trkpt lat="42.422368" lon="9.168075">
        <ele>586</ele>
      </trkpt>
      <trkpt lat="42.422167" lon="9.168299">
        <ele>587.5</ele>
      </trkpt>
      <trkpt lat="42.422113" lon="9.168419">
        <ele>586.25</ele>
      </trkpt>
      <trkpt lat="42.422091" lon="9.168483">
        <ele>585.5</ele>
      </trkpt>
      <trkpt lat="42.422007" lon="9.168721">
        <ele>581.75</ele>
      </trkpt>
      <trkpt lat="42.421903" lon="9.168911">
        <ele>579.25</ele>
      </trkpt>
      <trkpt lat="42.421777" lon="9.16907">
        <ele>577.5</ele>
      </trkpt>
      <trkpt lat="42.421671" lon="9.169168">
        <ele>576.75</ele>
      </trkpt>
      <trkpt lat="42.421556" lon="9.169217">
        <ele>576.25</ele>
      </trkpt>
      <trkpt lat="42.421372" lon="9.169229">
        <ele>578.25</ele>
      </trkpt>
      <trkpt lat="42.42116" lon="9.169201">
        <ele>581.75</ele>
      </trkpt>
      <trkpt lat="42.420857" lon="9.169189">
        <ele>585.75</ele>
      </trkpt>
      <trkpt lat="42.420786" lon="9.169212">
        <ele>586.75</ele>
      </trkpt>
      <trkpt lat="42.420715" lon="9.169302">
        <ele>586</ele>
      </trkpt>
      <trkpt lat="42.420597" lon="9.169639">
        <ele>578.75</ele>
      </trkpt>
      <trkpt lat="42.420447" lon="9.170293">
        <ele>567.75</ele>
      </trkpt>
      <trkpt lat="42.420443" lon="9.170412">
        <ele>565.5</ele>
      </trkpt>
      <trkpt lat="42.420451" lon="9.170666">
        <ele>560</ele>
      </trkpt>
      <trkpt lat="42.420427" lon="9.170805">
        <ele>558.5</ele>
      </trkpt>
      <trkpt lat="42.420387" lon="9.170921">
        <ele>557.5</ele>
      </trkpt>
      <trkpt lat="42.420173" lon="9.17132">
        <ele>556</ele>
      </trkpt>
      <trkpt lat="42.42007" lon="9.171489">
        <ele>555.25</ele>
      </trkpt>
      <trkpt lat="42.41958" lon="9.17194">
        <ele>544.75</ele>
      </trkpt>
      <trkpt lat="42.419431" lon="9.172005">
        <ele>543</ele>
      </trkpt>
      <trkpt lat="42.41924" lon="9.172017">
        <ele>543.5</ele>
      </trkpt>
      <trkpt lat="42.418592" lon="9.171843">
        <ele>540</ele>
      </trkpt>
      <trkpt lat="42.418477" lon="9.171782">
        <ele>540.25</ele>
      </trkpt>
      <trkpt lat="42.418277" lon="9.171647">
        <ele>543.25</ele>
      </trkpt>
      <trkpt lat="42.4182" lon="9.171633">
        <ele>544.75</ele>
      </trkpt>
      <trkpt lat="42.418108" lon="9.171666">
        <ele>545</ele>
      </trkpt>
      <trkpt lat="42.418023" lon="9.171838">
        <ele>539.5</ele>
      </trkpt>
      <trkpt lat="42.417784" lon="9.172113">
        <ele>531.5</ele>
      </trkpt>
      <trkpt lat="42.417503" lon="9.172337">
        <ele>525.5</ele>
      </trkpt>
      <trkpt lat="42.417051" lon="9.17286">
        <ele>521</ele>
      </trkpt>
      <trkpt lat="42.416865" lon="9.173202">
        <ele>515</ele>
      </trkpt>
      <trkpt lat="42.416738" lon="9.17341">
        <ele>511</ele>
      </trkpt>
      <trkpt lat="42.416542" lon="9.173771">
        <ele>505.25</ele>
      </trkpt>
      <trkpt lat="42.416398" lon="9.17393">
        <ele>503.25</ele>
      </trkpt>
      <trkpt lat="42.415863" lon="9.174306">
        <ele>499.75</ele>
      </trkpt>
      <trkpt lat="42.41566" lon="9.174401">
        <ele>496</ele>
      </trkpt>
      <trkpt lat="42.415108" lon="9.174504">
        <ele>490.5</ele>
      </trkpt>
      <trkpt lat="42.414873" lon="9.17452">
        <ele>488.5</ele>
      </trkpt>
      <trkpt lat="42.414334" lon="9.174507">
        <ele>483.75</ele>
      </trkpt>
      <trkpt lat="42.414146" lon="9.174488">
        <ele>483</ele>
      </trkpt>
      <trkpt lat="42.413971" lon="9.174429">
        <ele>485</ele>
      </trkpt>
      <trkpt lat="42.413861" lon="9.174383">
        <ele>486.75</ele>
      </trkpt>
      <trkpt lat="42.413766" lon="9.174418">
        <ele>486.25</ele>
      </trkpt>
      <trkpt lat="42.413716" lon="9.174501">
        <ele>484.5</ele>
      </trkpt>
      <trkpt lat="42.413461" lon="9.175116">
        <ele>471.5</ele>
      </trkpt>
      <trkpt lat="42.413362" lon="9.175293">
        <ele>468.25</ele>
      </trkpt>
      <trkpt lat="42.413213" lon="9.175437">
        <ele>467.25</ele>
      </trkpt>
      <trkpt lat="42.412855" lon="9.175703">
        <ele>465.75</ele>
      </trkpt>
      <trkpt lat="42.412629" lon="9.176003">
        <ele>461.75</ele>
      </trkpt>
      <trkpt lat="42.412534" lon="9.176191">
        <ele>459.25</ele>
      </trkpt>
      <trkpt lat="42.412471" lon="9.176497">
        <ele>453.5</ele>
      </trkpt>
      <trkpt lat="42.412417" lon="9.176677">
        <ele>450.25</ele>
      </trkpt>
      <trkpt lat="42.412277" lon="9.176886">
        <ele>448.75</ele>
      </trkpt>
      <trkpt lat="42.412202" lon="9.177154">
        <ele>446</ele>
      </trkpt>
      <trkpt lat="42.412091" lon="9.177524">
        <ele>441.5</ele>
      </trkpt>
      <trkpt lat="42.411829" lon="9.178149">
        <ele>441.75</ele>
      </trkpt>
      <trkpt lat="42.411661" lon="9.178551">
        <ele>439.25</ele>
      </trkpt>
      <trkpt lat="42.411609" lon="9.17871">
        <ele>436.75</ele>
      </trkpt>
      <trkpt lat="42.411594" lon="9.178852">
        <ele>435.5</ele>
      </trkpt>
      <trkpt lat="42.411627" lon="9.179007">
        <ele>435.25</ele>
      </trkpt>
      <trkpt lat="42.411687" lon="9.179209">
        <ele>435</ele>
      </trkpt>
      <trkpt lat="42.411699" lon="9.179329">
        <ele>435</ele>
      </trkpt>
      <trkpt lat="42.411682" lon="9.179452">
        <ele>434.5</ele>
      </trkpt>
      <trkpt lat="42.411633" lon="9.179603">
        <ele>433.25</ele>
      </trkpt>
      <trkpt lat="42.411428" lon="9.179947">
        <ele>428.5</ele>
      </trkpt>
      <trkpt lat="42.411247" lon="9.180145">
        <ele>426.5</ele>
      </trkpt>
      <trkpt lat="42.410878" lon="9.180391">
        <ele>423.25</ele>
      </trkpt>
      <trkpt lat="42.410593" lon="9.180563">
        <ele>419.75</ele>
      </trkpt>
      <trkpt lat="42.410418" lon="9.180719">
        <ele>417.75</ele>
      </trkpt>
      <trkpt lat="42.409982" lon="9.181354">
        <ele>413.5</ele>
      </trkpt>
      <trkpt lat="42.409786" lon="9.181561">
        <ele>412.25</ele>
      </trkpt>
      <trkpt lat="42.409667" lon="9.181657">
        <ele>411.5</ele>
      </trkpt>
      <trkpt lat="42.409153" lon="9.181778">
        <ele>405.75</ele>
      </trkpt>
      <trkpt lat="42.409003" lon="9.181848">
        <ele>404.25</ele>
      </trkpt>
      <trkpt lat="42.40864" lon="9.182112">
        <ele>402.25</ele>
      </trkpt>
      <trkpt lat="42.408111" lon="9.18239">
        <ele>399</ele>
      </trkpt>
      <trkpt lat="42.40795" lon="9.182454">
        <ele>398.25</ele>
      </trkpt>
      <trkpt lat="42.407851" lon="9.182476">
        <ele>397.5</ele>
      </trkpt>
      <trkpt lat="42.407723" lon="9.182479">
        <ele>396</ele>
      </trkpt>
      <trkpt lat="42.406917" lon="9.182317">
        <ele>385.25</ele>
      </trkpt>
      <trkpt lat="42.406777" lon="9.18232">
        <ele>384.25</ele>
      </trkpt>
      <trkpt lat="42.406408" lon="9.182399">
        <ele>381.5</ele>
      </trkpt>
      <trkpt lat="42.40619" lon="9.182383">
        <ele>377.25</ele>
      </trkpt>
      <trkpt lat="42.406122" lon="9.1824">
        <ele>376.5</ele>
      </trkpt>
      <trkpt lat="42.406074" lon="9.182459">
        <ele>377.25</ele>
      </trkpt>
      <trkpt lat="42.406019" lon="9.182607">
        <ele>378.5</ele>
      </trkpt>
      <trkpt lat="42.405961" lon="9.182835">
        <ele>380</ele>
      </trkpt>
      <trkpt lat="42.405845" lon="9.183087">
        <ele>379.75</ele>
      </trkpt>
      <trkpt lat="42.405696" lon="9.183334">
        <ele>377</ele>
      </trkpt>
      <trkpt lat="42.405565" lon="9.183489">
        <ele>374.25</ele>
      </trkpt>
      <trkpt lat="42.405444" lon="9.183608">
        <ele>371.75</ele>
      </trkpt>
      <trkpt lat="42.405258" lon="9.183843">
        <ele>369.5</ele>
      </trkpt>
      <trkpt lat="42.40506" lon="9.184133">
        <ele>368.75</ele>
      </trkpt>
      <trkpt lat="42.4049" lon="9.184275">
        <ele>366.25</ele>
      </trkpt>
      <trkpt lat="42.404624" lon="9.184468">
        <ele>359.75</ele>
      </trkpt>
      <trkpt lat="42.404498" lon="9.18457">
        <ele>357</ele>
      </trkpt>
      <trkpt lat="42.404423" lon="9.184727">
        <ele>356.75</ele>
      </trkpt>
      <trkpt lat="42.404331" lon="9.185074">
        <ele>358</ele>
      </trkpt>
      <trkpt lat="42.404242" lon="9.185249">
        <ele>356.75</ele>
      </trkpt>
      <trkpt lat="42.403971" lon="9.185668">
        <ele>352.75</ele>
      </trkpt>
      <trkpt lat="42.403246" lon="9.187229">
        <ele>343.5</ele>
      </trkpt>
      <trkpt lat="42.403147" lon="9.1873">
        <ele>342.25</ele>
      </trkpt>
      <trkpt lat="42.40306" lon="9.187312">
        <ele>340.75</ele>
      </trkpt>
      <trkpt lat="42.402967" lon="9.187269">
        <ele>338.5</ele>
      </trkpt>
      <trkpt lat="42.402707" lon="9.187105">
        <ele>331.75</ele>
      </trkpt>
      <trkpt lat="42.40252" lon="9.187047">
        <ele>327.25</ele>
      </trkpt>
      <trkpt lat="42.402418" lon="9.187038">
        <ele>325.5</ele>
      </trkpt>
      <trkpt lat="42.40231" lon="9.187104">
        <ele>324.25</ele>
      </trkpt>
      <trkpt lat="42.402291" lon="9.187167">
        <ele>324.25</ele>
      </trkpt>
      <trkpt lat="42.402279" lon="9.187291">
        <ele>325.25</ele>
      </trkpt>
      <trkpt lat="42.402328" lon="9.187717">
        <ele>327.5</ele>
      </trkpt>
      <trkpt lat="42.402333" lon="9.188277">
        <ele>325.75</ele>
      </trkpt>
      <trkpt lat="42.402296" lon="9.188497">
        <ele>323.75</ele>
      </trkpt>
      <trkpt lat="42.4022" lon="9.188717">
        <ele>320.75</ele>
      </trkpt>
      <trkpt lat="42.402082" lon="9.188866">
        <ele>317.5</ele>
      </trkpt>
      <trkpt lat="42.401811" lon="9.189091">
        <ele>311.75</ele>
      </trkpt>
      <trkpt lat="42.401652" lon="9.189278">
        <ele>307.5</ele>
      </trkpt>
      <trkpt lat="42.4015" lon="9.189636">
        <ele>299.5</ele>
      </trkpt>
      <trkpt lat="42.401436" lon="9.189852">
        <ele>295.75</ele>
      </trkpt>
      <trkpt lat="42.401429" lon="9.189974">
        <ele>294.5</ele>
      </trkpt>
      <trkpt lat="42.401465" lon="9.190134">
        <ele>293.75</ele>
      </trkpt>
      <trkpt lat="42.401519" lon="9.190214">
        <ele>294.5</ele>
      </trkpt>
      <trkpt lat="42.401606" lon="9.190241">
        <ele>297</ele>
      </trkpt>
      <trkpt lat="42.401834" lon="9.1902">
        <ele>302</ele>
      </trkpt>
      <trkpt lat="42.401902" lon="9.19022">
        <ele>302.75</ele>
      </trkpt>
      <trkpt lat="42.401945" lon="9.190289">
        <ele>302.5</ele>
      </trkpt>
      <trkpt lat="42.401968" lon="9.190416">
        <ele>301.25</ele>
      </trkpt>
      <trkpt lat="42.401944" lon="9.19061">
        <ele>298.5</ele>
      </trkpt>
      <trkpt lat="42.401928" lon="9.19069">
        <ele>297</ele>
      </trkpt>
      <trkpt lat="42.401847" lon="9.190891">
        <ele>293</ele>
      </trkpt>
      <trkpt lat="42.401575" lon="9.191453">
        <ele>282</ele>
      </trkpt>
      <trkpt lat="42.401556" lon="9.191599">
        <ele>280.25</ele>
      </trkpt>
      <trkpt lat="42.401584" lon="9.191729">
        <ele>279.5</ele>
      </trkpt>
      <trkpt lat="42.401659" lon="9.191866">
        <ele>279</ele>
      </trkpt>
      <trkpt lat="42.401917" lon="9.19205">
        <ele>279.25</ele>
      </trkpt>
      <trkpt lat="42.401984" lon="9.192105">
        <ele>279</ele>
      </trkpt>
      <trkpt lat="42.40205" lon="9.192196">
        <ele>277.75</ele>
      </trkpt>
      <trkpt lat="42.402169" lon="9.1923">
        <ele>276.5</ele>
      </trkpt>
      <trkpt lat="42.402574" lon="9.192458">
        <ele>274.75</ele>
      </trkpt>
      <trkpt lat="42.403218" lon="9.192684">
        <ele>269.5</ele>
      </trkpt>
      <trkpt lat="42.403274" lon="9.192739">
        <ele>269</ele>
      </trkpt>
      <trkpt lat="42.403299" lon="9.192807">
        <ele>268.25</ele>
      </trkpt>
      <trkpt lat="42.403296" lon="9.192893">
        <ele>267.75</ele>
      </trkpt>
      <trkpt lat="42.40324" lon="9.193126">
        <ele>265.5</ele>
      </trkpt>
      <trkpt lat="42.40303" lon="9.193065">
        <ele>266.25</ele>
      </trkpt>
      <trkpt lat="42.401991" lon="9.192823">
        <ele>268.5</ele>
      </trkpt>
      <trkpt lat="42.40177" lon="9.19275">
        <ele>268.75</ele>
      </trkpt>
      <trkpt lat="42.401562" lon="9.192647">
        <ele>268.25</ele>
      </trkpt>
      <trkpt lat="42.401344" lon="9.192484">
        <ele>267.75</ele>
      </trkpt>
      <trkpt lat="42.401145" lon="9.192203">
        <ele>268.25</ele>
      </trkpt>
      <trkpt lat="42.401037" lon="9.191903">
        <ele>268.5</ele>
      </trkpt>
      <trkpt lat="42.400938" lon="9.19135">
        <ele>269</ele>
      </trkpt>
      <trkpt lat="42.400893" lon="9.191171">
        <ele>268.5</ele>
      </trkpt>
      <trkpt lat="42.40082" lon="9.191023">
        <ele>267.5</ele>
      </trkpt>
      <trkpt lat="42.400761" lon="9.190971">
        <ele>267.5</ele>
      </trkpt>
      <trkpt lat="42.40073" lon="9.190944">
        <ele>267.5</ele>
      </trkpt>
      <trkpt lat="42.400223" lon="9.191009">
        <ele>266.75</ele>
      </trkpt>
      <trkpt lat="42.399956" lon="9.191051">
        <ele>266.5</ele>
      </trkpt>
      <trkpt lat="42.399757" lon="9.191112">
        <ele>267</ele>
      </trkpt>
      <trkpt lat="42.399455" lon="9.191282">
        <ele>267.75</ele>
      </trkpt>
      <trkpt lat="42.39854" lon="9.191794">
        <ele>270.25</ele>
      </trkpt>
      <trkpt lat="42.398208" lon="9.191979">
        <ele>271.5</ele>
      </trkpt>
      <trkpt lat="42.397836" lon="9.192186">
        <ele>273</ele>
      </trkpt>
      <trkpt lat="42.398027" lon="9.192762">
        <ele>272.75</ele>
      </trkpt>
      <trkpt lat="42.398079" lon="9.192865">
        <ele>272.75</ele>
      </trkpt>
      <trkpt lat="42.398189" lon="9.192948">
        <ele>272.5</ele>
      </trkpt>
      <trkpt lat="42.398311" lon="9.193012">
        <ele>272.25</ele>
      </trkpt>
      <trkpt lat="42.398541" lon="9.193074">
        <ele>271.25</ele>
      </trkpt>
      <trkpt lat="42.398665" lon="9.193151">
        <ele>271</ele>
      </trkpt>
      <trkpt lat="42.398754" lon="9.193267">
        <ele>270.75</ele>
      </trkpt>
      <trkpt lat="42.398869" lon="9.193488">
        <ele>271</ele>
      </trkpt>
      <trkpt lat="42.398988" lon="9.193573">
        <ele>270.75</ele>
      </trkpt>
      <trkpt lat="42.399194" lon="9.193666">
        <ele>269.75</ele>
      </trkpt>
      <trkpt lat="42.399442" lon="9.193708">
        <ele>268</ele>
      </trkpt>
      <trkpt lat="42.399671" lon="9.193704">
        <ele>266</ele>
      </trkpt>
      <trkpt lat="42.399798" lon="9.19374">
        <ele>265</ele>
      </trkpt>
      <trkpt lat="42.399936" lon="9.193872">
        <ele>263.75</ele>
      </trkpt>
      <trkpt lat="42.399993" lon="9.194">
        <ele>263.25</ele>
      </trkpt>
      <trkpt lat="42.400006" lon="9.194211">
        <ele>263.25</ele>
      </trkpt>
      <trkpt lat="42.400044" lon="9.194369">
        <ele>264.25</ele>
      </trkpt>
      <trkpt lat="42.400182" lon="9.194669">
        <ele>265.5</ele>
      </trkpt>
      <trkpt lat="42.400301" lon="9.194812">
        <ele>265.25</ele>
      </trkpt>
      <trkpt lat="42.400667" lon="9.195107">
        <ele>264.25</ele>
      </trkpt>
      <trkpt lat="42.400824" lon="9.195287">
        <ele>266.25</ele>
      </trkpt>
      <trkpt lat="42.401119" lon="9.195529">
        <ele>268</ele>
      </trkpt>
      <trkpt lat="42.402048" lon="9.196162">
        <ele>268</ele>
      </trkpt>
      <trkpt lat="42.402568" lon="9.196557">
        <ele>265.25</ele>
      </trkpt>
      <trkpt lat="42.402859" lon="9.196648">
        <ele>262.5</ele>
      </trkpt>
      <trkpt lat="42.403143" lon="9.196826">
        <ele>262.25</ele>
      </trkpt>
      <trkpt lat="42.40329" lon="9.19706">
        <ele>264.75</ele>
      </trkpt>
      <trkpt lat="42.403348" lon="9.197185">
        <ele>266.25</ele>
      </trkpt>
      <trkpt lat="42.4034" lon="9.197265">
        <ele>267.5</ele>
      </trkpt>
      <trkpt lat="42.403552" lon="9.197331">
        <ele>267</ele>
      </trkpt>
      <trkpt lat="42.404073" lon="9.197445">
        <ele>262.5</ele>
      </trkpt>
      <trkpt lat="42.4042" lon="9.1975">
        <ele>261.75</ele>
      </trkpt>
      <trkpt lat="42.4046" lon="9.197893">
        <ele>270</ele>
      </trkpt>
      <trkpt lat="42.404855" lon="9.198076">
        <ele>271.5</ele>
      </trkpt>
      <trkpt lat="42.405186" lon="9.198207">
        <ele>270.25</ele>
      </trkpt>
      <trkpt lat="42.405263" lon="9.198262">
        <ele>270.5</ele>
      </trkpt>
      <trkpt lat="42.405313" lon="9.198312">
        <ele>270.75</ele>
      </trkpt>
      <trkpt lat="42.405322" lon="9.198383">
        <ele>272</ele>
      </trkpt>
      <trkpt lat="42.405295" lon="9.198504">
        <ele>274.5</ele>
      </trkpt>
      <trkpt lat="42.40522" lon="9.19866">
        <ele>278.25</ele>
      </trkpt>
      <trkpt lat="42.405213" lon="9.198727">
        <ele>279.5</ele>
      </trkpt>
      <trkpt lat="42.405234" lon="9.198783">
        <ele>280.5</ele>
      </trkpt>
      <trkpt lat="42.405303" lon="9.198817">
        <ele>280.5</ele>
      </trkpt>
      <trkpt lat="42.405363" lon="9.198809">
        <ele>279.75</ele>
      </trkpt>
      <trkpt lat="42.405438" lon="9.198785">
        <ele>278.75</ele>
      </trkpt>
      <trkpt lat="42.405564" lon="9.198735">
        <ele>276.5</ele>
      </trkpt>
      <trkpt lat="42.405636" lon="9.198717">
        <ele>275.5</ele>
      </trkpt>
      <trkpt lat="42.405763" lon="9.198717">
        <ele>274.25</ele>
      </trkpt>
      <trkpt lat="42.405912" lon="9.198795">
        <ele>274.5</ele>
      </trkpt>
      <trkpt lat="42.405979" lon="9.198868">
        <ele>275.25</ele>
      </trkpt>
      <trkpt lat="42.406155" lon="9.199326">
        <ele>282</ele>
      </trkpt>
      <trkpt lat="42.406271" lon="9.199529">
        <ele>284.25</ele>
      </trkpt>
      <trkpt lat="42.406632" lon="9.200093">
        <ele>286.5</ele>
      </trkpt>
      <trkpt lat="42.406797" lon="9.200439">
        <ele>288.5</ele>
      </trkpt>
      <trkpt lat="42.406902" lon="9.200739">
        <ele>290</ele>
      </trkpt>
      <trkpt lat="42.406935" lon="9.201007">
        <ele>291.75</ele>
      </trkpt>
      <trkpt lat="42.407003" lon="9.202358">
        <ele>296.75</ele>
      </trkpt>
      <trkpt lat="42.406975" lon="9.202647">
        <ele>297.5</ele>
      </trkpt>
      <trkpt lat="42.406896" lon="9.203003">
        <ele>298.25</ele>
      </trkpt>
      <trkpt lat="42.406803" lon="9.203246">
        <ele>299</ele>
      </trkpt>
      <trkpt lat="42.406378" lon="9.204475">
        <ele>306.5</ele>
      </trkpt>
      <trkpt lat="42.406153" lon="9.205045">
        <ele>310</ele>
      </trkpt>
      <trkpt lat="42.405976" lon="9.205405">
        <ele>311</ele>
      </trkpt>
      <trkpt lat="42.405124" lon="9.206708">
        <ele>321</ele>
      </trkpt>
      <trkpt lat="42.404836" lon="9.207114">
        <ele>326</ele>
      </trkpt>
      <trkpt lat="42.404527" lon="9.207407">
        <ele>329.5</ele>
      </trkpt>
      <trkpt lat="42.404213" lon="9.207648">
        <ele>332.5</ele>
      </trkpt>
      <trkpt lat="42.404099" lon="9.207836">
        <ele>334</ele>
      </trkpt>
      <trkpt lat="42.404079" lon="9.207919">
        <ele>334.25</ele>
      </trkpt>
      <trkpt lat="42.404081" lon="9.208021">
        <ele>333.5</ele>
      </trkpt>
      <trkpt lat="42.404091" lon="9.208112">
        <ele>332.5</ele>
      </trkpt>
      <trkpt lat="42.40414" lon="9.208197">
        <ele>331</ele>
      </trkpt>
      <trkpt lat="42.404234" lon="9.208288">
        <ele>330</ele>
      </trkpt>
      <trkpt lat="42.404365" lon="9.208319">
        <ele>329.75</ele>
      </trkpt>
      <trkpt lat="42.404666" lon="9.208301">
        <ele>329.25</ele>
      </trkpt>
      <trkpt lat="42.404826" lon="9.208269">
        <ele>328.75</ele>
      </trkpt>
      <trkpt lat="42.405048" lon="9.208328">
        <ele>328.75</ele>
      </trkpt>
      <trkpt lat="42.406059" lon="9.208879">
        <ele>333.5</ele>
      </trkpt>
      <trkpt lat="42.406204" lon="9.208969">
        <ele>331.75</ele>
      </trkpt>
      <trkpt lat="42.406301" lon="9.209062">
        <ele>330.75</ele>
      </trkpt>
      <trkpt lat="42.406342" lon="9.209173">
        <ele>330.75</ele>
      </trkpt>
      <trkpt lat="42.406366" lon="9.209337">
        <ele>330.75</ele>
      </trkpt>
      <trkpt lat="42.406356" lon="9.209492">
        <ele>331.5</ele>
      </trkpt>
      <trkpt lat="42.406314" lon="9.209662">
        <ele>333.5</ele>
      </trkpt>
      <trkpt lat="42.40631" lon="9.209746">
        <ele>334</ele>
      </trkpt>
      <trkpt lat="42.406328" lon="9.210041">
        <ele>334.25</ele>
      </trkpt>
      <trkpt lat="42.406283" lon="9.210375">
        <ele>335.75</ele>
      </trkpt>
      <trkpt lat="42.40627" lon="9.210686">
        <ele>335.75</ele>
      </trkpt>
      <trkpt lat="42.406314" lon="9.211194">
        <ele>334.75</ele>
      </trkpt>
      <trkpt lat="42.40641" lon="9.211537">
        <ele>331.75</ele>
      </trkpt>
      <trkpt lat="42.406454" lon="9.211768">
        <ele>331.5</ele>
      </trkpt>
      <trkpt lat="42.406617" lon="9.212349">
        <ele>331.25</ele>
      </trkpt>
      <trkpt lat="42.406709" lon="9.212508">
        <ele>331.25</ele>
      </trkpt>
      <trkpt lat="42.406868" lon="9.212632">
        <ele>333.75</ele>
      </trkpt>
      <trkpt lat="42.406988" lon="9.212683">
        <ele>335.5</ele>
      </trkpt>
      <trkpt lat="42.407065" lon="9.212689">
        <ele>336.25</ele>
      </trkpt>
      <trkpt lat="42.407096" lon="9.212668">
        <ele>336.25</ele>
      </trkpt>
      <trkpt lat="42.407348" lon="9.212219">
        <ele>332.75</ele>
      </trkpt>
      <trkpt lat="42.407499" lon="9.212079">
        <ele>331.75</ele>
      </trkpt>
      <trkpt lat="42.407644" lon="9.212039">
        <ele>334.5</ele>
      </trkpt>
      <trkpt lat="42.407776" lon="9.21197">
        <ele>336.5</ele>
      </trkpt>
      <trkpt lat="42.407882" lon="9.211882">
        <ele>337.5</ele>
      </trkpt>
      <trkpt lat="42.408055" lon="9.211765">
        <ele>339.5</ele>
      </trkpt>
      <trkpt lat="42.408441" lon="9.211486">
        <ele>344</ele>
      </trkpt>
      <trkpt lat="42.408725" lon="9.211204">
        <ele>346.75</ele>
      </trkpt>
      <trkpt lat="42.408931" lon="9.210968">
        <ele>347.25</ele>
      </trkpt>
      <trkpt lat="42.409088" lon="9.210851">
        <ele>348.5</ele>
      </trkpt>
      <trkpt lat="42.409376" lon="9.210756">
        <ele>352.75</ele>
      </trkpt>
      <trkpt lat="42.409598" lon="9.210663">
        <ele>355.5</ele>
      </trkpt>
      <trkpt lat="42.409952" lon="9.210368">
        <ele>357.25</ele>
      </trkpt>
      <trkpt lat="42.410082" lon="9.210325">
        <ele>359.25</ele>
      </trkpt>
      <trkpt lat="42.410185" lon="9.210328">
        <ele>361.25</ele>
      </trkpt>
      <trkpt lat="42.410277" lon="9.210357">
        <ele>363.75</ele>
      </trkpt>
      <trkpt lat="42.410448" lon="9.210442">
        <ele>368.75</ele>
      </trkpt>
      <trkpt lat="42.410502" lon="9.21044">
        <ele>369.75</ele>
      </trkpt>
      <trkpt lat="42.410552" lon="9.2104">
        <ele>370</ele>
      </trkpt>
      <trkpt lat="42.410639" lon="9.210235">
        <ele>368.75</ele>
      </trkpt>
      <trkpt lat="42.410762" lon="9.210117">
        <ele>369.25</ele>
      </trkpt>
      <trkpt lat="42.410863" lon="9.210009">
        <ele>369.75</ele>
      </trkpt>
      <trkpt lat="42.410956" lon="9.209834">
        <ele>367.75</ele>
      </trkpt>
      <trkpt lat="42.411034" lon="9.209746">
        <ele>367.5</ele>
      </trkpt>
      <trkpt lat="42.41127" lon="9.2096">
        <ele>368.5</ele>
      </trkpt>
      <trkpt lat="42.411461" lon="9.209534">
        <ele>370.25</ele>
      </trkpt>
      <trkpt lat="42.412153" lon="9.209434">
        <ele>374</ele>
      </trkpt>
      <trkpt lat="42.412282" lon="9.209428">
        <ele>374.75</ele>
      </trkpt>
      <trkpt lat="42.412522" lon="9.209472">
        <ele>377.25</ele>
      </trkpt>
      <trkpt lat="42.412742" lon="9.209551">
        <ele>379.75</ele>
      </trkpt>
      <trkpt lat="42.412905" lon="9.209565">
        <ele>380.25</ele>
      </trkpt>
      <trkpt lat="42.413378" lon="9.209738">
        <ele>385.25</ele>
      </trkpt>
      <trkpt lat="42.413522" lon="9.209823">
        <ele>386.75</ele>
      </trkpt>
      <trkpt lat="42.413831" lon="9.21005">
        <ele>390.25</ele>
      </trkpt>
      <trkpt lat="42.414128" lon="9.210196">
        <ele>392.25</ele>
      </trkpt>
      <trkpt lat="42.414279" lon="9.210254">
        <ele>394.25</ele>
      </trkpt>
      <trkpt lat="42.414739" lon="9.210297">
        <ele>397.75</ele>
      </trkpt>
      <trkpt lat="42.414878" lon="9.210288">
        <ele>398.25</ele>
      </trkpt>
      <trkpt lat="42.415059" lon="9.210207">
        <ele>398</ele>
      </trkpt>
      <trkpt lat="42.415337" lon="9.209989">
        <ele>396</ele>
      </trkpt>
      <trkpt lat="42.415429" lon="9.209944">
        <ele>395.75</ele>
      </trkpt>
      <trkpt lat="42.415486" lon="9.209968">
        <ele>396.25</ele>
      </trkpt>
      <trkpt lat="42.415526" lon="9.210051">
        <ele>397.25</ele>
      </trkpt>
      <trkpt lat="42.415563" lon="9.210206">
        <ele>398.5</ele>
      </trkpt>
      <trkpt lat="42.415614" lon="9.210476">
        <ele>400.5</ele>
      </trkpt>
      <trkpt lat="42.415758" lon="9.210958">
        <ele>403</ele>
      </trkpt>
      <trkpt lat="42.415762" lon="9.211076">
        <ele>403.75</ele>
      </trkpt>
      <trkpt lat="42.415722" lon="9.211237">
        <ele>405.25</ele>
      </trkpt>
      <trkpt lat="42.415577" lon="9.211569">
        <ele>410.5</ele>
      </trkpt>
      <trkpt lat="42.415494" lon="9.211888">
        <ele>414.5</ele>
      </trkpt>
      <trkpt lat="42.4154" lon="9.212317">
        <ele>419.25</ele>
      </trkpt>
      <trkpt lat="42.414962" lon="9.213069">
        <ele>430.25</ele>
      </trkpt>
      <trkpt lat="42.414897" lon="9.213242">
        <ele>431.25</ele>
      </trkpt>
      <trkpt lat="42.414882" lon="9.213412">
        <ele>431.75</ele>
      </trkpt>
      <trkpt lat="42.414886" lon="9.213693">
        <ele>432.5</ele>
      </trkpt>
      <trkpt lat="42.414866" lon="9.213817">
        <ele>433.25</ele>
      </trkpt>
      <trkpt lat="42.414827" lon="9.213908">
        <ele>434.25</ele>
      </trkpt>
      <trkpt lat="42.414775" lon="9.213978">
        <ele>435.5</ele>
      </trkpt>
      <trkpt lat="42.414762" lon="9.214047">
        <ele>435.75</ele>
      </trkpt>
      <trkpt lat="42.414775" lon="9.214102">
        <ele>435.5</ele>
      </trkpt>
      <trkpt lat="42.414846" lon="9.214171">
        <ele>434.5</ele>
      </trkpt>
      <trkpt lat="42.415221" lon="9.214289">
        <ele>432.5</ele>
      </trkpt>
      <trkpt lat="42.415472" lon="9.214414">
        <ele>431.75</ele>
      </trkpt>
      <trkpt lat="42.415557" lon="9.214528">
        <ele>431.5</ele>
      </trkpt>
      <trkpt lat="42.415573" lon="9.214692">
        <ele>432.25</ele>
      </trkpt>
      <trkpt lat="42.415554" lon="9.214806">
        <ele>433.25</ele>
      </trkpt>
      <trkpt lat="42.415513" lon="9.214839">
        <ele>434.5</ele>
      </trkpt>
      <trkpt lat="42.415469" lon="9.214853">
        <ele>435.5</ele>
      </trkpt>
      <trkpt lat="42.415314" lon="9.214784">
        <ele>437.75</ele>
      </trkpt>
      <trkpt lat="42.415276" lon="9.214789">
        <ele>438.5</ele>
      </trkpt>
      <trkpt lat="42.415237" lon="9.21482">
        <ele>439.75</ele>
      </trkpt>
      <trkpt lat="42.415217" lon="9.21489">
        <ele>441</ele>
      </trkpt>
      <trkpt lat="42.415219" lon="9.214968">
        <ele>442.25</ele>
      </trkpt>
      <trkpt lat="42.415255" lon="9.215116">
        <ele>441.25</ele>
      </trkpt>
      <trkpt lat="42.415263" lon="9.215192">
        <ele>440.75</ele>
      </trkpt>
      <trkpt lat="42.415252" lon="9.215278">
        <ele>440.75</ele>
      </trkpt>
      <trkpt lat="42.415216" lon="9.215388">
        <ele>441.25</ele>
      </trkpt>
      <trkpt lat="42.414896" lon="9.215869">
        <ele>448.25</ele>
      </trkpt>
      <trkpt lat="42.414443" lon="9.216718">
        <ele>459.25</ele>
      </trkpt>
      <trkpt lat="42.414405" lon="9.216867">
        <ele>462.5</ele>
      </trkpt>
      <trkpt lat="42.414403" lon="9.216981">
        <ele>464.25</ele>
      </trkpt>
      <trkpt lat="42.414437" lon="9.217154">
        <ele>466</ele>
      </trkpt>
      <trkpt lat="42.414485" lon="9.217292">
        <ele>467.25</ele>
      </trkpt>
      <trkpt lat="42.414578" lon="9.217418">
        <ele>468</ele>
      </trkpt>
      <trkpt lat="42.414782" lon="9.217543">
        <ele>467.75</ele>
      </trkpt>
      <trkpt lat="42.414857" lon="9.217536">
        <ele>466.75</ele>
      </trkpt>
      <trkpt lat="42.415116" lon="9.217417">
        <ele>461</ele>
      </trkpt>
      <trkpt lat="42.415221" lon="9.217401">
        <ele>460</ele>
      </trkpt>
      <trkpt lat="42.415404" lon="9.217441">
        <ele>460.25</ele>
      </trkpt>
      <trkpt lat="42.415536" lon="9.217497">
        <ele>461.25</ele>
      </trkpt>
      <trkpt lat="42.41561" lon="9.217547">
        <ele>462.25</ele>
      </trkpt>
      <trkpt lat="42.415655" lon="9.217634">
        <ele>464.25</ele>
      </trkpt>
      <trkpt lat="42.41569" lon="9.2178">
        <ele>468.5</ele>
      </trkpt>
      <trkpt lat="42.415716" lon="9.217882">
        <ele>470.5</ele>
      </trkpt>
      <trkpt lat="42.415761" lon="9.217954">
        <ele>472.25</ele>
      </trkpt>
      <trkpt lat="42.416243" lon="9.218197">
        <ele>474</ele>
      </trkpt>
      <trkpt lat="42.416769" lon="9.21859">
        <ele>480.75</ele>
      </trkpt>
      <trkpt lat="42.416882" lon="9.218607">
        <ele>481</ele>
      </trkpt>
      <trkpt lat="42.416994" lon="9.21861">
        <ele>480.75</ele>
      </trkpt>
      <trkpt lat="42.417146" lon="9.218645">
        <ele>481.5</ele>
      </trkpt>
      <trkpt lat="42.41761" lon="9.218699">
        <ele>481.5</ele>
      </trkpt>
      <trkpt lat="42.417875" lon="9.218634">
        <ele>479.75</ele>
      </trkpt>
      <trkpt lat="42.417909" lon="9.218657">
        <ele>480</ele>
      </trkpt>
      <trkpt lat="42.417923" lon="9.218692">
        <ele>480.5</ele>
      </trkpt>
      <trkpt lat="42.417904" lon="9.218752">
        <ele>481.5</ele>
      </trkpt>
      <trkpt lat="42.417393" lon="9.21906">
        <ele>490.25</ele>
      </trkpt>
      <trkpt lat="42.417295" lon="9.219149">
        <ele>492.75</ele>
      </trkpt>
      <trkpt lat="42.417049" lon="9.219284">
        <ele>497</ele>
      </trkpt>
      <trkpt lat="42.416946" lon="9.219388">
        <ele>500</ele>
      </trkpt>
      <trkpt lat="42.416873" lon="9.219426">
        <ele>501.5</ele>
      </trkpt>
      <trkpt lat="42.416769" lon="9.219423">
        <ele>502.25</ele>
      </trkpt>
      <trkpt lat="42.416138" lon="9.219195">
        <ele>503.25</ele>
      </trkpt>
      <trkpt lat="42.415936" lon="9.219134">
        <ele>503.75</ele>
      </trkpt>
      <trkpt lat="42.415606" lon="9.219181">
        <ele>506.25</ele>
      </trkpt>
      <trkpt lat="42.414973" lon="9.21944">
        <ele>513.75</ele>
      </trkpt>
      <trkpt lat="42.414574" lon="9.219656">
        <ele>519.5</ele>
      </trkpt>
      <trkpt lat="42.414417" lon="9.219723">
        <ele>521.25</ele>
      </trkpt>
      <trkpt lat="42.414108" lon="9.219792">
        <ele>523</ele>
      </trkpt>
      <trkpt lat="42.413783" lon="9.219806">
        <ele>525.75</ele>
      </trkpt>
      <trkpt lat="42.41365" lon="9.2198">
        <ele>526.5</ele>
      </trkpt>
      <trkpt lat="42.413588" lon="9.219825">
        <ele>527.5</ele>
      </trkpt>
      <trkpt lat="42.413542" lon="9.219881">
        <ele>529</ele>
      </trkpt>
      <trkpt lat="42.413501" lon="9.220053">
        <ele>533.25</ele>
      </trkpt>
      <trkpt lat="42.413473" lon="9.220085">
        <ele>534.5</ele>
      </trkpt>
      <trkpt lat="42.413434" lon="9.220099">
        <ele>535</ele>
      </trkpt>
      <trkpt lat="42.413398" lon="9.220085">
        <ele>534.75</ele>
      </trkpt>
      <trkpt lat="42.413304" lon="9.219997">
        <ele>533</ele>
      </trkpt>
      <trkpt lat="42.413192" lon="9.219927">
        <ele>532</ele>
      </trkpt>
      <trkpt lat="42.4131" lon="9.219938">
        <ele>532.5</ele>
      </trkpt>
      <trkpt lat="42.412782" lon="9.220085">
        <ele>537</ele>
      </trkpt>
      <trkpt lat="42.412437" lon="9.220171">
        <ele>541.5</ele>
      </trkpt>
      <trkpt lat="42.412222" lon="9.220269">
        <ele>548.75</ele>
      </trkpt>
      <trkpt lat="42.412126" lon="9.220364">
        <ele>553</ele>
      </trkpt>
      <trkpt lat="42.412055" lon="9.22041">
        <ele>555.5</ele>
      </trkpt>
      <trkpt lat="42.411975" lon="9.220392">
        <ele>557</ele>
      </trkpt>
      <trkpt lat="42.411918" lon="9.220303">
        <ele>556.25</ele>
      </trkpt>
      <trkpt lat="42.411439" lon="9.219633">
        <ele>556</ele>
      </trkpt>
      <trkpt lat="42.411187" lon="9.219215">
        <ele>555</ele>
      </trkpt>
      <trkpt lat="42.410993" lon="9.218798">
        <ele>555</ele>
      </trkpt>
      <trkpt lat="42.41094" lon="9.218597">
        <ele>554.25</ele>
      </trkpt>
      <trkpt lat="42.410876" lon="9.218512">
        <ele>554.75</ele>
      </trkpt>
      <trkpt lat="42.41083" lon="9.218513">
        <ele>555.5</ele>
      </trkpt>
      <trkpt lat="42.410791" lon="9.218553">
        <ele>554.75</ele>
      </trkpt>
      <trkpt lat="42.410771" lon="9.218637">
        <ele>555</ele>
      </trkpt>
      <trkpt lat="42.410785" lon="9.218753">
        <ele>556.5</ele>
      </trkpt>
      <trkpt lat="42.410859" lon="9.218907">
        <ele>558.75</ele>
      </trkpt>
      <trkpt lat="42.410906" lon="9.219102">
        <ele>559.75</ele>
      </trkpt>
      <trkpt lat="42.411008" lon="9.21959">
        <ele>565.5</ele>
      </trkpt>
      <trkpt lat="42.41108" lon="9.219988">
        <ele>570.5</ele>
      </trkpt>
      <trkpt lat="42.411192" lon="9.220497">
        <ele>577.25</ele>
      </trkpt>
      <trkpt lat="42.411387" lon="9.221168">
        <ele>584.75</ele>
      </trkpt>
      <trkpt lat="42.41153" lon="9.221752">
        <ele>591</ele>
      </trkpt>
      <trkpt lat="42.411629" lon="9.222023">
        <ele>593.75</ele>
      </trkpt>
      <trkpt lat="42.41168" lon="9.222129">
        <ele>594.5</ele>
      </trkpt>
      <trkpt lat="42.411737" lon="9.222181">
        <ele>595</ele>
      </trkpt>
      <trkpt lat="42.411816" lon="9.222205">
        <ele>594.5</ele>
      </trkpt>
      <trkpt lat="42.411909" lon="9.222219">
        <ele>593.75</ele>
      </trkpt>
      <trkpt lat="42.411989" lon="9.222221">
        <ele>592.75</ele>
      </trkpt>
      <trkpt lat="42.412039" lon="9.222251">
        <ele>592.75</ele>
      </trkpt>
      <trkpt lat="42.412049" lon="9.222309">
        <ele>593.75</ele>
      </trkpt>
      <trkpt lat="42.412021" lon="9.222358">
        <ele>595</ele>
      </trkpt>
      <trkpt lat="42.411938" lon="9.222368">
        <ele>596.25</ele>
      </trkpt>
      <trkpt lat="42.411765" lon="9.222362">
        <ele>598</ele>
      </trkpt>
      <trkpt lat="42.411667" lon="9.222403">
        <ele>600</ele>
      </trkpt>
      <trkpt lat="42.411612" lon="9.222418">
        <ele>601.75</ele>
      </trkpt>
      <trkpt lat="42.411543" lon="9.222411">
        <ele>603.5</ele>
      </trkpt>
      <trkpt lat="42.411494" lon="9.222391">
        <ele>604.5</ele>
      </trkpt>
      <trkpt lat="42.411395" lon="9.222247">
        <ele>604.25</ele>
      </trkpt>
      <trkpt lat="42.41112" lon="9.221765">
        <ele>601.75</ele>
      </trkpt>
      <trkpt lat="42.411046" lon="9.221668">
        <ele>601.5</ele>
      </trkpt>
      <trkpt lat="42.410917" lon="9.221464">
        <ele>601.25</ele>
      </trkpt>
      <trkpt lat="42.410803" lon="9.221341">
        <ele>600.75</ele>
      </trkpt>
      <trkpt lat="42.410697" lon="9.221274">
        <ele>598.75</ele>
      </trkpt>
      <trkpt lat="42.410465" lon="9.221219">
        <ele>595.5</ele>
      </trkpt>
      <trkpt lat="42.410417" lon="9.22124">
        <ele>595.75</ele>
      </trkpt>
      <trkpt lat="42.410399" lon="9.22128">
        <ele>596.5</ele>
      </trkpt>
      <trkpt lat="42.410409" lon="9.221319">
        <ele>597.5</ele>
      </trkpt>
      <trkpt lat="42.410432" lon="9.221347">
        <ele>598.25</ele>
      </trkpt>
      <trkpt lat="42.410476" lon="9.221372">
        <ele>599</ele>
      </trkpt>
      <trkpt lat="42.410591" lon="9.221393">
        <ele>600.25</ele>
      </trkpt>
      <trkpt lat="42.410663" lon="9.221452">
        <ele>602</ele>
      </trkpt>
      <trkpt lat="42.410707" lon="9.221506">
        <ele>603.25</ele>
      </trkpt>
      <trkpt lat="42.410762" lon="9.221613">
        <ele>605.5</ele>
      </trkpt>
      <trkpt lat="42.410849" lon="9.221818">
        <ele>609.75</ele>
      </trkpt>
      <trkpt lat="42.411069" lon="9.222411">
        <ele>616.5</ele>
      </trkpt>
      <trkpt lat="42.411208" lon="9.222965">
        <ele>622.5</ele>
      </trkpt>
      <trkpt lat="42.41126" lon="9.223087">
        <ele>623.25</ele>
      </trkpt>
      <trkpt lat="42.411379" lon="9.223214">
        <ele>622.75</ele>
      </trkpt>
      <trkpt lat="42.411389" lon="9.223259">
        <ele>623.25</ele>
      </trkpt>
      <trkpt lat="42.411381" lon="9.223328">
        <ele>624.75</ele>
      </trkpt>
      <trkpt lat="42.411358" lon="9.223341">
        <ele>625.5</ele>
      </trkpt>
      <trkpt lat="42.411313" lon="9.223321">
        <ele>626.25</ele>
      </trkpt>
      <trkpt lat="42.41126" lon="9.223261">
        <ele>626.5</ele>
      </trkpt>
      <trkpt lat="42.411165" lon="9.223115">
        <ele>626.25</ele>
      </trkpt>
      <trkpt lat="42.411035" lon="9.222851">
        <ele>625</ele>
      </trkpt>
      <trkpt lat="42.410871" lon="9.22258">
        <ele>625</ele>
      </trkpt>
      <trkpt lat="42.410715" lon="9.222399">
        <ele>623</ele>
      </trkpt>
      <trkpt lat="42.41061" lon="9.222155">
        <ele>617.5</ele>
      </trkpt>
      <trkpt lat="42.410571" lon="9.222108">
        <ele>616.5</ele>
      </trkpt>
      <trkpt lat="42.410519" lon="9.222105">
        <ele>616.5</ele>
      </trkpt>
      <trkpt lat="42.410493" lon="9.222153">
        <ele>617.5</ele>
      </trkpt>
      <trkpt lat="42.410491" lon="9.222226">
        <ele>619.25</ele>
      </trkpt>
      <trkpt lat="42.410606" lon="9.222466">
        <ele>625</ele>
      </trkpt>
      <trkpt lat="42.410919" lon="9.223414">
        <ele>637.25</ele>
      </trkpt>
      <trkpt lat="42.410962" lon="9.223649">
        <ele>640.5</ele>
      </trkpt>
      <trkpt lat="42.41101" lon="9.223812">
        <ele>642.5</ele>
      </trkpt>
      <trkpt lat="42.411118" lon="9.224103">
        <ele>645.75</ele>
      </trkpt>
      <trkpt lat="42.411099" lon="9.224178">
        <ele>647.75</ele>
      </trkpt>
      <trkpt lat="42.411064" lon="9.224202">
        <ele>648.75</ele>
      </trkpt>
      <trkpt lat="42.411024" lon="9.22418">
        <ele>649</ele>
      </trkpt>
      <trkpt lat="42.41063" lon="9.223481">
        <ele>641.5</ele>
      </trkpt>
      <trkpt lat="42.41041" lon="9.223158">
        <ele>637</ele>
      </trkpt>
      <trkpt lat="42.410352" lon="9.223103">
        <ele>636.5</ele>
      </trkpt>
      <trkpt lat="42.410308" lon="9.223093">
        <ele>636.5</ele>
      </trkpt>
      <trkpt lat="42.410278" lon="9.223117">
        <ele>637</ele>
      </trkpt>
      <trkpt lat="42.41027" lon="9.223197">
        <ele>638.25</ele>
      </trkpt>
      <trkpt lat="42.4103" lon="9.223279">
        <ele>639.5</ele>
      </trkpt>
      <trkpt lat="42.410412" lon="9.223423">
        <ele>641.75</ele>
      </trkpt>
      <trkpt lat="42.410469" lon="9.223548">
        <ele>643.75</ele>
      </trkpt>
      <trkpt lat="42.410511" lon="9.223743">
        <ele>647.25</ele>
      </trkpt>
      <trkpt lat="42.410662" lon="9.224743">
        <ele>662.25</ele>
      </trkpt>
      <trkpt lat="42.410756" lon="9.225219">
        <ele>668.75</ele>
      </trkpt>
      <trkpt lat="42.410794" lon="9.225347">
        <ele>670.75</ele>
      </trkpt>
      <trkpt lat="42.410859" lon="9.225407">
        <ele>671.75</ele>
      </trkpt>
      <trkpt lat="42.411084" lon="9.225557">
        <ele>674.25</ele>
      </trkpt>
      <trkpt lat="42.411227" lon="9.225632">
        <ele>676</ele>
      </trkpt>
      <trkpt lat="42.411299" lon="9.22562">
        <ele>675.75</ele>
      </trkpt>
      <trkpt lat="42.41144" lon="9.225545">
        <ele>674.25</ele>
      </trkpt>
      <trkpt lat="42.411658" lon="9.225512">
        <ele>673.5</ele>
      </trkpt>
      <trkpt lat="42.411753" lon="9.225524">
        <ele>673.75</ele>
      </trkpt>
      <trkpt lat="42.411832" lon="9.225593">
        <ele>675.75</ele>
      </trkpt>
      <trkpt lat="42.411873" lon="9.225685">
        <ele>678.25</ele>
      </trkpt>
      <trkpt lat="42.411912" lon="9.22587">
        <ele>682.75</ele>
      </trkpt>
      <trkpt lat="42.411954" lon="9.226002">
        <ele>685.25</ele>
      </trkpt>
      <trkpt lat="42.412024" lon="9.226157">
        <ele>688.25</ele>
      </trkpt>
      <trkpt lat="42.412022" lon="9.226199">
        <ele>689</ele>
      </trkpt>
      <trkpt lat="42.411995" lon="9.226232">
        <ele>689.5</ele>
      </trkpt>
      <trkpt lat="42.411958" lon="9.226228">
        <ele>689.25</ele>
      </trkpt>
      <trkpt lat="42.411884" lon="9.226108">
        <ele>687</ele>
      </trkpt>
      <trkpt lat="42.411819" lon="9.226072">
        <ele>686.25</ele>
      </trkpt>
      <trkpt lat="42.411752" lon="9.226112">
        <ele>686.75</ele>
      </trkpt>
      <trkpt lat="42.41168" lon="9.226239">
        <ele>688.75</ele>
      </trkpt>
      <trkpt lat="42.411599" lon="9.22648">
        <ele>692.5</ele>
      </trkpt>
      <trkpt lat="42.41157" lon="9.226606">
        <ele>694.75</ele>
      </trkpt>
      <trkpt lat="42.411531" lon="9.226669">
        <ele>695.75</ele>
      </trkpt>
      <trkpt lat="42.411479" lon="9.226729">
        <ele>696.75</ele>
      </trkpt>
      <trkpt lat="42.41125" lon="9.22685">
        <ele>698.75</ele>
      </trkpt>
      <trkpt lat="42.410603" lon="9.227142">
        <ele>699.25</ele>
      </trkpt>
      <trkpt lat="42.410532" lon="9.227216">
        <ele>698.75</ele>
      </trkpt>
      <trkpt lat="42.410491" lon="9.227322">
        <ele>699.25</ele>
      </trkpt>
      <trkpt lat="42.410468" lon="9.227446">
        <ele>700</ele>
      </trkpt>
      <trkpt lat="42.410463" lon="9.227614">
        <ele>702</ele>
      </trkpt>
      <trkpt lat="42.410481" lon="9.227752">
        <ele>704.25</ele>
      </trkpt>
      <trkpt lat="42.410516" lon="9.227942">
        <ele>707.5</ele>
      </trkpt>
      <trkpt lat="42.410528" lon="9.228135">
        <ele>710.25</ele>
      </trkpt>
      <trkpt lat="42.41051" lon="9.228325">
        <ele>712</ele>
      </trkpt>
      <trkpt lat="42.41022" lon="9.229781">
        <ele>728.5</ele>
      </trkpt>
      <trkpt lat="42.409907" lon="9.230629">
        <ele>741.25</ele>
      </trkpt>
      <trkpt lat="42.409557" lon="9.23113">
        <ele>744.5</ele>
      </trkpt>
      <trkpt lat="42.409063" lon="9.232135">
        <ele>752.5</ele>
      </trkpt>
      <trkpt lat="42.409023" lon="9.232188">
        <ele>753.25</ele>
      </trkpt>
      <trkpt lat="42.408958" lon="9.232244">
        <ele>753.75</ele>
      </trkpt>
      <trkpt lat="42.408758" lon="9.232385">
        <ele>755</ele>
      </trkpt>
      <trkpt lat="42.408519" lon="9.232589">
        <ele>755.25</ele>
      </trkpt>
      <trkpt lat="42.408442" lon="9.232645">
        <ele>754.25</ele>
      </trkpt>
      <trkpt lat="42.408161" lon="9.232767">
        <ele>756.5</ele>
      </trkpt>
      <trkpt lat="42.407884" lon="9.23304">
        <ele>759.75</ele>
      </trkpt>
      <trkpt lat="42.407803" lon="9.233204">
        <ele>759.5</ele>
      </trkpt>
      <trkpt lat="42.407727" lon="9.233316">
        <ele>759.75</ele>
      </trkpt>
      <trkpt lat="42.407551" lon="9.233436">
        <ele>760.5</ele>
      </trkpt>
      <trkpt lat="42.407475" lon="9.233493">
        <ele>760</ele>
      </trkpt>
      <trkpt lat="42.407404" lon="9.233548">
        <ele>759.75</ele>
      </trkpt>
      <trkpt lat="42.407286" lon="9.23368">
        <ele>757</ele>
      </trkpt>
      <trkpt lat="42.407236" lon="9.233699">
        <ele>756.75</ele>
      </trkpt>
      <trkpt lat="42.406545" lon="9.233637">
        <ele>764.75</ele>
      </trkpt>
      <trkpt lat="42.406015" lon="9.233643">
        <ele>770</ele>
      </trkpt>
      <trkpt lat="42.405599" lon="9.233784">
        <ele>769.25</ele>
      </trkpt>
      <trkpt lat="42.405484" lon="9.233808">
        <ele>770.25</ele>
      </trkpt>
      <trkpt lat="42.405297" lon="9.233796">
        <ele>773.75</ele>
      </trkpt>
      <trkpt lat="42.405227" lon="9.23382">
        <ele>774</ele>
      </trkpt>
      <trkpt lat="42.405173" lon="9.23388">
        <ele>772.75</ele>
      </trkpt>
      <trkpt lat="42.405087" lon="9.23393">
        <ele>772.5</ele>
      </trkpt>
      <trkpt lat="42.404948" lon="9.233977">
        <ele>774.5</ele>
      </trkpt>
      <trkpt lat="42.404888" lon="9.234013">
        <ele>775.5</ele>
      </trkpt>
      <trkpt lat="42.404847" lon="9.234091">
        <ele>774.5</ele>
      </trkpt>
      <trkpt lat="42.404808" lon="9.234366">
        <ele>770</ele>
      </trkpt>
      <trkpt lat="42.404775" lon="9.234508">
        <ele>769.25</ele>
      </trkpt>
      <trkpt lat="42.404717" lon="9.234594">
        <ele>770.5</ele>
      </trkpt>
      <trkpt lat="42.404612" lon="9.234655">
        <ele>774.5</ele>
      </trkpt>
      <trkpt lat="42.404522" lon="9.234753">
        <ele>777.75</ele>
      </trkpt>
      <trkpt lat="42.404471" lon="9.234937">
        <ele>778.25</ele>
      </trkpt>
      <trkpt lat="42.404467" lon="9.23513">
        <ele>775.5</ele>
      </trkpt>
      <trkpt lat="42.404521" lon="9.235533">
        <ele>766.5</ele>
      </trkpt>
      <trkpt lat="42.404533" lon="9.235696">
        <ele>763.5</ele>
      </trkpt>
      <trkpt lat="42.404502" lon="9.235826">
        <ele>763</ele>
      </trkpt>
      <trkpt lat="42.404466" lon="9.235884">
        <ele>763.25</ele>
      </trkpt>
      <trkpt lat="42.404388" lon="9.235939">
        <ele>765.5</ele>
      </trkpt>
      <trkpt lat="42.40419" lon="9.235994">
        <ele>773</ele>
      </trkpt>
      <trkpt lat="42.403754" lon="9.236221">
        <ele>781.75</ele>
      </trkpt>
      <trkpt lat="42.403127" lon="9.236617">
        <ele>789.75</ele>
      </trkpt>
      <trkpt lat="42.402981" lon="9.236702">
        <ele>793.5</ele>
      </trkpt>
      <trkpt lat="42.402849" lon="9.236735">
        <ele>798.25</ele>
      </trkpt>
      <trkpt lat="42.402809" lon="9.236759">
        <ele>799.75</ele>
      </trkpt>
      <trkpt lat="42.402772" lon="9.236804">
        <ele>800.75</ele>
      </trkpt>
      <trkpt lat="42.402752" lon="9.236888">
        <ele>800.75</ele>
      </trkpt>
      <trkpt lat="42.402777" lon="9.23756">
        <ele>794</ele>
      </trkpt>
      <trkpt lat="42.40279" lon="9.237724">
        <ele>795.5</ele>
      </trkpt>
      <trkpt lat="42.402827" lon="9.237859">
        <ele>795.25</ele>
      </trkpt>
      <trkpt lat="42.403036" lon="9.238815">
        <ele>796.75</ele>
      </trkpt>
      <trkpt lat="42.403103" lon="9.238965">
        <ele>796.25</ele>
      </trkpt>
      <trkpt lat="42.403206" lon="9.239069">
        <ele>794.25</ele>
      </trkpt>
      <trkpt lat="42.403269" lon="9.239174">
        <ele>794</ele>
      </trkpt>
      <trkpt lat="42.40328" lon="9.23925">
        <ele>793.5</ele>
      </trkpt>
      <trkpt lat="42.403269" lon="9.239353">
        <ele>793.75</ele>
      </trkpt>
      <trkpt lat="42.403171" lon="9.239539">
        <ele>795.75</ele>
      </trkpt>
      <trkpt lat="42.403098" lon="9.239775">
        <ele>796</ele>
      </trkpt>
      <trkpt lat="42.403007" lon="9.240114">
        <ele>793.5</ele>
      </trkpt>
      <trkpt lat="42.402953" lon="9.240205">
        <ele>792.25</ele>
      </trkpt>
      <trkpt lat="42.40288" lon="9.240255">
        <ele>791.5</ele>
      </trkpt>
      <trkpt lat="42.402719" lon="9.240294">
        <ele>790.75</ele>
      </trkpt>
      <trkpt lat="42.402529" lon="9.240253">
        <ele>792.25</ele>
      </trkpt>
      <trkpt lat="42.402394" lon="9.240164">
        <ele>793.25</ele>
      </trkpt>
      <trkpt lat="42.402246" lon="9.239993">
        <ele>796.75</ele>
      </trkpt>
      <trkpt lat="42.402129" lon="9.239912">
        <ele>797.5</ele>
      </trkpt>
      <trkpt lat="42.401926" lon="9.239857">
        <ele>796.75</ele>
      </trkpt>
      <trkpt lat="42.401709" lon="9.239829">
        <ele>795.5</ele>
      </trkpt>
      <trkpt lat="42.401434" lon="9.239848">
        <ele>792.25</ele>
      </trkpt>
      <trkpt lat="42.401087" lon="9.239855">
        <ele>788.5</ele>
      </trkpt>
      <trkpt lat="42.400921" lon="9.239797">
        <ele>788.75</ele>
      </trkpt>
      <trkpt lat="42.400807" lon="9.239728">
        <ele>789.5</ele>
      </trkpt>
      <trkpt lat="42.400516" lon="9.239349">
        <ele>797</ele>
      </trkpt>
      <trkpt lat="42.400409" lon="9.23928">
        <ele>798</ele>
      </trkpt>
      <trkpt lat="42.400278" lon="9.23931">
        <ele>795</ele>
      </trkpt>
      <trkpt lat="42.399793" lon="9.239482">
        <ele>784.5</ele>
      </trkpt>
      <trkpt lat="42.399414" lon="9.239542">
        <ele>781.5</ele>
      </trkpt>
      <trkpt lat="42.399157" lon="9.23955">
        <ele>780.75</ele>
      </trkpt>
      <trkpt lat="42.399073" lon="9.239546">
        <ele>781.75</ele>
      </trkpt>
      <trkpt lat="42.398705" lon="9.239462">
        <ele>786.75</ele>
      </trkpt>
      <trkpt lat="42.398558" lon="9.239383">
        <ele>789.5</ele>
      </trkpt>
      <trkpt lat="42.398448" lon="9.239346">
        <ele>790.5</ele>
      </trkpt>
      <trkpt lat="42.398388" lon="9.239348">
        <ele>790.5</ele>
      </trkpt>
      <trkpt lat="42.398346" lon="9.239412">
        <ele>789.5</ele>
      </trkpt>
      <trkpt lat="42.398347" lon="9.239474">
        <ele>788.25</ele>
      </trkpt>
      <trkpt lat="42.398363" lon="9.239525">
        <ele>787.25</ele>
      </trkpt>
      <trkpt lat="42.398381" lon="9.239618">
        <ele>785.25</ele>
      </trkpt>
      <trkpt lat="42.3984" lon="9.239919">
        <ele>779.25</ele>
      </trkpt>
      <trkpt lat="42.398439" lon="9.240034">
        <ele>776.5</ele>
      </trkpt>
      <trkpt lat="42.398497" lon="9.240175">
        <ele>774.5</ele>
      </trkpt>
      <trkpt lat="42.39851" lon="9.240253">
        <ele>773.5</ele>
      </trkpt>
      <trkpt lat="42.398508" lon="9.240391">
        <ele>772.75</ele>
      </trkpt>
      <trkpt lat="42.398524" lon="9.240513">
        <ele>771.25</ele>
      </trkpt>
      <trkpt lat="42.398553" lon="9.240598">
        <ele>769.25</ele>
      </trkpt>
      <trkpt lat="42.39856" lon="9.240678">
        <ele>768.25</ele>
      </trkpt>
      <trkpt lat="42.398534" lon="9.240852">
        <ele>768.25</ele>
      </trkpt>
      <trkpt lat="42.398531" lon="9.240971">
        <ele>768.25</ele>
      </trkpt>
      <trkpt lat="42.398574" lon="9.241144">
        <ele>765.5</ele>
      </trkpt>
      <trkpt lat="42.398594" lon="9.241256">
        <ele>764.25</ele>
      </trkpt>
      <trkpt lat="42.398606" lon="9.241616">
        <ele>763</ele>
      </trkpt>
      <trkpt lat="42.398598" lon="9.241891">
        <ele>762.5</ele>
      </trkpt>
      <trkpt lat="42.398607" lon="9.242012">
        <ele>761.75</ele>
      </trkpt>
      <trkpt lat="42.398633" lon="9.242081">
        <ele>760.25</ele>
      </trkpt>
      <trkpt lat="42.398778" lon="9.242374">
        <ele>752.75</ele>
      </trkpt>
      <trkpt lat="42.39884" lon="9.242499">
        <ele>749.75</ele>
      </trkpt>
      <trkpt lat="42.398859" lon="9.2426">
        <ele>748.25</ele>
      </trkpt>
      <trkpt lat="42.398876" lon="9.243158">
        <ele>743.75</ele>
      </trkpt>
      <trkpt lat="42.398879" lon="9.243258">
        <ele>743</ele>
      </trkpt>
      <trkpt lat="42.398926" lon="9.243466">
        <ele>740.5</ele>
      </trkpt>
      <trkpt lat="42.399049" lon="9.243778">
        <ele>737.5</ele>
      </trkpt>
      <trkpt lat="42.399247" lon="9.244231">
        <ele>734</ele>
      </trkpt>
      <trkpt lat="42.399288" lon="9.244323">
        <ele>731.75</ele>
      </trkpt>
      <trkpt lat="42.399509" lon="9.244708">
        <ele>724.5</ele>
      </trkpt>
      <trkpt lat="42.399567" lon="9.244832">
        <ele>724</ele>
      </trkpt>
      <trkpt lat="42.39956" lon="9.244892">
        <ele>724.25</ele>
      </trkpt>
      <trkpt lat="42.39954" lon="9.24492">
        <ele>724.5</ele>
      </trkpt>
      <trkpt lat="42.399474" lon="9.244926">
        <ele>725.25</ele>
      </trkpt>
      <trkpt lat="42.399047" lon="9.244805">
        <ele>728.25</ele>
      </trkpt>
      <trkpt lat="42.398994" lon="9.244735">
        <ele>728.5</ele>
      </trkpt>
      <trkpt lat="42.398951" lon="9.244658">
        <ele>729.25</ele>
      </trkpt>
      <trkpt lat="42.398909" lon="9.24454">
        <ele>730.75</ele>
      </trkpt>
      <trkpt lat="42.398849" lon="9.24437">
        <ele>733</ele>
      </trkpt>
      <trkpt lat="42.398747" lon="9.24422">
        <ele>735.25</ele>
      </trkpt>
      <trkpt lat="42.39842" lon="9.243937">
        <ele>741</ele>
      </trkpt>
      <trkpt lat="42.398291" lon="9.243834">
        <ele>743.5</ele>
      </trkpt>
      <trkpt lat="42.398224" lon="9.243798">
        <ele>743.25</ele>
      </trkpt>
      <trkpt lat="42.398156" lon="9.243789">
        <ele>742.25</ele>
      </trkpt>
      <trkpt lat="42.39794" lon="9.243822">
        <ele>737</ele>
      </trkpt>
      <trkpt lat="42.397853" lon="9.243818">
        <ele>735.5</ele>
      </trkpt>
      <trkpt lat="42.397772" lon="9.243784">
        <ele>734.75</ele>
      </trkpt>
      <trkpt lat="42.397713" lon="9.243723">
        <ele>735.25</ele>
      </trkpt>
      <trkpt lat="42.397645" lon="9.243615">
        <ele>737</ele>
      </trkpt>
      <trkpt lat="42.397546" lon="9.243458">
        <ele>739.25</ele>
      </trkpt>
      <trkpt lat="42.397445" lon="9.243356">
        <ele>741.75</ele>
      </trkpt>
      <trkpt lat="42.397382" lon="9.243329">
        <ele>743</ele>
      </trkpt>
      <trkpt lat="42.397277" lon="9.243352">
        <ele>743</ele>
      </trkpt>
      <trkpt lat="42.397206" lon="9.2434">
        <ele>741.75</ele>
      </trkpt>
      <trkpt lat="42.396811" lon="9.243711">
        <ele>732.25</ele>
      </trkpt>
      <trkpt lat="42.396739" lon="9.243741">
        <ele>731.25</ele>
      </trkpt>
      <trkpt lat="42.39666" lon="9.243761">
        <ele>730.5</ele>
      </trkpt>
      <trkpt lat="42.396396" lon="9.243795">
        <ele>736</ele>
      </trkpt>
      <trkpt lat="42.396319" lon="9.243829">
        <ele>736.75</ele>
      </trkpt>
      <trkpt lat="42.396219" lon="9.243938">
        <ele>735.25</ele>
      </trkpt>
      <trkpt lat="42.396138" lon="9.244055">
        <ele>733.25</ele>
      </trkpt>
      <trkpt lat="42.396087" lon="9.244243">
        <ele>728</ele>
      </trkpt>
      <trkpt lat="42.39604" lon="9.244577">
        <ele>718.75</ele>
      </trkpt>
      <trkpt lat="42.396012" lon="9.244736">
        <ele>714.25</ele>
      </trkpt>
      <trkpt lat="42.395984" lon="9.244807">
        <ele>712.75</ele>
      </trkpt>
      <trkpt lat="42.395935" lon="9.244853">
        <ele>712.75</ele>
      </trkpt>
      <trkpt lat="42.395865" lon="9.244877">
        <ele>714</ele>
      </trkpt>
      <trkpt lat="42.395521" lon="9.244883">
        <ele>722.75</ele>
      </trkpt>
      <trkpt lat="42.39541" lon="9.244936">
        <ele>723.5</ele>
      </trkpt>
      <trkpt lat="42.395335" lon="9.245045">
        <ele>721.5</ele>
      </trkpt>
      <trkpt lat="42.395163" lon="9.245379">
        <ele>717</ele>
      </trkpt>
      <trkpt lat="42.395091" lon="9.245466">
        <ele>717</ele>
      </trkpt>
      <trkpt lat="42.395016" lon="9.245518">
        <ele>718</ele>
      </trkpt>
      <trkpt lat="42.394831" lon="9.24568">
        <ele>721</ele>
      </trkpt>
      <trkpt lat="42.39477" lon="9.245768">
        <ele>721.25</ele>
      </trkpt>
      <trkpt lat="42.394727" lon="9.245875">
        <ele>720.75</ele>
      </trkpt>
      <trkpt lat="42.394703" lon="9.246017">
        <ele>719.75</ele>
      </trkpt>
      <trkpt lat="42.394715" lon="9.246144">
        <ele>717.75</ele>
      </trkpt>
      <trkpt lat="42.394821" lon="9.246398">
        <ele>710.5</ele>
      </trkpt>
      <trkpt lat="42.395116" lon="9.246787">
        <ele>693.5</ele>
      </trkpt>
      <trkpt lat="42.395141" lon="9.246854">
        <ele>691.25</ele>
      </trkpt>
      <trkpt lat="42.395139" lon="9.246926">
        <ele>690</ele>
      </trkpt>
      <trkpt lat="42.395105" lon="9.246992">
        <ele>689.75</ele>
      </trkpt>
      <trkpt lat="42.394921" lon="9.247119">
        <ele>692.75</ele>
      </trkpt>
      <trkpt lat="42.394846" lon="9.247222">
        <ele>692</ele>
      </trkpt>
      <trkpt lat="42.394518" lon="9.247601">
        <ele>687</ele>
      </trkpt>
      <trkpt lat="42.39438" lon="9.247716">
        <ele>683.75</ele>
      </trkpt>
      <trkpt lat="42.394252" lon="9.247787">
        <ele>682.25</ele>
      </trkpt>
      <trkpt lat="42.394142" lon="9.247801">
        <ele>683.25</ele>
      </trkpt>
      <trkpt lat="42.393827" lon="9.247821">
        <ele>688.75</ele>
      </trkpt>
      <trkpt lat="42.393748" lon="9.247851">
        <ele>689</ele>
      </trkpt>
      <trkpt lat="42.39367" lon="9.247948">
        <ele>685.75</ele>
      </trkpt>
      <trkpt lat="42.393152" lon="9.248472">
        <ele>670.25</ele>
      </trkpt>
      <trkpt lat="42.392888" lon="9.248617">
        <ele>665.5</ele>
      </trkpt>
      <trkpt lat="42.392785" lon="9.24863">
        <ele>665.5</ele>
      </trkpt>
      <trkpt lat="42.392674" lon="9.248623">
        <ele>666.25</ele>
      </trkpt>
      <trkpt lat="42.392631" lon="9.248629">
        <ele>666.25</ele>
      </trkpt>
      <trkpt lat="42.392607" lon="9.248656">
        <ele>665.25</ele>
      </trkpt>
      <trkpt lat="42.392606" lon="9.248716">
        <ele>662.75</ele>
      </trkpt>
      <trkpt lat="42.392629" lon="9.248752">
        <ele>661.25</ele>
      </trkpt>
      <trkpt lat="42.39268" lon="9.248783">
        <ele>659.75</ele>
      </trkpt>
      <trkpt lat="42.392797" lon="9.248781">
        <ele>659.5</ele>
      </trkpt>
      <trkpt lat="42.393192" lon="9.248691">
        <ele>661.25</ele>
      </trkpt>
      <trkpt lat="42.393477" lon="9.248557">
        <ele>662.5</ele>
      </trkpt>
      <trkpt lat="42.393801" lon="9.248327">
        <ele>663.5</ele>
      </trkpt>
      <trkpt lat="42.393875" lon="9.248292">
        <ele>663.5</ele>
      </trkpt>
      <trkpt lat="42.393932" lon="9.248295">
        <ele>661.75</ele>
      </trkpt>
      <trkpt lat="42.394016" lon="9.248359">
        <ele>656.75</ele>
      </trkpt>
      <trkpt lat="42.394101" lon="9.248407">
        <ele>652.75</ele>
      </trkpt>
      <trkpt lat="42.394189" lon="9.248421">
        <ele>650.5</ele>
      </trkpt>
      <trkpt lat="42.394749" lon="9.248415">
        <ele>648.75</ele>
      </trkpt>
      <trkpt lat="42.394862" lon="9.2484">
        <ele>648.75</ele>
      </trkpt>
      <trkpt lat="42.395016" lon="9.248329">
        <ele>651</ele>
      </trkpt>
      <trkpt lat="42.395079" lon="9.248329">
        <ele>651</ele>
      </trkpt>
      <trkpt lat="42.395132" lon="9.248357">
        <ele>650</ele>
      </trkpt>
      <trkpt lat="42.395212" lon="9.248459">
        <ele>646.25</ele>
      </trkpt>
      <trkpt lat="42.395347" lon="9.248541">
        <ele>643.5</ele>
      </trkpt>
      <trkpt lat="42.395509" lon="9.248578">
        <ele>642.5</ele>
      </trkpt>
      <trkpt lat="42.39561" lon="9.248646">
        <ele>640.25</ele>
      </trkpt>
      <trkpt lat="42.39581" lon="9.248883">
        <ele>633</ele>
      </trkpt>
      <trkpt lat="42.395968" lon="9.248946">
        <ele>627.5</ele>
      </trkpt>
      <trkpt lat="42.396043" lon="9.248945">
        <ele>625.5</ele>
      </trkpt>
      <trkpt lat="42.39615" lon="9.248898">
        <ele>623.75</ele>
      </trkpt>
      <trkpt lat="42.396202" lon="9.248938">
        <ele>621.25</ele>
      </trkpt>
      <trkpt lat="42.396218" lon="9.248994">
        <ele>619.5</ele>
      </trkpt>
      <trkpt lat="42.396196" lon="9.249051">
        <ele>618.5</ele>
      </trkpt>
      <trkpt lat="42.396103" lon="9.249099">
        <ele>619.5</ele>
      </trkpt>
      <trkpt lat="42.395893" lon="9.249229">
        <ele>620.75</ele>
      </trkpt>
      <trkpt lat="42.395791" lon="9.249233">
        <ele>621.75</ele>
      </trkpt>
      <trkpt lat="42.395657" lon="9.249213">
        <ele>621.5</ele>
      </trkpt>
      <trkpt lat="42.39539" lon="9.24908">
        <ele>624.25</ele>
      </trkpt>
      <trkpt lat="42.39522" lon="9.249027">
        <ele>625.25</ele>
      </trkpt>
      <trkpt lat="42.395027" lon="9.249126">
        <ele>620.5</ele>
      </trkpt>
      <trkpt lat="42.394957" lon="9.249209">
        <ele>617.75</ele>
      </trkpt>
      <trkpt lat="42.394863" lon="9.249249">
        <ele>616.75</ele>
      </trkpt>
      <trkpt lat="42.394655" lon="9.24925">
        <ele>617.25</ele>
      </trkpt>
      <trkpt lat="42.394575" lon="9.249294">
        <ele>616</ele>
      </trkpt>
      <trkpt lat="42.394453" lon="9.249309">
        <ele>615.75</ele>
      </trkpt>
      <trkpt lat="42.394121" lon="9.249297">
        <ele>618</ele>
      </trkpt>
      <trkpt lat="42.394027" lon="9.249347">
        <ele>618.25</ele>
      </trkpt>
      <trkpt lat="42.393949" lon="9.249423">
        <ele>616.75</ele>
      </trkpt>
      <trkpt lat="42.39371" lon="9.249776">
        <ele>606.5</ele>
      </trkpt>
      <trkpt lat="42.393645" lon="9.249861">
        <ele>604</ele>
      </trkpt>
      <trkpt lat="42.393561" lon="9.249926">
        <ele>602.25</ele>
      </trkpt>
      <trkpt lat="42.393406" lon="9.249968">
        <ele>602.5</ele>
      </trkpt>
      <trkpt lat="42.393372" lon="9.250016">
        <ele>600.75</ele>
      </trkpt>
      <trkpt lat="42.393378" lon="9.250075">
        <ele>598.25</ele>
      </trkpt>
      <trkpt lat="42.393435" lon="9.250111">
        <ele>596</ele>
      </trkpt>
      <trkpt lat="42.393512" lon="9.250102">
        <ele>595.25</ele>
      </trkpt>
      <trkpt lat="42.393672" lon="9.250038">
        <ele>595.75</ele>
      </trkpt>
      <trkpt lat="42.393905" lon="9.249872">
        <ele>599.5</ele>
      </trkpt>
      <trkpt lat="42.394061" lon="9.249829">
        <ele>599</ele>
      </trkpt>
      <trkpt lat="42.394162" lon="9.24982">
        <ele>597.75</ele>
      </trkpt>
      <trkpt lat="42.394247" lon="9.249869">
        <ele>595.75</ele>
      </trkpt>
      <trkpt lat="42.394391" lon="9.250008">
        <ele>591</ele>
      </trkpt>
      <trkpt lat="42.394452" lon="9.250034">
        <ele>590.25</ele>
      </trkpt>
      <trkpt lat="42.39464" lon="9.250012">
        <ele>591.5</ele>
      </trkpt>
      <trkpt lat="42.394908" lon="9.250103">
        <ele>589</ele>
      </trkpt>
      <trkpt lat="42.395044" lon="9.250234">
        <ele>585.5</ele>
      </trkpt>
      <trkpt lat="42.395142" lon="9.25043">
        <ele>580.75</ele>
      </trkpt>
      <trkpt lat="42.395241" lon="9.250741">
        <ele>573</ele>
      </trkpt>
      <trkpt lat="42.395377" lon="9.250961">
        <ele>569.25</ele>
      </trkpt>
      <trkpt lat="42.395644" lon="9.251123">
        <ele>571</ele>
      </trkpt>
      <trkpt lat="42.395699" lon="9.251182">
        <ele>570.75</ele>
      </trkpt>
      <trkpt lat="42.395721" lon="9.251241">
        <ele>569.75</ele>
      </trkpt>
      <trkpt lat="42.395729" lon="9.251316">
        <ele>568</ele>
      </trkpt>
      <trkpt lat="42.39571" lon="9.251514">
        <ele>562.25</ele>
      </trkpt>
      <trkpt lat="42.395713" lon="9.251663">
        <ele>558.5</ele>
      </trkpt>
      <trkpt lat="42.395733" lon="9.251776">
        <ele>557</ele>
      </trkpt>
      <trkpt lat="42.395787" lon="9.251855">
        <ele>557</ele>
      </trkpt>
      <trkpt lat="42.395931" lon="9.251928">
        <ele>558.25</ele>
      </trkpt>
      <trkpt lat="42.396054" lon="9.252049">
        <ele>557.5</ele>
      </trkpt>
      <trkpt lat="42.39614" lon="9.252204">
        <ele>556</ele>
      </trkpt>
      <trkpt lat="42.396282" lon="9.252651">
        <ele>550.5</ele>
      </trkpt>
      <trkpt lat="42.396329" lon="9.252763">
        <ele>549</ele>
      </trkpt>
      <trkpt lat="42.396445" lon="9.252882">
        <ele>548.5</ele>
      </trkpt>
      <trkpt lat="42.396458" lon="9.252949">
        <ele>547.5</ele>
      </trkpt>
      <trkpt lat="42.396448" lon="9.252984">
        <ele>546.5</ele>
      </trkpt>
      <trkpt lat="42.396414" lon="9.253001">
        <ele>545.75</ele>
      </trkpt>
      <trkpt lat="42.396365" lon="9.253008">
        <ele>545</ele>
      </trkpt>
      <trkpt lat="42.396255" lon="9.252981">
        <ele>544</ele>
      </trkpt>
      <trkpt lat="42.396192" lon="9.252931">
        <ele>544</ele>
      </trkpt>
      <trkpt lat="42.39612" lon="9.252825">
        <ele>545</ele>
      </trkpt>
      <trkpt lat="42.395977" lon="9.252693">
        <ele>545.5</ele>
      </trkpt>
      <trkpt lat="42.395743" lon="9.252563">
        <ele>542.75</ele>
      </trkpt>
      <trkpt lat="42.395635" lon="9.252553">
        <ele>539</ele>
      </trkpt>
      <trkpt lat="42.395496" lon="9.252587">
        <ele>533.75</ele>
      </trkpt>
      <trkpt lat="42.395431" lon="9.252592">
        <ele>531.5</ele>
      </trkpt>
      <trkpt lat="42.395371" lon="9.25254">
        <ele>530.25</ele>
      </trkpt>
      <trkpt lat="42.395312" lon="9.252299">
        <ele>533</ele>
      </trkpt>
      <trkpt lat="42.395272" lon="9.252078">
        <ele>536.75</ele>
      </trkpt>
      <trkpt lat="42.395217" lon="9.251967">
        <ele>537.5</ele>
      </trkpt>
      <trkpt lat="42.395129" lon="9.251891">
        <ele>536.5</ele>
      </trkpt>
      <trkpt lat="42.395017" lon="9.251856">
        <ele>533.75</ele>
      </trkpt>
      <trkpt lat="42.394853" lon="9.251849">
        <ele>531</ele>
      </trkpt>
      <trkpt lat="42.394774" lon="9.251808">
        <ele>530.75</ele>
      </trkpt>
      <trkpt lat="42.394721" lon="9.251731">
        <ele>531.75</ele>
      </trkpt>
      <trkpt lat="42.394642" lon="9.251565">
        <ele>535.5</ele>
      </trkpt>
      <trkpt lat="42.394583" lon="9.251496">
        <ele>537</ele>
      </trkpt>
      <trkpt lat="42.394517" lon="9.251488">
        <ele>536.25</ele>
      </trkpt>
      <trkpt lat="42.394443" lon="9.251531">
        <ele>533.5</ele>
      </trkpt>
      <trkpt lat="42.394352" lon="9.251627">
        <ele>528.5</ele>
      </trkpt>
      <trkpt lat="42.394215" lon="9.251721">
        <ele>523.5</ele>
      </trkpt>
      <trkpt lat="42.394147" lon="9.251786">
        <ele>521.5</ele>
      </trkpt>
      <trkpt lat="42.393983" lon="9.251994">
        <ele>519</ele>
      </trkpt>
      <trkpt lat="42.393898" lon="9.252076">
        <ele>518</ele>
      </trkpt>
      <trkpt lat="42.393262" lon="9.252493">
        <ele>510.25</ele>
      </trkpt>
      <trkpt lat="42.393175" lon="9.252525">
        <ele>508.5</ele>
      </trkpt>
      <trkpt lat="42.393084" lon="9.252548">
        <ele>506.75</ele>
      </trkpt>
      <trkpt lat="42.392989" lon="9.252539">
        <ele>506</ele>
      </trkpt>
      <trkpt lat="42.392888" lon="9.252482">
        <ele>506.75</ele>
      </trkpt>
      <trkpt lat="42.392712" lon="9.252361">
        <ele>508.75</ele>
      </trkpt>
      <trkpt lat="42.392645" lon="9.252326">
        <ele>509</ele>
      </trkpt>
      <trkpt lat="42.392578" lon="9.252323">
        <ele>508.5</ele>
      </trkpt>
      <trkpt lat="42.392377" lon="9.252373">
        <ele>504.25</ele>
      </trkpt>
      <trkpt lat="42.392117" lon="9.25232">
        <ele>502</ele>
      </trkpt>
      <trkpt lat="42.392039" lon="9.252329">
        <ele>500.5</ele>
      </trkpt>
      <trkpt lat="42.391865" lon="9.252414">
        <ele>495</ele>
      </trkpt>
      <trkpt lat="42.391782" lon="9.252435">
        <ele>493</ele>
      </trkpt>
      <trkpt lat="42.391543" lon="9.252428">
        <ele>489.5</ele>
      </trkpt>
      <trkpt lat="42.391461" lon="9.252402">
        <ele>489</ele>
      </trkpt>
      <trkpt lat="42.39137" lon="9.252325">
        <ele>489.75</ele>
      </trkpt>
      <trkpt lat="42.391167" lon="9.25211">
        <ele>491</ele>
      </trkpt>
      <trkpt lat="42.390859" lon="9.251632">
        <ele>491.75</ele>
      </trkpt>
      <trkpt lat="42.390798" lon="9.251576">
        <ele>493.25</ele>
      </trkpt>
      <trkpt lat="42.390746" lon="9.251574">
        <ele>494.75</ele>
      </trkpt>
      <trkpt lat="42.390689" lon="9.251598">
        <ele>496</ele>
      </trkpt>
      <trkpt lat="42.390638" lon="9.251662">
        <ele>496</ele>
      </trkpt>
      <trkpt lat="42.390618" lon="9.251726">
        <ele>495.75</ele>
      </trkpt>
      <trkpt lat="42.390599" lon="9.252181">
        <ele>490.5</ele>
      </trkpt>
      <trkpt lat="42.390554" lon="9.252771">
        <ele>485.5</ele>
      </trkpt>
      <trkpt lat="42.39055" lon="9.253089">
        <ele>482.5</ele>
      </trkpt>
      <trkpt lat="42.39059" lon="9.253305">
        <ele>478.5</ele>
      </trkpt>
      <trkpt lat="42.390607" lon="9.253616">
        <ele>475.5</ele>
      </trkpt>
      <trkpt lat="42.390622" lon="9.253742">
        <ele>474</ele>
      </trkpt>
      <trkpt lat="42.390692" lon="9.254062">
        <ele>469</ele>
      </trkpt>
      <trkpt lat="42.390726" lon="9.254185">
        <ele>467</ele>
      </trkpt>
      <trkpt lat="42.39083" lon="9.254382">
        <ele>461.5</ele>
      </trkpt>
      <trkpt lat="42.390853" lon="9.254444">
        <ele>460.5</ele>
      </trkpt>
      <trkpt lat="42.390855" lon="9.254544">
        <ele>459.75</ele>
      </trkpt>
      <trkpt lat="42.390829" lon="9.254653">
        <ele>459.5</ele>
      </trkpt>
      <trkpt lat="42.390792" lon="9.254739">
        <ele>459.75</ele>
      </trkpt>
      <trkpt lat="42.390521" lon="9.255001">
        <ele>461</ele>
      </trkpt>
      <trkpt lat="42.390434" lon="9.255071">
        <ele>460</ele>
      </trkpt>
      <trkpt lat="42.390346" lon="9.255108">
        <ele>459.75</ele>
      </trkpt>
      <trkpt lat="42.390214" lon="9.255129">
        <ele>460.75</ele>
      </trkpt>
      <trkpt lat="42.390007" lon="9.255088">
        <ele>464.75</ele>
      </trkpt>
      <trkpt lat="42.389909" lon="9.255097">
        <ele>467</ele>
      </trkpt>
      <trkpt lat="42.389853" lon="9.255127">
        <ele>467.5</ele>
      </trkpt>
      <trkpt lat="42.389818" lon="9.25518">
        <ele>466.5</ele>
      </trkpt>
      <trkpt lat="42.389791" lon="9.255314">
        <ele>462.25</ele>
      </trkpt>
      <trkpt lat="42.389695" lon="9.255615">
        <ele>453.5</ele>
      </trkpt>
      <trkpt lat="42.389592" lon="9.255815">
        <ele>448.5</ele>
      </trkpt>
      <trkpt lat="42.389508" lon="9.255945">
        <ele>445.75</ele>
      </trkpt>
      <trkpt lat="42.389391" lon="9.256027">
        <ele>445.25</ele>
      </trkpt>
      <trkpt lat="42.389236" lon="9.256049">
        <ele>447.75</ele>
      </trkpt>
      <trkpt lat="42.389156" lon="9.256046">
        <ele>449.5</ele>
      </trkpt>
      <trkpt lat="42.389089" lon="9.256065">
        <ele>450.75</ele>
      </trkpt>
      <trkpt lat="42.389022" lon="9.256129">
        <ele>450.25</ele>
      </trkpt>
      <trkpt lat="42.388948" lon="9.256241">
        <ele>447.5</ele>
      </trkpt>
      <trkpt lat="42.38889" lon="9.256389">
        <ele>442.75</ele>
      </trkpt>
      <trkpt lat="42.388814" lon="9.256451">
        <ele>442</ele>
      </trkpt>
      <trkpt lat="42.388691" lon="9.256505">
        <ele>442.75</ele>
      </trkpt>
      <trkpt lat="42.388352" lon="9.256695">
        <ele>442.5</ele>
      </trkpt>
      <trkpt lat="42.388054" lon="9.256965">
        <ele>444.5</ele>
      </trkpt>
      <trkpt lat="42.388038" lon="9.257059">
        <ele>441.75</ele>
      </trkpt>
      <trkpt lat="42.388003" lon="9.257117">
        <ele>440.75</ele>
      </trkpt>
      <trkpt lat="42.387892" lon="9.257192">
        <ele>441.75</ele>
      </trkpt>
      <trkpt lat="42.387818" lon="9.257257">
        <ele>441.5</ele>
      </trkpt>
      <trkpt lat="42.38774" lon="9.257378">
        <ele>439</ele>
      </trkpt>
      <trkpt lat="42.387503" lon="9.257821">
        <ele>433.5</ele>
      </trkpt>
      <trkpt lat="42.387356" lon="9.25815">
        <ele>428</ele>
      </trkpt>
      <trkpt lat="42.387357" lon="9.25824">
        <ele>425.75</ele>
      </trkpt>
      <trkpt lat="42.387368" lon="9.258356">
        <ele>423.5</ele>
      </trkpt>
      <trkpt lat="42.387399" lon="9.258431">
        <ele>424</ele>
      </trkpt>
      <trkpt lat="42.387677" lon="9.259001">
        <ele>429.5</ele>
      </trkpt>
      <trkpt lat="42.387737" lon="9.25907">
        <ele>430.5</ele>
      </trkpt>
      <trkpt lat="42.387783" lon="9.259083">
        <ele>430.5</ele>
      </trkpt>
      <trkpt lat="42.387843" lon="9.259056">
        <ele>431.75</ele>
      </trkpt>
      <trkpt lat="42.38792" lon="9.258955">
        <ele>431.5</ele>
      </trkpt>
      <trkpt lat="42.388008" lon="9.258784">
        <ele>429.75</ele>
      </trkpt>
      <trkpt lat="42.388166" lon="9.258626">
        <ele>427.5</ele>
      </trkpt>
      <trkpt lat="42.388882" lon="9.258393">
        <ele>429.5</ele>
      </trkpt>
      <trkpt lat="42.389016" lon="9.258395">
        <ele>431.5</ele>
      </trkpt>
      <trkpt lat="42.388725" lon="9.258532">
        <ele>432.75</ele>
      </trkpt>
      <trkpt lat="42.388297" lon="9.258799">
        <ele>434</ele>
      </trkpt>
      <trkpt lat="42.388132" lon="9.258989">
        <ele>436.75</ele>
      </trkpt>
      <trkpt lat="42.387795" lon="9.259499">
        <ele>444.5</ele>
      </trkpt>
      <trkpt lat="42.387645" lon="9.259683">
        <ele>446.5</ele>
      </trkpt>
      <trkpt lat="42.38739" lon="9.259893">
        <ele>446.25</ele>
      </trkpt>
      <trkpt lat="42.387153" lon="9.260016">
        <ele>443.25</ele>
      </trkpt>
      <trkpt lat="42.387006" lon="9.260066">
        <ele>440.75</ele>
      </trkpt>
      <trkpt lat="42.386923" lon="9.260153">
        <ele>441.5</ele>
      </trkpt>
      <trkpt lat="42.386328" lon="9.260966">
        <ele>448</ele>
      </trkpt>
      <trkpt lat="42.386048" lon="9.261489">
        <ele>449.5</ele>
      </trkpt>
      <trkpt lat="42.385976" lon="9.261764">
        <ele>451.75</ele>
      </trkpt>
      <trkpt lat="42.385853" lon="9.262151">
        <ele>451</ele>
      </trkpt>
      <trkpt lat="42.385844" lon="9.262408">
        <ele>455</ele>
      </trkpt>
      <trkpt lat="42.385858" lon="9.262619">
        <ele>457.75</ele>
      </trkpt>
      <trkpt lat="42.385969" lon="9.26327">
        <ele>466.5</ele>
      </trkpt>
      <trkpt lat="42.385983" lon="9.263744">
        <ele>465</ele>
      </trkpt>
      <trkpt lat="42.385956" lon="9.26424">
        <ele>460.25</ele>
      </trkpt>
      <trkpt lat="42.385955" lon="9.26439">
        <ele>458.75</ele>
      </trkpt>
      <trkpt lat="42.385998" lon="9.264511">
        <ele>460</ele>
      </trkpt>
      <trkpt lat="42.38622" lon="9.264897">
        <ele>466</ele>
      </trkpt>
      <trkpt lat="42.38657" lon="9.265801">
        <ele>469.75</ele>
      </trkpt>
      <trkpt lat="42.386701" lon="9.266288">
        <ele>470</ele>
      </trkpt>
      <trkpt lat="42.386795" lon="9.266513">
        <ele>471.25</ele>
      </trkpt>
      <trkpt lat="42.386934" lon="9.266688">
        <ele>474.75</ele>
      </trkpt>
      <trkpt lat="42.387013" lon="9.266873">
        <ele>476.5</ele>
      </trkpt>
      <trkpt lat="42.387088" lon="9.267332">
        <ele>476.5</ele>
      </trkpt>
      <trkpt lat="42.387092" lon="9.267601">
        <ele>475</ele>
      </trkpt>
      <trkpt lat="42.387146" lon="9.267785">
        <ele>475.75</ele>
      </trkpt>
      <trkpt lat="42.387319" lon="9.268259">
        <ele>480.25</ele>
      </trkpt>
      <trkpt lat="42.387588" lon="9.269563">
        <ele>480.25</ele>
      </trkpt>
      <trkpt lat="42.387636" lon="9.269891">
        <ele>479</ele>
      </trkpt>
      <trkpt lat="42.387713" lon="9.270043">
        <ele>481.25</ele>
      </trkpt>
      <trkpt lat="42.387828" lon="9.270151">
        <ele>486.25</ele>
      </trkpt>
      <trkpt lat="42.387948" lon="9.270206">
        <ele>491.5</ele>
      </trkpt>
      <trkpt lat="42.388033" lon="9.27031">
        <ele>495.25</ele>
      </trkpt>
      <trkpt lat="42.388066" lon="9.270464">
        <ele>496.75</ele>
      </trkpt>
      <trkpt lat="42.388035" lon="9.27058">
        <ele>495.75</ele>
      </trkpt>
      <trkpt lat="42.388018" lon="9.270766">
        <ele>495.25</ele>
      </trkpt>
      <trkpt lat="42.388034" lon="9.270922">
        <ele>496.75</ele>
      </trkpt>
      <trkpt lat="42.388072" lon="9.271037">
        <ele>499.25</ele>
      </trkpt>
      <trkpt lat="42.388087" lon="9.271236">
        <ele>501.25</ele>
      </trkpt>
      <trkpt lat="42.388066" lon="9.271366">
        <ele>501.75</ele>
      </trkpt>
      <trkpt lat="42.387981" lon="9.271546">
        <ele>500.5</ele>
      </trkpt>
      <trkpt lat="42.387817" lon="9.271806">
        <ele>499.5</ele>
      </trkpt>
      <trkpt lat="42.387635" lon="9.272163">
        <ele>501.25</ele>
      </trkpt>
      <trkpt lat="42.387529" lon="9.272354">
        <ele>502.5</ele>
      </trkpt>
      <trkpt lat="42.38738" lon="9.272474">
        <ele>503.25</ele>
      </trkpt>
      <trkpt lat="42.387284" lon="9.272525">
        <ele>503.5</ele>
      </trkpt>
      <trkpt lat="42.387172" lon="9.272557">
        <ele>503.25</ele>
      </trkpt>
      <trkpt lat="42.387033" lon="9.272535">
        <ele>501.5</ele>
      </trkpt>
      <trkpt lat="42.386912" lon="9.272577">
        <ele>501.25</ele>
      </trkpt>
      <trkpt lat="42.386777" lon="9.272718">
        <ele>502.5</ele>
      </trkpt>
      <trkpt lat="42.386695" lon="9.272863">
        <ele>503.75</ele>
      </trkpt>
      <trkpt lat="42.386481" lon="9.273633">
        <ele>513.5</ele>
      </trkpt>
      <trkpt lat="42.386412" lon="9.273832">
        <ele>516.5</ele>
      </trkpt>
      <trkpt lat="42.386338" lon="9.27392">
        <ele>517.25</ele>
      </trkpt>
      <trkpt lat="42.386295" lon="9.273928">
        <ele>516.75</ele>
      </trkpt>
      <trkpt lat="42.386213" lon="9.273926">
        <ele>515.5</ele>
      </trkpt>
      <trkpt lat="42.386133" lon="9.273888">
        <ele>513.5</ele>
      </trkpt>
      <trkpt lat="42.386021" lon="9.273894">
        <ele>511.75</ele>
      </trkpt>
      <trkpt lat="42.385951" lon="9.273925">
        <ele>511.5</ele>
      </trkpt>
      <trkpt lat="42.385862" lon="9.273994">
        <ele>512</ele>
      </trkpt>
      <trkpt lat="42.385618" lon="9.27437">
        <ele>520.25</ele>
      </trkpt>
      <trkpt lat="42.385507" lon="9.274518">
        <ele>524.25</ele>
      </trkpt>
      <trkpt lat="42.385412" lon="9.274583">
        <ele>525.75</ele>
      </trkpt>
      <trkpt lat="42.385317" lon="9.274583">
        <ele>525.75</ele>
      </trkpt>
      <trkpt lat="42.385114" lon="9.274486">
        <ele>522.5</ele>
      </trkpt>
      <trkpt lat="42.384982" lon="9.274381">
        <ele>518.75</ele>
      </trkpt>
      <trkpt lat="42.384845" lon="9.274322">
        <ele>516.25</ele>
      </trkpt>
      <trkpt lat="42.384628" lon="9.274309">
        <ele>515</ele>
      </trkpt>
      <trkpt lat="42.383953" lon="9.274488">
        <ele>514</ele>
      </trkpt>
      <trkpt lat="42.383745" lon="9.27461">
        <ele>512.25</ele>
      </trkpt>
      <trkpt lat="42.383263" lon="9.275179">
        <ele>513.25</ele>
      </trkpt>
      <trkpt lat="42.383187" lon="9.275315">
        <ele>514.5</ele>
      </trkpt>
      <trkpt lat="42.382923" lon="9.276242">
        <ele>533.75</ele>
      </trkpt>
      <trkpt lat="42.382874" lon="9.276379">
        <ele>536.75</ele>
      </trkpt>
      <trkpt lat="42.382809" lon="9.276455">
        <ele>536.5</ele>
      </trkpt>
      <trkpt lat="42.38212" lon="9.277054">
        <ele>528</ele>
      </trkpt>
      <trkpt lat="42.382026" lon="9.277175">
        <ele>528.25</ele>
      </trkpt>
      <trkpt lat="42.381999" lon="9.277318">
        <ele>531.75</ele>
      </trkpt>
      <trkpt lat="42.382009" lon="9.277484">
        <ele>537</ele>
      </trkpt>
      <trkpt lat="42.382057" lon="9.277616">
        <ele>540</ele>
      </trkpt>
      <trkpt lat="42.382086" lon="9.277794">
        <ele>542.5</ele>
      </trkpt>
      <trkpt lat="42.382071" lon="9.277928">
        <ele>543.25</ele>
      </trkpt>
      <trkpt lat="42.381999" lon="9.278092">
        <ele>543</ele>
      </trkpt>
      <trkpt lat="42.381896" lon="9.278224">
        <ele>542.5</ele>
      </trkpt>
      <trkpt lat="42.381831" lon="9.278478">
        <ele>543.25</ele>
      </trkpt>
      <trkpt lat="42.381823" lon="9.278726">
        <ele>544.5</ele>
      </trkpt>
      <trkpt lat="42.381874" lon="9.279022">
        <ele>546.75</ele>
      </trkpt>
      <trkpt lat="42.381956" lon="9.279301">
        <ele>549.25</ele>
      </trkpt>
      <trkpt lat="42.382065" lon="9.279516">
        <ele>551.25</ele>
      </trkpt>
      <trkpt lat="42.382248" lon="9.279776">
        <ele>554.25</ele>
      </trkpt>
      <trkpt lat="42.382364" lon="9.280015">
        <ele>555.75</ele>
      </trkpt>
      <trkpt lat="42.38241" lon="9.280372">
        <ele>555.25</ele>
      </trkpt>
      <trkpt lat="42.382485" lon="9.281963">
        <ele>557.5</ele>
      </trkpt>
      <trkpt lat="42.3825" lon="9.282188">
        <ele>559</ele>
      </trkpt>
      <trkpt lat="42.382577" lon="9.282488">
        <ele>562.75</ele>
      </trkpt>
      <trkpt lat="42.383464" lon="9.284972">
        <ele>573.75</ele>
      </trkpt>
      <trkpt lat="42.383615" lon="9.285236">
        <ele>578.75</ele>
      </trkpt>
      <trkpt lat="42.38407" lon="9.286151">
        <ele>588.5</ele>
      </trkpt>
      <trkpt lat="42.384136" lon="9.286299">
        <ele>589</ele>
      </trkpt>
      <trkpt lat="42.384163" lon="9.286453">
        <ele>588.75</ele>
      </trkpt>
      <trkpt lat="42.384177" lon="9.287258">
        <ele>591.5</ele>
      </trkpt>
      <trkpt lat="42.384162" lon="9.287322">
        <ele>591.75</ele>
      </trkpt>
      <trkpt lat="42.384126" lon="9.287391">
        <ele>592.75</ele>
      </trkpt>
      <trkpt lat="42.384092" lon="9.287433">
        <ele>593.5</ele>
      </trkpt>
      <trkpt lat="42.384038" lon="9.287443">
        <ele>594.25</ele>
      </trkpt>
      <trkpt lat="42.383963" lon="9.287429">
        <ele>595</ele>
      </trkpt>
      <trkpt lat="42.383892" lon="9.287376">
        <ele>595.25</ele>
      </trkpt>
      <trkpt lat="42.383552" lon="9.286905">
        <ele>592.25</ele>
      </trkpt>
      <trkpt lat="42.383421" lon="9.286785">
        <ele>590.75</ele>
      </trkpt>
      <trkpt lat="42.383141" lon="9.286605">
        <ele>586</ele>
      </trkpt>
      <trkpt lat="42.382994" lon="9.286577">
        <ele>584.25</ele>
      </trkpt>
      <trkpt lat="42.382892" lon="9.286599">
        <ele>583.5</ele>
      </trkpt>
      <trkpt lat="42.382801" lon="9.286681">
        <ele>584</ele>
      </trkpt>
      <trkpt lat="42.382651" lon="9.286976">
        <ele>587</ele>
      </trkpt>
      <trkpt lat="42.382452" lon="9.287279">
        <ele>590</ele>
      </trkpt>
      <trkpt lat="42.382354" lon="9.287446">
        <ele>592.5</ele>
      </trkpt>
      <trkpt lat="42.382306" lon="9.28761">
        <ele>594.75</ele>
      </trkpt>
      <trkpt lat="42.382276" lon="9.287767">
        <ele>596.5</ele>
      </trkpt>
      <trkpt lat="42.38232" lon="9.287736">
        <ele>596.25</ele>
      </trkpt>
      <trkpt lat="42.382346" lon="9.287693">
        <ele>595.5</ele>
      </trkpt>
      <trkpt lat="42.382409" lon="9.287474">
        <ele>592.75</ele>
      </trkpt>
      <trkpt lat="42.382485" lon="9.287369">
        <ele>591</ele>
      </trkpt>
      <trkpt lat="42.382637" lon="9.287273">
        <ele>591.25</ele>
      </trkpt>
      <trkpt lat="42.382705" lon="9.287255">
        <ele>591.75</ele>
      </trkpt>
      <trkpt lat="42.382807" lon="9.287257">
        <ele>593</ele>
      </trkpt>
      <trkpt lat="42.382873" lon="9.287296">
        <ele>594.5</ele>
      </trkpt>
      <trkpt lat="42.38294" lon="9.287366">
        <ele>596.5</ele>
      </trkpt>
      <trkpt lat="42.38306" lon="9.287473">
        <ele>599.75</ele>
      </trkpt>
      <trkpt lat="42.383174" lon="9.287516">
        <ele>602</ele>
      </trkpt>
      <trkpt lat="42.383242" lon="9.287518">
        <ele>603</ele>
      </trkpt>
      <trkpt lat="42.383419" lon="9.287451">
        <ele>602</ele>
      </trkpt>
      <trkpt lat="42.383458" lon="9.287448">
        <ele>601.5</ele>
      </trkpt>
      <trkpt lat="42.383504" lon="9.28746">
        <ele>601</ele>
      </trkpt>
      <trkpt lat="42.383606" lon="9.287556">
        <ele>601.25</ele>
      </trkpt>
      <trkpt lat="42.383927" lon="9.287868">
        <ele>605.25</ele>
      </trkpt>
      <trkpt lat="42.384202" lon="9.288221">
        <ele>614.5</ele>
      </trkpt>
      <trkpt lat="42.38427" lon="9.288269">
        <ele>615.5</ele>
      </trkpt>
      <trkpt lat="42.384793" lon="9.288538">
        <ele>621</ele>
      </trkpt>
      <trkpt lat="42.385345" lon="9.28881">
        <ele>629.75</ele>
      </trkpt>
      <trkpt lat="42.385618" lon="9.288882">
        <ele>631.75</ele>
      </trkpt>
      <trkpt lat="42.385825" lon="9.28892">
        <ele>632.5</ele>
      </trkpt>
      <trkpt lat="42.385879" lon="9.288958">
        <ele>634.25</ele>
      </trkpt>
      <trkpt lat="42.385897" lon="9.289008">
        <ele>635.5</ele>
      </trkpt>
      <trkpt lat="42.385885" lon="9.289068">
        <ele>636.5</ele>
      </trkpt>
      <trkpt lat="42.38584" lon="9.289113">
        <ele>636.75</ele>
      </trkpt>
      <trkpt lat="42.385787" lon="9.289109">
        <ele>636.75</ele>
      </trkpt>
      <trkpt lat="42.385678" lon="9.289051">
        <ele>635.75</ele>
      </trkpt>
      <trkpt lat="42.385556" lon="9.288999">
        <ele>634.75</ele>
      </trkpt>
      <trkpt lat="42.385218" lon="9.288902">
        <ele>632.25</ele>
      </trkpt>
      <trkpt lat="42.384875" lon="9.28886">
        <ele>630.75</ele>
      </trkpt>
      <trkpt lat="42.384679" lon="9.288845">
        <ele>629.75</ele>
      </trkpt>
      <trkpt lat="42.38432" lon="9.288791">
        <ele>628</ele>
      </trkpt>
      <trkpt lat="42.384164" lon="9.288797">
        <ele>627.75</ele>
      </trkpt>
      <trkpt lat="42.384051" lon="9.288859">
        <ele>627.75</ele>
      </trkpt>
      <trkpt lat="42.383988" lon="9.288941">
        <ele>628.5</ele>
      </trkpt>
      <trkpt lat="42.383963" lon="9.289019">
        <ele>629.5</ele>
      </trkpt>
      <trkpt lat="42.383987" lon="9.2891">
        <ele>631.5</ele>
      </trkpt>
      <trkpt lat="42.384023" lon="9.28914">
        <ele>632.75</ele>
      </trkpt>
      <trkpt lat="42.384095" lon="9.28911">
        <ele>633.5</ele>
      </trkpt>
      <trkpt lat="42.384153" lon="9.289054">
        <ele>633.25</ele>
      </trkpt>
      <trkpt lat="42.384234" lon="9.289003">
        <ele>632.5</ele>
      </trkpt>
      <trkpt lat="42.384306" lon="9.289008">
        <ele>633</ele>
      </trkpt>
      <trkpt lat="42.384362" lon="9.289012">
        <ele>633.25</ele>
      </trkpt>
      <trkpt lat="42.384665" lon="9.28909">
        <ele>636.75</ele>
      </trkpt>
      <trkpt lat="42.384825" lon="9.28917">
        <ele>640</ele>
      </trkpt>
      <trkpt lat="42.385626" lon="9.289476">
        <ele>650.25</ele>
      </trkpt>
      <trkpt lat="42.38598" lon="9.289561">
        <ele>654.5</ele>
      </trkpt>
      <trkpt lat="42.386146" lon="9.289575">
        <ele>656.25</ele>
      </trkpt>
      <trkpt lat="42.386231" lon="9.289604">
        <ele>657.75</ele>
      </trkpt>
      <trkpt lat="42.386267" lon="9.28966">
        <ele>659.75</ele>
      </trkpt>
      <trkpt lat="42.386238" lon="9.289736">
        <ele>662.25</ele>
      </trkpt>
      <trkpt lat="42.386178" lon="9.289737">
        <ele>662</ele>
      </trkpt>
      <trkpt lat="42.386091" lon="9.289709">
        <ele>660.75</ele>
      </trkpt>
      <trkpt lat="42.385828" lon="9.289657">
        <ele>657.25</ele>
      </trkpt>
      <trkpt lat="42.385537" lon="9.289617">
        <ele>655.5</ele>
      </trkpt>
      <trkpt lat="42.385262" lon="9.289537">
        <ele>652.5</ele>
      </trkpt>
      <trkpt lat="42.385084" lon="9.289495">
        <ele>651</ele>
      </trkpt>
      <trkpt lat="42.384911" lon="9.289485">
        <ele>649.75</ele>
      </trkpt>
      <trkpt lat="42.384519" lon="9.289506">
        <ele>645.75</ele>
      </trkpt>
      <trkpt lat="42.384478" lon="9.289525">
        <ele>645.75</ele>
      </trkpt>
      <trkpt lat="42.384452" lon="9.289555">
        <ele>646</ele>
      </trkpt>
      <trkpt lat="42.384439" lon="9.289598">
        <ele>646.75</ele>
      </trkpt>
      <trkpt lat="42.384445" lon="9.289613">
        <ele>647.25</ele>
      </trkpt>
      <trkpt lat="42.384455" lon="9.289636">
        <ele>647.75</ele>
      </trkpt>
      <trkpt lat="42.3845" lon="9.289649">
        <ele>648.75</ele>
      </trkpt>
      <trkpt lat="42.384596" lon="9.289615">
        <ele>649.25</ele>
      </trkpt>
      <trkpt lat="42.384803" lon="9.289591">
        <ele>651.5</ele>
      </trkpt>
      <trkpt lat="42.384959" lon="9.289592">
        <ele>653.5</ele>
      </trkpt>
      <trkpt lat="42.385255" lon="9.289664">
        <ele>656.75</ele>
      </trkpt>
      <trkpt lat="42.385464" lon="9.289746">
        <ele>660</ele>
      </trkpt>
      <trkpt lat="42.385927" lon="9.289864">
        <ele>665.75</ele>
      </trkpt>
      <trkpt lat="42.386301" lon="9.289906">
        <ele>668.25</ele>
      </trkpt>
      <trkpt lat="42.386402" lon="9.289903">
        <ele>668.5</ele>
      </trkpt>
      <trkpt lat="42.386608" lon="9.289863">
        <ele>667.75</ele>
      </trkpt>
      <trkpt lat="42.386722" lon="9.289858">
        <ele>668</ele>
      </trkpt>
      <trkpt lat="42.387172" lon="9.289995">
        <ele>673</ele>
      </trkpt>
      <trkpt lat="42.387322" lon="9.289989">
        <ele>673.25</ele>
      </trkpt>
      <trkpt lat="42.387555" lon="9.289927">
        <ele>674</ele>
      </trkpt>
      <trkpt lat="42.387722" lon="9.289935">
        <ele>677.75</ele>
      </trkpt>
      <trkpt lat="42.387826" lon="9.289972">
        <ele>680.25</ele>
      </trkpt>
      <trkpt lat="42.387947" lon="9.29006">
        <ele>685.5</ele>
      </trkpt>
      <trkpt lat="42.388027" lon="9.290068">
        <ele>687.5</ele>
      </trkpt>
      <trkpt lat="42.388113" lon="9.290028">
        <ele>687.5</ele>
      </trkpt>
      <trkpt lat="42.388166" lon="9.289944">
        <ele>687</ele>
      </trkpt>
      <trkpt lat="42.388194" lon="9.289805">
        <ele>686.75</ele>
      </trkpt>
      <trkpt lat="42.388197" lon="9.28961">
        <ele>685.75</ele>
      </trkpt>
      <trkpt lat="42.388191" lon="9.28938">
        <ele>684</ele>
      </trkpt>
      <trkpt lat="42.388169" lon="9.289181">
        <ele>682.25</ele>
      </trkpt>
      <trkpt lat="42.388064" lon="9.288934">
        <ele>680.5</ele>
      </trkpt>
      <trkpt lat="42.388002" lon="9.288727">
        <ele>680.25</ele>
      </trkpt>
      <trkpt lat="42.38799" lon="9.288653">
        <ele>680.5</ele>
      </trkpt>
      <trkpt lat="42.387995" lon="9.288064">
        <ele>682.75</ele>
      </trkpt>
      <trkpt lat="42.388069" lon="9.287695">
        <ele>684.25</ele>
      </trkpt>
      <trkpt lat="42.388131" lon="9.287484">
        <ele>685.5</ele>
      </trkpt>
      <trkpt lat="42.388213" lon="9.287311">
        <ele>687.75</ele>
      </trkpt>
      <trkpt lat="42.388322" lon="9.287174">
        <ele>690.5</ele>
      </trkpt>
      <trkpt lat="42.388494" lon="9.28697">
        <ele>696.5</ele>
      </trkpt>
      <trkpt lat="42.3885" lon="9.286911">
        <ele>697</ele>
      </trkpt>
      <trkpt lat="42.38849" lon="9.286814">
        <ele>697</ele>
      </trkpt>
      <trkpt lat="42.388468" lon="9.286734">
        <ele>696.5</ele>
      </trkpt>
      <trkpt lat="42.388352" lon="9.286548">
        <ele>695</ele>
      </trkpt>
      <trkpt lat="42.388314" lon="9.28639">
        <ele>697.5</ele>
      </trkpt>
      <trkpt lat="42.388318" lon="9.286337">
        <ele>698.75</ele>
      </trkpt>
      <trkpt lat="42.388288" lon="9.286252">
        <ele>699.75</ele>
      </trkpt>
      <trkpt lat="42.388014" lon="9.285856">
        <ele>702</ele>
      </trkpt>
      <trkpt lat="42.387644" lon="9.285373">
        <ele>700.5</ele>
      </trkpt>
      <trkpt lat="42.38754" lon="9.285204">
        <ele>700.25</ele>
      </trkpt>
      <trkpt lat="42.387349" lon="9.284752">
        <ele>699.25</ele>
      </trkpt>
      <trkpt lat="42.387319" lon="9.284635">
        <ele>698.75</ele>
      </trkpt>
      <trkpt lat="42.387306" lon="9.284577">
        <ele>698.75</ele>
      </trkpt>
      <trkpt lat="42.387305" lon="9.284535">
        <ele>698.75</ele>
      </trkpt>
      <trkpt lat="42.387314" lon="9.284474">
        <ele>699</ele>
      </trkpt>
      <trkpt lat="42.387543" lon="9.283863">
        <ele>702.75</ele>
      </trkpt>
      <trkpt lat="42.387606" lon="9.283667">
        <ele>702.5</ele>
      </trkpt>
      <trkpt lat="42.387664" lon="9.283534">
        <ele>702.25</ele>
      </trkpt>
      <trkpt lat="42.387812" lon="9.283322">
        <ele>702.5</ele>
      </trkpt>
      <trkpt lat="42.387939" lon="9.283224">
        <ele>702.75</ele>
      </trkpt>
      <trkpt lat="42.38811" lon="9.283178">
        <ele>704.25</ele>
      </trkpt>
      <trkpt lat="42.388331" lon="9.283197">
        <ele>708</ele>
      </trkpt>
      <trkpt lat="42.388835" lon="9.283301">
        <ele>712</ele>
      </trkpt>
      <trkpt lat="42.388974" lon="9.283301">
        <ele>712.5</ele>
      </trkpt>
      <trkpt lat="42.389125" lon="9.28327">
        <ele>712.5</ele>
      </trkpt>
      <trkpt lat="42.389264" lon="9.283205">
        <ele>712.5</ele>
      </trkpt>
      <trkpt lat="42.389751" lon="9.282932">
        <ele>712.25</ele>
      </trkpt>
      <trkpt lat="42.390001" lon="9.282681">
        <ele>710.25</ele>
      </trkpt>
      <trkpt lat="42.390183" lon="9.282477">
        <ele>710</ele>
      </trkpt>
      <trkpt lat="42.390322" lon="9.282377">
        <ele>710.75</ele>
      </trkpt>
      <trkpt lat="42.390425" lon="9.282381">
        <ele>712.75</ele>
      </trkpt>
      <trkpt lat="42.39055" lon="9.282446">
        <ele>716.25</ele>
      </trkpt>
      <trkpt lat="42.390692" lon="9.282486">
        <ele>719.75</ele>
      </trkpt>
      <trkpt lat="42.390808" lon="9.282478">
        <ele>721.75</ele>
      </trkpt>
      <trkpt lat="42.390883" lon="9.282432">
        <ele>722.25</ele>
      </trkpt>
      <trkpt lat="42.390946" lon="9.282365">
        <ele>721.75</ele>
      </trkpt>
      <trkpt lat="42.391058" lon="9.282202">
        <ele>719.75</ele>
      </trkpt>
      <trkpt lat="42.391314" lon="9.282052">
        <ele>720</ele>
      </trkpt>
      <trkpt lat="42.39156" lon="9.281966">
        <ele>721.5</ele>
      </trkpt>
      <trkpt lat="42.3919" lon="9.281885">
        <ele>728</ele>
      </trkpt>
      <trkpt lat="42.392235" lon="9.2817">
        <ele>732.75</ele>
      </trkpt>
      <trkpt lat="42.392439" lon="9.281567">
        <ele>734.5</ele>
      </trkpt>
      <trkpt lat="42.392561" lon="9.281434">
        <ele>733</ele>
      </trkpt>
      <trkpt lat="42.392685" lon="9.281328">
        <ele>731.5</ele>
      </trkpt>
      <trkpt lat="42.392805" lon="9.281251">
        <ele>730.75</ele>
      </trkpt>
      <trkpt lat="42.392887" lon="9.281234">
        <ele>731.5</ele>
      </trkpt>
      <trkpt lat="42.39297" lon="9.281229">
        <ele>732.75</ele>
      </trkpt>
      <trkpt lat="42.393213" lon="9.281273">
        <ele>738.25</ele>
      </trkpt>
      <trkpt lat="42.393304" lon="9.281271">
        <ele>739.5</ele>
      </trkpt>
      <trkpt lat="42.3934" lon="9.281244">
        <ele>739.75</ele>
      </trkpt>
      <trkpt lat="42.393533" lon="9.281162">
        <ele>738.25</ele>
      </trkpt>
      <trkpt lat="42.393649" lon="9.281106">
        <ele>737.5</ele>
      </trkpt>
      <trkpt lat="42.393729" lon="9.281101">
        <ele>738.25</ele>
      </trkpt>
      <trkpt lat="42.393815" lon="9.281113">
        <ele>739.25</ele>
      </trkpt>
      <trkpt lat="42.39393" lon="9.281165">
        <ele>742</ele>
      </trkpt>
      <trkpt lat="42.394213" lon="9.281254">
        <ele>747.5</ele>
      </trkpt>
      <trkpt lat="42.394392" lon="9.281281">
        <ele>749.75</ele>
      </trkpt>
      <trkpt lat="42.394621" lon="9.281266">
        <ele>751.5</ele>
      </trkpt>
      <trkpt lat="42.394741" lon="9.281231">
        <ele>751.5</ele>
      </trkpt>
      <trkpt lat="42.395457" lon="9.280788">
        <ele>754.75</ele>
      </trkpt>
      <trkpt lat="42.395568" lon="9.280709">
        <ele>756.25</ele>
      </trkpt>
      <trkpt lat="42.395639" lon="9.280571">
        <ele>756.25</ele>
      </trkpt>
      <trkpt lat="42.39566" lon="9.28049">
        <ele>755.75</ele>
      </trkpt>
      <trkpt lat="42.395651" lon="9.280332">
        <ele>753.5</ele>
      </trkpt>
      <trkpt lat="42.39566" lon="9.280231">
        <ele>752.5</ele>
      </trkpt>
      <trkpt lat="42.395677" lon="9.280167">
        <ele>752</ele>
      </trkpt>
      <trkpt lat="42.395722" lon="9.280098">
        <ele>752</ele>
      </trkpt>
      <trkpt lat="42.395897" lon="9.279925">
        <ele>754.75</ele>
      </trkpt>
      <trkpt lat="42.395968" lon="9.279837">
        <ele>757</ele>
      </trkpt>
      <trkpt lat="42.396014" lon="9.279728">
        <ele>758.5</ele>
      </trkpt>
      <trkpt lat="42.396043" lon="9.27959">
        <ele>759.25</ele>
      </trkpt>
      <trkpt lat="42.39605" lon="9.279403">
        <ele>759</ele>
      </trkpt>
      <trkpt lat="42.396043" lon="9.279287">
        <ele>758.75</ele>
      </trkpt>
      <trkpt lat="42.395959" lon="9.278652">
        <ele>761.25</ele>
      </trkpt>
      <trkpt lat="42.395957" lon="9.278591">
        <ele>762</ele>
      </trkpt>
      <trkpt lat="42.395972" lon="9.278548">
        <ele>763.25</ele>
      </trkpt>
      <trkpt lat="42.395994" lon="9.278521">
        <ele>764.5</ele>
      </trkpt>
      <trkpt lat="42.396027" lon="9.278519">
        <ele>766</ele>
      </trkpt>
      <trkpt lat="42.396063" lon="9.278544">
        <ele>767</ele>
      </trkpt>
      <trkpt lat="42.396085" lon="9.278579">
        <ele>767.5</ele>
      </trkpt>
      <trkpt lat="42.396103" lon="9.27865">
        <ele>767.5</ele>
      </trkpt>
      <trkpt lat="42.396131" lon="9.278845">
        <ele>766.25</ele>
      </trkpt>
      <trkpt lat="42.396202" lon="9.279107">
        <ele>765.75</ele>
      </trkpt>
      <trkpt lat="42.39634" lon="9.279333">
        <ele>770.5</ele>
      </trkpt>
      <trkpt lat="42.396459" lon="9.279553">
        <ele>774.75</ele>
      </trkpt>
      <trkpt lat="42.396535" lon="9.279796">
        <ele>777</ele>
      </trkpt>
      <trkpt lat="42.396574" lon="9.279965">
        <ele>777.75</ele>
      </trkpt>
      <trkpt lat="42.396576" lon="9.280106">
        <ele>779</ele>
      </trkpt>
      <trkpt lat="42.396557" lon="9.280269">
        <ele>780.5</ele>
      </trkpt>
      <trkpt lat="42.396509" lon="9.280405">
        <ele>780.5</ele>
      </trkpt>
      <trkpt lat="42.3965" lon="9.280466">
        <ele>781</ele>
      </trkpt>
      <trkpt lat="42.3965" lon="9.280541">
        <ele>782</ele>
      </trkpt>
      <trkpt lat="42.396517" lon="9.280577">
        <ele>783</ele>
      </trkpt>
      <trkpt lat="42.396538" lon="9.280596">
        <ele>783.75</ele>
      </trkpt>
      <trkpt lat="42.396567" lon="9.280599">
        <ele>784.75</ele>
      </trkpt>
      <trkpt lat="42.396591" lon="9.280582">
        <ele>785.25</ele>
      </trkpt>
      <trkpt lat="42.39671" lon="9.280372">
        <ele>786.5</ele>
      </trkpt>
      <trkpt lat="42.396865" lon="9.280055">
        <ele>787.25</ele>
      </trkpt>
      <trkpt lat="42.396903" lon="9.279912">
        <ele>788.25</ele>
      </trkpt>
      <trkpt lat="42.3969" lon="9.279842">
        <ele>788.5</ele>
      </trkpt>
      <trkpt lat="42.396858" lon="9.279634">
        <ele>788.5</ele>
      </trkpt>
      <trkpt lat="42.396804" lon="9.279425">
        <ele>787.75</ele>
      </trkpt>
      <trkpt lat="42.396803" lon="9.279362">
        <ele>788</ele>
      </trkpt>
      <trkpt lat="42.396817" lon="9.279302">
        <ele>788.75</ele>
      </trkpt>
      <trkpt lat="42.396859" lon="9.279245">
        <ele>790.5</ele>
      </trkpt>
      <trkpt lat="42.396905" lon="9.279228">
        <ele>792.25</ele>
      </trkpt>
      <trkpt lat="42.396952" lon="9.279256">
        <ele>794</ele>
      </trkpt>
      <trkpt lat="42.39704" lon="9.279335">
        <ele>796.5</ele>
      </trkpt>
      <trkpt lat="42.397093" lon="9.279449">
        <ele>797.5</ele>
      </trkpt>
      <trkpt lat="42.397372" lon="9.279951">
        <ele>801.75</ele>
      </trkpt>
      <trkpt lat="42.397404" lon="9.280048">
        <ele>802.5</ele>
      </trkpt>
      <trkpt lat="42.397425" lon="9.280173">
        <ele>803.75</ele>
      </trkpt>
      <trkpt lat="42.397436" lon="9.280279">
        <ele>804.75</ele>
      </trkpt>
      <trkpt lat="42.397388" lon="9.280492">
        <ele>805</ele>
      </trkpt>
      <trkpt lat="42.397349" lon="9.2807">
        <ele>805.5</ele>
      </trkpt>
      <trkpt lat="42.397296" lon="9.28084">
        <ele>805.25</ele>
      </trkpt>
      <trkpt lat="42.397275" lon="9.280932">
        <ele>807</ele>
      </trkpt>
      <trkpt lat="42.397278" lon="9.280993">
        <ele>808.75</ele>
      </trkpt>
      <trkpt lat="42.397302" lon="9.281032">
        <ele>810</ele>
      </trkpt>
      <trkpt lat="42.397347" lon="9.281046">
        <ele>811.25</ele>
      </trkpt>
      <trkpt lat="42.397384" lon="9.281032">
        <ele>811.75</ele>
      </trkpt>
      <trkpt lat="42.397411" lon="9.28099">
        <ele>811.5</ele>
      </trkpt>
      <trkpt lat="42.39752" lon="9.280665">
        <ele>809.5</ele>
      </trkpt>
      <trkpt lat="42.397717" lon="9.280355">
        <ele>812.5</ele>
      </trkpt>
      <trkpt lat="42.398232" lon="9.279732">
        <ele>823.25</ele>
      </trkpt>
      <trkpt lat="42.398276" lon="9.2797">
        <ele>824.5</ele>
      </trkpt>
      <trkpt lat="42.398323" lon="9.279692">
        <ele>825.5</ele>
      </trkpt>
      <trkpt lat="42.398365" lon="9.279703">
        <ele>825.5</ele>
      </trkpt>
      <trkpt lat="42.398435" lon="9.279738">
        <ele>825</ele>
      </trkpt>
      <trkpt lat="42.398708" lon="9.279967">
        <ele>824.75</ele>
      </trkpt>
      <trkpt lat="42.398842" lon="9.280064">
        <ele>826.5</ele>
      </trkpt>
      <trkpt lat="42.398973" lon="9.280121">
        <ele>828.5</ele>
      </trkpt>
      <trkpt lat="42.399244" lon="9.280186">
        <ele>831</ele>
      </trkpt>
      <trkpt lat="42.399632" lon="9.280314">
        <ele>833.75</ele>
      </trkpt>
      <trkpt lat="42.399738" lon="9.280333">
        <ele>834.25</ele>
      </trkpt>
      <trkpt lat="42.399885" lon="9.280325">
        <ele>833.5</ele>
      </trkpt>
      <trkpt lat="42.400061" lon="9.280391">
        <ele>835</ele>
      </trkpt>
      <trkpt lat="42.400323" lon="9.280448">
        <ele>832.75</ele>
      </trkpt>
      <trkpt lat="42.400469" lon="9.280526">
        <ele>833</ele>
      </trkpt>
      <trkpt lat="42.400542" lon="9.280589">
        <ele>834</ele>
      </trkpt>
      <trkpt lat="42.400581" lon="9.280656">
        <ele>835.75</ele>
      </trkpt>
      <trkpt lat="42.40061" lon="9.280786">
        <ele>839.5</ele>
      </trkpt>
      <trkpt lat="42.40067" lon="9.280979">
        <ele>841.5</ele>
      </trkpt>
      <trkpt lat="42.400832" lon="9.281226">
        <ele>839.75</ele>
      </trkpt>
      <trkpt lat="42.40085" lon="9.281287">
        <ele>839.5</ele>
      </trkpt>
      <trkpt lat="42.40085" lon="9.28134">
        <ele>839.75</ele>
      </trkpt>
      <trkpt lat="42.400833" lon="9.281387">
        <ele>841</ele>
      </trkpt>
      <trkpt lat="42.400796" lon="9.28145">
        <ele>842.5</ele>
      </trkpt>
      <trkpt lat="42.400682" lon="9.281619">
        <ele>848.25</ele>
      </trkpt>
      <trkpt lat="42.400594" lon="9.281706">
        <ele>851.75</ele>
      </trkpt>
      <trkpt lat="42.400539" lon="9.281816">
        <ele>853.25</ele>
      </trkpt>
      <trkpt lat="42.400491" lon="9.281971">
        <ele>854.75</ele>
      </trkpt>
      <trkpt lat="42.400447" lon="9.282189">
        <ele>856</ele>
      </trkpt>
      <trkpt lat="42.400431" lon="9.28238">
        <ele>856.25</ele>
      </trkpt>
      <trkpt lat="42.400433" lon="9.282525">
        <ele>855.25</ele>
      </trkpt>
      <trkpt lat="42.400428" lon="9.282565">
        <ele>854.75</ele>
      </trkpt>
      <trkpt lat="42.400412" lon="9.282613">
        <ele>855</ele>
      </trkpt>
      <trkpt lat="42.400345" lon="9.282696">
        <ele>857.5</ele>
      </trkpt>
      <trkpt lat="42.400293" lon="9.282795">
        <ele>859</ele>
      </trkpt>
      <trkpt lat="42.400177" lon="9.282979">
        <ele>863.5</ele>
      </trkpt>
      <trkpt lat="42.400135" lon="9.283154">
        <ele>863.25</ele>
      </trkpt>
      <trkpt lat="42.400107" lon="9.283382">
        <ele>860.75</ele>
      </trkpt>
      <trkpt lat="42.400002" lon="9.283687">
        <ele>859.25</ele>
      </trkpt>
      <trkpt lat="42.399898" lon="9.283902">
        <ele>858.5</ele>
      </trkpt>
      <trkpt lat="42.399739" lon="9.284076">
        <ele>862.5</ele>
      </trkpt>
      <trkpt lat="42.399608" lon="9.284317">
        <ele>864</ele>
      </trkpt>
      <trkpt lat="42.39944" lon="9.284683">
        <ele>865.5</ele>
      </trkpt>
      <trkpt lat="42.399249" lon="9.285561">
        <ele>860</ele>
      </trkpt>
      <trkpt lat="42.399264" lon="9.28583">
        <ele>854.25</ele>
      </trkpt>
      <trkpt lat="42.399322" lon="9.286089">
        <ele>848</ele>
      </trkpt>
      <trkpt lat="42.399364" lon="9.286341">
        <ele>843</ele>
      </trkpt>
      <trkpt lat="42.399351" lon="9.286931">
        <ele>838.25</ele>
      </trkpt>
      <trkpt lat="42.399352" lon="9.2872">
        <ele>835.75</ele>
      </trkpt>
      <trkpt lat="42.399419" lon="9.287565">
        <ele>829.5</ele>
      </trkpt>
      <trkpt lat="42.399433" lon="9.28772">
        <ele>828.5</ele>
      </trkpt>
      <trkpt lat="42.39944" lon="9.287999">
        <ele>827.75</ele>
      </trkpt>
      <trkpt lat="42.399502" lon="9.288286">
        <ele>823.75</ele>
      </trkpt>
      <trkpt lat="42.399526" lon="9.288471">
        <ele>821.5</ele>
      </trkpt>
      <trkpt lat="42.39953" lon="9.288712">
        <ele>820.25</ele>
      </trkpt>
      <trkpt lat="42.39955" lon="9.288918">
        <ele>818</ele>
      </trkpt>
      <trkpt lat="42.399624" lon="9.289431">
        <ele>809.75</ele>
      </trkpt>
      <trkpt lat="42.399633" lon="9.289582">
        <ele>807.5</ele>
      </trkpt>
      <trkpt lat="42.399608" lon="9.290039">
        <ele>803.5</ele>
      </trkpt>
      <trkpt lat="42.399595" lon="9.290187">
        <ele>801.5</ele>
      </trkpt>
      <trkpt lat="42.399586" lon="9.290284">
        <ele>800.25</ele>
      </trkpt>
      <trkpt lat="42.399582" lon="9.290657">
        <ele>794</ele>
      </trkpt>
      <trkpt lat="42.399539" lon="9.290784">
        <ele>793.75</ele>
      </trkpt>
      <trkpt lat="42.39951" lon="9.290829">
        <ele>794.25</ele>
      </trkpt>
      <trkpt lat="42.399085" lon="9.291096">
        <ele>803.5</ele>
      </trkpt>
      <trkpt lat="42.398905" lon="9.291324">
        <ele>802.25</ele>
      </trkpt>
      <trkpt lat="42.398803" lon="9.291613">
        <ele>798</ele>
      </trkpt>
      <trkpt lat="42.398772" lon="9.291867">
        <ele>793</ele>
      </trkpt>
      <trkpt lat="42.398746" lon="9.292006">
        <ele>790.25</ele>
      </trkpt>
      <trkpt lat="42.398675" lon="9.292137">
        <ele>789</ele>
      </trkpt>
      <trkpt lat="42.398569" lon="9.29218">
        <ele>790.75</ele>
      </trkpt>
      <trkpt lat="42.398416" lon="9.29218">
        <ele>794.5</ele>
      </trkpt>
      <trkpt lat="42.398301" lon="9.292228">
        <ele>796.5</ele>
      </trkpt>
      <trkpt lat="42.3979" lon="9.292788">
        <ele>799.25</ele>
      </trkpt>
      <trkpt lat="42.397818" lon="9.29298">
        <ele>799.75</ele>
      </trkpt>
      <trkpt lat="42.397813" lon="9.293067">
        <ele>798.75</ele>
      </trkpt>
      <trkpt lat="42.39783" lon="9.293166">
        <ele>797</ele>
      </trkpt>
      <trkpt lat="42.397858" lon="9.293266">
        <ele>794.75</ele>
      </trkpt>
      <trkpt lat="42.397907" lon="9.293367">
        <ele>792.75</ele>
      </trkpt>
      <trkpt lat="42.398129" lon="9.293707">
        <ele>791.25</ele>
      </trkpt>
      <trkpt lat="42.398308" lon="9.293956">
        <ele>789.25</ele>
      </trkpt>
      <trkpt lat="42.398511" lon="9.294419">
        <ele>789.75</ele>
      </trkpt>
      <trkpt lat="42.398621" lon="9.294546">
        <ele>787.75</ele>
      </trkpt>
      <trkpt lat="42.398804" lon="9.294715">
        <ele>783.25</ele>
      </trkpt>
      <trkpt lat="42.398874" lon="9.294806">
        <ele>782</ele>
      </trkpt>
      <trkpt lat="42.398884" lon="9.294853">
        <ele>782.25</ele>
      </trkpt>
      <trkpt lat="42.398889" lon="9.294942">
        <ele>783.25</ele>
      </trkpt>
      <trkpt lat="42.398878" lon="9.294994">
        <ele>784.5</ele>
      </trkpt>
      <trkpt lat="42.398738" lon="9.295198">
        <ele>789.75</ele>
      </trkpt>
      <trkpt lat="42.398547" lon="9.295546">
        <ele>795</ele>
      </trkpt>
      <trkpt lat="42.398505" lon="9.295672">
        <ele>795.5</ele>
      </trkpt>
      <trkpt lat="42.398497" lon="9.295806">
        <ele>794.75</ele>
      </trkpt>
      <trkpt lat="42.398554" lon="9.295913">
        <ele>793.75</ele>
      </trkpt>
      <trkpt lat="42.398597" lon="9.295949">
        <ele>793.25</ele>
      </trkpt>
      <trkpt lat="42.398664" lon="9.295928">
        <ele>791.5</ele>
      </trkpt>
      <trkpt lat="42.398874" lon="9.2958">
        <ele>784.5</ele>
      </trkpt>
      <trkpt lat="42.398952" lon="9.295781">
        <ele>782.5</ele>
      </trkpt>
      <trkpt lat="42.39917" lon="9.2958">
        <ele>776.75</ele>
      </trkpt>
      <trkpt lat="42.399532" lon="9.295896">
        <ele>776</ele>
      </trkpt>
      <trkpt lat="42.399794" lon="9.295893">
        <ele>774</ele>
      </trkpt>
      <trkpt lat="42.399867" lon="9.295887">
        <ele>773.25</ele>
      </trkpt>
      <trkpt lat="42.399931" lon="9.295903">
        <ele>773.25</ele>
      </trkpt>
      <trkpt lat="42.400016" lon="9.295945">
        <ele>774</ele>
      </trkpt>
      <trkpt lat="42.400116" lon="9.296007">
        <ele>776</ele>
      </trkpt>
      <trkpt lat="42.400187" lon="9.296012">
        <ele>776.5</ele>
      </trkpt>
      <trkpt lat="42.400249" lon="9.295982">
        <ele>776.25</ele>
      </trkpt>
      <trkpt lat="42.400347" lon="9.29589">
        <ele>775.25</ele>
      </trkpt>
      <trkpt lat="42.400395" lon="9.295844">
        <ele>774.75</ele>
      </trkpt>
      <trkpt lat="42.400425" lon="9.295775">
        <ele>774.25</ele>
      </trkpt>
      <trkpt lat="42.40043" lon="9.295691">
        <ele>773.25</ele>
      </trkpt>
      <trkpt lat="42.400416" lon="9.29558">
        <ele>771.75</ele>
      </trkpt>
      <trkpt lat="42.400429" lon="9.295462">
        <ele>770.5</ele>
      </trkpt>
      <trkpt lat="42.400448" lon="9.295392">
        <ele>770</ele>
      </trkpt>
      <trkpt lat="42.400518" lon="9.29526">
        <ele>769.5</ele>
      </trkpt>
      <trkpt lat="42.400535" lon="9.295209">
        <ele>769.25</ele>
      </trkpt>
      <trkpt lat="42.400539" lon="9.295112">
        <ele>768.25</ele>
      </trkpt>
      <trkpt lat="42.400521" lon="9.294554">
        <ele>761.75</ele>
      </trkpt>
      <trkpt lat="42.400532" lon="9.294293">
        <ele>759.25</ele>
      </trkpt>
      <trkpt lat="42.400545" lon="9.294168">
        <ele>758.25</ele>
      </trkpt>
      <trkpt lat="42.400602" lon="9.293993">
        <ele>756.75</ele>
      </trkpt>
      <trkpt lat="42.400654" lon="9.2939">
        <ele>756.25</ele>
      </trkpt>
      <trkpt lat="42.400798" lon="9.293733">
        <ele>755.75</ele>
      </trkpt>
      <trkpt lat="42.400882" lon="9.293618">
        <ele>757</ele>
      </trkpt>
      <trkpt lat="42.400933" lon="9.293499">
        <ele>757.75</ele>
      </trkpt>
      <trkpt lat="42.401117" lon="9.292912">
        <ele>753.5</ele>
      </trkpt>
      <trkpt lat="42.401268" lon="9.292687">
        <ele>752.75</ele>
      </trkpt>
      <trkpt lat="42.401418" lon="9.292527">
        <ele>752.25</ele>
      </trkpt>
      <trkpt lat="42.401914" lon="9.292212">
        <ele>755.25</ele>
      </trkpt>
      <trkpt lat="42.402047" lon="9.292111">
        <ele>754.25</ele>
      </trkpt>
      <trkpt lat="42.402187" lon="9.291955">
        <ele>749.25</ele>
      </trkpt>
      <trkpt lat="42.402342" lon="9.291761">
        <ele>740.25</ele>
      </trkpt>
      <trkpt lat="42.402595" lon="9.291423">
        <ele>734</ele>
      </trkpt>
      <trkpt lat="42.402638" lon="9.291376">
        <ele>734</ele>
      </trkpt>
      <trkpt lat="42.403555" lon="9.290394">
        <ele>734.75</ele>
      </trkpt>
      <trkpt lat="42.403979" lon="9.289878">
        <ele>729</ele>
      </trkpt>
      <trkpt lat="42.404217" lon="9.289638">
        <ele>727.75</ele>
      </trkpt>
      <trkpt lat="42.404441" lon="9.289349">
        <ele>725.75</ele>
      </trkpt>
      <trkpt lat="42.404551" lon="9.289118">
        <ele>720.5</ele>
      </trkpt>
      <trkpt lat="42.404654" lon="9.288753">
        <ele>713.25</ele>
      </trkpt>
      <trkpt lat="42.404722" lon="9.288645">
        <ele>712.5</ele>
      </trkpt>
      <trkpt lat="42.40508" lon="9.288243">
        <ele>713.5</ele>
      </trkpt>
      <trkpt lat="42.40524" lon="9.288082">
        <ele>715</ele>
      </trkpt>
      <trkpt lat="42.405425" lon="9.287779">
        <ele>712.75</ele>
      </trkpt>
      <trkpt lat="42.406231" lon="9.286797">
        <ele>708.25</ele>
      </trkpt>
      <trkpt lat="42.406381" lon="9.28659">
        <ele>706.75</ele>
      </trkpt>
      <trkpt lat="42.406504" lon="9.286352">
        <ele>702</ele>
      </trkpt>
      <trkpt lat="42.406725" lon="9.286146">
        <ele>700.75</ele>
      </trkpt>
      <trkpt lat="42.407187" lon="9.285797">
        <ele>700</ele>
      </trkpt>
      <trkpt lat="42.407377" lon="9.285698">
        <ele>701.5</ele>
      </trkpt>
      <trkpt lat="42.407706" lon="9.285542">
        <ele>703.5</ele>
      </trkpt>
      <trkpt lat="42.408183" lon="9.285225">
        <ele>700.75</ele>
      </trkpt>
      <trkpt lat="42.408685" lon="9.284802">
        <ele>696.5</ele>
      </trkpt>
      <trkpt lat="42.409156" lon="9.284405">
        <ele>695.75</ele>
      </trkpt>
      <trkpt lat="42.409346" lon="9.284072">
        <ele>690.25</ele>
      </trkpt>
      <trkpt lat="42.409497" lon="9.283896">
        <ele>687.75</ele>
      </trkpt>
      <trkpt lat="42.410155" lon="9.283555">
        <ele>686.5</ele>
      </trkpt>
      <trkpt lat="42.410505" lon="9.283429">
        <ele>688</ele>
      </trkpt>
      <trkpt lat="42.410665" lon="9.28334">
        <ele>687.5</ele>
      </trkpt>
      <trkpt lat="42.411249" lon="9.282941">
        <ele>686.25</ele>
      </trkpt>
      <trkpt lat="42.411319" lon="9.282866">
        <ele>685.5</ele>
      </trkpt>
      <trkpt lat="42.411373" lon="9.282772">
        <ele>684.25</ele>
      </trkpt>
      <trkpt lat="42.411443" lon="9.282596">
        <ele>681.5</ele>
      </trkpt>
      <trkpt lat="42.411478" lon="9.282476">
        <ele>679.5</ele>
      </trkpt>
      <trkpt lat="42.411556" lon="9.282357">
        <ele>678.75</ele>
      </trkpt>
      <trkpt lat="42.411652" lon="9.282321">
        <ele>680</ele>
      </trkpt>
      <trkpt lat="42.411743" lon="9.282311">
        <ele>679</ele>
      </trkpt>
      <trkpt lat="42.411848" lon="9.282327">
        <ele>677.75</ele>
      </trkpt>
      <trkpt lat="42.411978" lon="9.282369">
        <ele>676.5</ele>
      </trkpt>
      <trkpt lat="42.412095" lon="9.282448">
        <ele>676.5</ele>
      </trkpt>
      <trkpt lat="42.412066" lon="9.282526">
        <ele>678.75</ele>
      </trkpt>
      <trkpt lat="42.412075" lon="9.282594">
        <ele>679.75</ele>
      </trkpt>
      <trkpt lat="42.412119" lon="9.282722">
        <ele>681.5</ele>
      </trkpt>
      <trkpt lat="42.412245" lon="9.282888">
        <ele>682.75</ele>
      </trkpt>
      <trkpt lat="42.412348" lon="9.283068">
        <ele>684</ele>
      </trkpt>
      <trkpt lat="42.412419" lon="9.283289">
        <ele>686.75</ele>
      </trkpt>
      <trkpt lat="42.412479" lon="9.283547">
        <ele>692</ele>
      </trkpt>
      <trkpt lat="42.412552" lon="9.283716">
        <ele>694.25</ele>
      </trkpt>
      <trkpt lat="42.412669" lon="9.283866">
        <ele>694.75</ele>
      </trkpt>
      <trkpt lat="42.412914" lon="9.284107">
        <ele>693.75</ele>
      </trkpt>
      <trkpt lat="42.413382" lon="9.284743">
        <ele>698</ele>
      </trkpt>
      <trkpt lat="42.413557" lon="9.284957">
        <ele>699.25</ele>
      </trkpt>
      <trkpt lat="42.413609" lon="9.284991">
        <ele>698.75</ele>
      </trkpt>
      <trkpt lat="42.413677" lon="9.284995">
        <ele>696.75</ele>
      </trkpt>
      <trkpt lat="42.413856" lon="9.284961">
        <ele>690.75</ele>
      </trkpt>
      <trkpt lat="42.413955" lon="9.284992">
        <ele>688.75</ele>
      </trkpt>
      <trkpt lat="42.414026" lon="9.285046">
        <ele>688.75</ele>
      </trkpt>
      <trkpt lat="42.414128" lon="9.285274">
        <ele>695</ele>
      </trkpt>
      <trkpt lat="42.414336" lon="9.285501">
        <ele>700</ele>
      </trkpt>
      <trkpt lat="42.414457" lon="9.285588">
        <ele>701.5</ele>
      </trkpt>
      <trkpt lat="42.414622" lon="9.28564">
        <ele>700.5</ele>
      </trkpt>
      <trkpt lat="42.415097" lon="9.2857">
        <ele>694</ele>
      </trkpt>
      <trkpt lat="42.415189" lon="9.285747">
        <ele>693.5</ele>
      </trkpt>
      <trkpt lat="42.415275" lon="9.285825">
        <ele>694.25</ele>
      </trkpt>
      <trkpt lat="42.415511" lon="9.286334">
        <ele>701.75</ele>
      </trkpt>
      <trkpt lat="42.415607" lon="9.286563">
        <ele>704</ele>
      </trkpt>
      <trkpt lat="42.415634" lon="9.286683">
        <ele>705.75</ele>
      </trkpt>
      <trkpt lat="42.41564" lon="9.286814">
        <ele>708</ele>
      </trkpt>
      <trkpt lat="42.415614" lon="9.286957">
        <ele>711.75</ele>
      </trkpt>
      <trkpt lat="42.415471" lon="9.287308">
        <ele>722.25</ele>
      </trkpt>
      <trkpt lat="42.415469" lon="9.287429">
        <ele>724</ele>
      </trkpt>
      <trkpt lat="42.4155" lon="9.287495">
        <ele>724.5</ele>
      </trkpt>
      <trkpt lat="42.415576" lon="9.287544">
        <ele>724</ele>
      </trkpt>
      <trkpt lat="42.415658" lon="9.287544">
        <ele>722.25</ele>
      </trkpt>
      <trkpt lat="42.415808" lon="9.287491">
        <ele>717.25</ele>
      </trkpt>
      <trkpt lat="42.41589" lon="9.287475">
        <ele>716.75</ele>
      </trkpt>
      <trkpt lat="42.415988" lon="9.287472">
        <ele>717.75</ele>
      </trkpt>
      <trkpt lat="42.41607" lon="9.287444">
        <ele>717.75</ele>
      </trkpt>
      <trkpt lat="42.416491" lon="9.287179">
        <ele>712</ele>
      </trkpt>
      <trkpt lat="42.416628" lon="9.287123">
        <ele>710.25</ele>
      </trkpt>
      <trkpt lat="42.417163" lon="9.28712">
        <ele>717</ele>
      </trkpt>
      <trkpt lat="42.417432" lon="9.287191">
        <ele>723.25</ele>
      </trkpt>
      <trkpt lat="42.417952" lon="9.287127">
        <ele>724.75</ele>
      </trkpt>
      <trkpt lat="42.418197" lon="9.287035">
        <ele>724.5</ele>
      </trkpt>
      <trkpt lat="42.4183" lon="9.286981">
        <ele>724.5</ele>
      </trkpt>
      <trkpt lat="42.418362" lon="9.286976">
        <ele>724.5</ele>
      </trkpt>
      <trkpt lat="42.418738" lon="9.287166">
        <ele>724</ele>
      </trkpt>
      <trkpt lat="42.418844" lon="9.287185">
        <ele>723.25</ele>
      </trkpt>
      <trkpt lat="42.419104" lon="9.287198">
        <ele>721.25</ele>
      </trkpt>
      <trkpt lat="42.419214" lon="9.287248">
        <ele>720.25</ele>
      </trkpt>
      <trkpt lat="42.419318" lon="9.28734">
        <ele>718.5</ele>
      </trkpt>
      <trkpt lat="42.419468" lon="9.287565">
        <ele>717.25</ele>
      </trkpt>
      <trkpt lat="42.419593" lon="9.287855">
        <ele>715.75</ele>
      </trkpt>
      <trkpt lat="42.41964" lon="9.288079">
        <ele>716</ele>
      </trkpt>
      <trkpt lat="42.419627" lon="9.2883">
        <ele>718.5</ele>
      </trkpt>
      <trkpt lat="42.419577" lon="9.288465">
        <ele>719.5</ele>
      </trkpt>
      <trkpt lat="42.419397" lon="9.288712">
        <ele>724</ele>
      </trkpt>
      <trkpt lat="42.419053" lon="9.28906">
        <ele>734</ele>
      </trkpt>
      <trkpt lat="42.41884" lon="9.289409">
        <ele>740.75</ele>
      </trkpt>
      <trkpt lat="42.418798" lon="9.289581">
        <ele>742</ele>
      </trkpt>
      <trkpt lat="42.418812" lon="9.289769">
        <ele>741</ele>
      </trkpt>
      <trkpt lat="42.418866" lon="9.289938">
        <ele>738.25</ele>
      </trkpt>
      <trkpt lat="42.418949" lon="9.290097">
        <ele>734.5</ele>
      </trkpt>
      <trkpt lat="42.41899" lon="9.290212">
        <ele>732.75</ele>
      </trkpt>
      <trkpt lat="42.418992" lon="9.290327">
        <ele>732.5</ele>
      </trkpt>
      <trkpt lat="42.418953" lon="9.290478">
        <ele>733.75</ele>
      </trkpt>
      <trkpt lat="42.418949" lon="9.290596">
        <ele>733.75</ele>
      </trkpt>
      <trkpt lat="42.418991" lon="9.290698">
        <ele>731.75</ele>
      </trkpt>
      <trkpt lat="42.41902" lon="9.290825">
        <ele>730.25</ele>
      </trkpt>
      <trkpt lat="42.418966" lon="9.291011">
        <ele>729.25</ele>
      </trkpt>
      <trkpt lat="42.418875" lon="9.29119">
        <ele>729.75</ele>
      </trkpt>
      <trkpt lat="42.418541" lon="9.291586">
        <ele>738.25</ele>
      </trkpt>
      <trkpt lat="42.418355" lon="9.291845">
        <ele>741.25</ele>
      </trkpt>
      <trkpt lat="42.418201" lon="9.292098">
        <ele>741</ele>
      </trkpt>
      <trkpt lat="42.418128" lon="9.292189">
        <ele>741.5</ele>
      </trkpt>
      <trkpt lat="42.418052" lon="9.292225">
        <ele>743.5</ele>
      </trkpt>
      <trkpt lat="42.417901" lon="9.292239">
        <ele>749.25</ele>
      </trkpt>
      <trkpt lat="42.417813" lon="9.292288">
        <ele>751.5</ele>
      </trkpt>
      <trkpt lat="42.417698" lon="9.29241">
        <ele>752.5</ele>
      </trkpt>
      <trkpt lat="42.417512" lon="9.29271">
        <ele>755.75</ele>
      </trkpt>
      <trkpt lat="42.417326" lon="9.293083">
        <ele>761</ele>
      </trkpt>
      <trkpt lat="42.417315" lon="9.293176">
        <ele>760.5</ele>
      </trkpt>
      <trkpt lat="42.417348" lon="9.293247">
        <ele>758.25</ele>
      </trkpt>
      <trkpt lat="42.417934" lon="9.293519">
        <ele>746.25</ele>
      </trkpt>
      <trkpt lat="42.418309" lon="9.293878">
        <ele>749</ele>
      </trkpt>
      <trkpt lat="42.418435" lon="9.293916">
        <ele>748.5</ele>
      </trkpt>
      <trkpt lat="42.418598" lon="9.293936">
        <ele>747</ele>
      </trkpt>
      <trkpt lat="42.418923" lon="9.293947">
        <ele>743</ele>
      </trkpt>
      <trkpt lat="42.419129" lon="9.293885">
        <ele>739</ele>
      </trkpt>
      <trkpt lat="42.419297" lon="9.293844">
        <ele>735.25</ele>
      </trkpt>
      <trkpt lat="42.419457" lon="9.293847">
        <ele>732.75</ele>
      </trkpt>
      <trkpt lat="42.419508" lon="9.293917">
        <ele>732.75</ele>
      </trkpt>
      <trkpt lat="42.419506" lon="9.294015">
        <ele>734.25</ele>
      </trkpt>
      <trkpt lat="42.419455" lon="9.294196">
        <ele>737.5</ele>
      </trkpt>
      <trkpt lat="42.419223" lon="9.294645">
        <ele>744</ele>
      </trkpt>
      <trkpt lat="42.418673" lon="9.296056">
        <ele>757.25</ele>
      </trkpt>
      <trkpt lat="42.418595" lon="9.296229">
        <ele>757.75</ele>
      </trkpt>
      <trkpt lat="42.418231" lon="9.296755">
        <ele>763.75</ele>
      </trkpt>
      <trkpt lat="42.418112" lon="9.297087">
        <ele>767.25</ele>
      </trkpt>
      <trkpt lat="42.418086" lon="9.2972">
        <ele>767.5</ele>
      </trkpt>
      <trkpt lat="42.418084" lon="9.297271">
        <ele>767</ele>
      </trkpt>
      <trkpt lat="42.418108" lon="9.297342">
        <ele>765</ele>
      </trkpt>
      <trkpt lat="42.41815" lon="9.297382">
        <ele>762.75</ele>
      </trkpt>
      <trkpt lat="42.418307" lon="9.297479">
        <ele>754.25</ele>
      </trkpt>
      <trkpt lat="42.418364" lon="9.297534">
        <ele>752.5</ele>
      </trkpt>
      <trkpt lat="42.418396" lon="9.297609">
        <ele>753</ele>
      </trkpt>
      <trkpt lat="42.41848" lon="9.298449">
        <ele>764</ele>
      </trkpt>
      <trkpt lat="42.418521" lon="9.299019">
        <ele>768.25</ele>
      </trkpt>
      <trkpt lat="42.41858" lon="9.299212">
        <ele>769</ele>
      </trkpt>
      <trkpt lat="42.418818" lon="9.299543">
        <ele>769.25</ele>
      </trkpt>
      <trkpt lat="42.418942" lon="9.299645">
        <ele>768.25</ele>
      </trkpt>
      <trkpt lat="42.419071" lon="9.299838">
        <ele>768.25</ele>
      </trkpt>
      <trkpt lat="42.419107" lon="9.299865">
        <ele>768.25</ele>
      </trkpt>
      <trkpt lat="42.419145" lon="9.299879">
        <ele>768.25</ele>
      </trkpt>
      <trkpt lat="42.41919" lon="9.299876">
        <ele>768.25</ele>
      </trkpt>
      <trkpt lat="42.419307" lon="9.299741">
        <ele>769.25</ele>
      </trkpt>
      <trkpt lat="42.419387" lon="9.29956">
        <ele>768.25</ele>
      </trkpt>
      <trkpt lat="42.419446" lon="9.299306">
        <ele>765.5</ele>
      </trkpt>
      <trkpt lat="42.41945" lon="9.299109">
        <ele>762</ele>
      </trkpt>
      <trkpt lat="42.419441" lon="9.298976">
        <ele>759.75</ele>
      </trkpt>
      <trkpt lat="42.419457" lon="9.298773">
        <ele>756.75</ele>
      </trkpt>
      <trkpt lat="42.419521" lon="9.298546">
        <ele>754.25</ele>
      </trkpt>
      <trkpt lat="42.419605" lon="9.29838">
        <ele>753.25</ele>
      </trkpt>
      <trkpt lat="42.419703" lon="9.298326">
        <ele>754</ele>
      </trkpt>
      <trkpt lat="42.419904" lon="9.298299">
        <ele>757.25</ele>
      </trkpt>
      <trkpt lat="42.420173" lon="9.298218">
        <ele>758.25</ele>
      </trkpt>
      <trkpt lat="42.420235" lon="9.298245">
        <ele>759</ele>
      </trkpt>
      <trkpt lat="42.420508" lon="9.298496">
        <ele>766.5</ele>
      </trkpt>
      <trkpt lat="42.420844" lon="9.298681">
        <ele>774.25</ele>
      </trkpt>
      <trkpt lat="42.420935" lon="9.298697">
        <ele>777</ele>
      </trkpt>
      <trkpt lat="42.420996" lon="9.298661">
        <ele>777.75</ele>
      </trkpt>
      <trkpt lat="42.421027" lon="9.298575">
        <ele>776.5</ele>
      </trkpt>
      <trkpt lat="42.42098" lon="9.298083">
        <ele>765.25</ele>
      </trkpt>
      <trkpt lat="42.421003" lon="9.297869">
        <ele>762.75</ele>
      </trkpt>
      <trkpt lat="42.421058" lon="9.297631">
        <ele>761</ele>
      </trkpt>
      <trkpt lat="42.421111" lon="9.297469">
        <ele>760.25</ele>
      </trkpt>
      <trkpt lat="42.421167" lon="9.297397">
        <ele>760.75</ele>
      </trkpt>
      <trkpt lat="42.421318" lon="9.297294">
        <ele>763.5</ele>
      </trkpt>
      <trkpt lat="42.42152" lon="9.297197">
        <ele>768</ele>
      </trkpt>
      <trkpt lat="42.421735" lon="9.29711">
        <ele>772.75</ele>
      </trkpt>
      <trkpt lat="42.421797" lon="9.297044">
        <ele>772.75</ele>
      </trkpt>
      <trkpt lat="42.421912" lon="9.29668">
        <ele>767.75</ele>
      </trkpt>
      <trkpt lat="42.42201" lon="9.2965">
        <ele>765.75</ele>
      </trkpt>
      <trkpt lat="42.422135" lon="9.296341">
        <ele>764.75</ele>
      </trkpt>
      <trkpt lat="42.422332" lon="9.296232">
        <ele>766.25</ele>
      </trkpt>
      <trkpt lat="42.422502" lon="9.296213">
        <ele>769.5</ele>
      </trkpt>
      <trkpt lat="42.422631" lon="9.296239">
        <ele>770.5</ele>
      </trkpt>
      <trkpt lat="42.422744" lon="9.296279">
        <ele>771.75</ele>
      </trkpt>
      <trkpt lat="42.422852" lon="9.296266">
        <ele>771.75</ele>
      </trkpt>
      <trkpt lat="42.422995" lon="9.296206">
        <ele>771</ele>
      </trkpt>
      <trkpt lat="42.423146" lon="9.296076">
        <ele>769.75</ele>
      </trkpt>
      <trkpt lat="42.423218" lon="9.29604">
        <ele>769.5</ele>
      </trkpt>
      <trkpt lat="42.423294" lon="9.296052">
        <ele>770.25</ele>
      </trkpt>
      <trkpt lat="42.42333" lon="9.296119">
        <ele>771.25</ele>
      </trkpt>
      <trkpt lat="42.423572" lon="9.29721">
        <ele>785.5</ele>
      </trkpt>
      <trkpt lat="42.423637" lon="9.297326">
        <ele>787</ele>
      </trkpt>
      <trkpt lat="42.423714" lon="9.297381">
        <ele>786.75</ele>
      </trkpt>
      <trkpt lat="42.423804" lon="9.297376">
        <ele>785.25</ele>
      </trkpt>
      <trkpt lat="42.423923" lon="9.297321">
        <ele>782</ele>
      </trkpt>
      <trkpt lat="42.424055" lon="9.29721">
        <ele>777.25</ele>
      </trkpt>
      <trkpt lat="42.424305" lon="9.297032">
        <ele>770.25</ele>
      </trkpt>
      <trkpt lat="42.424417" lon="9.297018">
        <ele>769.25</ele>
      </trkpt>
      <trkpt lat="42.424507" lon="9.297071">
        <ele>769.75</ele>
      </trkpt>
      <trkpt lat="42.424709" lon="9.297335">
        <ele>774</ele>
      </trkpt>
      <trkpt lat="42.424923" lon="9.297444">
        <ele>774.5</ele>
      </trkpt>
      <trkpt lat="42.425037" lon="9.297531">
        <ele>773.5</ele>
      </trkpt>
      <trkpt lat="42.4251" lon="9.297648">
        <ele>771.5</ele>
      </trkpt>
      <trkpt lat="42.425111" lon="9.29776">
        <ele>771.25</ele>
      </trkpt>
      <trkpt lat="42.425092" lon="9.297886">
        <ele>772.5</ele>
      </trkpt>
      <trkpt lat="42.42501" lon="9.298132">
        <ele>777.5</ele>
      </trkpt>
      <trkpt lat="42.424968" lon="9.298447">
        <ele>778.25</ele>
      </trkpt>
      <trkpt lat="42.42496" lon="9.298656">
        <ele>775.5</ele>
      </trkpt>
      <trkpt lat="42.424912" lon="9.298842">
        <ele>774.75</ele>
      </trkpt>
      <trkpt lat="42.42479" lon="9.299204">
        <ele>776.5</ele>
      </trkpt>
      <trkpt lat="42.424659" lon="9.299536">
        <ele>781</ele>
      </trkpt>
      <trkpt lat="42.424593" lon="9.299667">
        <ele>783.75</ele>
      </trkpt>
      <trkpt lat="42.424527" lon="9.299773">
        <ele>786.75</ele>
      </trkpt>
      <trkpt lat="42.424503" lon="9.299847">
        <ele>787.75</ele>
      </trkpt>
      <trkpt lat="42.424498" lon="9.29995">
        <ele>787.5</ele>
      </trkpt>
      <trkpt lat="42.424504" lon="9.300117">
        <ele>788.25</ele>
      </trkpt>
      <trkpt lat="42.424522" lon="9.300277">
        <ele>789</ele>
      </trkpt>
      <trkpt lat="42.424595" lon="9.300738">
        <ele>790</ele>
      </trkpt>
      <trkpt lat="42.424661" lon="9.30105">
        <ele>790.25</ele>
      </trkpt>
      <trkpt lat="42.424775" lon="9.301326">
        <ele>787.25</ele>
      </trkpt>
      <trkpt lat="42.424833" lon="9.301524">
        <ele>786.5</ele>
      </trkpt>
      <trkpt lat="42.424845" lon="9.301676">
        <ele>788</ele>
      </trkpt>
      <trkpt lat="42.424844" lon="9.301916">
        <ele>795.25</ele>
      </trkpt>
      <trkpt lat="42.42491" lon="9.302023">
        <ele>795</ele>
      </trkpt>
      <trkpt lat="42.42499" lon="9.302057">
        <ele>792</ele>
      </trkpt>
      <trkpt lat="42.425193" lon="9.302178">
        <ele>790</ele>
      </trkpt>
      <trkpt lat="42.425305" lon="9.302285">
        <ele>790.5</ele>
      </trkpt>
      <trkpt lat="42.425445" lon="9.302469">
        <ele>792.5</ele>
      </trkpt>
      <trkpt lat="42.425565" lon="9.302649">
        <ele>797.25</ele>
      </trkpt>
      <trkpt lat="42.425694" lon="9.302735">
        <ele>797.5</ele>
      </trkpt>
      <trkpt lat="42.425843" lon="9.302795">
        <ele>795.75</ele>
      </trkpt>
      <trkpt lat="42.426125" lon="9.302857">
        <ele>795.25</ele>
      </trkpt>
      <trkpt lat="42.426298" lon="9.302834">
        <ele>792.5</ele>
      </trkpt>
      <trkpt lat="42.42659" lon="9.302701">
        <ele>784.75</ele>
      </trkpt>
      <trkpt lat="42.426684" lon="9.302689">
        <ele>783.25</ele>
      </trkpt>
      <trkpt lat="42.426773" lon="9.30273">
        <ele>781.75</ele>
      </trkpt>
      <trkpt lat="42.426928" lon="9.302859">
        <ele>780.75</ele>
      </trkpt>
      <trkpt lat="42.427179" lon="9.303366">
        <ele>786.25</ele>
      </trkpt>
      <trkpt lat="42.427263" lon="9.303673">
        <ele>791.75</ele>
      </trkpt>
      <trkpt lat="42.427335" lon="9.303982">
        <ele>797</ele>
      </trkpt>
      <trkpt lat="42.427381" lon="9.304209">
        <ele>801.25</ele>
      </trkpt>
      <trkpt lat="42.427438" lon="9.304288">
        <ele>801.75</ele>
      </trkpt>
      <trkpt lat="42.42754" lon="9.304391">
        <ele>802.25</ele>
      </trkpt>
      <trkpt lat="42.427696" lon="9.304435">
        <ele>799.5</ele>
      </trkpt>
      <trkpt lat="42.428043" lon="9.304639">
        <ele>798</ele>
      </trkpt>
      <trkpt lat="42.428287" lon="9.304842">
        <ele>799.5</ele>
      </trkpt>
      <trkpt lat="42.4284" lon="9.304904">
        <ele>800.25</ele>
      </trkpt>
      <trkpt lat="42.428497" lon="9.304932">
        <ele>800.5</ele>
      </trkpt>
      <trkpt lat="42.42897" lon="9.30497">
        <ele>798.25</ele>
      </trkpt>
      <trkpt lat="42.429435" lon="9.304983">
        <ele>796.5</ele>
      </trkpt>
      <trkpt lat="42.42954" lon="9.304979">
        <ele>796</ele>
      </trkpt>
      <trkpt lat="42.429776" lon="9.304926">
        <ele>793.5</ele>
      </trkpt>
      <trkpt lat="42.429856" lon="9.304948">
        <ele>794</ele>
      </trkpt>
      <trkpt lat="42.429979" lon="9.305058">
        <ele>796.75</ele>
      </trkpt>
      <trkpt lat="42.430171" lon="9.30521">
        <ele>795.25</ele>
      </trkpt>
      <trkpt lat="42.430255" lon="9.3053">
        <ele>794</ele>
      </trkpt>
      <trkpt lat="42.430274" lon="9.305373">
        <ele>794</ele>
      </trkpt>
      <trkpt lat="42.430272" lon="9.305455">
        <ele>794.25</ele>
      </trkpt>
      <trkpt lat="42.430231" lon="9.305623">
        <ele>796.25</ele>
      </trkpt>
      <trkpt lat="42.430179" lon="9.305936">
        <ele>796.5</ele>
      </trkpt>
      <trkpt lat="42.429966" lon="9.30625">
        <ele>795</ele>
      </trkpt>
      <trkpt lat="42.429688" lon="9.306518">
        <ele>792.5</ele>
      </trkpt>
      <trkpt lat="42.429571" lon="9.306586">
        <ele>792.75</ele>
      </trkpt>
      <trkpt lat="42.429366" lon="9.306636">
        <ele>795</ele>
      </trkpt>
      <trkpt lat="42.428881" lon="9.306703">
        <ele>801</ele>
      </trkpt>
      <trkpt lat="42.428501" lon="9.306885">
        <ele>799.75</ele>
      </trkpt>
      <trkpt lat="42.428192" lon="9.307194">
        <ele>794.25</ele>
      </trkpt>
      <trkpt lat="42.427729" lon="9.307475">
        <ele>794.5</ele>
      </trkpt>
      <trkpt lat="42.427444" lon="9.307746">
        <ele>793.25</ele>
      </trkpt>
      <trkpt lat="42.427119" lon="9.307789">
        <ele>802.75</ele>
      </trkpt>
      <trkpt lat="42.427026" lon="9.307833">
        <ele>804.75</ele>
      </trkpt>
      <trkpt lat="42.426973" lon="9.307906">
        <ele>805.25</ele>
      </trkpt>
      <trkpt lat="42.426927" lon="9.308131">
        <ele>803</ele>
      </trkpt>
      <trkpt lat="42.426911" lon="9.308409">
        <ele>800</ele>
      </trkpt>
      <trkpt lat="42.426917" lon="9.308487">
        <ele>799.5</ele>
      </trkpt>
      <trkpt lat="42.426962" lon="9.308735">
        <ele>797.25</ele>
      </trkpt>
      <trkpt lat="42.427029" lon="9.308969">
        <ele>794</ele>
      </trkpt>
      <trkpt lat="42.427188" lon="9.309368">
        <ele>791.25</ele>
      </trkpt>
      <trkpt lat="42.427228" lon="9.309441">
        <ele>791.25</ele>
      </trkpt>
      <trkpt lat="42.427288" lon="9.3095">
        <ele>790.25</ele>
      </trkpt>
      <trkpt lat="42.427344" lon="9.309535">
        <ele>788.75</ele>
      </trkpt>
      <trkpt lat="42.427583" lon="9.309629">
        <ele>782</ele>
      </trkpt>
      <trkpt lat="42.427817" lon="9.309805">
        <ele>777.5</ele>
      </trkpt>
      <trkpt lat="42.427891" lon="9.309899">
        <ele>776.75</ele>
      </trkpt>
      <trkpt lat="42.42805" lon="9.310378">
        <ele>778.75</ele>
      </trkpt>
      <trkpt lat="42.428142" lon="9.310488">
        <ele>776.5</ele>
      </trkpt>
      <trkpt lat="42.428222" lon="9.310671">
        <ele>775.75</ele>
      </trkpt>
      <trkpt lat="42.428258" lon="9.310911">
        <ele>776.75</ele>
      </trkpt>
      <trkpt lat="42.428273" lon="9.311547">
        <ele>778.5</ele>
      </trkpt>
      <trkpt lat="42.428317" lon="9.311922">
        <ele>775.75</ele>
      </trkpt>
      <trkpt lat="42.428233" lon="9.312626">
        <ele>774</ele>
      </trkpt>
      <trkpt lat="42.428254" lon="9.312898">
        <ele>774</ele>
      </trkpt>
      <trkpt lat="42.428332" lon="9.313114">
        <ele>772.75</ele>
      </trkpt>
      <trkpt lat="42.428435" lon="9.313199">
        <ele>774.5</ele>
      </trkpt>
      <trkpt lat="42.428507" lon="9.313233">
        <ele>775.75</ele>
      </trkpt>
      <trkpt lat="42.42859" lon="9.313234">
        <ele>777.25</ele>
      </trkpt>
      <trkpt lat="42.428691" lon="9.313193">
        <ele>778.75</ele>
      </trkpt>
      <trkpt lat="42.428747" lon="9.313113">
        <ele>779.25</ele>
      </trkpt>
      <trkpt lat="42.428779" lon="9.312993">
        <ele>779.25</ele>
      </trkpt>
      <trkpt lat="42.428822" lon="9.312814">
        <ele>778.75</ele>
      </trkpt>
      <trkpt lat="42.428966" lon="9.312378">
        <ele>778.75</ele>
      </trkpt>
      <trkpt lat="42.429" lon="9.311882">
        <ele>778.75</ele>
      </trkpt>
      <trkpt lat="42.429041" lon="9.311628">
        <ele>778.25</ele>
      </trkpt>
      <trkpt lat="42.429264" lon="9.311023">
        <ele>775</ele>
      </trkpt>
      <trkpt lat="42.429414" lon="9.310663">
        <ele>775.5</ele>
      </trkpt>
      <trkpt lat="42.429532" lon="9.310342">
        <ele>774</ele>
      </trkpt>
      <trkpt lat="42.429592" lon="9.310144">
        <ele>772.25</ele>
      </trkpt>
      <trkpt lat="42.429653" lon="9.31001">
        <ele>771.25</ele>
      </trkpt>
      <trkpt lat="42.429707" lon="9.309973">
        <ele>771.75</ele>
      </trkpt>
      <trkpt lat="42.429857" lon="9.309958">
        <ele>774.75</ele>
      </trkpt>
      <trkpt lat="42.430296" lon="9.310044">
        <ele>778.75</ele>
      </trkpt>
      <trkpt lat="42.430619" lon="9.310108">
        <ele>778.5</ele>
      </trkpt>
      <trkpt lat="42.430767" lon="9.310182">
        <ele>780.25</ele>
      </trkpt>
      <trkpt lat="42.430888" lon="9.310319">
        <ele>784.5</ele>
      </trkpt>
      <trkpt lat="42.431187" lon="9.310859">
        <ele>797.5</ele>
      </trkpt>
      <trkpt lat="42.431416" lon="9.311121">
        <ele>798.25</ele>
      </trkpt>
      <trkpt lat="42.43153" lon="9.31122">
        <ele>798</ele>
      </trkpt>
      <trkpt lat="42.431612" lon="9.311249">
        <ele>796.75</ele>
      </trkpt>
      <trkpt lat="42.431664" lon="9.311238">
        <ele>795.25</ele>
      </trkpt>
      <trkpt lat="42.431722" lon="9.311211">
        <ele>795</ele>
      </trkpt>
      <trkpt lat="42.431772" lon="9.311175">
        <ele>794.75</ele>
      </trkpt>
      <trkpt lat="42.431837" lon="9.311075">
        <ele>793.25</ele>
      </trkpt>
      <trkpt lat="42.431905" lon="9.310985">
        <ele>792</ele>
      </trkpt>
      <trkpt lat="42.432072" lon="9.310804">
        <ele>790</ele>
      </trkpt>
      <trkpt lat="42.432152" lon="9.310704">
        <ele>788.75</ele>
      </trkpt>
      <trkpt lat="42.43222" lon="9.310652">
        <ele>788.25</ele>
      </trkpt>
      <trkpt lat="42.432274" lon="9.310623">
        <ele>788.25</ele>
      </trkpt>
      <trkpt lat="42.432353" lon="9.310617">
        <ele>789.25</ele>
      </trkpt>
      <trkpt lat="42.432437" lon="9.310638">
        <ele>790.75</ele>
      </trkpt>
      <trkpt lat="42.432573" lon="9.310694">
        <ele>794.25</ele>
      </trkpt>
      <trkpt lat="42.432641" lon="9.310702">
        <ele>796</ele>
      </trkpt>
      <trkpt lat="42.432885" lon="9.310668">
        <ele>800.5</ele>
      </trkpt>
      <trkpt lat="42.433014" lon="9.310623">
        <ele>802.5</ele>
      </trkpt>
      <trkpt lat="42.433063" lon="9.310565">
        <ele>802.5</ele>
      </trkpt>
      <trkpt lat="42.433103" lon="9.310487">
        <ele>802</ele>
      </trkpt>
      <trkpt lat="42.433125" lon="9.310391">
        <ele>801</ele>
      </trkpt>
      <trkpt lat="42.433137" lon="9.310285">
        <ele>799.5</ele>
      </trkpt>
      <trkpt lat="42.433138" lon="9.310155">
        <ele>797.25</ele>
      </trkpt>
      <trkpt lat="42.433127" lon="9.310019">
        <ele>794.5</ele>
      </trkpt>
      <trkpt lat="42.433076" lon="9.309705">
        <ele>786.25</ele>
      </trkpt>
      <trkpt lat="42.433079" lon="9.309653">
        <ele>785.25</ele>
      </trkpt>
      <trkpt lat="42.433092" lon="9.309612">
        <ele>784.75</ele>
      </trkpt>
      <trkpt lat="42.433109" lon="9.30959">
        <ele>784.75</ele>
      </trkpt>
      <trkpt lat="42.433139" lon="9.309567">
        <ele>784.75</ele>
      </trkpt>
      <trkpt lat="42.433174" lon="9.309553">
        <ele>785.25</ele>
      </trkpt>
      <trkpt lat="42.433221" lon="9.309553">
        <ele>786.5</ele>
      </trkpt>
      <trkpt lat="42.43328" lon="9.309568">
        <ele>788.25</ele>
      </trkpt>
      <trkpt lat="42.433515" lon="9.309705">
        <ele>794</ele>
      </trkpt>
      <trkpt lat="42.433573" lon="9.309739">
        <ele>795.5</ele>
      </trkpt>
      <trkpt lat="42.434283" lon="9.310036">
        <ele>811.5</ele>
      </trkpt>
      <trkpt lat="42.434493" lon="9.310098">
        <ele>816</ele>
      </trkpt>
      <trkpt lat="42.43456" lon="9.310093">
        <ele>815.75</ele>
      </trkpt>
      <trkpt lat="42.434586" lon="9.310083">
        <ele>815.75</ele>
      </trkpt>
      <trkpt lat="42.434669" lon="9.310002">
        <ele>815.5</ele>
      </trkpt>
      <trkpt lat="42.43481" lon="9.309778">
        <ele>815.5</ele>
      </trkpt>
      <trkpt lat="42.434839" lon="9.30971">
        <ele>815.5</ele>
      </trkpt>
      <trkpt lat="42.434857" lon="9.309646">
        <ele>815.25</ele>
      </trkpt>
      <trkpt lat="42.434867" lon="9.309537">
        <ele>814.5</ele>
      </trkpt>
      <trkpt lat="42.434868" lon="9.309437">
        <ele>813.75</ele>
      </trkpt>
      <trkpt lat="42.434843" lon="9.308816">
        <ele>804</ele>
      </trkpt>
      <trkpt lat="42.434847" lon="9.308671">
        <ele>801.75</ele>
      </trkpt>
      <trkpt lat="42.43488" lon="9.308565">
        <ele>801</ele>
      </trkpt>
      <trkpt lat="42.434936" lon="9.308501">
        <ele>801.75</ele>
      </trkpt>
      <trkpt lat="42.435035" lon="9.308431">
        <ele>803.25</ele>
      </trkpt>
      <trkpt lat="42.435136" lon="9.308381">
        <ele>803.5</ele>
      </trkpt>
      <trkpt lat="42.435551" lon="9.308239">
        <ele>805.25</ele>
      </trkpt>
      <trkpt lat="42.435663" lon="9.308221">
        <ele>806.25</ele>
      </trkpt>
      <trkpt lat="42.435773" lon="9.308231">
        <ele>808</ele>
      </trkpt>
      <trkpt lat="42.435855" lon="9.308258">
        <ele>809.75</ele>
      </trkpt>
      <trkpt lat="42.435931" lon="9.308302">
        <ele>812</ele>
      </trkpt>
      <trkpt lat="42.436223" lon="9.30853">
        <ele>822.25</ele>
      </trkpt>
      <trkpt lat="42.436347" lon="9.308635">
        <ele>825.75</ele>
      </trkpt>
      <trkpt lat="42.436462" lon="9.308711">
        <ele>828.25</ele>
      </trkpt>
      <trkpt lat="42.436495" lon="9.308726">
        <ele>828.75</ele>
      </trkpt>
      <trkpt lat="42.436527" lon="9.308728">
        <ele>828.25</ele>
      </trkpt>
      <trkpt lat="42.43657" lon="9.308713">
        <ele>827.75</ele>
      </trkpt>
      <trkpt lat="42.436633" lon="9.308634">
        <ele>826.75</ele>
      </trkpt>
      <trkpt lat="42.436684" lon="9.30851">
        <ele>825.75</ele>
      </trkpt>
      <trkpt lat="42.436693" lon="9.308461">
        <ele>825.25</ele>
      </trkpt>
      <trkpt lat="42.436688" lon="9.308343">
        <ele>825.5</ele>
      </trkpt>
      <trkpt lat="42.436603" lon="9.307973">
        <ele>818.5</ele>
      </trkpt>
      <trkpt lat="42.436602" lon="9.307897">
        <ele>817.25</ele>
      </trkpt>
      <trkpt lat="42.436616" lon="9.307826">
        <ele>816.5</ele>
      </trkpt>
      <trkpt lat="42.436669" lon="9.307727">
        <ele>816.25</ele>
      </trkpt>
      <trkpt lat="42.436703" lon="9.307671">
        <ele>815.75</ele>
      </trkpt>
      <trkpt lat="42.436757" lon="9.307619">
        <ele>815.5</ele>
      </trkpt>
      <trkpt lat="42.43681" lon="9.307598">
        <ele>815.5</ele>
      </trkpt>
      <trkpt lat="42.437184" lon="9.307556">
        <ele>818</ele>
      </trkpt>
      <trkpt lat="42.437412" lon="9.307563">
        <ele>820.25</ele>
      </trkpt>
      <trkpt lat="42.437517" lon="9.307597">
        <ele>822.25</ele>
      </trkpt>
      <trkpt lat="42.437826" lon="9.30774">
        <ele>831.5</ele>
      </trkpt>
      <trkpt lat="42.438018" lon="9.307885">
        <ele>837.25</ele>
      </trkpt>
      <trkpt lat="42.438144" lon="9.307903">
        <ele>839</ele>
      </trkpt>
      <trkpt lat="42.43821" lon="9.307837">
        <ele>838.75</ele>
      </trkpt>
      <trkpt lat="42.438241" lon="9.307667">
        <ele>836.5</ele>
      </trkpt>
      <trkpt lat="42.438213" lon="9.307383">
        <ele>835</ele>
      </trkpt>
      <trkpt lat="42.438158" lon="9.30696">
        <ele>838.25</ele>
      </trkpt>
      <trkpt lat="42.438136" lon="9.306872">
        <ele>838.5</ele>
      </trkpt>
      <trkpt lat="42.438095" lon="9.30678">
        <ele>837.75</ele>
      </trkpt>
      <trkpt lat="42.437778" lon="9.306297">
        <ele>837.5</ele>
      </trkpt>
      <trkpt lat="42.437243" lon="9.30566">
        <ele>833.5</ele>
      </trkpt>
      <trkpt lat="42.437157" lon="9.305529">
        <ele>832</ele>
      </trkpt>
      <trkpt lat="42.437107" lon="9.305388">
        <ele>832.5</ele>
      </trkpt>
      <trkpt lat="42.437056" lon="9.305172">
        <ele>834.5</ele>
      </trkpt>
      <trkpt lat="42.437073" lon="9.305088">
        <ele>837</ele>
      </trkpt>
      <trkpt lat="42.437025" lon="9.304926">
        <ele>837</ele>
      </trkpt>
      <trkpt lat="42.436952" lon="9.304339">
        <ele>836.25</ele>
      </trkpt>
      <trkpt lat="42.436838" lon="9.30371">
        <ele>838.25</ele>
      </trkpt>
      <trkpt lat="42.436801" lon="9.303601">
        <ele>838</ele>
      </trkpt>
      <trkpt lat="42.436675" lon="9.303375">
        <ele>834.75</ele>
      </trkpt>
      <trkpt lat="42.436471" lon="9.303147">
        <ele>831.75</ele>
      </trkpt>
      <trkpt lat="42.436318" lon="9.302944">
        <ele>830.75</ele>
      </trkpt>
      <trkpt lat="42.436237" lon="9.302826">
        <ele>830</ele>
      </trkpt>
      <trkpt lat="42.436181" lon="9.302699">
        <ele>831</ele>
      </trkpt>
      <trkpt lat="42.436079" lon="9.302345">
        <ele>834.75</ele>
      </trkpt>
      <trkpt lat="42.436011" lon="9.302159">
        <ele>835.25</ele>
      </trkpt>
      <trkpt lat="42.435973" lon="9.302091">
        <ele>834.75</ele>
      </trkpt>
      <trkpt lat="42.435928" lon="9.302038">
        <ele>833.5</ele>
      </trkpt>
      <trkpt lat="42.435869" lon="9.302005">
        <ele>831.25</ele>
      </trkpt>
      <trkpt lat="42.435607" lon="9.301955">
        <ele>819.5</ele>
      </trkpt>
      <trkpt lat="42.435514" lon="9.301928">
        <ele>815.75</ele>
      </trkpt>
      <trkpt lat="42.435446" lon="9.301893">
        <ele>813.75</ele>
      </trkpt>
      <trkpt lat="42.435391" lon="9.301843">
        <ele>813</ele>
      </trkpt>
      <trkpt lat="42.435335" lon="9.301768">
        <ele>813</ele>
      </trkpt>
      <trkpt lat="42.435193" lon="9.301499">
        <ele>811.75</ele>
      </trkpt>
      <trkpt lat="42.435146" lon="9.301383">
        <ele>810.5</ele>
      </trkpt>
      <trkpt lat="42.435125" lon="9.301245">
        <ele>810.75</ele>
      </trkpt>
      <trkpt lat="42.435112" lon="9.301073">
        <ele>811.5</ele>
      </trkpt>
      <trkpt lat="42.435107" lon="9.300729">
        <ele>813</ele>
      </trkpt>
      <trkpt lat="42.435089" lon="9.300317">
        <ele>811.75</ele>
      </trkpt>
      <trkpt lat="42.435089" lon="9.300156">
        <ele>811.5</ele>
      </trkpt>
      <trkpt lat="42.435102" lon="9.300038">
        <ele>811.75</ele>
      </trkpt>
      <trkpt lat="42.435222" lon="9.299465">
        <ele>814.75</ele>
      </trkpt>
      <trkpt lat="42.43522" lon="9.299301">
        <ele>814.25</ele>
      </trkpt>
      <trkpt lat="42.435162" lon="9.298941">
        <ele>812.5</ele>
      </trkpt>
      <trkpt lat="42.435115" lon="9.29873">
        <ele>811.5</ele>
      </trkpt>
      <trkpt lat="42.435073" lon="9.298432">
        <ele>811</ele>
      </trkpt>
      <trkpt lat="42.435036" lon="9.297995">
        <ele>811.25</ele>
      </trkpt>
      <trkpt lat="42.434962" lon="9.297394">
        <ele>813.25</ele>
      </trkpt>
      <trkpt lat="42.434942" lon="9.297322">
        <ele>814.5</ele>
      </trkpt>
      <trkpt lat="42.434889" lon="9.297215">
        <ele>815.25</ele>
      </trkpt>
      <trkpt lat="42.434852" lon="9.297175">
        <ele>815</ele>
      </trkpt>
      <trkpt lat="42.434796" lon="9.297133">
        <ele>814</ele>
      </trkpt>
      <trkpt lat="42.43463" lon="9.297009">
        <ele>811.25</ele>
      </trkpt>
      <trkpt lat="42.434449" lon="9.296943">
        <ele>806.5</ele>
      </trkpt>
      <trkpt lat="42.434096" lon="9.296865">
        <ele>796.25</ele>
      </trkpt>
      <trkpt lat="42.433975" lon="9.296811">
        <ele>793.75</ele>
      </trkpt>
      <trkpt lat="42.433926" lon="9.296763">
        <ele>793</ele>
      </trkpt>
      <trkpt lat="42.433887" lon="9.29668">
        <ele>793.5</ele>
      </trkpt>
      <trkpt lat="42.433876" lon="9.296626">
        <ele>794</ele>
      </trkpt>
      <trkpt lat="42.433875" lon="9.296577">
        <ele>794.5</ele>
      </trkpt>
      <trkpt lat="42.433894" lon="9.296289">
        <ele>799</ele>
      </trkpt>
      <trkpt lat="42.433889" lon="9.296209">
        <ele>799.75</ele>
      </trkpt>
      <trkpt lat="42.433866" lon="9.296106">
        <ele>800.25</ele>
      </trkpt>
      <trkpt lat="42.433757" lon="9.295865">
        <ele>798.75</ele>
      </trkpt>
      <trkpt lat="42.433658" lon="9.29567">
        <ele>794</ele>
      </trkpt>
      <trkpt lat="42.433631" lon="9.295563">
        <ele>792</ele>
      </trkpt>
      <trkpt lat="42.433625" lon="9.295459">
        <ele>791</ele>
      </trkpt>
      <trkpt lat="42.43366" lon="9.295316">
        <ele>791.5</ele>
      </trkpt>
      <trkpt lat="42.433945" lon="9.294846">
        <ele>800.25</ele>
      </trkpt>
      <trkpt lat="42.434108" lon="9.29463">
        <ele>806.25</ele>
      </trkpt>
      <trkpt lat="42.43417" lon="9.294533">
        <ele>808.25</ele>
      </trkpt>
      <trkpt lat="42.434179" lon="9.294415">
        <ele>808.25</ele>
      </trkpt>
      <trkpt lat="42.434154" lon="9.294271">
        <ele>806.75</ele>
      </trkpt>
      <trkpt lat="42.434006" lon="9.293876">
        <ele>806.5</ele>
      </trkpt>
      <trkpt lat="42.433732" lon="9.293497">
        <ele>803.75</ele>
      </trkpt>
      <trkpt lat="42.433481" lon="9.293245">
        <ele>798.25</ele>
      </trkpt>
      <trkpt lat="42.433307" lon="9.293104">
        <ele>793.75</ele>
      </trkpt>
      <trkpt lat="42.433074" lon="9.292932">
        <ele>791</ele>
      </trkpt>
      <trkpt lat="42.433001" lon="9.292857">
        <ele>790.5</ele>
      </trkpt>
      <trkpt lat="42.432976" lon="9.292787">
        <ele>791</ele>
      </trkpt>
      <trkpt lat="42.432958" lon="9.292711">
        <ele>791.5</ele>
      </trkpt>
      <trkpt lat="42.432964" lon="9.292597">
        <ele>793.25</ele>
      </trkpt>
      <trkpt lat="42.433043" lon="9.292454">
        <ele>795.25</ele>
      </trkpt>
      <trkpt lat="42.433236" lon="9.292261">
        <ele>795.5</ele>
      </trkpt>
      <trkpt lat="42.433413" lon="9.29205">
        <ele>795.75</ele>
      </trkpt>
      <trkpt lat="42.433458" lon="9.2919">
        <ele>794.5</ele>
      </trkpt>
      <trkpt lat="42.433556" lon="9.291463">
        <ele>786.75</ele>
      </trkpt>
      <trkpt lat="42.433609" lon="9.291349">
        <ele>784.25</ele>
      </trkpt>
      <trkpt lat="42.433666" lon="9.291289">
        <ele>783.5</ele>
      </trkpt>
      <trkpt lat="42.433751" lon="9.291231">
        <ele>783.25</ele>
      </trkpt>
      <trkpt lat="42.43384" lon="9.291199">
        <ele>783.75</ele>
      </trkpt>
      <trkpt lat="42.433994" lon="9.29116">
        <ele>785.25</ele>
      </trkpt>
      <trkpt lat="42.434736" lon="9.291156">
        <ele>790.75</ele>
      </trkpt>
      <trkpt lat="42.434911" lon="9.291118">
        <ele>790.5</ele>
      </trkpt>
      <trkpt lat="42.435068" lon="9.290991">
        <ele>789</ele>
      </trkpt>
      <trkpt lat="42.435128" lon="9.290851">
        <ele>786.75</ele>
      </trkpt>
      <trkpt lat="42.435164" lon="9.290321">
        <ele>782.75</ele>
      </trkpt>
      <trkpt lat="42.435122" lon="9.290142">
        <ele>779.75</ele>
      </trkpt>
      <trkpt lat="42.43495" lon="9.289777">
        <ele>773.25</ele>
      </trkpt>
      <trkpt lat="42.434903" lon="9.289564">
        <ele>771.5</ele>
      </trkpt>
      <trkpt lat="42.434905" lon="9.28937">
        <ele>771.25</ele>
      </trkpt>
      <trkpt lat="42.434942" lon="9.289179">
        <ele>772</ele>
      </trkpt>
      <trkpt lat="42.435055" lon="9.288965">
        <ele>771.25</ele>
      </trkpt>
      <trkpt lat="42.435476" lon="9.288522">
        <ele>770.25</ele>
      </trkpt>
      <trkpt lat="42.436023" lon="9.288211">
        <ele>769.5</ele>
      </trkpt>
      <trkpt lat="42.436143" lon="9.288162">
        <ele>768</ele>
      </trkpt>
      <trkpt lat="42.436284" lon="9.288129">
        <ele>766.75</ele>
      </trkpt>
      <trkpt lat="42.436455" lon="9.288184">
        <ele>766.75</ele>
      </trkpt>
      <trkpt lat="42.436643" lon="9.28834">
        <ele>768</ele>
      </trkpt>
      <trkpt lat="42.43691" lon="9.28873">
        <ele>770.75</ele>
      </trkpt>
      <trkpt lat="42.43704" lon="9.289005">
        <ele>772.75</ele>
      </trkpt>
      <trkpt lat="42.437213" lon="9.289298">
        <ele>773.75</ele>
      </trkpt>
      <trkpt lat="42.437267" lon="9.289429">
        <ele>774.75</ele>
      </trkpt>
      <trkpt lat="42.437314" lon="9.289625">
        <ele>777.25</ele>
      </trkpt>
      <trkpt lat="42.437386" lon="9.289764">
        <ele>778</ele>
      </trkpt>
      <trkpt lat="42.437462" lon="9.289829">
        <ele>777</ele>
      </trkpt>
      <trkpt lat="42.437593" lon="9.289825">
        <ele>777.75</ele>
      </trkpt>
      <trkpt lat="42.437699" lon="9.28967">
        <ele>777.75</ele>
      </trkpt>
      <trkpt lat="42.437774" lon="9.289485">
        <ele>776.5</ele>
      </trkpt>
      <trkpt lat="42.437807" lon="9.289326">
        <ele>774.75</ele>
      </trkpt>
      <trkpt lat="42.437814" lon="9.288897">
        <ele>768.75</ele>
      </trkpt>
      <trkpt lat="42.437877" lon="9.288466">
        <ele>764.25</ele>
      </trkpt>
      <trkpt lat="42.438126" lon="9.287953">
        <ele>759</ele>
      </trkpt>
      <trkpt lat="42.438343" lon="9.28762">
        <ele>752.5</ele>
      </trkpt>
      <trkpt lat="42.438575" lon="9.287432">
        <ele>750.5</ele>
      </trkpt>
      <trkpt lat="42.438877" lon="9.287331">
        <ele>752</ele>
      </trkpt>
      <trkpt lat="42.439141" lon="9.287314">
        <ele>754.75</ele>
      </trkpt>
      <trkpt lat="42.439371" lon="9.287273">
        <ele>754.5</ele>
      </trkpt>
      <trkpt lat="42.43966" lon="9.287087">
        <ele>751.5</ele>
      </trkpt>
      <trkpt lat="42.439876" lon="9.287006">
        <ele>751</ele>
      </trkpt>
      <trkpt lat="42.440083" lon="9.287009">
        <ele>753.25</ele>
      </trkpt>
      <trkpt lat="42.44025" lon="9.286949">
        <ele>755.25</ele>
      </trkpt>
      <trkpt lat="42.440343" lon="9.286824">
        <ele>755.5</ele>
      </trkpt>
      <trkpt lat="42.440376" lon="9.286705">
        <ele>755</ele>
      </trkpt>
      <trkpt lat="42.440379" lon="9.28658">
        <ele>753.75</ele>
      </trkpt>
      <trkpt lat="42.440298" lon="9.286218">
        <ele>748.5</ele>
      </trkpt>
      <trkpt lat="42.44028" lon="9.285936">
        <ele>745.25</ele>
      </trkpt>
      <trkpt lat="42.440156" lon="9.285082">
        <ele>734.5</ele>
      </trkpt>
      <trkpt lat="42.440173" lon="9.284903">
        <ele>733</ele>
      </trkpt>
      <trkpt lat="42.440318" lon="9.284401">
        <ele>728.75</ele>
      </trkpt>
      <trkpt lat="42.440406" lon="9.284286">
        <ele>728.25</ele>
      </trkpt>
      <trkpt lat="42.440505" lon="9.284234">
        <ele>728.75</ele>
      </trkpt>
      <trkpt lat="42.440612" lon="9.284277">
        <ele>731</ele>
      </trkpt>
      <trkpt lat="42.440809" lon="9.284439">
        <ele>737.75</ele>
      </trkpt>
      <trkpt lat="42.441001" lon="9.284713">
        <ele>743.5</ele>
      </trkpt>
      <trkpt lat="42.441096" lon="9.284838">
        <ele>746</ele>
      </trkpt>
      <trkpt lat="42.441188" lon="9.284854">
        <ele>746</ele>
      </trkpt>
      <trkpt lat="42.441258" lon="9.284832">
        <ele>745.25</ele>
      </trkpt>
      <trkpt lat="42.441761" lon="9.284544">
        <ele>738.75</ele>
      </trkpt>
      <trkpt lat="42.441852" lon="9.284502">
        <ele>740.5</ele>
      </trkpt>
      <trkpt lat="42.441933" lon="9.284423">
        <ele>741.5</ele>
      </trkpt>
      <trkpt lat="42.44196" lon="9.284336">
        <ele>740.75</ele>
      </trkpt>
      <trkpt lat="42.441953" lon="9.284243">
        <ele>738.75</ele>
      </trkpt>
      <trkpt lat="42.44184" lon="9.283898">
        <ele>729.25</ele>
      </trkpt>
      <trkpt lat="42.441814" lon="9.283756">
        <ele>726.25</ele>
      </trkpt>
      <trkpt lat="42.441823" lon="9.283642">
        <ele>725.25</ele>
      </trkpt>
      <trkpt lat="42.44192" lon="9.283287">
        <ele>724.5</ele>
      </trkpt>
      <trkpt lat="42.441923" lon="9.283176">
        <ele>723.25</ele>
      </trkpt>
      <trkpt lat="42.441874" lon="9.282951">
        <ele>718.75</ele>
      </trkpt>
      <trkpt lat="42.441857" lon="9.282814">
        <ele>716.5</ele>
      </trkpt>
      <trkpt lat="42.441871" lon="9.282654">
        <ele>715</ele>
      </trkpt>
      <trkpt lat="42.441947" lon="9.282502">
        <ele>715.25</ele>
      </trkpt>
      <trkpt lat="42.442222" lon="9.282181">
        <ele>716.25</ele>
      </trkpt>
      <trkpt lat="42.442429" lon="9.281976">
        <ele>715.5</ele>
      </trkpt>
      <trkpt lat="42.442524" lon="9.281936">
        <ele>716</ele>
      </trkpt>
      <trkpt lat="42.442611" lon="9.28194">
        <ele>717.5</ele>
      </trkpt>
      <trkpt lat="42.442842" lon="9.282036">
        <ele>723.25</ele>
      </trkpt>
      <trkpt lat="42.442946" lon="9.282047">
        <ele>725</ele>
      </trkpt>
      <trkpt lat="42.44303" lon="9.282003">
        <ele>725</ele>
      </trkpt>
      <trkpt lat="42.443145" lon="9.281809">
        <ele>722.25</ele>
      </trkpt>
      <trkpt lat="42.443171" lon="9.281705">
        <ele>720.25</ele>
      </trkpt>
      <trkpt lat="42.443176" lon="9.281621">
        <ele>718.75</ele>
      </trkpt>
      <trkpt lat="42.443164" lon="9.281418">
        <ele>715.75</ele>
      </trkpt>
      <trkpt lat="42.443202" lon="9.2813">
        <ele>715</ele>
      </trkpt>
      <trkpt lat="42.443271" lon="9.281178">
        <ele>715</ele>
      </trkpt>
      <trkpt lat="42.443385" lon="9.28102">
        <ele>717</ele>
      </trkpt>
      <trkpt lat="42.443418" lon="9.280897">
        <ele>717.25</ele>
      </trkpt>
      <trkpt lat="42.443417" lon="9.280779">
        <ele>716.75</ele>
      </trkpt>
      <trkpt lat="42.443365" lon="9.280621">
        <ele>715.5</ele>
      </trkpt>
      <trkpt lat="42.443186" lon="9.280143">
        <ele>710.5</ele>
      </trkpt>
      <trkpt lat="42.443157" lon="9.279973">
        <ele>709.5</ele>
      </trkpt>
      <trkpt lat="42.443105" lon="9.279436">
        <ele>704.25</ele>
      </trkpt>
      <trkpt lat="42.443102" lon="9.279187">
        <ele>702.75</ele>
      </trkpt>
      <trkpt lat="42.443155" lon="9.278965">
        <ele>701.25</ele>
      </trkpt>
      <trkpt lat="42.443237" lon="9.278799">
        <ele>701.75</ele>
      </trkpt>
      <trkpt lat="42.443487" lon="9.278381">
        <ele>704.5</ele>
      </trkpt>
      <trkpt lat="42.443531" lon="9.278238">
        <ele>703.75</ele>
      </trkpt>
      <trkpt lat="42.443645" lon="9.277799">
        <ele>700.5</ele>
      </trkpt>
      <trkpt lat="42.443714" lon="9.277604">
        <ele>699.75</ele>
      </trkpt>
      <trkpt lat="42.443853" lon="9.277387">
        <ele>702</ele>
      </trkpt>
      <trkpt lat="42.443893" lon="9.277278">
        <ele>701.75</ele>
      </trkpt>
      <trkpt lat="42.443965" lon="9.276798">
        <ele>695.5</ele>
      </trkpt>
      <trkpt lat="42.444056" lon="9.276549">
        <ele>694.75</ele>
      </trkpt>
      <trkpt lat="42.444382" lon="9.275943">
        <ele>694.25</ele>
      </trkpt>
      <trkpt lat="42.444559" lon="9.275531">
        <ele>694.25</ele>
      </trkpt>
      <trkpt lat="42.444707" lon="9.275098">
        <ele>693.25</ele>
      </trkpt>
      <trkpt lat="42.444751" lon="9.274956">
        <ele>693.25</ele>
      </trkpt>
      <trkpt lat="42.444853" lon="9.274631">
        <ele>697.25</ele>
      </trkpt>
      <trkpt lat="42.445017" lon="9.274197">
        <ele>699.25</ele>
      </trkpt>
      <trkpt lat="42.445207" lon="9.273942">
        <ele>699.25</ele>
      </trkpt>
      <trkpt lat="42.445421" lon="9.273813">
        <ele>695.5</ele>
      </trkpt>
      <trkpt lat="42.445589" lon="9.273672">
        <ele>692.25</ele>
      </trkpt>
      <trkpt lat="42.445694" lon="9.273514">
        <ele>691</ele>
      </trkpt>
      <trkpt lat="42.445824" lon="9.273291">
        <ele>688.75</ele>
      </trkpt>
      <trkpt lat="42.445918" lon="9.272972">
        <ele>690</ele>
      </trkpt>
      <trkpt lat="42.445939" lon="9.272618">
        <ele>693.75</ele>
      </trkpt>
      <trkpt lat="42.445998" lon="9.272239">
        <ele>695.5</ele>
      </trkpt>
      <trkpt lat="42.44607" lon="9.27202">
        <ele>694.75</ele>
      </trkpt>
      <trkpt lat="42.446395" lon="9.271389">
        <ele>684.5</ele>
      </trkpt>
      <trkpt lat="42.446448" lon="9.271214">
        <ele>682.5</ele>
      </trkpt>
      <trkpt lat="42.446537" lon="9.2702">
        <ele>678.25</ele>
      </trkpt>
      <trkpt lat="42.44666" lon="9.269535">
        <ele>666.5</ele>
      </trkpt>
      <trkpt lat="42.446698" lon="9.26928">
        <ele>661.5</ele>
      </trkpt>
      <trkpt lat="42.446673" lon="9.269167">
        <ele>660.75</ele>
      </trkpt>
      <trkpt lat="42.44662" lon="9.269074">
        <ele>659.75</ele>
      </trkpt>
      <trkpt lat="42.446522" lon="9.269009">
        <ele>660.5</ele>
      </trkpt>
      <trkpt lat="42.446341" lon="9.26894">
        <ele>662.75</ele>
      </trkpt>
      <trkpt lat="42.446036" lon="9.268845">
        <ele>666.75</ele>
      </trkpt>
      <trkpt lat="42.445902" lon="9.268839">
        <ele>669.5</ele>
      </trkpt>
      <trkpt lat="42.445611" lon="9.268961">
        <ele>675.75</ele>
      </trkpt>
      <trkpt lat="42.444824" lon="9.268983">
        <ele>681</ele>
      </trkpt>
      <trkpt lat="42.444737" lon="9.268944">
        <ele>681</ele>
      </trkpt>
      <trkpt lat="42.444695" lon="9.268864">
        <ele>680.5</ele>
      </trkpt>
      <trkpt lat="42.444698" lon="9.268665">
        <ele>678.5</ele>
      </trkpt>
      <trkpt lat="42.444746" lon="9.268571">
        <ele>677.25</ele>
      </trkpt>
      <trkpt lat="42.444824" lon="9.268521">
        <ele>676.25</ele>
      </trkpt>
      <trkpt lat="42.445056" lon="9.268405">
        <ele>672.75</ele>
      </trkpt>
      <trkpt lat="42.445813" lon="9.2677">
        <ele>672</ele>
      </trkpt>
      <trkpt lat="42.446053" lon="9.267508">
        <ele>671.75</ele>
      </trkpt>
      <trkpt lat="42.4462" lon="9.267429">
        <ele>672.75</ele>
      </trkpt>
      <trkpt lat="42.446346" lon="9.267389">
        <ele>672.25</ele>
      </trkpt>
      <trkpt lat="42.446774" lon="9.267385">
        <ele>664.75</ele>
      </trkpt>
      <trkpt lat="42.447205" lon="9.267281">
        <ele>662</ele>
      </trkpt>
      <trkpt lat="42.447496" lon="9.267259">
        <ele>657.5</ele>
      </trkpt>
      <trkpt lat="42.448061" lon="9.267075">
        <ele>651.5</ele>
      </trkpt>
      <trkpt lat="42.448726" lon="9.266431">
        <ele>649.75</ele>
      </trkpt>
      <trkpt lat="42.448908" lon="9.266143">
        <ele>648.5</ele>
      </trkpt>
      <trkpt lat="42.449017" lon="9.265782">
        <ele>649.5</ele>
      </trkpt>
      <trkpt lat="42.449042" lon="9.265562">
        <ele>648.5</ele>
      </trkpt>
      <trkpt lat="42.449051" lon="9.265202">
        <ele>648.25</ele>
      </trkpt>
      <trkpt lat="42.449011" lon="9.264794">
        <ele>647.75</ele>
      </trkpt>
      <trkpt lat="42.448777" lon="9.26376">
        <ele>641.25</ele>
      </trkpt>
      <trkpt lat="42.448695" lon="9.26358">
        <ele>640</ele>
      </trkpt>
      <trkpt lat="42.448492" lon="9.263311">
        <ele>641.25</ele>
      </trkpt>
      <trkpt lat="42.448316" lon="9.262905">
        <ele>644.25</ele>
      </trkpt>
      <trkpt lat="42.448178" lon="9.262715">
        <ele>648.75</ele>
      </trkpt>
      <trkpt lat="42.448113" lon="9.262584">
        <ele>650</ele>
      </trkpt>
      <trkpt lat="42.448107" lon="9.262462">
        <ele>649.75</ele>
      </trkpt>
      <trkpt lat="42.448149" lon="9.262364">
        <ele>649.5</ele>
      </trkpt>
      <trkpt lat="42.448241" lon="9.262276">
        <ele>647.25</ele>
      </trkpt>
      <trkpt lat="42.449051" lon="9.26168">
        <ele>627</ele>
      </trkpt>
      <trkpt lat="42.449164" lon="9.261535">
        <ele>623.5</ele>
      </trkpt>
      <trkpt lat="42.449213" lon="9.261385">
        <ele>622.75</ele>
      </trkpt>
      <trkpt lat="42.449225" lon="9.261194">
        <ele>623</ele>
      </trkpt>
      <trkpt lat="42.449202" lon="9.260983">
        <ele>624.75</ele>
      </trkpt>
      <trkpt lat="42.44901" lon="9.260352">
        <ele>629.25</ele>
      </trkpt>
      <trkpt lat="42.448983" lon="9.260058">
        <ele>627.75</ele>
      </trkpt>
      <trkpt lat="42.44896" lon="9.259582">
        <ele>627.75</ele>
      </trkpt>
      <trkpt lat="42.448966" lon="9.259213">
        <ele>627</ele>
      </trkpt>
      <trkpt lat="42.448981" lon="9.258989">
        <ele>627.5</ele>
      </trkpt>
      <trkpt lat="42.449064" lon="9.25874">
        <ele>625.75</ele>
      </trkpt>
      <trkpt lat="42.449456" lon="9.258132">
        <ele>617.25</ele>
      </trkpt>
      <trkpt lat="42.449723" lon="9.257593">
        <ele>612</ele>
      </trkpt>
      <trkpt lat="42.449979" lon="9.256968">
        <ele>607</ele>
      </trkpt>
      <trkpt lat="42.45003" lon="9.256816">
        <ele>606.25</ele>
      </trkpt>
      <trkpt lat="42.450001" lon="9.256475">
        <ele>609</ele>
      </trkpt>
      <trkpt lat="42.450014" lon="9.25637">
        <ele>609.25</ele>
      </trkpt>
      <trkpt lat="42.450068" lon="9.256286">
        <ele>608</ele>
      </trkpt>
      <trkpt lat="42.450204" lon="9.256235">
        <ele>604</ele>
      </trkpt>
      <trkpt lat="42.450301" lon="9.25614">
        <ele>601.5</ele>
      </trkpt>
      <trkpt lat="42.450349" lon="9.256048">
        <ele>600.5</ele>
      </trkpt>
      <trkpt lat="42.450434" lon="9.255695">
        <ele>598.5</ele>
      </trkpt>
      <trkpt lat="42.450436" lon="9.255365">
        <ele>597.25</ele>
      </trkpt>
      <trkpt lat="42.450412" lon="9.255178">
        <ele>597.5</ele>
      </trkpt>
      <trkpt lat="42.450324" lon="9.25483">
        <ele>599.25</ele>
      </trkpt>
      <trkpt lat="42.450346" lon="9.254705">
        <ele>598</ele>
      </trkpt>
      <trkpt lat="42.450396" lon="9.254597">
        <ele>596</ele>
      </trkpt>
      <trkpt lat="42.450426" lon="9.254501">
        <ele>594.75</ele>
      </trkpt>
      <trkpt lat="42.450438" lon="9.254334">
        <ele>594</ele>
      </trkpt>
      <trkpt lat="42.450379" lon="9.253604">
        <ele>590.75</ele>
      </trkpt>
      <trkpt lat="42.450335" lon="9.253434">
        <ele>590</ele>
      </trkpt>
      <trkpt lat="42.450232" lon="9.25323">
        <ele>589.25</ele>
      </trkpt>
      <trkpt lat="42.450084" lon="9.253077">
        <ele>588.75</ele>
      </trkpt>
      <trkpt lat="42.44974" lon="9.252965">
        <ele>588.5</ele>
      </trkpt>
      <trkpt lat="42.449636" lon="9.252894">
        <ele>587.75</ele>
      </trkpt>
      <trkpt lat="42.449559" lon="9.252797">
        <ele>586</ele>
      </trkpt>
      <trkpt lat="42.449458" lon="9.25269">
        <ele>584</ele>
      </trkpt>
      <trkpt lat="42.449321" lon="9.252605">
        <ele>581.75</ele>
      </trkpt>
      <trkpt lat="42.44919" lon="9.25258">
        <ele>580.75</ele>
      </trkpt>
      <trkpt lat="42.449081" lon="9.252639">
        <ele>581.5</ele>
      </trkpt>
      <trkpt lat="42.448898" lon="9.252808">
        <ele>583.75</ele>
      </trkpt>
      <trkpt lat="42.44876" lon="9.252868">
        <ele>583.75</ele>
      </trkpt>
      <trkpt lat="42.4485" lon="9.252948">
        <ele>582.75</ele>
      </trkpt>
      <trkpt lat="42.448366" lon="9.252998">
        <ele>582.25</ele>
      </trkpt>
      <trkpt lat="42.447981" lon="9.253299">
        <ele>584</ele>
      </trkpt>
      <trkpt lat="42.447848" lon="9.253363">
        <ele>584</ele>
      </trkpt>
      <trkpt lat="42.447571" lon="9.253385">
        <ele>581.75</ele>
      </trkpt>
      <trkpt lat="42.447414" lon="9.253345">
        <ele>581</ele>
      </trkpt>
      <trkpt lat="42.447242" lon="9.253218">
        <ele>580.5</ele>
      </trkpt>
      <trkpt lat="42.446877" lon="9.252663">
        <ele>574.25</ele>
      </trkpt>
      <trkpt lat="42.446713" lon="9.252331">
        <ele>570.75</ele>
      </trkpt>
      <trkpt lat="42.446509" lon="9.252059">
        <ele>570</ele>
      </trkpt>
      <trkpt lat="42.446026" lon="9.251772">
        <ele>567.75</ele>
      </trkpt>
      <trkpt lat="42.44588" lon="9.251632">
        <ele>565.5</ele>
      </trkpt>
      <trkpt lat="42.445818" lon="9.251435">
        <ele>563.75</ele>
      </trkpt>
      <trkpt lat="42.445805" lon="9.25105">
        <ele>559.75</ele>
      </trkpt>
      <trkpt lat="42.445831" lon="9.250705">
        <ele>556.75</ele>
      </trkpt>
      <trkpt lat="42.44593" lon="9.250252">
        <ele>554.75</ele>
      </trkpt>
      <trkpt lat="42.446" lon="9.250015">
        <ele>554.5</ele>
      </trkpt>
      <trkpt lat="42.446178" lon="9.249775">
        <ele>555.25</ele>
      </trkpt>
      <trkpt lat="42.446241" lon="9.249575">
        <ele>554</ele>
      </trkpt>
      <trkpt lat="42.446269" lon="9.249239">
        <ele>550.5</ele>
      </trkpt>
      <trkpt lat="42.446447" lon="9.24871">
        <ele>549</ele>
      </trkpt>
      <trkpt lat="42.446694" lon="9.248035">
        <ele>546.25</ele>
      </trkpt>
      <trkpt lat="42.446715" lon="9.247892">
        <ele>545.25</ele>
      </trkpt>
      <trkpt lat="42.4467" lon="9.24782">
        <ele>544.75</ele>
      </trkpt>
      <trkpt lat="42.446608" lon="9.247744">
        <ele>544</ele>
      </trkpt>
      <trkpt lat="42.446194" lon="9.247727">
        <ele>541.25</ele>
      </trkpt>
      <trkpt lat="42.446091" lon="9.24775">
        <ele>540.5</ele>
      </trkpt>
      <trkpt lat="42.445978" lon="9.247809">
        <ele>540</ele>
      </trkpt>
      <trkpt lat="42.445767" lon="9.247999">
        <ele>538.75</ele>
      </trkpt>
      <trkpt lat="42.445589" lon="9.248146">
        <ele>538</ele>
      </trkpt>
      <trkpt lat="42.445485" lon="9.248192">
        <ele>537.5</ele>
      </trkpt>
      <trkpt lat="42.445382" lon="9.248192">
        <ele>537.25</ele>
      </trkpt>
      <trkpt lat="42.44526" lon="9.248141">
        <ele>536.75</ele>
      </trkpt>
      <trkpt lat="42.444917" lon="9.247932">
        <ele>535.5</ele>
      </trkpt>
      <trkpt lat="42.44472" lon="9.247756">
        <ele>534</ele>
      </trkpt>
      <trkpt lat="42.444628" lon="9.24762">
        <ele>532.75</ele>
      </trkpt>
      <trkpt lat="42.444575" lon="9.247424">
        <ele>531.5</ele>
      </trkpt>
      <trkpt lat="42.444516" lon="9.246993">
        <ele>528.75</ele>
      </trkpt>
      <trkpt lat="42.444338" lon="9.245424">
        <ele>521.75</ele>
      </trkpt>
      <trkpt lat="42.44432" lon="9.245121">
        <ele>520</ele>
      </trkpt>
      <trkpt lat="42.444339" lon="9.244926">
        <ele>518.75</ele>
      </trkpt>
      <trkpt lat="42.444468" lon="9.244751">
        <ele>517.5</ele>
      </trkpt>
      <trkpt lat="42.444666" lon="9.244585">
        <ele>516.75</ele>
      </trkpt>
      <trkpt lat="42.444766" lon="9.244471">
        <ele>515.75</ele>
      </trkpt>
      <trkpt lat="42.4449" lon="9.244249">
        <ele>512.75</ele>
      </trkpt>
      <trkpt lat="42.444994" lon="9.244166">
        <ele>511.75</ele>
      </trkpt>
      <trkpt lat="42.445516" lon="9.244153">
        <ele>508</ele>
      </trkpt>
      <trkpt lat="42.445693" lon="9.24424">
        <ele>508</ele>
      </trkpt>
      <trkpt lat="42.445779" lon="9.244331">
        <ele>508.5</ele>
      </trkpt>
      <trkpt lat="42.445873" lon="9.244522">
        <ele>510</ele>
      </trkpt>
      <trkpt lat="42.446041" lon="9.245155">
        <ele>517</ele>
      </trkpt>
      <trkpt lat="42.446113" lon="9.245209">
        <ele>517</ele>
      </trkpt>
      <trkpt lat="42.44619" lon="9.245249">
        <ele>516.75</ele>
      </trkpt>
      <trkpt lat="42.446388" lon="9.245259">
        <ele>514.5</ele>
      </trkpt>
      <trkpt lat="42.446452" lon="9.245236">
        <ele>513.25</ele>
      </trkpt>
      <trkpt lat="42.446506" lon="9.245188">
        <ele>511.75</ele>
      </trkpt>
      <trkpt lat="42.446572" lon="9.245131">
        <ele>509.75</ele>
      </trkpt>
      <trkpt lat="42.446672" lon="9.244808">
        <ele>502</ele>
      </trkpt>
      <trkpt lat="42.446773" lon="9.244695">
        <ele>498.75</ele>
      </trkpt>
      <trkpt lat="42.446905" lon="9.244631">
        <ele>496.5</ele>
      </trkpt>
      <trkpt lat="42.447031" lon="9.244673">
        <ele>496.5</ele>
      </trkpt>
      <trkpt lat="42.447585" lon="9.2454">
        <ele>504.75</ele>
      </trkpt>
      <trkpt lat="42.447694" lon="9.245447">
        <ele>504.75</ele>
      </trkpt>
      <trkpt lat="42.44778" lon="9.245441">
        <ele>504</ele>
      </trkpt>
      <trkpt lat="42.447871" lon="9.245403">
        <ele>502.5</ele>
      </trkpt>
      <trkpt lat="42.448538" lon="9.244793">
        <ele>494</ele>
      </trkpt>
      <trkpt lat="42.448665" lon="9.24466">
        <ele>493.75</ele>
      </trkpt>
      <trkpt lat="42.448693" lon="9.244603">
        <ele>493.5</ele>
      </trkpt>
      <trkpt lat="42.448703" lon="9.244545">
        <ele>493</ele>
      </trkpt>
      <trkpt lat="42.448564" lon="9.24408">
        <ele>487</ele>
      </trkpt>
      <trkpt lat="42.448568" lon="9.243925">
        <ele>485.75</ele>
      </trkpt>
      <trkpt lat="42.448618" lon="9.243794">
        <ele>485.25</ele>
      </trkpt>
      <trkpt lat="42.448782" lon="9.243514">
        <ele>484.25</ele>
      </trkpt>
      <trkpt lat="42.448864" lon="9.243432">
        <ele>484.25</ele>
      </trkpt>
      <trkpt lat="42.449125" lon="9.243365">
        <ele>485.75</ele>
      </trkpt>
      <trkpt lat="42.449237" lon="9.243297">
        <ele>486.5</ele>
      </trkpt>
      <trkpt lat="42.449288" lon="9.243212">
        <ele>486.5</ele>
      </trkpt>
      <trkpt lat="42.449273" lon="9.243102">
        <ele>485</ele>
      </trkpt>
      <trkpt lat="42.449232" lon="9.243032">
        <ele>483.75</ele>
      </trkpt>
      <trkpt lat="42.44917" lon="9.242958">
        <ele>481.75</ele>
      </trkpt>
      <trkpt lat="42.448793" lon="9.242686">
        <ele>476.5</ele>
      </trkpt>
      <trkpt lat="42.448612" lon="9.242564">
        <ele>474.25</ele>
      </trkpt>
      <trkpt lat="42.448504" lon="9.242533">
        <ele>473.25</ele>
      </trkpt>
      <trkpt lat="42.448391" lon="9.242512">
        <ele>472.25</ele>
      </trkpt>
      <trkpt lat="42.448046" lon="9.242519">
        <ele>469.25</ele>
      </trkpt>
      <trkpt lat="42.447967" lon="9.242465">
        <ele>468.25</ele>
      </trkpt>
      <trkpt lat="42.447894" lon="9.242289">
        <ele>466.5</ele>
      </trkpt>
      <trkpt lat="42.447837" lon="9.242021">
        <ele>465</ele>
      </trkpt>
      <trkpt lat="42.447758" lon="9.241893">
        <ele>464.25</ele>
      </trkpt>
      <trkpt lat="42.447698" lon="9.241846">
        <ele>464</ele>
      </trkpt>
      <trkpt lat="42.447528" lon="9.241805">
        <ele>464</ele>
      </trkpt>
      <trkpt lat="42.447459" lon="9.241797">
        <ele>463.25</ele>
      </trkpt>
      <trkpt lat="42.44739" lon="9.241756">
        <ele>462.25</ele>
      </trkpt>
      <trkpt lat="42.447329" lon="9.241654">
        <ele>461.5</ele>
      </trkpt>
      <trkpt lat="42.447257" lon="9.241365">
        <ele>461.25</ele>
      </trkpt>
      <trkpt lat="42.447204" lon="9.241264">
        <ele>461</ele>
      </trkpt>
      <trkpt lat="42.447146" lon="9.241211">
        <ele>460.25</ele>
      </trkpt>
      <trkpt lat="42.447016" lon="9.241115">
        <ele>458.5</ele>
      </trkpt>
      <trkpt lat="42.446966" lon="9.240951">
        <ele>458.25</ele>
      </trkpt>
      <trkpt lat="42.446944" lon="9.240805">
        <ele>458.25</ele>
      </trkpt>
      <trkpt lat="42.446908" lon="9.240721">
        <ele>457.75</ele>
      </trkpt>
      <trkpt lat="42.446857" lon="9.240667">
        <ele>457.25</ele>
      </trkpt>
      <trkpt lat="42.446709" lon="9.240562">
        <ele>456.25</ele>
      </trkpt>
      <trkpt lat="42.446608" lon="9.240398">
        <ele>456</ele>
      </trkpt>
      <trkpt lat="42.446217" lon="9.23945">
        <ele>451.25</ele>
      </trkpt>
      <trkpt lat="42.446214" lon="9.239258">
        <ele>451.25</ele>
      </trkpt>
      <trkpt lat="42.446224" lon="9.239032">
        <ele>451.5</ele>
      </trkpt>
      <trkpt lat="42.446257" lon="9.238888">
        <ele>452</ele>
      </trkpt>
      <trkpt lat="42.446262" lon="9.238768">
        <ele>452.25</ele>
      </trkpt>
      <trkpt lat="42.446255" lon="9.238581">
        <ele>452.25</ele>
      </trkpt>
      <trkpt lat="42.446173" lon="9.238415">
        <ele>451.75</ele>
      </trkpt>
      <trkpt lat="42.446055" lon="9.238344">
        <ele>451.25</ele>
      </trkpt>
      <trkpt lat="42.445734" lon="9.238326">
        <ele>448.5</ele>
      </trkpt>
      <trkpt lat="42.445639" lon="9.238279">
        <ele>447.5</ele>
      </trkpt>
      <trkpt lat="42.445465" lon="9.238018">
        <ele>445.75</ele>
      </trkpt>
      <trkpt lat="42.445406" lon="9.237834">
        <ele>445.5</ele>
      </trkpt>
      <trkpt lat="42.445431" lon="9.237666">
        <ele>446.25</ele>
      </trkpt>
      <trkpt lat="42.445614" lon="9.237356">
        <ele>449.75</ele>
      </trkpt>
      <trkpt lat="42.445661" lon="9.237244">
        <ele>450.25</ele>
      </trkpt>
      <trkpt lat="42.445646" lon="9.237141">
        <ele>450</ele>
      </trkpt>
      <trkpt lat="42.445578" lon="9.237086">
        <ele>449</ele>
      </trkpt>
      <trkpt lat="42.445507" lon="9.237077">
        <ele>448</ele>
      </trkpt>
      <trkpt lat="42.445202" lon="9.237138">
        <ele>443.75</ele>
      </trkpt>
      <trkpt lat="42.444961" lon="9.237091">
        <ele>440.75</ele>
      </trkpt>
      <trkpt lat="42.444709" lon="9.237008">
        <ele>438.25</ele>
      </trkpt>
      <trkpt lat="42.44461" lon="9.2369">
        <ele>437.5</ele>
      </trkpt>
      <trkpt lat="42.44458" lon="9.236725">
        <ele>438</ele>
      </trkpt>
      <trkpt lat="42.444569" lon="9.236541">
        <ele>438</ele>
      </trkpt>
      <trkpt lat="42.444578" lon="9.236241">
        <ele>437.25</ele>
      </trkpt>
      <trkpt lat="42.444588" lon="9.235902">
        <ele>436.5</ele>
      </trkpt>
      <trkpt lat="42.44465" lon="9.235584">
        <ele>434</ele>
      </trkpt>
      <trkpt lat="42.44469" lon="9.235483">
        <ele>433.25</ele>
      </trkpt>
      <trkpt lat="42.444756" lon="9.235318">
        <ele>432</ele>
      </trkpt>
      <trkpt lat="42.445121" lon="9.234824">
        <ele>428.25</ele>
      </trkpt>
      <trkpt lat="42.445176" lon="9.234761">
        <ele>427.25</ele>
      </trkpt>
      <trkpt lat="42.44523" lon="9.234743">
        <ele>426.5</ele>
      </trkpt>
      <trkpt lat="42.445305" lon="9.234788">
        <ele>426.25</ele>
      </trkpt>
      <trkpt lat="42.44535" lon="9.234946">
        <ele>427.25</ele>
      </trkpt>
      <trkpt lat="42.4454" lon="9.235597">
        <ele>435.25</ele>
      </trkpt>
      <trkpt lat="42.445439" lon="9.235737">
        <ele>437</ele>
      </trkpt>
      <trkpt lat="42.445512" lon="9.235824">
        <ele>438</ele>
      </trkpt>
      <trkpt lat="42.445589" lon="9.235803">
        <ele>437.25</ele>
      </trkpt>
      <trkpt lat="42.445853" lon="9.235341">
        <ele>429.25</ele>
      </trkpt>
      <trkpt lat="42.445919" lon="9.235069">
        <ele>425</ele>
      </trkpt>
      <trkpt lat="42.446001" lon="9.234867">
        <ele>422.5</ele>
      </trkpt>
      <trkpt lat="42.446154" lon="9.234742">
        <ele>421.25</ele>
      </trkpt>
      <trkpt lat="42.446242" lon="9.234614">
        <ele>420</ele>
      </trkpt>
      <trkpt lat="42.446325" lon="9.234241">
        <ele>416</ele>
      </trkpt>
      <trkpt lat="42.44639" lon="9.23404">
        <ele>413.75</ele>
      </trkpt>
      <trkpt lat="42.446494" lon="9.233902">
        <ele>412.25</ele>
      </trkpt>
      <trkpt lat="42.446623" lon="9.233794">
        <ele>410.5</ele>
      </trkpt>
      <trkpt lat="42.446685" lon="9.233703">
        <ele>408.5</ele>
      </trkpt>
      <trkpt lat="42.446735" lon="9.233665">
        <ele>406.5</ele>
      </trkpt>
      <trkpt lat="42.446795" lon="9.233674">
        <ele>405</ele>
      </trkpt>
      <trkpt lat="42.446863" lon="9.233726">
        <ele>404</ele>
      </trkpt>
      <trkpt lat="42.446901" lon="9.233847">
        <ele>404.75</ele>
      </trkpt>
      <trkpt lat="42.446964" lon="9.23417">
        <ele>407.75</ele>
      </trkpt>
      <trkpt lat="42.447198" lon="9.234849">
        <ele>409.5</ele>
      </trkpt>
      <trkpt lat="42.447349" lon="9.235123">
        <ele>409.75</ele>
      </trkpt>
      <trkpt lat="42.447528" lon="9.235282">
        <ele>407.5</ele>
      </trkpt>
      <trkpt lat="42.447643" lon="9.235498">
        <ele>406.25</ele>
      </trkpt>
      <trkpt lat="42.44776" lon="9.235841">
        <ele>406</ele>
      </trkpt>
      <trkpt lat="42.447817" lon="9.23615">
        <ele>403.75</ele>
      </trkpt>
      <trkpt lat="42.44782" lon="9.236255">
        <ele>403.75</ele>
      </trkpt>
      <trkpt lat="42.447782" lon="9.236373">
        <ele>405.5</ele>
      </trkpt>
      <trkpt lat="42.447655" lon="9.23669">
        <ele>410.25</ele>
      </trkpt>
      <trkpt lat="42.447612" lon="9.236925">
        <ele>411.75</ele>
      </trkpt>
      <trkpt lat="42.447594" lon="9.237134">
        <ele>412.25</ele>
      </trkpt>
      <trkpt lat="42.447727" lon="9.237723">
        <ele>411</ele>
      </trkpt>
      <trkpt lat="42.447748" lon="9.237815">
        <ele>411.5</ele>
      </trkpt>
      <trkpt lat="42.447814" lon="9.237926">
        <ele>411</ele>
      </trkpt>
      <trkpt lat="42.447889" lon="9.237992">
        <ele>409.75</ele>
      </trkpt>
      <trkpt lat="42.447975" lon="9.237979">
        <ele>407.5</ele>
      </trkpt>
      <trkpt lat="42.448138" lon="9.237993">
        <ele>403.5</ele>
      </trkpt>
      <trkpt lat="42.448459" lon="9.238158">
        <ele>403</ele>
      </trkpt>
      <trkpt lat="42.448523" lon="9.238155">
        <ele>404.5</ele>
      </trkpt>
      <trkpt lat="42.448587" lon="9.238135">
        <ele>406</ele>
      </trkpt>
      <trkpt lat="42.448628" lon="9.23806">
        <ele>406.75</ele>
      </trkpt>
      <trkpt lat="42.448632" lon="9.237937">
        <ele>406.25</ele>
      </trkpt>
      <trkpt lat="42.448589" lon="9.237778">
        <ele>404.25</ele>
      </trkpt>
      <trkpt lat="42.448511" lon="9.237678">
        <ele>401.75</ele>
      </trkpt>
      <trkpt lat="42.448447" lon="9.237614">
        <ele>399.75</ele>
      </trkpt>
      <trkpt lat="42.44839" lon="9.237515">
        <ele>397.5</ele>
      </trkpt>
      <trkpt lat="42.448382" lon="9.23741">
        <ele>396</ele>
      </trkpt>
      <trkpt lat="42.448405" lon="9.237318">
        <ele>395.5</ele>
      </trkpt>
      <trkpt lat="42.448576" lon="9.237099">
        <ele>396</ele>
      </trkpt>
      <trkpt lat="42.448871" lon="9.23694">
        <ele>398.25</ele>
      </trkpt>
      <trkpt lat="42.449029" lon="9.236811">
        <ele>397.75</ele>
      </trkpt>
      <trkpt lat="42.449143" lon="9.236644">
        <ele>395.5</ele>
      </trkpt>
      <trkpt lat="42.449227" lon="9.236497">
        <ele>396.5</ele>
      </trkpt>
      <trkpt lat="42.449236" lon="9.236398">
        <ele>396</ele>
      </trkpt>
      <trkpt lat="42.449195" lon="9.236306">
        <ele>393.75</ele>
      </trkpt>
      <trkpt lat="42.449112" lon="9.23624">
        <ele>391.75</ele>
      </trkpt>
      <trkpt lat="42.449026" lon="9.236198">
        <ele>390.25</ele>
      </trkpt>
      <trkpt lat="42.448954" lon="9.236117">
        <ele>388.75</ele>
      </trkpt>
      <trkpt lat="42.448924" lon="9.236005">
        <ele>387.75</ele>
      </trkpt>
      <trkpt lat="42.448901" lon="9.235843">
        <ele>386</ele>
      </trkpt>
      <trkpt lat="42.448917" lon="9.235682">
        <ele>385.25</ele>
      </trkpt>
      <trkpt lat="42.448963" lon="9.235497">
        <ele>384.75</ele>
      </trkpt>
      <trkpt lat="42.44907" lon="9.23521">
        <ele>384.5</ele>
      </trkpt>
      <trkpt lat="42.449047" lon="9.235072">
        <ele>383.5</ele>
      </trkpt>
      <trkpt lat="42.448962" lon="9.234924">
        <ele>381</ele>
      </trkpt>
      <trkpt lat="42.44889" lon="9.234747">
        <ele>378.25</ele>
      </trkpt>
      <trkpt lat="42.448854" lon="9.234502">
        <ele>375.25</ele>
      </trkpt>
      <trkpt lat="42.448863" lon="9.234233">
        <ele>373</ele>
      </trkpt>
      <trkpt lat="42.448917" lon="9.234079">
        <ele>372.25</ele>
      </trkpt>
      <trkpt lat="42.449044" lon="9.233961">
        <ele>373</ele>
      </trkpt>
      <trkpt lat="42.449177" lon="9.2339">
        <ele>374.5</ele>
      </trkpt>
      <trkpt lat="42.449274" lon="9.233785">
        <ele>375.25</ele>
      </trkpt>
      <trkpt lat="42.449284" lon="9.233537">
        <ele>372</ele>
      </trkpt>
      <trkpt lat="42.449262" lon="9.233322">
        <ele>368.5</ele>
      </trkpt>
      <trkpt lat="42.449258" lon="9.23317">
        <ele>366</ele>
      </trkpt>
      <trkpt lat="42.449283" lon="9.233037">
        <ele>364.25</ele>
      </trkpt>
      <trkpt lat="42.449316" lon="9.232966">
        <ele>363.75</ele>
      </trkpt>
      <trkpt lat="42.449369" lon="9.232914">
        <ele>364</ele>
      </trkpt>
      <trkpt lat="42.44986" lon="9.232853">
        <ele>373</ele>
      </trkpt>
      <trkpt lat="42.449962" lon="9.232809">
        <ele>374.5</ele>
      </trkpt>
      <trkpt lat="42.450016" lon="9.232742">
        <ele>375</ele>
      </trkpt>
      <trkpt lat="42.450043" lon="9.232709">
        <ele>375.75</ele>
      </trkpt>
      <trkpt lat="42.450063" lon="9.232604">
        <ele>375</ele>
      </trkpt>
      <trkpt lat="42.450056" lon="9.232485">
        <ele>373.25</ele>
      </trkpt>
      <trkpt lat="42.449938" lon="9.231942">
        <ele>365</ele>
      </trkpt>
      <trkpt lat="42.449917" lon="9.231552">
        <ele>361.75</ele>
      </trkpt>
      <trkpt lat="42.449992" lon="9.230855">
        <ele>360.75</ele>
      </trkpt>
      <trkpt lat="42.450022" lon="9.230394">
        <ele>355.25</ele>
      </trkpt>
      <trkpt lat="42.450096" lon="9.230035">
        <ele>353.25</ele>
      </trkpt>
      <trkpt lat="42.45026" lon="9.229447">
        <ele>349.25</ele>
      </trkpt>
      <trkpt lat="42.450464" lon="9.228752">
        <ele>339.75</ele>
      </trkpt>
      <trkpt lat="42.450543" lon="9.228583">
        <ele>337</ele>
      </trkpt>
      <trkpt lat="42.450647" lon="9.228409">
        <ele>334</ele>
      </trkpt>
      <trkpt lat="42.450733" lon="9.228335">
        <ele>333</ele>
      </trkpt>
      <trkpt lat="42.45086" lon="9.228315">
        <ele>334.75</ele>
      </trkpt>
      <trkpt lat="42.451529" lon="9.228506">
        <ele>347</ele>
      </trkpt>
      <trkpt lat="42.451647" lon="9.228516">
        <ele>348.25</ele>
      </trkpt>
      <trkpt lat="42.451744" lon="9.228477">
        <ele>349.75</ele>
      </trkpt>
      <trkpt lat="42.451789" lon="9.22841">
        <ele>349.5</ele>
      </trkpt>
      <trkpt lat="42.45182" lon="9.228356">
        <ele>349.25</ele>
      </trkpt>
      <trkpt lat="42.451843" lon="9.228262">
        <ele>348.25</ele>
      </trkpt>
      <trkpt lat="42.451822" lon="9.228079">
        <ele>344.25</ele>
      </trkpt>
      <trkpt lat="42.451721" lon="9.227818">
        <ele>335.75</ele>
      </trkpt>
      <trkpt lat="42.451668" lon="9.227655">
        <ele>331</ele>
      </trkpt>
      <trkpt lat="42.451676" lon="9.227533">
        <ele>328.75</ele>
      </trkpt>
      <trkpt lat="42.451926" lon="9.227257">
        <ele>329.5</ele>
      </trkpt>
      <trkpt lat="42.452122" lon="9.227024">
        <ele>327.5</ele>
      </trkpt>
      <trkpt lat="42.45229" lon="9.22677">
        <ele>322.5</ele>
      </trkpt>
      <trkpt lat="42.452473" lon="9.226701">
        <ele>323.75</ele>
      </trkpt>
      <trkpt lat="42.453146" lon="9.226756">
        <ele>339.5</ele>
      </trkpt>
      <trkpt lat="42.453277" lon="9.226752">
        <ele>342</ele>
      </trkpt>
      <trkpt lat="42.453382" lon="9.226653">
        <ele>343</ele>
      </trkpt>
      <trkpt lat="42.453408" lon="9.226559">
        <ele>343.75</ele>
      </trkpt>
      <trkpt lat="42.453387" lon="9.226439">
        <ele>342</ele>
      </trkpt>
      <trkpt lat="42.45315" lon="9.226043">
        <ele>330.75</ele>
      </trkpt>
      <trkpt lat="42.452904" lon="9.225402">
        <ele>315.75</ele>
      </trkpt>
      <trkpt lat="42.452888" lon="9.22532">
        <ele>314.5</ele>
      </trkpt>
      <trkpt lat="42.452896" lon="9.225214">
        <ele>314</ele>
      </trkpt>
      <trkpt lat="42.45298" lon="9.225091">
        <ele>316.5</ele>
      </trkpt>
      <trkpt lat="42.453099" lon="9.224986">
        <ele>320</ele>
      </trkpt>
      <trkpt lat="42.453274" lon="9.224878">
        <ele>325</ele>
      </trkpt>
      <trkpt lat="42.453353" lon="9.224772">
        <ele>326.75</ele>
      </trkpt>
      <trkpt lat="42.453384" lon="9.224527">
        <ele>325.25</ele>
      </trkpt>
      <trkpt lat="42.45336" lon="9.224441">
        <ele>322.75</ele>
      </trkpt>
      <trkpt lat="42.453262" lon="9.22422">
        <ele>315.75</ele>
      </trkpt>
      <trkpt lat="42.45324" lon="9.224073">
        <ele>313</ele>
      </trkpt>
      <trkpt lat="42.453251" lon="9.223783">
        <ele>310.25</ele>
      </trkpt>
      <trkpt lat="42.453343" lon="9.223366">
        <ele>309.75</ele>
      </trkpt>
      <trkpt lat="42.45352" lon="9.222898">
        <ele>312.75</ele>
      </trkpt>
      <trkpt lat="42.453561" lon="9.222753">
        <ele>313</ele>
      </trkpt>
      <trkpt lat="42.453575" lon="9.222647">
        <ele>312.5</ele>
      </trkpt>
      <trkpt lat="42.453493" lon="9.221868">
        <ele>306.75</ele>
      </trkpt>
      <trkpt lat="42.453485" lon="9.221706">
        <ele>306.5</ele>
      </trkpt>
      <trkpt lat="42.453455" lon="9.221598">
        <ele>305.25</ele>
      </trkpt>
      <trkpt lat="42.453392" lon="9.2215">
        <ele>302.75</ele>
      </trkpt>
      <trkpt lat="42.453325" lon="9.221362">
        <ele>300.25</ele>
      </trkpt>
      <trkpt lat="42.453292" lon="9.22125">
        <ele>299</ele>
      </trkpt>
      <trkpt lat="42.453259" lon="9.220709">
        <ele>297.5</ele>
      </trkpt>
      <trkpt lat="42.453256" lon="9.220335">
        <ele>294</ele>
      </trkpt>
      <trkpt lat="42.453338" lon="9.220007">
        <ele>294</ele>
      </trkpt>
      <trkpt lat="42.453503" lon="9.219664">
        <ele>287.75</ele>
      </trkpt>
      <trkpt lat="42.453704" lon="9.219439">
        <ele>284.75</ele>
      </trkpt>
      <trkpt lat="42.453876" lon="9.219289">
        <ele>283.25</ele>
      </trkpt>
      <trkpt lat="42.454111" lon="9.219146">
        <ele>282.75</ele>
      </trkpt>
      <trkpt lat="42.45423" lon="9.219134">
        <ele>283.75</ele>
      </trkpt>
      <trkpt lat="42.454396" lon="9.219227">
        <ele>287.25</ele>
      </trkpt>
      <trkpt lat="42.45456" lon="9.219404">
        <ele>292.5</ele>
      </trkpt>
      <trkpt lat="42.454603" lon="9.219437">
        <ele>293.5</ele>
      </trkpt>
      <trkpt lat="42.454649" lon="9.219434">
        <ele>293.5</ele>
      </trkpt>
      <trkpt lat="42.454743" lon="9.219397">
        <ele>293</ele>
      </trkpt>
      <trkpt lat="42.454774" lon="9.219349">
        <ele>292</ele>
      </trkpt>
      <trkpt lat="42.45479" lon="9.219281">
        <ele>290.75</ele>
      </trkpt>
      <trkpt lat="42.454852" lon="9.218748">
        <ele>283.25</ele>
      </trkpt>
      <trkpt lat="42.454907" lon="9.218486">
        <ele>280.5</ele>
      </trkpt>
      <trkpt lat="42.454924" lon="9.218451">
        <ele>280.25</ele>
      </trkpt>
      <trkpt lat="42.455013" lon="9.218259">
        <ele>279</ele>
      </trkpt>
      <trkpt lat="42.455192" lon="9.218">
        <ele>277.25</ele>
      </trkpt>
      <trkpt lat="42.455417" lon="9.217824">
        <ele>276</ele>
      </trkpt>
      <trkpt lat="42.456063" lon="9.217626">
        <ele>278.5</ele>
      </trkpt>
      <trkpt lat="42.45618" lon="9.217576">
        <ele>279.75</ele>
      </trkpt>
      <trkpt lat="42.456227" lon="9.217535">
        <ele>280</ele>
      </trkpt>
      <trkpt lat="42.456255" lon="9.217487">
        <ele>280</ele>
      </trkpt>
      <trkpt lat="42.456269" lon="9.21737">
        <ele>279.5</ele>
      </trkpt>
      <trkpt lat="42.456236" lon="9.217268">
        <ele>278.25</ele>
      </trkpt>
      <trkpt lat="42.456098" lon="9.216899">
        <ele>272</ele>
      </trkpt>
      <trkpt lat="42.456061" lon="9.216717">
        <ele>269.5</ele>
      </trkpt>
      <trkpt lat="42.456078" lon="9.216565">
        <ele>268.5</ele>
      </trkpt>
      <trkpt lat="42.456177" lon="9.216414">
        <ele>269.75</ele>
      </trkpt>
      <trkpt lat="42.456209" lon="9.216308">
        <ele>269.5</ele>
      </trkpt>
      <trkpt lat="42.456216" lon="9.216197">
        <ele>268.5</ele>
      </trkpt>
      <trkpt lat="42.456162" lon="9.215668">
        <ele>260.5</ele>
      </trkpt>
      <trkpt lat="42.456189" lon="9.215485">
        <ele>258.5</ele>
      </trkpt>
      <trkpt lat="42.456257" lon="9.215399">
        <ele>258.5</ele>
      </trkpt>
      <trkpt lat="42.456361" lon="9.215303">
        <ele>259</ele>
      </trkpt>
      <trkpt lat="42.456868" lon="9.214989">
        <ele>259</ele>
      </trkpt>
      <trkpt lat="42.457183" lon="9.214784">
        <ele>256.5</ele>
      </trkpt>
      <trkpt lat="42.457348" lon="9.214712">
        <ele>255.75</ele>
      </trkpt>
      <trkpt lat="42.457556" lon="9.214658">
        <ele>255.75</ele>
      </trkpt>
      <trkpt lat="42.457737" lon="9.214588">
        <ele>255.75</ele>
      </trkpt>
      <trkpt lat="42.457925" lon="9.214482">
        <ele>254.75</ele>
      </trkpt>
      <trkpt lat="42.457997" lon="9.214426">
        <ele>254</ele>
      </trkpt>
      <trkpt lat="42.458185" lon="9.214119">
        <ele>247.5</ele>
      </trkpt>
      <trkpt lat="42.458262" lon="9.214021">
        <ele>245.75</ele>
      </trkpt>
      <trkpt lat="42.458313" lon="9.213989">
        <ele>245.5</ele>
      </trkpt>
      <trkpt lat="42.458369" lon="9.213978">
        <ele>245.25</ele>
      </trkpt>
      <trkpt lat="42.458428" lon="9.213982">
        <ele>245</ele>
      </trkpt>
      <trkpt lat="42.458555" lon="9.214048">
        <ele>246</ele>
      </trkpt>
      <trkpt lat="42.458639" lon="9.214114">
        <ele>247</ele>
      </trkpt>
      <trkpt lat="42.458878" lon="9.214435">
        <ele>252.25</ele>
      </trkpt>
      <trkpt lat="42.458936" lon="9.214491">
        <ele>253</ele>
      </trkpt>
      <trkpt lat="42.459002" lon="9.214486">
        <ele>252.25</ele>
      </trkpt>
      <trkpt lat="42.459165" lon="9.214348">
        <ele>248.25</ele>
      </trkpt>
      <trkpt lat="42.459643" lon="9.213911">
        <ele>247.75</ele>
      </trkpt>
      <trkpt lat="42.459692" lon="9.213806">
        <ele>247.25</ele>
      </trkpt>
      <trkpt lat="42.45972" lon="9.213695">
        <ele>246.5</ele>
      </trkpt>
      <trkpt lat="42.459713" lon="9.213514">
        <ele>244.5</ele>
      </trkpt>
      <trkpt lat="42.45965" lon="9.213121">
        <ele>239.25</ele>
      </trkpt>
      <trkpt lat="42.459656" lon="9.213029">
        <ele>238.25</ele>
      </trkpt>
      <trkpt lat="42.459692" lon="9.212929">
        <ele>237.75</ele>
      </trkpt>
      <trkpt lat="42.459836" lon="9.212699">
        <ele>238</ele>
      </trkpt>
      <trkpt lat="42.45988" lon="9.212592">
        <ele>237.5</ele>
      </trkpt>
      <trkpt lat="42.459896" lon="9.212452">
        <ele>236.25</ele>
      </trkpt>
      <trkpt lat="42.459883" lon="9.212297">
        <ele>234.5</ele>
      </trkpt>
      <trkpt lat="42.459816" lon="9.212004">
        <ele>230.25</ele>
      </trkpt>
      <trkpt lat="42.45971" lon="9.211831">
        <ele>226.75</ele>
      </trkpt>
      <trkpt lat="42.459557" lon="9.211694">
        <ele>222.75</ele>
      </trkpt>
      <trkpt lat="42.459496" lon="9.211615">
        <ele>220.75</ele>
      </trkpt>
      <trkpt lat="42.459479" lon="9.211541">
        <ele>219.5</ele>
      </trkpt>
      <trkpt lat="42.459491" lon="9.211443">
        <ele>218.5</ele>
      </trkpt>
      <trkpt lat="42.459533" lon="9.211367">
        <ele>218</ele>
      </trkpt>
      <trkpt lat="42.459638" lon="9.211342">
        <ele>218.75</ele>
      </trkpt>
      <trkpt lat="42.459976" lon="9.211314">
        <ele>222.5</ele>
      </trkpt>
      <trkpt lat="42.460073" lon="9.211295">
        <ele>222.75</ele>
      </trkpt>
      <trkpt lat="42.460184" lon="9.211186">
        <ele>221</ele>
      </trkpt>
      <trkpt lat="42.460451" lon="9.210975">
        <ele>216.5</ele>
      </trkpt>
      <trkpt lat="42.460553" lon="9.21095">
        <ele>216</ele>
      </trkpt>
      <trkpt lat="42.460713" lon="9.21101">
        <ele>218</ele>
      </trkpt>
      <trkpt lat="42.460817" lon="9.211022">
        <ele>218.75</ele>
      </trkpt>
      <trkpt lat="42.461016" lon="9.210914">
        <ele>218.5</ele>
      </trkpt>
      <trkpt lat="42.461148" lon="9.210892">
        <ele>220.25</ele>
      </trkpt>
      <trkpt lat="42.461227" lon="9.210856">
        <ele>220.5</ele>
      </trkpt>
      <trkpt lat="42.461287" lon="9.210761">
        <ele>219.75</ele>
      </trkpt>
      <trkpt lat="42.461333" lon="9.210568">
        <ele>216.75</ele>
      </trkpt>
      <trkpt lat="42.461375" lon="9.210358">
        <ele>213.5</ele>
      </trkpt>
      <trkpt lat="42.461471" lon="9.210193">
        <ele>211.75</ele>
      </trkpt>
      <trkpt lat="42.461845" lon="9.20984">
        <ele>211.5</ele>
      </trkpt>
      <trkpt lat="42.462078" lon="9.209547">
        <ele>210.25</ele>
      </trkpt>
      <trkpt lat="42.462372" lon="9.209187">
        <ele>208.25</ele>
      </trkpt>
      <trkpt lat="42.462428" lon="9.20908">
        <ele>207.25</ele>
      </trkpt>
      <trkpt lat="42.462572" lon="9.208782">
        <ele>204.25</ele>
      </trkpt>
      <trkpt lat="42.462994" lon="9.207629">
        <ele>195.25</ele>
      </trkpt>
      <trkpt lat="42.463014" lon="9.207574">
        <ele>194.75</ele>
      </trkpt>
      <trkpt lat="42.463075" lon="9.207406">
        <ele>193.75</ele>
      </trkpt>
      <trkpt lat="42.463135" lon="9.20714">
        <ele>192.25</ele>
      </trkpt>
      <trkpt lat="42.463142" lon="9.207108">
        <ele>192.25</ele>
      </trkpt>
      <trkpt lat="42.463072" lon="9.207062">
        <ele>192</ele>
      </trkpt>
      <trkpt lat="42.462675" lon="9.206596">
        <ele>190.75</ele>
      </trkpt>
      <trkpt lat="42.462568" lon="9.206509">
        <ele>190.5</ele>
      </trkpt>
      <trkpt lat="42.462453" lon="9.206468">
        <ele>190.25</ele>
      </trkpt>
      <trkpt lat="42.462358" lon="9.206402">
        <ele>190.25</ele>
      </trkpt>
      <trkpt lat="42.462308" lon="9.206346">
        <ele>190.25</ele>
      </trkpt>
      <trkpt lat="42.462282" lon="9.206293">
        <ele>190.5</ele>
      </trkpt>
      <trkpt lat="42.462273" lon="9.206258">
        <ele>190.5</ele>
      </trkpt>
      <trkpt lat="42.462317" lon="9.206123">
        <ele>190.5</ele>
      </trkpt>
      <trkpt lat="42.462359" lon="9.206067">
        <ele>190.25</ele>
      </trkpt>
      <trkpt lat="42.462373" lon="9.206034">
        <ele>190.25</ele>
      </trkpt>
      <trkpt lat="42.462547" lon="9.205979">
        <ele>189.5</ele>
      </trkpt>
      <trkpt lat="42.462599" lon="9.205957">
        <ele>189.5</ele>
      </trkpt>
      <trkpt lat="42.462663" lon="9.205915">
        <ele>189.25</ele>
      </trkpt>
      <trkpt lat="42.462719" lon="9.205868">
        <ele>189</ele>
      </trkpt>
      <trkpt lat="42.463163" lon="9.20539">
        <ele>188.75</ele>
      </trkpt>
      <trkpt lat="42.463434" lon="9.205107">
        <ele>189.25</ele>
      </trkpt>
      <trkpt lat="42.463611" lon="9.204922">
        <ele>189</ele>
      </trkpt>
      <trkpt lat="42.463688" lon="9.204844">
        <ele>189</ele>
      </trkpt>
      <trkpt lat="42.46377" lon="9.204779">
        <ele>189</ele>
      </trkpt>
      <trkpt lat="42.46386" lon="9.204725">
        <ele>188.75</ele>
      </trkpt>
      <trkpt lat="42.464007" lon="9.204662">
        <ele>188.5</ele>
      </trkpt>
      <trkpt lat="42.46417" lon="9.204629">
        <ele>188.25</ele>
      </trkpt>
      <trkpt lat="42.465279" lon="9.204603">
        <ele>187</ele>
      </trkpt>
      <trkpt lat="42.46588" lon="9.204585">
        <ele>187</ele>
      </trkpt>
      <trkpt lat="42.465968" lon="9.204581">
        <ele>187</ele>
      </trkpt>
      <trkpt lat="42.466148" lon="9.204572">
        <ele>187</ele>
      </trkpt>
      <trkpt lat="42.467725" lon="9.204534">
        <ele>187.75</ele>
      </trkpt>
      <trkpt lat="42.468827" lon="9.204504">
        <ele>188</ele>
      </trkpt>
      <trkpt lat="42.469779" lon="9.204487">
        <ele>190.75</ele>
      </trkpt>
      <trkpt lat="42.469981" lon="9.204483">
        <ele>191.75</ele>
      </trkpt>
      <trkpt lat="42.470039" lon="9.204482">
        <ele>191.75</ele>
      </trkpt>
      <trkpt lat="42.470163" lon="9.204482">
        <ele>192.25</ele>
      </trkpt>
      <trkpt lat="42.470734" lon="9.204468">
        <ele>194.25</ele>
      </trkpt>
      <trkpt lat="42.471309" lon="9.204444">
        <ele>192</ele>
      </trkpt>
      <trkpt lat="42.471509" lon="9.204421">
        <ele>191</ele>
      </trkpt>
      <trkpt lat="42.471596" lon="9.204402">
        <ele>190.75</ele>
      </trkpt>
      <trkpt lat="42.471682" lon="9.204377">
        <ele>190.25</ele>
      </trkpt>
      <trkpt lat="42.471844" lon="9.204307">
        <ele>190</ele>
      </trkpt>
      <trkpt lat="42.47229" lon="9.204031">
        <ele>189.5</ele>
      </trkpt>
      <trkpt lat="42.473185" lon="9.20347">
        <ele>189.25</ele>
      </trkpt>
      <trkpt lat="42.474347" lon="9.202716">
        <ele>190.5</ele>
      </trkpt>
      <trkpt lat="42.475878" lon="9.201748">
        <ele>191.75</ele>
      </trkpt>
      <trkpt lat="42.477883" lon="9.200471">
        <ele>195.75</ele>
      </trkpt>
      <trkpt lat="42.477948" lon="9.20042">
        <ele>195.5</ele>
      </trkpt>
      <trkpt lat="42.478057" lon="9.20031">
        <ele>195.25</ele>
      </trkpt>
      <trkpt lat="42.478149" lon="9.200196">
        <ele>195</ele>
      </trkpt>
      <trkpt lat="42.478231" lon="9.200066">
        <ele>194.5</ele>
      </trkpt>
      <trkpt lat="42.478389" lon="9.199764">
        <ele>195</ele>
      </trkpt>
      <trkpt lat="42.479094" lon="9.198307">
        <ele>200.25</ele>
      </trkpt>
      <trkpt lat="42.479285" lon="9.197956">
        <ele>200.75</ele>
      </trkpt>
      <trkpt lat="42.479448" lon="9.197621">
        <ele>200.5</ele>
      </trkpt>
      <trkpt lat="42.479567" lon="9.197417">
        <ele>200.25</ele>
      </trkpt>
      <trkpt lat="42.479672" lon="9.197294">
        <ele>199.75</ele>
      </trkpt>
      <trkpt lat="42.479788" lon="9.197199">
        <ele>199.25</ele>
      </trkpt>
      <trkpt lat="42.479906" lon="9.19713">
        <ele>198.5</ele>
      </trkpt>
      <trkpt lat="42.480002" lon="9.197091">
        <ele>197.75</ele>
      </trkpt>
      <trkpt lat="42.479987" lon="9.196994">
        <ele>198.25</ele>
      </trkpt>
      <trkpt lat="42.479954" lon="9.196786">
        <ele>199</ele>
      </trkpt>
      <trkpt lat="42.479956" lon="9.196646">
        <ele>199.25</ele>
      </trkpt>
      <trkpt lat="42.479988" lon="9.196535">
        <ele>199.25</ele>
      </trkpt>
      <trkpt lat="42.480041" lon="9.196368">
        <ele>199.5</ele>
      </trkpt>
      <trkpt lat="42.480171" lon="9.196129">
        <ele>199.75</ele>
      </trkpt>
      <trkpt lat="42.480266" lon="9.195903">
        <ele>200</ele>
      </trkpt>
      <trkpt lat="42.480295" lon="9.195725">
        <ele>200.25</ele>
      </trkpt>
      <trkpt lat="42.48028" lon="9.195521">
        <ele>200.25</ele>
      </trkpt>
      <trkpt lat="42.478978" lon="9.191646">
        <ele>203.25</ele>
      </trkpt>
      <trkpt lat="42.47871" lon="9.190853">
        <ele>204.5</ele>
      </trkpt>
      <trkpt lat="42.478515" lon="9.190233">
        <ele>205.5</ele>
      </trkpt>
      <trkpt lat="42.478343" lon="9.189314">
        <ele>206.75</ele>
      </trkpt>
      <trkpt lat="42.47807" lon="9.187857">
        <ele>210.75</ele>
      </trkpt>
      <trkpt lat="42.477939" lon="9.187248">
        <ele>211.5</ele>
      </trkpt>
      <trkpt lat="42.477625" lon="9.18658">
        <ele>211.75</ele>
      </trkpt>
      <trkpt lat="42.477392" lon="9.186155">
        <ele>213.25</ele>
      </trkpt>
      <trkpt lat="42.477272" lon="9.185898">
        <ele>214.75</ele>
      </trkpt>
      <trkpt lat="42.477152" lon="9.185601">
        <ele>217</ele>
      </trkpt>
      <trkpt lat="42.477059" lon="9.185206">
        <ele>219.25</ele>
      </trkpt>
      <trkpt lat="42.477008" lon="9.185025">
        <ele>220.25</ele>
      </trkpt>
      <trkpt lat="42.476944" lon="9.184895">
        <ele>220.75</ele>
      </trkpt>
      <trkpt lat="42.476762" lon="9.184629">
        <ele>221.5</ele>
      </trkpt>
      <trkpt lat="42.476556" lon="9.184151">
        <ele>222.25</ele>
      </trkpt>
      <trkpt lat="42.476281" lon="9.183443">
        <ele>225.5</ele>
      </trkpt>
      <trkpt lat="42.4762" lon="9.183154">
        <ele>226.75</ele>
      </trkpt>
      <trkpt lat="42.475993" lon="9.182283">
        <ele>227</ele>
      </trkpt>
      <trkpt lat="42.475757" lon="9.181554">
        <ele>223.75</ele>
      </trkpt>
      <trkpt lat="42.475682" lon="9.181277">
        <ele>224</ele>
      </trkpt>
      <trkpt lat="42.475655" lon="9.181038">
        <ele>223.25</ele>
      </trkpt>
      <trkpt lat="42.475652" lon="9.180612">
        <ele>222.5</ele>
      </trkpt>
      <trkpt lat="42.475644" lon="9.18036">
        <ele>223</ele>
      </trkpt>
      <trkpt lat="42.475599" lon="9.180163">
        <ele>224</ele>
      </trkpt>
      <trkpt lat="42.475125" lon="9.179">
        <ele>227.5</ele>
      </trkpt>
      <trkpt lat="42.474657" lon="9.177895">
        <ele>228</ele>
      </trkpt>
      <trkpt lat="42.474575" lon="9.177643">
        <ele>227.5</ele>
      </trkpt>
      <trkpt lat="42.474578" lon="9.177468">
        <ele>227</ele>
      </trkpt>
      <trkpt lat="42.474612" lon="9.177313">
        <ele>227.75</ele>
      </trkpt>
      <trkpt lat="42.474699" lon="9.177192">
        <ele>227.75</ele>
      </trkpt>
      <trkpt lat="42.474846" lon="9.177093">
        <ele>227.75</ele>
      </trkpt>
      <trkpt lat="42.474962" lon="9.177108">
        <ele>227</ele>
      </trkpt>
      <trkpt lat="42.475111" lon="9.177093">
        <ele>225.75</ele>
      </trkpt>
      <trkpt lat="42.475224" lon="9.17699">
        <ele>225</ele>
      </trkpt>
      <trkpt lat="42.475302" lon="9.176821">
        <ele>225</ele>
      </trkpt>
      <trkpt lat="42.47531" lon="9.176654">
        <ele>225.5</ele>
      </trkpt>
      <trkpt lat="42.475305" lon="9.176101">
        <ele>228.5</ele>
      </trkpt>
      <trkpt lat="42.4753" lon="9.175795">
        <ele>230</ele>
      </trkpt>
      <trkpt lat="42.47532" lon="9.175451">
        <ele>231.5</ele>
      </trkpt>
      <trkpt lat="42.475421" lon="9.17527">
        <ele>231</ele>
      </trkpt>
      <trkpt lat="42.47565" lon="9.174971">
        <ele>230</ele>
      </trkpt>
      <trkpt lat="42.475781" lon="9.174761">
        <ele>229</ele>
      </trkpt>
      <trkpt lat="42.475809" lon="9.174605">
        <ele>229.25</ele>
      </trkpt>
      <trkpt lat="42.475781" lon="9.174406">
        <ele>230</ele>
      </trkpt>
      <trkpt lat="42.475669" lon="9.174082">
        <ele>232.25</ele>
      </trkpt>
      <trkpt lat="42.475631" lon="9.173693">
        <ele>231.75</ele>
      </trkpt>
      <trkpt lat="42.475778" lon="9.172632">
        <ele>226</ele>
      </trkpt>
      <trkpt lat="42.476087" lon="9.168957">
        <ele>230.5</ele>
      </trkpt>
      <trkpt lat="42.476253" lon="9.167127">
        <ele>232</ele>
      </trkpt>
      <trkpt lat="42.476578" lon="9.163429">
        <ele>241.75</ele>
      </trkpt>
      <trkpt lat="42.476685" lon="9.162167">
        <ele>247.25</ele>
      </trkpt>
      <trkpt lat="42.476705" lon="9.161198">
        <ele>246.25</ele>
      </trkpt>
      <trkpt lat="42.476707" lon="9.158013">
        <ele>250.5</ele>
      </trkpt>
      <trkpt lat="42.476699" lon="9.153763">
        <ele>257</ele>
      </trkpt>
      <trkpt lat="42.476695" lon="9.151659">
        <ele>258.75</ele>
      </trkpt>
      <trkpt lat="42.4767" lon="9.149257">
        <ele>265.75</ele>
      </trkpt>
      <trkpt lat="42.476732" lon="9.14872">
        <ele>265.75</ele>
      </trkpt>
      <trkpt lat="42.476827" lon="9.14805">
        <ele>264</ele>
      </trkpt>
      <trkpt lat="42.477365" lon="9.145277">
        <ele>265.5</ele>
      </trkpt>
      <trkpt lat="42.4774" lon="9.144976">
        <ele>266.25</ele>
      </trkpt>
      <trkpt lat="42.477414" lon="9.144688">
        <ele>266.5</ele>
      </trkpt>
      <trkpt lat="42.477434" lon="9.142476">
        <ele>267.75</ele>
      </trkpt>
      <trkpt lat="42.477446" lon="9.139863">
        <ele>272.25</ele>
      </trkpt>
      <trkpt lat="42.477432" lon="9.139613">
        <ele>272</ele>
      </trkpt>
      <trkpt lat="42.477393" lon="9.139407">
        <ele>272</ele>
      </trkpt>
      <trkpt lat="42.477314" lon="9.139167">
        <ele>272.25</ele>
      </trkpt>
      <trkpt lat="42.47721" lon="9.138923">
        <ele>273</ele>
      </trkpt>
      <trkpt lat="42.477092" lon="9.138763">
        <ele>273.5</ele>
      </trkpt>
      <trkpt lat="42.476909" lon="9.138619">
        <ele>274</ele>
      </trkpt>
      <trkpt lat="42.476336" lon="9.138265">
        <ele>277.75</ele>
      </trkpt>
      <trkpt lat="42.476301" lon="9.138231">
        <ele>278</ele>
      </trkpt>
      <trkpt lat="42.476232" lon="9.138164">
        <ele>278.75</ele>
      </trkpt>
      <trkpt lat="42.47615" lon="9.138049">
        <ele>279.25</ele>
      </trkpt>
      <trkpt lat="42.476087" lon="9.137844">
        <ele>279.5</ele>
      </trkpt>
      <trkpt lat="42.476034" lon="9.137617">
        <ele>279.25</ele>
      </trkpt>
      <trkpt lat="42.475549" lon="9.135533">
        <ele>282.5</ele>
      </trkpt>
      <trkpt lat="42.475451" lon="9.134936">
        <ele>282</ele>
      </trkpt>
      <trkpt lat="42.475395" lon="9.134738">
        <ele>281.5</ele>
      </trkpt>
      <trkpt lat="42.475284" lon="9.13455">
        <ele>281</ele>
      </trkpt>
      <trkpt lat="42.47413" lon="9.133317">
        <ele>283</ele>
      </trkpt>
      <trkpt lat="42.473989" lon="9.133113">
        <ele>283.5</ele>
      </trkpt>
      <trkpt lat="42.473876" lon="9.132865">
        <ele>284</ele>
      </trkpt>
      <trkpt lat="42.472939" lon="9.130375">
        <ele>292</ele>
      </trkpt>
      <trkpt lat="42.472887" lon="9.130024">
        <ele>291.75</ele>
      </trkpt>
      <trkpt lat="42.472853" lon="9.129436">
        <ele>292</ele>
      </trkpt>
      <trkpt lat="42.472789" lon="9.128947">
        <ele>293</ele>
      </trkpt>
      <trkpt lat="42.472772" lon="9.128811">
        <ele>293.5</ele>
      </trkpt>
      <trkpt lat="42.472655" lon="9.128143">
        <ele>295.25</ele>
      </trkpt>
      <trkpt lat="42.472525" lon="9.12752">
        <ele>295.75</ele>
      </trkpt>
      <trkpt lat="42.472477" lon="9.127349">
        <ele>295.5</ele>
      </trkpt>
      <trkpt lat="42.47242" lon="9.127175">
        <ele>295.25</ele>
      </trkpt>
      <trkpt lat="42.472338" lon="9.126924">
        <ele>295.25</ele>
      </trkpt>
      <trkpt lat="42.471454" lon="9.12498">
        <ele>298.25</ele>
      </trkpt>
      <trkpt lat="42.47111" lon="9.123833">
        <ele>300.5</ele>
      </trkpt>
      <trkpt lat="42.470736" lon="9.122674">
        <ele>303.25</ele>
      </trkpt>
      <trkpt lat="42.470109" lon="9.121495">
        <ele>303.25</ele>
      </trkpt>
      <trkpt lat="42.46999" lon="9.121276">
        <ele>303.5</ele>
      </trkpt>
      <trkpt lat="42.469935" lon="9.121175">
        <ele>303.75</ele>
      </trkpt>
      <trkpt lat="42.469428" lon="9.120242">
        <ele>304.25</ele>
      </trkpt>
      <trkpt lat="42.469349" lon="9.120078">
        <ele>303.75</ele>
      </trkpt>
      <trkpt lat="42.46932" lon="9.11992">
        <ele>303.5</ele>
      </trkpt>
      <trkpt lat="42.469343" lon="9.119759">
        <ele>303</ele>
      </trkpt>
      <trkpt lat="42.469432" lon="9.119525">
        <ele>301.75</ele>
      </trkpt>
      <trkpt lat="42.469462" lon="9.119422">
        <ele>301.5</ele>
      </trkpt>
      <trkpt lat="42.46946" lon="9.119288">
        <ele>301.25</ele>
      </trkpt>
      <trkpt lat="42.469431" lon="9.119173">
        <ele>301.25</ele>
      </trkpt>
      <trkpt lat="42.469303" lon="9.118915">
        <ele>302.75</ele>
      </trkpt>
      <trkpt lat="42.46922" lon="9.118719">
        <ele>303.75</ele>
      </trkpt>
      <trkpt lat="42.469155" lon="9.118534">
        <ele>304.5</ele>
      </trkpt>
      <trkpt lat="42.468963" lon="9.117827">
        <ele>304.5</ele>
      </trkpt>
      <trkpt lat="42.468492" lon="9.115954">
        <ele>309.25</ele>
      </trkpt>
      <trkpt lat="42.468443" lon="9.115717">
        <ele>310</ele>
      </trkpt>
      <trkpt lat="42.468379" lon="9.115068">
        <ele>310.75</ele>
      </trkpt>
      <trkpt lat="42.468197" lon="9.113963">
        <ele>314</ele>
      </trkpt>
      <trkpt lat="42.468115" lon="9.113667">
        <ele>315.25</ele>
      </trkpt>
      <trkpt lat="42.467825" lon="9.112895">
        <ele>320</ele>
      </trkpt>
      <trkpt lat="42.467546" lon="9.111856">
        <ele>317.25</ele>
      </trkpt>
      <trkpt lat="42.467423" lon="9.111548">
        <ele>318.75</ele>
      </trkpt>
      <trkpt lat="42.467355" lon="9.11136">
        <ele>320.75</ele>
      </trkpt>
      <trkpt lat="42.46723" lon="9.110681">
        <ele>321.75</ele>
      </trkpt>
      <trkpt lat="42.467169" lon="9.110477">
        <ele>322.75</ele>
      </trkpt>
      <trkpt lat="42.467018" lon="9.110204">
        <ele>325.5</ele>
      </trkpt>
      <trkpt lat="42.466942" lon="9.110007">
        <ele>326.25</ele>
      </trkpt>
      <trkpt lat="42.466897" lon="9.109766">
        <ele>329.75</ele>
      </trkpt>
      <trkpt lat="42.466891" lon="9.109551">
        <ele>332.25</ele>
      </trkpt>
      <trkpt lat="42.466933" lon="9.109323">
        <ele>333.25</ele>
      </trkpt>
      <trkpt lat="42.467041" lon="9.109026">
        <ele>336</ele>
      </trkpt>
      <trkpt lat="42.467198" lon="9.108784">
        <ele>338.5</ele>
      </trkpt>
      <trkpt lat="42.467526" lon="9.108469">
        <ele>335.75</ele>
      </trkpt>
      <trkpt lat="42.467819" lon="9.108285">
        <ele>332</ele>
      </trkpt>
      <trkpt lat="42.468028" lon="9.108124">
        <ele>328</ele>
      </trkpt>
      <trkpt lat="42.468106" lon="9.108003">
        <ele>326.5</ele>
      </trkpt>
      <trkpt lat="42.468145" lon="9.10788">
        <ele>326</ele>
      </trkpt>
      <trkpt lat="42.468166" lon="9.107709">
        <ele>326.5</ele>
      </trkpt>
      <trkpt lat="42.468138" lon="9.107537">
        <ele>328.75</ele>
      </trkpt>
      <trkpt lat="42.467881" lon="9.10705">
        <ele>336.25</ele>
      </trkpt>
      <trkpt lat="42.467831" lon="9.106837">
        <ele>336</ele>
      </trkpt>
      <trkpt lat="42.467856" lon="9.106729">
        <ele>334.5</ele>
      </trkpt>
      <trkpt lat="42.468171" lon="9.106508">
        <ele>326.75</ele>
      </trkpt>
      <trkpt lat="42.468223" lon="9.106427">
        <ele>326.25</ele>
      </trkpt>
      <trkpt lat="42.46825" lon="9.10633">
        <ele>326.75</ele>
      </trkpt>
      <trkpt lat="42.468224" lon="9.106207">
        <ele>328</ele>
      </trkpt>
      <trkpt lat="42.468016" lon="9.105691">
        <ele>331.75</ele>
      </trkpt>
      <trkpt lat="42.467965" lon="9.105474">
        <ele>334</ele>
      </trkpt>
      <trkpt lat="42.467887" lon="9.104968">
        <ele>338</ele>
      </trkpt>
      <trkpt lat="42.467719" lon="9.104416">
        <ele>346.25</ele>
      </trkpt>
      <trkpt lat="42.46762" lon="9.104255">
        <ele>345.5</ele>
      </trkpt>
      <trkpt lat="42.467498" lon="9.104124">
        <ele>343.75</ele>
      </trkpt>
      <trkpt lat="42.466869" lon="9.103711">
        <ele>343.75</ele>
      </trkpt>
      <trkpt lat="42.466643" lon="9.103532">
        <ele>340.75</ele>
      </trkpt>
      <trkpt lat="42.466246" lon="9.102957">
        <ele>349.75</ele>
      </trkpt>
      <trkpt lat="42.465964" lon="9.102697">
        <ele>349.25</ele>
      </trkpt>
      <trkpt lat="42.465636" lon="9.102432">
        <ele>348.5</ele>
      </trkpt>
      <trkpt lat="42.465013" lon="9.102021">
        <ele>345</ele>
      </trkpt>
      <trkpt lat="42.464587" lon="9.101879">
        <ele>342.25</ele>
      </trkpt>
      <trkpt lat="42.46447" lon="9.101778">
        <ele>341.75</ele>
      </trkpt>
      <trkpt lat="42.464395" lon="9.101636">
        <ele>341.75</ele>
      </trkpt>
      <trkpt lat="42.46435" lon="9.101437">
        <ele>342.25</ele>
      </trkpt>
      <trkpt lat="42.46434" lon="9.101312">
        <ele>343</ele>
      </trkpt>
      <trkpt lat="42.464377" lon="9.101188">
        <ele>344.75</ele>
      </trkpt>
      <trkpt lat="42.464483" lon="9.101038">
        <ele>348.5</ele>
      </trkpt>
      <trkpt lat="42.464712" lon="9.100881">
        <ele>355.75</ele>
      </trkpt>
      <trkpt lat="42.464847" lon="9.100801">
        <ele>360.25</ele>
      </trkpt>
      <trkpt lat="42.464914" lon="9.100732">
        <ele>363.25</ele>
      </trkpt>
      <trkpt lat="42.464936" lon="9.100648">
        <ele>365.5</ele>
      </trkpt>
      <trkpt lat="42.46493" lon="9.100418">
        <ele>369.25</ele>
      </trkpt>
      <trkpt lat="42.4649" lon="9.100229">
        <ele>371.25</ele>
      </trkpt>
      <trkpt lat="42.464803" lon="9.099963">
        <ele>371</ele>
      </trkpt>
      <trkpt lat="42.464207" lon="9.099086">
        <ele>355.25</ele>
      </trkpt>
      <trkpt lat="42.464061" lon="9.098927">
        <ele>356.75</ele>
      </trkpt>
      <trkpt lat="42.463941" lon="9.098848">
        <ele>357.25</ele>
      </trkpt>
      <trkpt lat="42.463743" lon="9.098737">
        <ele>356.75</ele>
      </trkpt>
      <trkpt lat="42.463619" lon="9.098625">
        <ele>356.75</ele>
      </trkpt>
      <trkpt lat="42.462692" lon="9.097406">
        <ele>358.5</ele>
      </trkpt>
      <trkpt lat="42.461791" lon="9.096264">
        <ele>357.5</ele>
      </trkpt>
      <trkpt lat="42.461552" lon="9.09582">
        <ele>358</ele>
      </trkpt>
      <trkpt lat="42.461392" lon="9.095327">
        <ele>364.75</ele>
      </trkpt>
      <trkpt lat="42.461289" lon="9.095155">
        <ele>364.25</ele>
      </trkpt>
      <trkpt lat="42.46115" lon="9.094974">
        <ele>361.5</ele>
      </trkpt>
      <trkpt lat="42.461082" lon="9.094819">
        <ele>362</ele>
      </trkpt>
      <trkpt lat="42.461017" lon="9.094541">
        <ele>364</ele>
      </trkpt>
      <trkpt lat="42.460866" lon="9.094155">
        <ele>360.25</ele>
      </trkpt>
      <trkpt lat="42.460816" lon="9.093957">
        <ele>362.75</ele>
      </trkpt>
      <trkpt lat="42.460758" lon="9.093446">
        <ele>373</ele>
      </trkpt>
      <trkpt lat="42.460663" lon="9.093056">
        <ele>379.25</ele>
      </trkpt>
      <trkpt lat="42.460506" lon="9.09268">
        <ele>380.75</ele>
      </trkpt>
      <trkpt lat="42.460272" lon="9.092375">
        <ele>377.75</ele>
      </trkpt>
      <trkpt lat="42.45988" lon="9.091977">
        <ele>376.75</ele>
      </trkpt>
      <trkpt lat="42.459268" lon="9.091563">
        <ele>364</ele>
      </trkpt>
      <trkpt lat="42.459127" lon="9.091388">
        <ele>364</ele>
      </trkpt>
      <trkpt lat="42.458971" lon="9.090856">
        <ele>373.75</ele>
      </trkpt>
      <trkpt lat="42.458836" lon="9.090236">
        <ele>379.75</ele>
      </trkpt>
      <trkpt lat="42.458805" lon="9.08958">
        <ele>380.25</ele>
      </trkpt>
      <trkpt lat="42.458863" lon="9.088371">
        <ele>381</ele>
      </trkpt>
      <trkpt lat="42.4589" lon="9.087736">
        <ele>379.75</ele>
      </trkpt>
      <trkpt lat="42.459001" lon="9.087162">
        <ele>380.75</ele>
      </trkpt>
      <trkpt lat="42.459032" lon="9.086956">
        <ele>381.75</ele>
      </trkpt>
      <trkpt lat="42.459035" lon="9.086028">
        <ele>393.25</ele>
      </trkpt>
      <trkpt lat="42.459009" lon="9.085855">
        <ele>395.25</ele>
      </trkpt>
      <trkpt lat="42.458884" lon="9.085541">
        <ele>398.25</ele>
      </trkpt>
      <trkpt lat="42.458806" lon="9.085133">
        <ele>402</ele>
      </trkpt>
      <trkpt lat="42.458762" lon="9.085013">
        <ele>401.75</ele>
      </trkpt>
      <trkpt lat="42.458629" lon="9.084839">
        <ele>399.5</ele>
      </trkpt>
      <trkpt lat="42.458369" lon="9.0846">
        <ele>391.5</ele>
      </trkpt>
      <trkpt lat="42.458158" lon="9.084211">
        <ele>393.25</ele>
      </trkpt>
      <trkpt lat="42.458012" lon="9.083746">
        <ele>390.5</ele>
      </trkpt>
      <trkpt lat="42.457913" lon="9.083358">
        <ele>388.25</ele>
      </trkpt>
      <trkpt lat="42.457908" lon="9.083205">
        <ele>388.25</ele>
      </trkpt>
      <trkpt lat="42.457955" lon="9.083047">
        <ele>389.25</ele>
      </trkpt>
      <trkpt lat="42.458174" lon="9.082592">
        <ele>390</ele>
      </trkpt>
      <trkpt lat="42.45825" lon="9.082498">
        <ele>389.75</ele>
      </trkpt>
      <trkpt lat="42.458358" lon="9.082363">
        <ele>390.25</ele>
      </trkpt>
      <trkpt lat="42.458403" lon="9.082308">
        <ele>391.75</ele>
      </trkpt>
      <trkpt lat="42.458581" lon="9.081979">
        <ele>398</ele>
      </trkpt>
      <trkpt lat="42.458663" lon="9.081784">
        <ele>401</ele>
      </trkpt>
      <trkpt lat="42.458713" lon="9.081605">
        <ele>403</ele>
      </trkpt>
      <trkpt lat="42.458721" lon="9.081374">
        <ele>404.25</ele>
      </trkpt>
      <trkpt lat="42.458655" lon="9.080995">
        <ele>402.75</ele>
      </trkpt>
      <trkpt lat="42.45859" lon="9.080832">
        <ele>400.25</ele>
      </trkpt>
      <trkpt lat="42.458459" lon="9.080571">
        <ele>399.5</ele>
      </trkpt>
      <trkpt lat="42.458199" lon="9.080207">
        <ele>399.25</ele>
      </trkpt>
      <trkpt lat="42.457895" lon="9.08">
        <ele>397</ele>
      </trkpt>
      <trkpt lat="42.457425" lon="9.079884">
        <ele>393.75</ele>
      </trkpt>
      <trkpt lat="42.457283" lon="9.079857">
        <ele>393.75</ele>
      </trkpt>
      <trkpt lat="42.457011" lon="9.079867">
        <ele>390.5</ele>
      </trkpt>
      <trkpt lat="42.456592" lon="9.079971">
        <ele>385.75</ele>
      </trkpt>
      <trkpt lat="42.456461" lon="9.079941">
        <ele>390</ele>
      </trkpt>
      <trkpt lat="42.456335" lon="9.079872">
        <ele>394.5</ele>
      </trkpt>
      <trkpt lat="42.456263" lon="9.079767">
        <ele>397.5</ele>
      </trkpt>
      <trkpt lat="42.456253" lon="9.079638">
        <ele>399.5</ele>
      </trkpt>
      <trkpt lat="42.456326" lon="9.079299">
        <ele>404</ele>
      </trkpt>
      <trkpt lat="42.456369" lon="9.078816">
        <ele>410.25</ele>
      </trkpt>
      <trkpt lat="42.456443" lon="9.078624">
        <ele>413.5</ele>
      </trkpt>
      <trkpt lat="42.45651" lon="9.078405">
        <ele>417.25</ele>
      </trkpt>
      <trkpt lat="42.456513" lon="9.078233">
        <ele>418.5</ele>
      </trkpt>
      <trkpt lat="42.456451" lon="9.077913">
        <ele>418.5</ele>
      </trkpt>
      <trkpt lat="42.456437" lon="9.077727">
        <ele>419</ele>
      </trkpt>
      <trkpt lat="42.456452" lon="9.077432">
        <ele>421</ele>
      </trkpt>
      <trkpt lat="42.456404" lon="9.077027">
        <ele>424</ele>
      </trkpt>
      <trkpt lat="42.456328" lon="9.076715">
        <ele>424</ele>
      </trkpt>
      <trkpt lat="42.45618" lon="9.076494">
        <ele>420.75</ele>
      </trkpt>
      <trkpt lat="42.456068" lon="9.076166">
        <ele>421</ele>
      </trkpt>
      <trkpt lat="42.455724" lon="9.075588">
        <ele>417.75</ele>
      </trkpt>
      <trkpt lat="42.455633" lon="9.075295">
        <ele>420.75</ele>
      </trkpt>
      <trkpt lat="42.455525" lon="9.0751">
        <ele>420.25</ele>
      </trkpt>
      <trkpt lat="42.455065" lon="9.074547">
        <ele>409.5</ele>
      </trkpt>
      <trkpt lat="42.454972" lon="9.074413">
        <ele>409.5</ele>
      </trkpt>
      <trkpt lat="42.454948" lon="9.074182">
        <ele>412</ele>
      </trkpt>
      <trkpt lat="42.454945" lon="9.073917">
        <ele>411.25</ele>
      </trkpt>
      <trkpt lat="42.45498" lon="9.073747">
        <ele>410</ele>
      </trkpt>
      <trkpt lat="42.455028" lon="9.073618">
        <ele>409.75</ele>
      </trkpt>
      <trkpt lat="42.455117" lon="9.073567">
        <ele>410.5</ele>
      </trkpt>
      <trkpt lat="42.455341" lon="9.073507">
        <ele>413.25</ele>
      </trkpt>
      <trkpt lat="42.455692" lon="9.073507">
        <ele>417.75</ele>
      </trkpt>
      <trkpt lat="42.455794" lon="9.073542">
        <ele>419.5</ele>
      </trkpt>
      <trkpt lat="42.455884" lon="9.073606">
        <ele>421.5</ele>
      </trkpt>
      <trkpt lat="42.456012" lon="9.073825">
        <ele>427.75</ele>
      </trkpt>
      <trkpt lat="42.456084" lon="9.073889">
        <ele>431</ele>
      </trkpt>
      <trkpt lat="42.456141" lon="9.073901">
        <ele>433</ele>
      </trkpt>
      <trkpt lat="42.456215" lon="9.073896">
        <ele>435</ele>
      </trkpt>
      <trkpt lat="42.456331" lon="9.073842">
        <ele>436.25</ele>
      </trkpt>
      <trkpt lat="42.456539" lon="9.073637">
        <ele>431.75</ele>
      </trkpt>
      <trkpt lat="42.456586" lon="9.07354">
        <ele>427.5</ele>
      </trkpt>
      <trkpt lat="42.456611" lon="9.073444">
        <ele>422.75</ele>
      </trkpt>
      <trkpt lat="42.456674" lon="9.07282">
        <ele>434.5</ele>
      </trkpt>
      <trkpt lat="42.456722" lon="9.072436">
        <ele>446.25</ele>
      </trkpt>
      <trkpt lat="42.456689" lon="9.072284">
        <ele>440.5</ele>
      </trkpt>
      <trkpt lat="42.456633" lon="9.072041">
        <ele>432.75</ele>
      </trkpt>
      <trkpt lat="42.456613" lon="9.071875">
        <ele>428.5</ele>
      </trkpt>
      <trkpt lat="42.456639" lon="9.071496">
        <ele>431.5</ele>
      </trkpt>
      <trkpt lat="42.456544" lon="9.071098">
        <ele>447</ele>
      </trkpt>
      <trkpt lat="42.456295" lon="9.07066">
        <ele>451.5</ele>
      </trkpt>
      <trkpt lat="42.456129" lon="9.070414">
        <ele>452</ele>
      </trkpt>
      <trkpt lat="42.455743" lon="9.070121">
        <ele>440</ele>
      </trkpt>
      <trkpt lat="42.455589" lon="9.069973">
        <ele>438.25</ele>
      </trkpt>
      <trkpt lat="42.455377" lon="9.069864">
        <ele>431.5</ele>
      </trkpt>
      <trkpt lat="42.455263" lon="9.069678">
        <ele>428.5</ele>
      </trkpt>
      <trkpt lat="42.455208" lon="9.069428">
        <ele>427.75</ele>
      </trkpt>
      <trkpt lat="42.455156" lon="9.068667">
        <ele>431</ele>
      </trkpt>
      <trkpt lat="42.455206" lon="9.068338">
        <ele>435.75</ele>
      </trkpt>
      <trkpt lat="42.455234" lon="9.068047">
        <ele>437.5</ele>
      </trkpt>
      <trkpt lat="42.455196" lon="9.067577">
        <ele>436.75</ele>
      </trkpt>
      <trkpt lat="42.455057" lon="9.067031">
        <ele>432.75</ele>
      </trkpt>
      <trkpt lat="42.454847" lon="9.066493">
        <ele>433</ele>
      </trkpt>
      <trkpt lat="42.454674" lon="9.066237">
        <ele>434.75</ele>
      </trkpt>
      <trkpt lat="42.454559" lon="9.065806">
        <ele>437</ele>
      </trkpt>
      <trkpt lat="42.454418" lon="9.065409">
        <ele>441</ele>
      </trkpt>
      <trkpt lat="42.454394" lon="9.064713">
        <ele>446.25</ele>
      </trkpt>
      <trkpt lat="42.454494" lon="9.063725">
        <ele>446</ele>
      </trkpt>
      <trkpt lat="42.454616" lon="9.06334">
        <ele>447.75</ele>
      </trkpt>
      <trkpt lat="42.454606" lon="9.063132">
        <ele>447.5</ele>
      </trkpt>
      <trkpt lat="42.454559" lon="9.062738">
        <ele>446.5</ele>
      </trkpt>
      <trkpt lat="42.454487" lon="9.06244">
        <ele>446</ele>
      </trkpt>
      <trkpt lat="42.45441" lon="9.062088">
        <ele>447</ele>
      </trkpt>
      <trkpt lat="42.454166" lon="9.061577">
        <ele>442.5</ele>
      </trkpt>
      <trkpt lat="42.453967" lon="9.061324">
        <ele>447.25</ele>
      </trkpt>
      <trkpt lat="42.453811" lon="9.061047">
        <ele>449.25</ele>
      </trkpt>
      <trkpt lat="42.453566" lon="9.060433">
        <ele>445</ele>
      </trkpt>
      <trkpt lat="42.453542" lon="9.060232">
        <ele>443.25</ele>
      </trkpt>
      <trkpt lat="42.453565" lon="9.060109">
        <ele>443.25</ele>
      </trkpt>
      <trkpt lat="42.453725" lon="9.059888">
        <ele>447.75</ele>
      </trkpt>
      <trkpt lat="42.453851" lon="9.059811">
        <ele>450.5</ele>
      </trkpt>
      <trkpt lat="42.45397" lon="9.05978">
        <ele>452.5</ele>
      </trkpt>
      <trkpt lat="42.45406" lon="9.059714">
        <ele>453.25</ele>
      </trkpt>
      <trkpt lat="42.45412" lon="9.059638">
        <ele>452.75</ele>
      </trkpt>
      <trkpt lat="42.45417" lon="9.059416">
        <ele>449.5</ele>
      </trkpt>
      <trkpt lat="42.454231" lon="9.059209">
        <ele>449.75</ele>
      </trkpt>
      <trkpt lat="42.454337" lon="9.058978">
        <ele>454.5</ele>
      </trkpt>
      <trkpt lat="42.454355" lon="9.058742">
        <ele>454.25</ele>
      </trkpt>
      <trkpt lat="42.454274" lon="9.057718">
        <ele>449.25</ele>
      </trkpt>
      <trkpt lat="42.454285" lon="9.057492">
        <ele>450.75</ele>
      </trkpt>
      <trkpt lat="42.454376" lon="9.057322">
        <ele>455.5</ele>
      </trkpt>
      <trkpt lat="42.454867" lon="9.056948">
        <ele>460.75</ele>
      </trkpt>
      <trkpt lat="42.455159" lon="9.056471">
        <ele>461</ele>
      </trkpt>
      <trkpt lat="42.455426" lon="9.055894">
        <ele>462.75</ele>
      </trkpt>
      <trkpt lat="42.455575" lon="9.055654">
        <ele>464</ele>
      </trkpt>
      <trkpt lat="42.455646" lon="9.055355">
        <ele>464.75</ele>
      </trkpt>
      <trkpt lat="42.455791" lon="9.055021">
        <ele>465.5</ele>
      </trkpt>
      <trkpt lat="42.455857" lon="9.054784">
        <ele>469</ele>
      </trkpt>
      <trkpt lat="42.455889" lon="9.05432">
        <ele>474.75</ele>
      </trkpt>
      <trkpt lat="42.455864" lon="9.053967">
        <ele>478.25</ele>
      </trkpt>
      <trkpt lat="42.455748" lon="9.053423">
        <ele>484.5</ele>
      </trkpt>
      <trkpt lat="42.45567" lon="9.053188">
        <ele>487.5</ele>
      </trkpt>
      <trkpt lat="42.455453" lon="9.052806">
        <ele>489.5</ele>
      </trkpt>
      <trkpt lat="42.455223" lon="9.052609">
        <ele>484</ele>
      </trkpt>
      <trkpt lat="42.454809" lon="9.052386">
        <ele>475.5</ele>
      </trkpt>
      <trkpt lat="42.454541" lon="9.052203">
        <ele>474.75</ele>
      </trkpt>
      <trkpt lat="42.454273" lon="9.052096">
        <ele>470.75</ele>
      </trkpt>
      <trkpt lat="42.454124" lon="9.051984">
        <ele>470.25</ele>
      </trkpt>
      <trkpt lat="42.453951" lon="9.051776">
        <ele>471.25</ele>
      </trkpt>
      <trkpt lat="42.453637" lon="9.051517">
        <ele>465.25</ele>
      </trkpt>
      <trkpt lat="42.453567" lon="9.05137">
        <ele>464</ele>
      </trkpt>
      <trkpt lat="42.453539" lon="9.051256">
        <ele>464</ele>
      </trkpt>
      <trkpt lat="42.453552" lon="9.051147">
        <ele>464.5</ele>
      </trkpt>
      <trkpt lat="42.453622" lon="9.051056">
        <ele>466</ele>
      </trkpt>
      <trkpt lat="42.453791" lon="9.050953">
        <ele>469</ele>
      </trkpt>
      <trkpt lat="42.454104" lon="9.050852">
        <ele>473.25</ele>
      </trkpt>
      <trkpt lat="42.454349" lon="9.050786">
        <ele>479.75</ele>
      </trkpt>
      <trkpt lat="42.454529" lon="9.050797">
        <ele>486.25</ele>
      </trkpt>
      <trkpt lat="42.454672" lon="9.05075">
        <ele>490.25</ele>
      </trkpt>
      <trkpt lat="42.454826" lon="9.050612">
        <ele>492</ele>
      </trkpt>
      <trkpt lat="42.454933" lon="9.05048">
        <ele>491.75</ele>
      </trkpt>
      <trkpt lat="42.454978" lon="9.050278">
        <ele>487.25</ele>
      </trkpt>
      <trkpt lat="42.455002" lon="9.050056">
        <ele>481.5</ele>
      </trkpt>
      <trkpt lat="42.454967" lon="9.049304">
        <ele>471</ele>
      </trkpt>
      <trkpt lat="42.454997" lon="9.049099">
        <ele>469.5</ele>
      </trkpt>
      <trkpt lat="42.455065" lon="9.049017">
        <ele>471.75</ele>
      </trkpt>
      <trkpt lat="42.455173" lon="9.04898">
        <ele>474.5</ele>
      </trkpt>
      <trkpt lat="42.455447" lon="9.04895">
        <ele>480.5</ele>
      </trkpt>
      <trkpt lat="42.455601" lon="9.048861">
        <ele>482.5</ele>
      </trkpt>
      <trkpt lat="42.455838" lon="9.048649">
        <ele>481.5</ele>
      </trkpt>
      <trkpt lat="42.456031" lon="9.048337">
        <ele>480.75</ele>
      </trkpt>
      <trkpt lat="42.456176" lon="9.047862">
        <ele>485.5</ele>
      </trkpt>
      <trkpt lat="42.456201" lon="9.04762">
        <ele>486</ele>
      </trkpt>
      <trkpt lat="42.456121" lon="9.047014">
        <ele>483</ele>
      </trkpt>
      <trkpt lat="42.456149" lon="9.046855">
        <ele>483.75</ele>
      </trkpt>
      <trkpt lat="42.45623" lon="9.046742">
        <ele>485.5</ele>
      </trkpt>
      <trkpt lat="42.456397" lon="9.046592">
        <ele>488.75</ele>
      </trkpt>
      <trkpt lat="42.456488" lon="9.046431">
        <ele>489.25</ele>
      </trkpt>
      <trkpt lat="42.456781" lon="9.046073">
        <ele>492.5</ele>
      </trkpt>
      <trkpt lat="42.45685" lon="9.045867">
        <ele>493</ele>
      </trkpt>
      <trkpt lat="42.456861" lon="9.045638">
        <ele>493.25</ele>
      </trkpt>
      <trkpt lat="42.456793" lon="9.04522">
        <ele>490.5</ele>
      </trkpt>
      <trkpt lat="42.456693" lon="9.044966">
        <ele>487</ele>
      </trkpt>
      <trkpt lat="42.456702" lon="9.044755">
        <ele>488</ele>
      </trkpt>
      <trkpt lat="42.456775" lon="9.044589">
        <ele>490.5</ele>
      </trkpt>
      <trkpt lat="42.457021" lon="9.044343">
        <ele>497.5</ele>
      </trkpt>
      <trkpt lat="42.457192" lon="9.044238">
        <ele>501.25</ele>
      </trkpt>
      <trkpt lat="42.457371" lon="9.044173">
        <ele>505</ele>
      </trkpt>
      <trkpt lat="42.457492" lon="9.044086">
        <ele>508</ele>
      </trkpt>
      <trkpt lat="42.457762" lon="9.043847">
        <ele>512.25</ele>
      </trkpt>
      <trkpt lat="42.457836" lon="9.043812">
        <ele>513.5</ele>
      </trkpt>
      <trkpt lat="42.457895" lon="9.043808">
        <ele>514</ele>
      </trkpt>
      <trkpt lat="42.458179" lon="9.043934">
        <ele>516.5</ele>
      </trkpt>
      <trkpt lat="42.458407" lon="9.04402">
        <ele>518.75</ele>
      </trkpt>
      <trkpt lat="42.458623" lon="9.044198">
        <ele>520.75</ele>
      </trkpt>
      <trkpt lat="42.458712" lon="9.044225">
        <ele>522.5</ele>
      </trkpt>
      <trkpt lat="42.458848" lon="9.044239">
        <ele>524.25</ele>
      </trkpt>
      <trkpt lat="42.458967" lon="9.044236">
        <ele>525.5</ele>
      </trkpt>
      <trkpt lat="42.459017" lon="9.044205">
        <ele>524.75</ele>
      </trkpt>
      <trkpt lat="42.459038" lon="9.044139">
        <ele>524.25</ele>
      </trkpt>
      <trkpt lat="42.459028" lon="9.043937">
        <ele>527.75</ele>
      </trkpt>
      <trkpt lat="42.458997" lon="9.043879">
        <ele>528.25</ele>
      </trkpt>
      <trkpt lat="42.458961" lon="9.04384">
        <ele>528.5</ele>
      </trkpt>
      <trkpt lat="42.458727" lon="9.0437">
        <ele>526.75</ele>
      </trkpt>
      <trkpt lat="42.458404" lon="9.043315">
        <ele>524.25</ele>
      </trkpt>
      <trkpt lat="42.458201" lon="9.043142">
        <ele>528.5</ele>
      </trkpt>
      <trkpt lat="42.457932" lon="9.043038">
        <ele>530.75</ele>
      </trkpt>
      <trkpt lat="42.457499" lon="9.043046">
        <ele>527</ele>
      </trkpt>
      <trkpt lat="42.457267" lon="9.043019">
        <ele>527.25</ele>
      </trkpt>
      <trkpt lat="42.456939" lon="9.042903">
        <ele>531.25</ele>
      </trkpt>
      <trkpt lat="42.456827" lon="9.042873">
        <ele>531.75</ele>
      </trkpt>
      <trkpt lat="42.456668" lon="9.04291">
        <ele>529.25</ele>
      </trkpt>
      <trkpt lat="42.456558" lon="9.042873">
        <ele>527.25</ele>
      </trkpt>
      <trkpt lat="42.456394" lon="9.042703">
        <ele>529</ele>
      </trkpt>
      <trkpt lat="42.456268" lon="9.042489">
        <ele>533.5</ele>
      </trkpt>
      <trkpt lat="42.456077" lon="9.042062">
        <ele>542</ele>
      </trkpt>
      <trkpt lat="42.455772" lon="9.041641">
        <ele>544.75</ele>
      </trkpt>
      <trkpt lat="42.455438" lon="9.041334">
        <ele>538.5</ele>
      </trkpt>
      <trkpt lat="42.45535" lon="9.041153">
        <ele>540</ele>
      </trkpt>
      <trkpt lat="42.45525" lon="9.040775">
        <ele>547.25</ele>
      </trkpt>
      <trkpt lat="42.45512" lon="9.040501">
        <ele>550.75</ele>
      </trkpt>
      <trkpt lat="42.454997" lon="9.040179">
        <ele>556.5</ele>
      </trkpt>
      <trkpt lat="42.454614" lon="9.039632">
        <ele>558.75</ele>
      </trkpt>
      <trkpt lat="42.45417" lon="9.039215">
        <ele>554.75</ele>
      </trkpt>
      <trkpt lat="42.454091" lon="9.03903">
        <ele>553</ele>
      </trkpt>
      <trkpt lat="42.454097" lon="9.038857">
        <ele>552.25</ele>
      </trkpt>
      <trkpt lat="42.454189" lon="9.038623">
        <ele>554</ele>
      </trkpt>
      <trkpt lat="42.454316" lon="9.038391">
        <ele>557.25</ele>
      </trkpt>
      <trkpt lat="42.454376" lon="9.038339">
        <ele>559</ele>
      </trkpt>
      <trkpt lat="42.454594" lon="9.038213">
        <ele>564.25</ele>
      </trkpt>
      <trkpt lat="42.454705" lon="9.038077">
        <ele>565.5</ele>
      </trkpt>
      <trkpt lat="42.454801" lon="9.037878">
        <ele>564.75</ele>
      </trkpt>
      <trkpt lat="42.454869" lon="9.03782">
        <ele>565.75</ele>
      </trkpt>
      <trkpt lat="42.454947" lon="9.037787">
        <ele>567.25</ele>
      </trkpt>
      <trkpt lat="42.455212" lon="9.037513">
        <ele>572.25</ele>
      </trkpt>
      <trkpt lat="42.455262" lon="9.03743">
        <ele>573.5</ele>
      </trkpt>
      <trkpt lat="42.455384" lon="9.037057">
        <ele>574.25</ele>
      </trkpt>
      <trkpt lat="42.455415" lon="9.03699">
        <ele>574.5</ele>
      </trkpt>
      <trkpt lat="42.455577" lon="9.036829">
        <ele>577</ele>
      </trkpt>
      <trkpt lat="42.455608" lon="9.036775">
        <ele>577</ele>
      </trkpt>
      <trkpt lat="42.455647" lon="9.036646">
        <ele>576.25</ele>
      </trkpt>
      <trkpt lat="42.455777" lon="9.036319">
        <ele>579.5</ele>
      </trkpt>
      <trkpt lat="42.456039" lon="9.036105">
        <ele>588</ele>
      </trkpt>
      <trkpt lat="42.456078" lon="9.036065">
        <ele>589.25</ele>
      </trkpt>
      <trkpt lat="42.456172" lon="9.035887">
        <ele>591.5</ele>
      </trkpt>
      <trkpt lat="42.456247" lon="9.035738">
        <ele>594.25</ele>
      </trkpt>
      <trkpt lat="42.456269" lon="9.035682">
        <ele>595.25</ele>
      </trkpt>
      <trkpt lat="42.456277" lon="9.035624">
        <ele>595.75</ele>
      </trkpt>
      <trkpt lat="42.456252" lon="9.035304">
        <ele>596.75</ele>
      </trkpt>
      <trkpt lat="42.456278" lon="9.035176">
        <ele>597.75</ele>
      </trkpt>
      <trkpt lat="42.456369" lon="9.034904">
        <ele>601</ele>
      </trkpt>
      <trkpt lat="42.45638" lon="9.03484">
        <ele>602.25</ele>
      </trkpt>
      <trkpt lat="42.45636" lon="9.034701">
        <ele>605.25</ele>
      </trkpt>
      <trkpt lat="42.456319" lon="9.034645">
        <ele>606.75</ele>
      </trkpt>
      <trkpt lat="42.4562" lon="9.03458">
        <ele>609.5</ele>
      </trkpt>
      <trkpt lat="42.456171" lon="9.034596">
        <ele>609.5</ele>
      </trkpt>
      <trkpt lat="42.456013" lon="9.034795">
        <ele>604</ele>
      </trkpt>
      <trkpt lat="42.455946" lon="9.03486">
        <ele>601.75</ele>
      </trkpt>
      <trkpt lat="42.455825" lon="9.035131">
        <ele>593.5</ele>
      </trkpt>
      <trkpt lat="42.455776" lon="9.035208">
        <ele>593.25</ele>
      </trkpt>
      <trkpt lat="42.455712" lon="9.035241">
        <ele>594</ele>
      </trkpt>
      <trkpt lat="42.455549" lon="9.035293">
        <ele>596.75</ele>
      </trkpt>
      <trkpt lat="42.455234" lon="9.03551">
        <ele>596.75</ele>
      </trkpt>
      <trkpt lat="42.455199" lon="9.035519">
        <ele>597</ele>
      </trkpt>
      <trkpt lat="42.455163" lon="9.035513">
        <ele>598</ele>
      </trkpt>
      <trkpt lat="42.455145" lon="9.035495">
        <ele>599</ele>
      </trkpt>
      <trkpt lat="42.455033" lon="9.035562">
        <ele>598.5</ele>
      </trkpt>
      <trkpt lat="42.454921" lon="9.035521">
        <ele>601.25</ele>
      </trkpt>
      <trkpt lat="42.454633" lon="9.035628">
        <ele>599.75</ele>
      </trkpt>
      <trkpt lat="42.454481" lon="9.035665">
        <ele>600</ele>
      </trkpt>
      <trkpt lat="42.454372" lon="9.035663">
        <ele>601.25</ele>
      </trkpt>
      <trkpt lat="42.454293" lon="9.035629">
        <ele>602.75</ele>
      </trkpt>
      <trkpt lat="42.454143" lon="9.035481">
        <ele>606.5</ele>
      </trkpt>
      <trkpt lat="42.454044" lon="9.035352">
        <ele>606.25</ele>
      </trkpt>
      <trkpt lat="42.453927" lon="9.035106">
        <ele>607.75</ele>
      </trkpt>
      <trkpt lat="42.45383" lon="9.034864">
        <ele>609.25</ele>
      </trkpt>
      <trkpt lat="42.453781" lon="9.03473">
        <ele>610</ele>
      </trkpt>
      <trkpt lat="42.453645" lon="9.034357">
        <ele>610.75</ele>
      </trkpt>
      <trkpt lat="42.453589" lon="9.034">
        <ele>613.5</ele>
      </trkpt>
      <trkpt lat="42.453517" lon="9.033865">
        <ele>612</ele>
      </trkpt>
      <trkpt lat="42.453417" lon="9.033559">
        <ele>611.5</ele>
      </trkpt>
      <trkpt lat="42.453364" lon="9.033268">
        <ele>613.75</ele>
      </trkpt>
      <trkpt lat="42.453333" lon="9.033139">
        <ele>615</ele>
      </trkpt>
      <trkpt lat="42.453302" lon="9.033083">
        <ele>615</ele>
      </trkpt>
      <trkpt lat="42.453219" lon="9.033026">
        <ele>613</ele>
      </trkpt>
      <trkpt lat="42.453104" lon="9.032951">
        <ele>610.25</ele>
      </trkpt>
      <trkpt lat="42.452987" lon="9.032834">
        <ele>608.5</ele>
      </trkpt>
      <trkpt lat="42.452853" lon="9.032684">
        <ele>607</ele>
      </trkpt>
      <trkpt lat="42.452717" lon="9.032468">
        <ele>607.25</ele>
      </trkpt>
      <trkpt lat="42.452638" lon="9.032217">
        <ele>609</ele>
      </trkpt>
      <trkpt lat="42.452626" lon="9.032133">
        <ele>610</ele>
      </trkpt>
      <trkpt lat="42.452588" lon="9.031876">
        <ele>613.25</ele>
      </trkpt>
      <trkpt lat="42.452539" lon="9.031785">
        <ele>613.25</ele>
      </trkpt>
      <trkpt lat="42.452339" lon="9.031593">
        <ele>611.5</ele>
      </trkpt>
      <trkpt lat="42.452165" lon="9.031377">
        <ele>611.75</ele>
      </trkpt>
      <trkpt lat="42.451989" lon="9.03103">
        <ele>614.75</ele>
      </trkpt>
      <trkpt lat="42.451886" lon="9.030753">
        <ele>618</ele>
      </trkpt>
      <trkpt lat="42.451789" lon="9.030338">
        <ele>622.5</ele>
      </trkpt>
      <trkpt lat="42.45177" lon="9.030279">
        <ele>622.75</ele>
      </trkpt>
      <trkpt lat="42.451689" lon="9.030029">
        <ele>624.25</ele>
      </trkpt>
      <trkpt lat="42.451565" lon="9.029788">
        <ele>630.75</ele>
      </trkpt>
      <trkpt lat="42.451453" lon="9.02973">
        <ele>633.25</ele>
      </trkpt>
      <trkpt lat="42.451321" lon="9.029739">
        <ele>634.25</ele>
      </trkpt>
      <trkpt lat="42.45119" lon="9.029823">
        <ele>633.5</ele>
      </trkpt>
      <trkpt lat="42.451143" lon="9.0299">
        <ele>632</ele>
      </trkpt>
      <trkpt lat="42.451037" lon="9.030253">
        <ele>628.25</ele>
      </trkpt>
      <trkpt lat="42.450967" lon="9.030393">
        <ele>627.75</ele>
      </trkpt>
      <trkpt lat="42.450804" lon="9.030534">
        <ele>628.25</ele>
      </trkpt>
      <trkpt lat="42.450614" lon="9.030661">
        <ele>626.5</ele>
      </trkpt>
      <trkpt lat="42.450541" lon="9.030683">
        <ele>626</ele>
      </trkpt>
      <trkpt lat="42.450469" lon="9.030685">
        <ele>625.75</ele>
      </trkpt>
      <trkpt lat="42.450381" lon="9.030645">
        <ele>625.75</ele>
      </trkpt>
      <trkpt lat="42.450327" lon="9.030605">
        <ele>626.25</ele>
      </trkpt>
      <trkpt lat="42.450272" lon="9.030536">
        <ele>627.25</ele>
      </trkpt>
      <trkpt lat="42.450214" lon="9.030413">
        <ele>629</ele>
      </trkpt>
      <trkpt lat="42.450167" lon="9.030258">
        <ele>631.75</ele>
      </trkpt>
      <trkpt lat="42.45014" lon="9.030138">
        <ele>633.75</ele>
      </trkpt>
      <trkpt lat="42.450061" lon="9.02999">
        <ele>637</ele>
      </trkpt>
      <trkpt lat="42.449905" lon="9.029834">
        <ele>639.75</ele>
      </trkpt>
      <trkpt lat="42.449745" lon="9.029653">
        <ele>642</ele>
      </trkpt>
      <trkpt lat="42.449576" lon="9.029448">
        <ele>645.5</ele>
      </trkpt>
      <trkpt lat="42.449416" lon="9.029316">
        <ele>647.5</ele>
      </trkpt>
      <trkpt lat="42.449245" lon="9.029194">
        <ele>649</ele>
      </trkpt>
      <trkpt lat="42.449225" lon="9.029128">
        <ele>651</ele>
      </trkpt>
      <trkpt lat="42.449121" lon="9.029068">
        <ele>650.5</ele>
      </trkpt>
      <trkpt lat="42.448773" lon="9.028842">
        <ele>648.5</ele>
      </trkpt>
      <trkpt lat="42.44858" lon="9.02864">
        <ele>649.5</ele>
      </trkpt>
      <trkpt lat="42.447672" lon="9.027434">
        <ele>662.5</ele>
      </trkpt>
      <trkpt lat="42.447364" lon="9.026813">
        <ele>666</ele>
      </trkpt>
      <trkpt lat="42.447162" lon="9.026359">
        <ele>670.75</ele>
      </trkpt>
      <trkpt lat="42.446946" lon="9.025968">
        <ele>674.75</ele>
      </trkpt>
      <trkpt lat="42.446803" lon="9.025759">
        <ele>677</ele>
      </trkpt>
      <trkpt lat="42.446708" lon="9.025647">
        <ele>678.75</ele>
      </trkpt>
      <trkpt lat="42.446619" lon="9.025585">
        <ele>678.25</ele>
      </trkpt>
      <trkpt lat="42.446372" lon="9.02552">
        <ele>671.5</ele>
      </trkpt>
      <trkpt lat="42.446252" lon="9.025467">
        <ele>668.75</ele>
      </trkpt>
      <trkpt lat="42.445992" lon="9.025204">
        <ele>668.25</ele>
      </trkpt>
      <trkpt lat="42.445889" lon="9.024995">
        <ele>671.25</ele>
      </trkpt>
      <trkpt lat="42.445831" lon="9.024753">
        <ele>669.25</ele>
      </trkpt>
      <trkpt lat="42.445848" lon="9.024601">
        <ele>670.5</ele>
      </trkpt>
      <trkpt lat="42.446006" lon="9.024201">
        <ele>680.75</ele>
      </trkpt>
      <trkpt lat="42.446052" lon="9.024061">
        <ele>684.5</ele>
      </trkpt>
      <trkpt lat="42.446055" lon="9.023886">
        <ele>686.25</ele>
      </trkpt>
      <trkpt lat="42.445964" lon="9.023286">
        <ele>685.75</ele>
      </trkpt>
      <trkpt lat="42.445949" lon="9.022983">
        <ele>687.75</ele>
      </trkpt>
      <trkpt lat="42.445989" lon="9.022723">
        <ele>693.25</ele>
      </trkpt>
      <trkpt lat="42.446011" lon="9.022352">
        <ele>698.75</ele>
      </trkpt>
      <trkpt lat="42.445992" lon="9.022116">
        <ele>700.25</ele>
      </trkpt>
      <trkpt lat="42.445915" lon="9.021697">
        <ele>699.75</ele>
      </trkpt>
      <trkpt lat="42.445915" lon="9.021304">
        <ele>698.5</ele>
      </trkpt>
      <trkpt lat="42.445928" lon="9.021029">
        <ele>698</ele>
      </trkpt>
      <trkpt lat="42.446041" lon="9.020564">
        <ele>703.5</ele>
      </trkpt>
      <trkpt lat="42.446104" lon="9.020272">
        <ele>707.25</ele>
      </trkpt>
      <trkpt lat="42.44611" lon="9.020095">
        <ele>707.5</ele>
      </trkpt>
      <trkpt lat="42.44603" lon="9.019641">
        <ele>705.75</ele>
      </trkpt>
      <trkpt lat="42.446002" lon="9.019399">
        <ele>706.25</ele>
      </trkpt>
      <trkpt lat="42.446042" lon="9.018952">
        <ele>713.5</ele>
      </trkpt>
      <trkpt lat="42.445998" lon="9.018674">
        <ele>716</ele>
      </trkpt>
      <trkpt lat="42.44594" lon="9.018514">
        <ele>715.75</ele>
      </trkpt>
      <trkpt lat="42.445822" lon="9.018385">
        <ele>712.5</ele>
      </trkpt>
      <trkpt lat="42.445622" lon="9.018128">
        <ele>704.5</ele>
      </trkpt>
      <trkpt lat="42.445515" lon="9.017884">
        <ele>700</ele>
      </trkpt>
      <trkpt lat="42.445511" lon="9.017779">
        <ele>700.25</ele>
      </trkpt>
      <trkpt lat="42.445543" lon="9.017657">
        <ele>702</ele>
      </trkpt>
      <trkpt lat="42.445824" lon="9.017309">
        <ele>714.75</ele>
      </trkpt>
      <trkpt lat="42.44597" lon="9.01709">
        <ele>721</ele>
      </trkpt>
      <trkpt lat="42.446002" lon="9.016968">
        <ele>722.25</ele>
      </trkpt>
      <trkpt lat="42.44596" lon="9.016833">
        <ele>720.75</ele>
      </trkpt>
      <trkpt lat="42.445799" lon="9.016537">
        <ele>719.25</ele>
      </trkpt>
      <trkpt lat="42.445525" lon="9.0162">
        <ele>721</ele>
      </trkpt>
      <trkpt lat="42.445373" lon="9.016086">
        <ele>719.25</ele>
      </trkpt>
      <trkpt lat="42.445097" lon="9.015983">
        <ele>712.75</ele>
      </trkpt>
      <trkpt lat="42.444915" lon="9.015885">
        <ele>709.25</ele>
      </trkpt>
      <trkpt lat="42.444822" lon="9.015772">
        <ele>709.25</ele>
      </trkpt>
      <trkpt lat="42.444711" lon="9.015549">
        <ele>710.5</ele>
      </trkpt>
      <trkpt lat="42.444554" lon="9.014946">
        <ele>719.25</ele>
      </trkpt>
      <trkpt lat="42.444365" lon="9.014539">
        <ele>719.75</ele>
      </trkpt>
      <trkpt lat="42.444179" lon="9.014026">
        <ele>718.75</ele>
      </trkpt>
      <trkpt lat="42.444151" lon="9.013783">
        <ele>719.25</ele>
      </trkpt>
      <trkpt lat="42.444183" lon="9.01335">
        <ele>724.75</ele>
      </trkpt>
      <trkpt lat="42.444175" lon="9.012913">
        <ele>731</ele>
      </trkpt>
      <trkpt lat="42.444142" lon="9.012618">
        <ele>733.75</ele>
      </trkpt>
      <trkpt lat="42.444106" lon="9.012492">
        <ele>734</ele>
      </trkpt>
      <trkpt lat="42.444057" lon="9.012367">
        <ele>734.75</ele>
      </trkpt>
      <trkpt lat="42.443933" lon="9.012189">
        <ele>732.75</ele>
      </trkpt>
      <trkpt lat="42.443779" lon="9.012027">
        <ele>728.25</ele>
      </trkpt>
      <trkpt lat="42.443644" lon="9.011823">
        <ele>725.25</ele>
      </trkpt>
      <trkpt lat="42.44339" lon="9.011299">
        <ele>728.25</ele>
      </trkpt>
      <trkpt lat="42.44333" lon="9.011131">
        <ele>731.25</ele>
      </trkpt>
      <trkpt lat="42.443272" lon="9.011063">
        <ele>731.25</ele>
      </trkpt>
      <trkpt lat="42.442974" lon="9.01085">
        <ele>725.5</ele>
      </trkpt>
      <trkpt lat="42.442841" lon="9.010692">
        <ele>722.5</ele>
      </trkpt>
      <trkpt lat="42.442757" lon="9.010524">
        <ele>721.75</ele>
      </trkpt>
      <trkpt lat="42.442735" lon="9.01037">
        <ele>723.25</ele>
      </trkpt>
      <trkpt lat="42.442729" lon="9.010188">
        <ele>726.25</ele>
      </trkpt>
      <trkpt lat="42.442772" lon="9.00982">
        <ele>736.75</ele>
      </trkpt>
      <trkpt lat="42.44277" lon="9.009673">
        <ele>740.25</ele>
      </trkpt>
      <trkpt lat="42.44273" lon="9.009583">
        <ele>740.5</ele>
      </trkpt>
      <trkpt lat="42.442596" lon="9.009445">
        <ele>737</ele>
      </trkpt>
      <trkpt lat="42.442419" lon="9.009222">
        <ele>735</ele>
      </trkpt>
      <trkpt lat="42.442064" lon="9.00864">
        <ele>733.5</ele>
      </trkpt>
      <trkpt lat="42.442041" lon="9.008481">
        <ele>736.25</ele>
      </trkpt>
      <trkpt lat="42.442022" lon="9.008169">
        <ele>740</ele>
      </trkpt>
      <trkpt lat="42.442044" lon="9.007966">
        <ele>742.75</ele>
      </trkpt>
      <trkpt lat="42.442238" lon="9.007442">
        <ele>756</ele>
      </trkpt>
      <trkpt lat="42.442288" lon="9.007218">
        <ele>758</ele>
      </trkpt>
      <trkpt lat="42.44233" lon="9.0069">
        <ele>759.25</ele>
      </trkpt>
      <trkpt lat="42.442364" lon="9.006481">
        <ele>761.75</ele>
      </trkpt>
      <trkpt lat="42.442408" lon="9.006327">
        <ele>764.5</ele>
      </trkpt>
      <trkpt lat="42.442566" lon="9.006087">
        <ele>772</ele>
      </trkpt>
      <trkpt lat="42.44258" lon="9.005961">
        <ele>773.5</ele>
      </trkpt>
      <trkpt lat="42.442577" lon="9.005889">
        <ele>773.75</ele>
      </trkpt>
      <trkpt lat="42.44253" lon="9.005787">
        <ele>774</ele>
      </trkpt>
      <trkpt lat="42.442441" lon="9.005744">
        <ele>773</ele>
      </trkpt>
      <trkpt lat="42.442311" lon="9.005735">
        <ele>770.5</ele>
      </trkpt>
      <trkpt lat="42.441676" lon="9.005799">
        <ele>754.25</ele>
      </trkpt>
      <trkpt lat="42.441534" lon="9.005783">
        <ele>749.75</ele>
      </trkpt>
      <trkpt lat="42.441436" lon="9.005717">
        <ele>748.25</ele>
      </trkpt>
      <trkpt lat="42.441384" lon="9.005612">
        <ele>749.75</ele>
      </trkpt>
      <trkpt lat="42.441326" lon="9.005104">
        <ele>763</ele>
      </trkpt>
      <trkpt lat="42.441324" lon="9.00486">
        <ele>771.75</ele>
      </trkpt>
      <trkpt lat="42.441313" lon="9.004764">
        <ele>774.75</ele>
      </trkpt>
      <trkpt lat="42.441242" lon="9.004651">
        <ele>776</ele>
      </trkpt>
      <trkpt lat="42.44102" lon="9.004371">
        <ele>776</ele>
      </trkpt>
      <trkpt lat="42.440639" lon="9.003729">
        <ele>781.25</ele>
      </trkpt>
      <trkpt lat="42.440272" lon="9.00323">
        <ele>784.25</ele>
      </trkpt>
      <trkpt lat="42.440149" lon="9.003093">
        <ele>785.75</ele>
      </trkpt>
      <trkpt lat="42.439342" lon="9.002676">
        <ele>795.5</ele>
      </trkpt>
      <trkpt lat="42.439155" lon="9.002644">
        <ele>795.5</ele>
      </trkpt>
      <trkpt lat="42.438582" lon="9.00259">
        <ele>785.25</ele>
      </trkpt>
      <trkpt lat="42.4382" lon="9.002383">
        <ele>783.25</ele>
      </trkpt>
      <trkpt lat="42.438059" lon="9.00222">
        <ele>784</ele>
      </trkpt>
      <trkpt lat="42.437883" lon="9.001918">
        <ele>785.25</ele>
      </trkpt>
      <trkpt lat="42.43777" lon="9.001692">
        <ele>785</ele>
      </trkpt>
      <trkpt lat="42.437723" lon="9.001549">
        <ele>786</ele>
      </trkpt>
      <trkpt lat="42.437711" lon="9.001387">
        <ele>789.25</ele>
      </trkpt>
      <trkpt lat="42.43769" lon="9.001263">
        <ele>791.25</ele>
      </trkpt>
      <trkpt lat="42.437583" lon="9.001002">
        <ele>791.5</ele>
      </trkpt>
      <trkpt lat="42.437454" lon="9.000565">
        <ele>795.5</ele>
      </trkpt>
      <trkpt lat="42.437357" lon="9.000405">
        <ele>795.75</ele>
      </trkpt>
      <trkpt lat="42.4371" lon="9.000034">
        <ele>792.5</ele>
      </trkpt>
      <trkpt lat="42.436965" lon="8.999735">
        <ele>791.5</ele>
      </trkpt>
      <trkpt lat="42.436832" lon="8.999255">
        <ele>791.25</ele>
      </trkpt>
      <trkpt lat="42.43679" lon="8.999055">
        <ele>791</ele>
      </trkpt>
      <trkpt lat="42.43676" lon="8.998408">
        <ele>794.75</ele>
      </trkpt>
      <trkpt lat="42.436786" lon="8.998077">
        <ele>797.5</ele>
      </trkpt>
      <trkpt lat="42.436784" lon="8.997826">
        <ele>798</ele>
      </trkpt>
      <trkpt lat="42.436697" lon="8.997386">
        <ele>792.5</ele>
      </trkpt>
      <trkpt lat="42.436698" lon="8.997282">
        <ele>791.5</ele>
      </trkpt>
      <trkpt lat="42.436717" lon="8.99718">
        <ele>791.5</ele>
      </trkpt>
      <trkpt lat="42.436848" lon="8.99686">
        <ele>795</ele>
      </trkpt>
      <trkpt lat="42.437001" lon="8.996679">
        <ele>800.5</ele>
      </trkpt>
      <trkpt lat="42.437082" lon="8.996598">
        <ele>804.25</ele>
      </trkpt>
      <trkpt lat="42.437144" lon="8.996468">
        <ele>806.5</ele>
      </trkpt>
      <trkpt lat="42.437191" lon="8.996161">
        <ele>806.5</ele>
      </trkpt>
      <trkpt lat="42.437171" lon="8.996047">
        <ele>805.25</ele>
      </trkpt>
      <trkpt lat="42.437088" lon="8.995994">
        <ele>802.75</ele>
      </trkpt>
      <trkpt lat="42.436695" lon="8.995979">
        <ele>792.75</ele>
      </trkpt>
      <trkpt lat="42.436494" lon="8.995995">
        <ele>798.5</ele>
      </trkpt>
      <trkpt lat="42.436393" lon="8.996027">
        <ele>802</ele>
      </trkpt>
      <trkpt lat="42.43631" lon="8.996118">
        <ele>804.25</ele>
      </trkpt>
      <trkpt lat="42.436027" lon="8.996844">
        <ele>808.75</ele>
      </trkpt>
      <trkpt lat="42.435984" lon="8.996897">
        <ele>809.75</ele>
      </trkpt>
      <trkpt lat="42.435929" lon="8.996885">
        <ele>812</ele>
      </trkpt>
      <trkpt lat="42.435897" lon="8.996783">
        <ele>814</ele>
      </trkpt>
      <trkpt lat="42.435966" lon="8.996446">
        <ele>814.5</ele>
      </trkpt>
      <trkpt lat="42.436044" lon="8.996116">
        <ele>814.5</ele>
      </trkpt>
      <trkpt lat="42.436132" lon="8.995896">
        <ele>813.25</ele>
      </trkpt>
      <trkpt lat="42.436155" lon="8.995802">
        <ele>813</ele>
      </trkpt>
      <trkpt lat="42.436149" lon="8.995696">
        <ele>813</ele>
      </trkpt>
      <trkpt lat="42.436112" lon="8.9956">
        <ele>814.25</ele>
      </trkpt>
      <trkpt lat="42.435439" lon="8.994205">
        <ele>838.5</ele>
      </trkpt>
      <trkpt lat="42.43523" lon="8.993342">
        <ele>847.25</ele>
      </trkpt>
      <trkpt lat="42.435203" lon="8.993077">
        <ele>847.5</ele>
      </trkpt>
      <trkpt lat="42.435208" lon="8.99273">
        <ele>845.75</ele>
      </trkpt>
      <trkpt lat="42.435203" lon="8.992599">
        <ele>845.5</ele>
      </trkpt>
      <trkpt lat="42.435168" lon="8.992416">
        <ele>846</ele>
      </trkpt>
      <trkpt lat="42.434608" lon="8.990842">
        <ele>862.75</ele>
      </trkpt>
      <trkpt lat="42.434537" lon="8.990717">
        <ele>865.5</ele>
      </trkpt>
      <trkpt lat="42.434408" lon="8.990519">
        <ele>871</ele>
      </trkpt>
      <trkpt lat="42.43439" lon="8.990415">
        <ele>871.25</ele>
      </trkpt>
      <trkpt lat="42.434349" lon="8.990073">
        <ele>871.25</ele>
      </trkpt>
      <trkpt lat="42.4343" lon="8.98978">
        <ele>871</ele>
      </trkpt>
      <trkpt lat="42.434138" lon="8.989168">
        <ele>871.25</ele>
      </trkpt>
      <trkpt lat="42.434075" lon="8.988989">
        <ele>873</ele>
      </trkpt>
      <trkpt lat="42.433905" lon="8.988655">
        <ele>880.5</ele>
      </trkpt>
      <trkpt lat="42.433654" lon="8.987677">
        <ele>886</ele>
      </trkpt>
      <trkpt lat="42.433641" lon="8.98737">
        <ele>885</ele>
      </trkpt>
      <trkpt lat="42.433661" lon="8.986492">
        <ele>883</ele>
      </trkpt>
      <trkpt lat="42.433643" lon="8.986285">
        <ele>882</ele>
      </trkpt>
      <trkpt lat="42.4333" lon="8.985281">
        <ele>880.75</ele>
      </trkpt>
      <trkpt lat="42.433175" lon="8.985032">
        <ele>883.5</ele>
      </trkpt>
      <trkpt lat="42.432987" lon="8.984765">
        <ele>888</ele>
      </trkpt>
      <trkpt lat="42.43258" lon="8.984345">
        <ele>896.5</ele>
      </trkpt>
      <trkpt lat="42.432148" lon="8.983644">
        <ele>906</ele>
      </trkpt>
      <trkpt lat="42.43185" lon="8.982961">
        <ele>909.5</ele>
      </trkpt>
      <trkpt lat="42.431569" lon="8.982575">
        <ele>914.25</ele>
      </trkpt>
      <trkpt lat="42.43152" lon="8.982424">
        <ele>914.5</ele>
      </trkpt>
      <trkpt lat="42.431532" lon="8.982313">
        <ele>913.75</ele>
      </trkpt>
      <trkpt lat="42.431623" lon="8.982177">
        <ele>910</ele>
      </trkpt>
      <trkpt lat="42.431661" lon="8.982104">
        <ele>908.5</ele>
      </trkpt>
      <trkpt lat="42.431666" lon="8.981995">
        <ele>908.25</ele>
      </trkpt>
      <trkpt lat="42.431619" lon="8.981729">
        <ele>909.25</ele>
      </trkpt>
      <trkpt lat="42.431532" lon="8.981554">
        <ele>909.25</ele>
      </trkpt>
      <trkpt lat="42.431236" lon="8.981311">
        <ele>911.75</ele>
      </trkpt>
      <trkpt lat="42.430669" lon="8.980971">
        <ele>918.5</ele>
      </trkpt>
      <trkpt lat="42.43023" lon="8.980634">
        <ele>922.5</ele>
      </trkpt>
      <trkpt lat="42.42958" lon="8.979865">
        <ele>925.5</ele>
      </trkpt>
      <trkpt lat="42.429351" lon="8.979702">
        <ele>930.25</ele>
      </trkpt>
      <trkpt lat="42.429063" lon="8.979549">
        <ele>936.5</ele>
      </trkpt>
      <trkpt lat="42.428928" lon="8.979463">
        <ele>939.25</ele>
      </trkpt>
      <trkpt lat="42.428837" lon="8.979352">
        <ele>940</ele>
      </trkpt>
      <trkpt lat="42.428799" lon="8.979254">
        <ele>939.5</ele>
      </trkpt>
      <trkpt lat="42.428748" lon="8.979">
        <ele>938.25</ele>
      </trkpt>
      <trkpt lat="42.428749" lon="8.978818">
        <ele>937</ele>
      </trkpt>
      <trkpt lat="42.42873" lon="8.978555">
        <ele>936</ele>
      </trkpt>
      <trkpt lat="42.42817" lon="8.977249">
        <ele>944.75</ele>
      </trkpt>
      <trkpt lat="42.428026" lon="8.976699">
        <ele>945.75</ele>
      </trkpt>
      <trkpt lat="42.42776" lon="8.975795">
        <ele>949.5</ele>
      </trkpt>
      <trkpt lat="42.427688" lon="8.975432">
        <ele>950</ele>
      </trkpt>
      <trkpt lat="42.427681" lon="8.975115">
        <ele>947.5</ele>
      </trkpt>
      <trkpt lat="42.427639" lon="8.974764">
        <ele>949</ele>
      </trkpt>
      <trkpt lat="42.427657" lon="8.974507">
        <ele>949.5</ele>
      </trkpt>
      <trkpt lat="42.427755" lon="8.973879">
        <ele>948.5</ele>
      </trkpt>
      <trkpt lat="42.427799" lon="8.973515">
        <ele>948</ele>
      </trkpt>
      <trkpt lat="42.427772" lon="8.973354">
        <ele>949</ele>
      </trkpt>
      <trkpt lat="42.42772" lon="8.973195">
        <ele>948</ele>
      </trkpt>
      <trkpt lat="42.426982" lon="8.972062">
        <ele>955.25</ele>
      </trkpt>
      <trkpt lat="42.426523" lon="8.971206">
        <ele>955.25</ele>
      </trkpt>
      <trkpt lat="42.42641" lon="8.970877">
        <ele>956</ele>
      </trkpt>
      <trkpt lat="42.426374" lon="8.97056">
        <ele>956.75</ele>
      </trkpt>
      <trkpt lat="42.426388" lon="8.97029">
        <ele>956</ele>
      </trkpt>
      <trkpt lat="42.426366" lon="8.970077">
        <ele>956.75</ele>
      </trkpt>
      <trkpt lat="42.426217" lon="8.969581">
        <ele>960.5</ele>
      </trkpt>
      <trkpt lat="42.426107" lon="8.969294">
        <ele>961.25</ele>
      </trkpt>
      <trkpt lat="42.425904" lon="8.968894">
        <ele>960.5</ele>
      </trkpt>
      <trkpt lat="42.42576" lon="8.9684">
        <ele>958.75</ele>
      </trkpt>
      <trkpt lat="42.425627" lon="8.967974">
        <ele>962.25</ele>
      </trkpt>
      <trkpt lat="42.425483" lon="8.967713">
        <ele>964.25</ele>
      </trkpt>
      <trkpt lat="42.425011" lon="8.96708">
        <ele>961.75</ele>
      </trkpt>
      <trkpt lat="42.424882" lon="8.96686">
        <ele>963.75</ele>
      </trkpt>
      <trkpt lat="42.4248" lon="8.966664">
        <ele>964</ele>
      </trkpt>
      <trkpt lat="42.424732" lon="8.966237">
        <ele>965.5</ele>
      </trkpt>
      <trkpt lat="42.424642" lon="8.965869">
        <ele>966.5</ele>
      </trkpt>
      <trkpt lat="42.424476" lon="8.965314">
        <ele>967</ele>
      </trkpt>
      <trkpt lat="42.4244" lon="8.965133">
        <ele>967</ele>
      </trkpt>
      <trkpt lat="42.424331" lon="8.964908">
        <ele>966.25</ele>
      </trkpt>
      <trkpt lat="42.424238" lon="8.964679">
        <ele>965.75</ele>
      </trkpt>
      <trkpt lat="42.424051" lon="8.964453">
        <ele>966.75</ele>
      </trkpt>
      <trkpt lat="42.423575" lon="8.964143">
        <ele>971.25</ele>
      </trkpt>
      <trkpt lat="42.423422" lon="8.964003">
        <ele>973</ele>
      </trkpt>
      <trkpt lat="42.423206" lon="8.963655">
        <ele>975.75</ele>
      </trkpt>
      <trkpt lat="42.422709" lon="8.963194">
        <ele>984</ele>
      </trkpt>
      <trkpt lat="42.422211" lon="8.962259">
        <ele>989.75</ele>
      </trkpt>
      <trkpt lat="42.421867" lon="8.961644">
        <ele>991.75</ele>
      </trkpt>
      <trkpt lat="42.421772" lon="8.96142">
        <ele>991.75</ele>
      </trkpt>
      <trkpt lat="42.421496" lon="8.960295">
        <ele>992.25</ele>
      </trkpt>
      <trkpt lat="42.421393" lon="8.959962">
        <ele>993.25</ele>
      </trkpt>
      <trkpt lat="42.421269" lon="8.95968">
        <ele>995.5</ele>
      </trkpt>
      <trkpt lat="42.42109" lon="8.959469">
        <ele>995.5</ele>
      </trkpt>
      <trkpt lat="42.420733" lon="8.959211">
        <ele>993.75</ele>
      </trkpt>
      <trkpt lat="42.420568" lon="8.958995">
        <ele>997.25</ele>
      </trkpt>
      <trkpt lat="42.420437" lon="8.958892">
        <ele>999.25</ele>
      </trkpt>
      <trkpt lat="42.420267" lon="8.958811">
        <ele>1001</ele>
      </trkpt>
      <trkpt lat="42.419854" lon="8.958719">
        <ele>1004.25</ele>
      </trkpt>
      <trkpt lat="42.419749" lon="8.958647">
        <ele>1005</ele>
      </trkpt>
      <trkpt lat="42.419681" lon="8.958562">
        <ele>1005.25</ele>
      </trkpt>
      <trkpt lat="42.419632" lon="8.958318">
        <ele>1003.75</ele>
      </trkpt>
      <trkpt lat="42.419465" lon="8.958003">
        <ele>1007.25</ele>
      </trkpt>
      <trkpt lat="42.419415" lon="8.957893">
        <ele>1007.75</ele>
      </trkpt>
      <trkpt lat="42.41932" lon="8.957724">
        <ele>1007.75</ele>
      </trkpt>
      <trkpt lat="42.419004" lon="8.957384">
        <ele>1009.25</ele>
      </trkpt>
      <trkpt lat="42.418646" lon="8.956694">
        <ele>1011.75</ele>
      </trkpt>
      <trkpt lat="42.418462" lon="8.95631">
        <ele>1010.5</ele>
      </trkpt>
      <trkpt lat="42.418345" lon="8.955957">
        <ele>1007.5</ele>
      </trkpt>
      <trkpt lat="42.418145" lon="8.955137">
        <ele>1012.75</ele>
      </trkpt>
      <trkpt lat="42.417923" lon="8.9547">
        <ele>1017.75</ele>
      </trkpt>
      <trkpt lat="42.417664" lon="8.954141">
        <ele>1019</ele>
      </trkpt>
      <trkpt lat="42.417369" lon="8.953602">
        <ele>1021.25</ele>
      </trkpt>
      <trkpt lat="42.417282" lon="8.9533">
        <ele>1023.5</ele>
      </trkpt>
      <trkpt lat="42.417239" lon="8.952999">
        <ele>1025.25</ele>
      </trkpt>
      <trkpt lat="42.417131" lon="8.951682">
        <ele>1029</ele>
      </trkpt>
      <trkpt lat="42.416987" lon="8.950319">
        <ele>1031.75</ele>
      </trkpt>
      <trkpt lat="42.416936" lon="8.949971">
        <ele>1031.75</ele>
      </trkpt>
      <trkpt lat="42.416829" lon="8.949675">
        <ele>1031.5</ele>
      </trkpt>
      <trkpt lat="42.416444" lon="8.948918">
        <ele>1033.5</ele>
      </trkpt>
      <trkpt lat="42.415963" lon="8.947885">
        <ele>1039.75</ele>
      </trkpt>
      <trkpt lat="42.41547" lon="8.947059">
        <ele>1043.25</ele>
      </trkpt>
      <trkpt lat="42.415414" lon="8.946956">
        <ele>1043.75</ele>
      </trkpt>
      <trkpt lat="42.415173" lon="8.946511">
        <ele>1046</ele>
      </trkpt>
      <trkpt lat="42.414993" lon="8.946246">
        <ele>1048.5</ele>
      </trkpt>
      <trkpt lat="42.414809" lon="8.946053">
        <ele>1051.75</ele>
      </trkpt>
      <trkpt lat="42.41416" lon="8.94546">
        <ele>1058</ele>
      </trkpt>
      <trkpt lat="42.41385" lon="8.945083">
        <ele>1063.25</ele>
      </trkpt>
      <trkpt lat="42.413772" lon="8.945079">
        <ele>1064.25</ele>
      </trkpt>
      <trkpt lat="42.413728" lon="8.945125">
        <ele>1065.25</ele>
      </trkpt>
      <trkpt lat="42.413718" lon="8.945219">
        <ele>1065.75</ele>
      </trkpt>
      <trkpt lat="42.413748" lon="8.945315">
        <ele>1065.5</ele>
      </trkpt>
      <trkpt lat="42.413812" lon="8.94542">
        <ele>1064.75</ele>
      </trkpt>
      <trkpt lat="42.413941" lon="8.945568">
        <ele>1062.25</ele>
      </trkpt>
      <trkpt lat="42.413971" lon="8.945647">
        <ele>1061.75</ele>
      </trkpt>
      <trkpt lat="42.413965" lon="8.945701">
        <ele>1062</ele>
      </trkpt>
      <trkpt lat="42.413892" lon="8.945769">
        <ele>1063.75</ele>
      </trkpt>
      <trkpt lat="42.413818" lon="8.945742">
        <ele>1065.5</ele>
      </trkpt>
      <trkpt lat="42.41363" lon="8.945543">
        <ele>1068.75</ele>
      </trkpt>
      <trkpt lat="42.413459" lon="8.945433">
        <ele>1071.5</ele>
      </trkpt>
      <trkpt lat="42.413171" lon="8.945333">
        <ele>1078</ele>
      </trkpt>
      <trkpt lat="42.413083" lon="8.94525">
        <ele>1079.75</ele>
      </trkpt>
      <trkpt lat="42.413011" lon="8.945108">
        <ele>1080.25</ele>
      </trkpt>
      <trkpt lat="42.412598" lon="8.944126">
        <ele>1085.5</ele>
      </trkpt>
      <trkpt lat="42.412543" lon="8.943946">
        <ele>1087.25</ele>
      </trkpt>
      <trkpt lat="42.412489" lon="8.943515">
        <ele>1089.75</ele>
      </trkpt>
      <trkpt lat="42.41249" lon="8.943211">
        <ele>1089.75</ele>
      </trkpt>
      <trkpt lat="42.412566" lon="8.942705">
        <ele>1087</ele>
      </trkpt>
      <trkpt lat="42.41259" lon="8.942472">
        <ele>1086.5</ele>
      </trkpt>
      <trkpt lat="42.412587" lon="8.942234">
        <ele>1086.5</ele>
      </trkpt>
      <trkpt lat="42.412559" lon="8.942099">
        <ele>1086.75</ele>
      </trkpt>
      <trkpt lat="42.412497" lon="8.941903">
        <ele>1087.25</ele>
      </trkpt>
      <trkpt lat="42.412346" lon="8.941627">
        <ele>1090.25</ele>
      </trkpt>
      <trkpt lat="42.412253" lon="8.941516">
        <ele>1092.5</ele>
      </trkpt>
      <trkpt lat="42.412106" lon="8.941382">
        <ele>1095.5</ele>
      </trkpt>
      <trkpt lat="42.411395" lon="8.941093">
        <ele>1104.75</ele>
      </trkpt>
      <trkpt lat="42.411108" lon="8.940924">
        <ele>1105.75</ele>
      </trkpt>
      <trkpt lat="42.410778" lon="8.940583">
        <ele>1108.25</ele>
      </trkpt>
      <trkpt lat="42.41056" lon="8.940217">
        <ele>1112.5</ele>
      </trkpt>
      <trkpt lat="42.410429" lon="8.940045">
        <ele>1114.75</ele>
      </trkpt>
      <trkpt lat="42.410313" lon="8.93999">
        <ele>1116.5</ele>
      </trkpt>
      <trkpt lat="42.410217" lon="8.940003">
        <ele>1118.25</ele>
      </trkpt>
      <trkpt lat="42.410158" lon="8.940042">
        <ele>1119.25</ele>
      </trkpt>
      <trkpt lat="42.410109" lon="8.94017">
        <ele>1120.5</ele>
      </trkpt>
      <trkpt lat="42.41009" lon="8.940363">
        <ele>1121</ele>
      </trkpt>
      <trkpt lat="42.410097" lon="8.940815">
        <ele>1121.75</ele>
      </trkpt>
      <trkpt lat="42.410133" lon="8.941116">
        <ele>1126</ele>
      </trkpt>
      <trkpt lat="42.410221" lon="8.941544">
        <ele>1131</ele>
      </trkpt>
      <trkpt lat="42.410311" lon="8.942152">
        <ele>1135</ele>
      </trkpt>
      <trkpt lat="42.410341" lon="8.942492">
        <ele>1137.5</ele>
      </trkpt>
      <trkpt lat="42.410348" lon="8.942833">
        <ele>1141</ele>
      </trkpt>
      <trkpt lat="42.410325" lon="8.943256">
        <ele>1146.5</ele>
      </trkpt>
      <trkpt lat="42.410336" lon="8.94344">
        <ele>1148</ele>
      </trkpt>
      <trkpt lat="42.410403" lon="8.943753">
        <ele>1149</ele>
      </trkpt>
      <trkpt lat="42.410387" lon="8.943829">
        <ele>1150.5</ele>
      </trkpt>
      <trkpt lat="42.410353" lon="8.943879">
        <ele>1152</ele>
      </trkpt>
      <trkpt lat="42.410297" lon="8.943894">
        <ele>1154</ele>
      </trkpt>
      <trkpt lat="42.410248" lon="8.94386">
        <ele>1155.25</ele>
      </trkpt>
      <trkpt lat="42.410175" lon="8.943709">
        <ele>1156.25</ele>
      </trkpt>
      <trkpt lat="42.410054" lon="8.943416">
        <ele>1157</ele>
      </trkpt>
      <trkpt lat="42.409849" lon="8.942976">
        <ele>1160.75</ele>
      </trkpt>
      <trkpt lat="42.409546" lon="8.9424">
        <ele>1168.25</ele>
      </trkpt>
      <trkpt lat="42.408752" lon="8.941076">
        <ele>1178.75</ele>
      </trkpt>
      <trkpt lat="42.408412" lon="8.940578">
        <ele>1180.75</ele>
      </trkpt>
      <trkpt lat="42.407854" lon="8.939614">
        <ele>1187.75</ele>
      </trkpt>
      <trkpt lat="42.407627" lon="8.939312">
        <ele>1191.75</ele>
      </trkpt>
      <trkpt lat="42.407394" lon="8.939046">
        <ele>1196.75</ele>
      </trkpt>
      <trkpt lat="42.406978" lon="8.938535">
        <ele>1203.5</ele>
      </trkpt>
      <trkpt lat="42.406618" lon="8.938227">
        <ele>1210.25</ele>
      </trkpt>
      <trkpt lat="42.406484" lon="8.938037">
        <ele>1209.75</ele>
      </trkpt>
      <trkpt lat="42.406459" lon="8.937977">
        <ele>1209.75</ele>
      </trkpt>
      <trkpt lat="42.406456" lon="8.937823">
        <ele>1209.75</ele>
      </trkpt>
      <trkpt lat="42.406532" lon="8.93753">
        <ele>1209.75</ele>
      </trkpt>
      <trkpt lat="42.406554" lon="8.937395">
        <ele>1209</ele>
      </trkpt>
      <trkpt lat="42.406553" lon="8.937274">
        <ele>1209.25</ele>
      </trkpt>
      <trkpt lat="42.406525" lon="8.937142">
        <ele>1210.75</ele>
      </trkpt>
      <trkpt lat="42.406288" lon="8.936439">
        <ele>1221</ele>
      </trkpt>
      <trkpt lat="42.406215" lon="8.936138">
        <ele>1222.5</ele>
      </trkpt>
      <trkpt lat="42.406036" lon="8.935673">
        <ele>1226</ele>
      </trkpt>
      <trkpt lat="42.406004" lon="8.935334">
        <ele>1224</ele>
      </trkpt>
      <trkpt lat="42.405956" lon="8.935233">
        <ele>1224.75</ele>
      </trkpt>
      <trkpt lat="42.405734" lon="8.934951">
        <ele>1230.25</ele>
      </trkpt>
      <trkpt lat="42.405291" lon="8.934322">
        <ele>1242.25</ele>
      </trkpt>
      <trkpt lat="42.405029" lon="8.933918">
        <ele>1247</ele>
      </trkpt>
      <trkpt lat="42.404933" lon="8.933707">
        <ele>1248.75</ele>
      </trkpt>
      <trkpt lat="42.404924" lon="8.933479">
        <ele>1247</ele>
      </trkpt>
      <trkpt lat="42.404961" lon="8.933167">
        <ele>1244.25</ele>
      </trkpt>
      <trkpt lat="42.404961" lon="8.932988">
        <ele>1244</ele>
      </trkpt>
      <trkpt lat="42.404911" lon="8.932812">
        <ele>1245.25</ele>
      </trkpt>
      <trkpt lat="42.404757" lon="8.932492">
        <ele>1248.5</ele>
      </trkpt>
      <trkpt lat="42.404487" lon="8.932163">
        <ele>1255.75</ele>
      </trkpt>
      <trkpt lat="42.404388" lon="8.931949">
        <ele>1258.25</ele>
      </trkpt>
      <trkpt lat="42.40425" lon="8.931381">
        <ele>1261.25</ele>
      </trkpt>
      <trkpt lat="42.40411" lon="8.931019">
        <ele>1262.75</ele>
      </trkpt>
      <trkpt lat="42.403876" lon="8.930623">
        <ele>1265.5</ele>
      </trkpt>
      <trkpt lat="42.403633" lon="8.930386">
        <ele>1268.5</ele>
      </trkpt>
      <trkpt lat="42.403539" lon="8.930328">
        <ele>1269.5</ele>
      </trkpt>
      <trkpt lat="42.403437" lon="8.930336">
        <ele>1270.5</ele>
      </trkpt>
      <trkpt lat="42.403157" lon="8.930412">
        <ele>1273.25</ele>
      </trkpt>
      <trkpt lat="42.403059" lon="8.930388">
        <ele>1274</ele>
      </trkpt>
      <trkpt lat="42.402965" lon="8.930305">
        <ele>1274.5</ele>
      </trkpt>
      <trkpt lat="42.402745" lon="8.930032">
        <ele>1274.25</ele>
      </trkpt>
      <trkpt lat="42.402684" lon="8.929936">
        <ele>1274.75</ele>
      </trkpt>
      <trkpt lat="42.402685" lon="8.929876">
        <ele>1275</ele>
      </trkpt>
      <trkpt lat="42.402773" lon="8.929625">
        <ele>1276.75</ele>
      </trkpt>
      <trkpt lat="42.402788" lon="8.929543">
        <ele>1277.25</ele>
      </trkpt>
      <trkpt lat="42.402773" lon="8.929464">
        <ele>1278</ele>
      </trkpt>
      <trkpt lat="42.40274" lon="8.929392">
        <ele>1278.5</ele>
      </trkpt>
      <trkpt lat="42.40265" lon="8.929305">
        <ele>1279</ele>
      </trkpt>
      <trkpt lat="42.402626" lon="8.929256">
        <ele>1279.5</ele>
      </trkpt>
      <trkpt lat="42.402614" lon="8.929192">
        <ele>1279.75</ele>
      </trkpt>
      <trkpt lat="42.402646" lon="8.929129">
        <ele>1280.25</ele>
      </trkpt>
      <trkpt lat="42.402705" lon="8.929108">
        <ele>1280.5</ele>
      </trkpt>
      <trkpt lat="42.403195" lon="8.929022">
        <ele>1282.25</ele>
      </trkpt>
      <trkpt lat="42.403294" lon="8.928984">
        <ele>1283</ele>
      </trkpt>
      <trkpt lat="42.40334" lon="8.928924">
        <ele>1283.75</ele>
      </trkpt>
      <trkpt lat="42.403356" lon="8.928843">
        <ele>1284.75</ele>
      </trkpt>
      <trkpt lat="42.403321" lon="8.92874">
        <ele>1286</ele>
      </trkpt>
      <trkpt lat="42.402818" lon="8.927907">
        <ele>1293.5</ele>
      </trkpt>
      <trkpt lat="42.40267" lon="8.927743">
        <ele>1294.25</ele>
      </trkpt>
      <trkpt lat="42.402609" lon="8.927665">
        <ele>1294.75</ele>
      </trkpt>
      <trkpt lat="42.402599" lon="8.92761">
        <ele>1295.5</ele>
      </trkpt>
      <trkpt lat="42.402616" lon="8.927556">
        <ele>1296.25</ele>
      </trkpt>
      <trkpt lat="42.402664" lon="8.927535">
        <ele>1297.25</ele>
      </trkpt>
      <trkpt lat="42.402713" lon="8.927541">
        <ele>1297.5</ele>
      </trkpt>
      <trkpt lat="42.402875" lon="8.927611">
        <ele>1298.25</ele>
      </trkpt>
      <trkpt lat="42.403003" lon="8.927652">
        <ele>1299</ele>
      </trkpt>
      <trkpt lat="42.40377" lon="8.927714">
        <ele>1304.75</ele>
      </trkpt>
      <trkpt lat="42.403979" lon="8.927748">
        <ele>1305.75</ele>
      </trkpt>
      <trkpt lat="42.404232" lon="8.927828">
        <ele>1306</ele>
      </trkpt>
      <trkpt lat="42.404289" lon="8.927815">
        <ele>1306.75</ele>
      </trkpt>
      <trkpt lat="42.40431" lon="8.927759">
        <ele>1308.25</ele>
      </trkpt>
      <trkpt lat="42.404296" lon="8.927684">
        <ele>1309.75</ele>
      </trkpt>
      <trkpt lat="42.40425" lon="8.927638">
        <ele>1310.5</ele>
      </trkpt>
      <trkpt lat="42.404083" lon="8.927566">
        <ele>1310.5</ele>
      </trkpt>
      <trkpt lat="42.404009" lon="8.927511">
        <ele>1311</ele>
      </trkpt>
      <trkpt lat="42.40304" lon="8.926729">
        <ele>1324.5</ele>
      </trkpt>
      <trkpt lat="42.402388" lon="8.926174">
        <ele>1331</ele>
      </trkpt>
      <trkpt lat="42.402044" lon="8.92584">
        <ele>1335.5</ele>
      </trkpt>
      <trkpt lat="42.401798" lon="8.925546">
        <ele>1342</ele>
      </trkpt>
      <trkpt lat="42.401353" lon="8.925137">
        <ele>1346.5</ele>
      </trkpt>
      <trkpt lat="42.400208" lon="8.924259">
        <ele>1360.5</ele>
      </trkpt>
      <trkpt lat="42.399967" lon="8.924047">
        <ele>1363.5</ele>
      </trkpt>
      <trkpt lat="42.399836" lon="8.923906">
        <ele>1367</ele>
      </trkpt>
      <trkpt lat="42.399727" lon="8.923729">
        <ele>1371.25</ele>
      </trkpt>
      <trkpt lat="42.39964" lon="8.923656">
        <ele>1372.25</ele>
      </trkpt>
      <trkpt lat="42.399589" lon="8.923633">
        <ele>1372.25</ele>
      </trkpt>
      <trkpt lat="42.399452" lon="8.92364">
        <ele>1370.5</ele>
      </trkpt>
      <trkpt lat="42.399403" lon="8.923635">
        <ele>1370</ele>
      </trkpt>
      <trkpt lat="42.399368" lon="8.923612">
        <ele>1370.25</ele>
      </trkpt>
      <trkpt lat="42.399355" lon="8.923552">
        <ele>1371.5</ele>
      </trkpt>
      <trkpt lat="42.399366" lon="8.923507">
        <ele>1372.75</ele>
      </trkpt>
      <trkpt lat="42.399397" lon="8.923465">
        <ele>1374.25</ele>
      </trkpt>
      <trkpt lat="42.399436" lon="8.923449">
        <ele>1375.25</ele>
      </trkpt>
      <trkpt lat="42.399497" lon="8.923444">
        <ele>1376.25</ele>
      </trkpt>
      <trkpt lat="42.399567" lon="8.92345">
        <ele>1377</ele>
      </trkpt>
      <trkpt lat="42.399915" lon="8.923593">
        <ele>1377.5</ele>
      </trkpt>
      <trkpt lat="42.400132" lon="8.923662">
        <ele>1379</ele>
      </trkpt>
      <trkpt lat="42.400503" lon="8.923754">
        <ele>1383.5</ele>
      </trkpt>
      <trkpt lat="42.401028" lon="8.923856">
        <ele>1389.75</ele>
      </trkpt>
      <trkpt lat="42.401561" lon="8.924031">
        <ele>1392.25</ele>
      </trkpt>
      <trkpt lat="42.40216" lon="8.924326">
        <ele>1395.25</ele>
      </trkpt>
      <trkpt lat="42.402696" lon="8.924567">
        <ele>1396.25</ele>
      </trkpt>
      <trkpt lat="42.4033" lon="8.924692">
        <ele>1398.5</ele>
      </trkpt>
      <trkpt lat="42.403673" lon="8.924726">
        <ele>1397.75</ele>
      </trkpt>
      <trkpt lat="42.403847" lon="8.924721">
        <ele>1398</ele>
      </trkpt>
      <trkpt lat="42.403912" lon="8.924692">
        <ele>1398.5</ele>
      </trkpt>
      <trkpt lat="42.403958" lon="8.924629">
        <ele>1400</ele>
      </trkpt>
      <trkpt lat="42.403992" lon="8.924555">
        <ele>1401.75</ele>
      </trkpt>
      <trkpt lat="42.404" lon="8.924449">
        <ele>1404.25</ele>
      </trkpt>
      <trkpt lat="42.403984" lon="8.924346">
        <ele>1406.5</ele>
      </trkpt>
      <trkpt lat="42.403925" lon="8.924214">
        <ele>1410</ele>
      </trkpt>
      <trkpt lat="42.403836" lon="8.924051">
        <ele>1412.75</ele>
      </trkpt>
      <trkpt lat="42.40347" lon="8.92372">
        <ele>1417</ele>
      </trkpt>
      <trkpt lat="42.403287" lon="8.923373">
        <ele>1420.25</ele>
      </trkpt>
      <trkpt lat="42.403252" lon="8.923238">
        <ele>1422</ele>
      </trkpt>
      <trkpt lat="42.403212" lon="8.923056">
        <ele>1424.5</ele>
      </trkpt>
      <trkpt lat="42.403426" lon="8.922841">
        <ele>1426</ele>
      </trkpt>
      <trkpt lat="42.403212" lon="8.923056">
        <ele>1424.5</ele>
      </trkpt>
      <trkpt lat="42.403252" lon="8.923238">
        <ele>1422</ele>
      </trkpt>
      <trkpt lat="42.403287" lon="8.923373">
        <ele>1420.25</ele>
      </trkpt>
      <trkpt lat="42.40347" lon="8.92372">
        <ele>1417</ele>
      </trkpt>
      <trkpt lat="42.403836" lon="8.924051">
        <ele>1412.75</ele>
      </trkpt>
      <trkpt lat="42.403925" lon="8.924214">
        <ele>1410</ele>
      </trkpt>
      <trkpt lat="42.403984" lon="8.924346">
        <ele>1406.5</ele>
      </trkpt>
      <trkpt lat="42.404" lon="8.924449">
        <ele>1404.25</ele>
      </trkpt>
      <trkpt lat="42.403992" lon="8.924555">
        <ele>1401.75</ele>
      </trkpt>
      <trkpt lat="42.403958" lon="8.924629">
        <ele>1400</ele>
      </trkpt>
      <trkpt lat="42.403912" lon="8.924692">
        <ele>1398.5</ele>
      </trkpt>
      <trkpt lat="42.403847" lon="8.924721">
        <ele>1398</ele>
      </trkpt>
      <trkpt lat="42.403673" lon="8.924726">
        <ele>1397.75</ele>
      </trkpt>
      <trkpt lat="42.4033" lon="8.924692">
        <ele>1398.5</ele>
      </trkpt>
      <trkpt lat="42.402696" lon="8.924567">
        <ele>1396.25</ele>
      </trkpt>
      <trkpt lat="42.40216" lon="8.924326">
        <ele>1395.25</ele>
      </trkpt>
      <trkpt lat="42.401561" lon="8.924031">
        <ele>1392.25</ele>
      </trkpt>
      <trkpt lat="42.401028" lon="8.923856">
        <ele>1389.75</ele>
      </trkpt>
      <trkpt lat="42.400503" lon="8.923754">
        <ele>1383.5</ele>
      </trkpt>
      <trkpt lat="42.400132" lon="8.923662">
        <ele>1379</ele>
      </trkpt>
      <trkpt lat="42.399915" lon="8.923593">
        <ele>1377.5</ele>
      </trkpt>
      <trkpt lat="42.399567" lon="8.92345">
        <ele>1377</ele>
      </trkpt>
      <trkpt lat="42.399497" lon="8.923444">
        <ele>1376.25</ele>
      </trkpt>
      <trkpt lat="42.399436" lon="8.923449">
        <ele>1375.25</ele>
      </trkpt>
      <trkpt lat="42.399397" lon="8.923465">
        <ele>1374.25</ele>
      </trkpt>
      <trkpt lat="42.399366" lon="8.923507">
        <ele>1372.75</ele>
      </trkpt>
      <trkpt lat="42.399355" lon="8.923552">
        <ele>1371.5</ele>
      </trkpt>
      <trkpt lat="42.399368" lon="8.923612">
        <ele>1370.25</ele>
      </trkpt>
      <trkpt lat="42.399403" lon="8.923635">
        <ele>1370</ele>
      </trkpt>
      <trkpt lat="42.399452" lon="8.92364">
        <ele>1370.5</ele>
      </trkpt>
      <trkpt lat="42.399589" lon="8.923633">
        <ele>1372.25</ele>
      </trkpt>
      <trkpt lat="42.39964" lon="8.923656">
        <ele>1372.25</ele>
      </trkpt>
      <trkpt lat="42.399727" lon="8.923729">
        <ele>1371.25</ele>
      </trkpt>
      <trkpt lat="42.399836" lon="8.923906">
        <ele>1367</ele>
      </trkpt>
      <trkpt lat="42.399967" lon="8.924047">
        <ele>1363.5</ele>
      </trkpt>
      <trkpt lat="42.400208" lon="8.924259">
        <ele>1360.5</ele>
      </trkpt>
      <trkpt lat="42.401353" lon="8.925137">
        <ele>1346.5</ele>
      </trkpt>
      <trkpt lat="42.401798" lon="8.925546">
        <ele>1342</ele>
      </trkpt>
      <trkpt lat="42.402044" lon="8.92584">
        <ele>1335.5</ele>
      </trkpt>
      <trkpt lat="42.402388" lon="8.926174">
        <ele>1331</ele>
      </trkpt>
      <trkpt lat="42.40304" lon="8.926729">
        <ele>1324.5</ele>
      </trkpt>
      <trkpt lat="42.404009" lon="8.927511">
        <ele>1311</ele>
      </trkpt>
      <trkpt lat="42.404083" lon="8.927566">
        <ele>1310.5</ele>
      </trkpt>
      <trkpt lat="42.40425" lon="8.927638">
        <ele>1310.5</ele>
      </trkpt>
      <trkpt lat="42.404296" lon="8.927684">
        <ele>1309.75</ele>
      </trkpt>
      <trkpt lat="42.40431" lon="8.927759">
        <ele>1308.25</ele>
      </trkpt>
      <trkpt lat="42.404289" lon="8.927815">
        <ele>1306.75</ele>
      </trkpt>
      <trkpt lat="42.404232" lon="8.927828">
        <ele>1306</ele>
      </trkpt>
      <trkpt lat="42.403979" lon="8.927748">
        <ele>1305.75</ele>
      </trkpt>
      <trkpt lat="42.40377" lon="8.927714">
        <ele>1304.75</ele>
      </trkpt>
      <trkpt lat="42.403003" lon="8.927652">
        <ele>1299</ele>
      </trkpt>
      <trkpt lat="42.402875" lon="8.927611">
        <ele>1298.25</ele>
      </trkpt>
      <trkpt lat="42.402713" lon="8.927541">
        <ele>1297.5</ele>
      </trkpt>
      <trkpt lat="42.402664" lon="8.927535">
        <ele>1297.25</ele>
      </trkpt>
      <trkpt lat="42.402616" lon="8.927556">
        <ele>1296.25</ele>
      </trkpt>
      <trkpt lat="42.402599" lon="8.92761">
        <ele>1295.5</ele>
      </trkpt>
      <trkpt lat="42.402609" lon="8.927665">
        <ele>1294.75</ele>
      </trkpt>
      <trkpt lat="42.40267" lon="8.927743">
        <ele>1294.25</ele>
      </trkpt>
      <trkpt lat="42.402818" lon="8.927907">
        <ele>1293.5</ele>
      </trkpt>
      <trkpt lat="42.403321" lon="8.92874">
        <ele>1286</ele>
      </trkpt>
      <trkpt lat="42.403356" lon="8.928843">
        <ele>1284.75</ele>
      </trkpt>
      <trkpt lat="42.40334" lon="8.928924">
        <ele>1283.75</ele>
      </trkpt>
      <trkpt lat="42.403294" lon="8.928984">
        <ele>1283</ele>
      </trkpt>
      <trkpt lat="42.403195" lon="8.929022">
        <ele>1282.25</ele>
      </trkpt>
      <trkpt lat="42.402705" lon="8.929108">
        <ele>1280.5</ele>
      </trkpt>
      <trkpt lat="42.402646" lon="8.929129">
        <ele>1280.25</ele>
      </trkpt>
      <trkpt lat="42.402614" lon="8.929192">
        <ele>1279.75</ele>
      </trkpt>
      <trkpt lat="42.402626" lon="8.929256">
        <ele>1279.5</ele>
      </trkpt>
      <trkpt lat="42.40265" lon="8.929305">
        <ele>1279</ele>
      </trkpt>
      <trkpt lat="42.40274" lon="8.929392">
        <ele>1278.5</ele>
      </trkpt>
      <trkpt lat="42.402773" lon="8.929464">
        <ele>1278</ele>
      </trkpt>
      <trkpt lat="42.402788" lon="8.929543">
        <ele>1277.25</ele>
      </trkpt>
      <trkpt lat="42.402773" lon="8.929625">
        <ele>1276.75</ele>
      </trkpt>
      <trkpt lat="42.402685" lon="8.929876">
        <ele>1275</ele>
      </trkpt>
      <trkpt lat="42.402684" lon="8.929936">
        <ele>1274.75</ele>
      </trkpt>
      <trkpt lat="42.402745" lon="8.930032">
        <ele>1274.25</ele>
      </trkpt>
      <trkpt lat="42.402965" lon="8.930305">
        <ele>1274.5</ele>
      </trkpt>
      <trkpt lat="42.403059" lon="8.930388">
        <ele>1274</ele>
      </trkpt>
      <trkpt lat="42.403157" lon="8.930412">
        <ele>1273.25</ele>
      </trkpt>
      <trkpt lat="42.403437" lon="8.930336">
        <ele>1270.5</ele>
      </trkpt>
      <trkpt lat="42.403539" lon="8.930328">
        <ele>1269.5</ele>
      </trkpt>
      <trkpt lat="42.403633" lon="8.930386">
        <ele>1268.5</ele>
      </trkpt>
      <trkpt lat="42.403876" lon="8.930623">
        <ele>1265.5</ele>
      </trkpt>
      <trkpt lat="42.40411" lon="8.931019">
        <ele>1262.75</ele>
      </trkpt>
      <trkpt lat="42.40425" lon="8.931381">
        <ele>1261.25</ele>
      </trkpt>
      <trkpt lat="42.404388" lon="8.931949">
        <ele>1258.25</ele>
      </trkpt>
      <trkpt lat="42.404487" lon="8.932163">
        <ele>1255.75</ele>
      </trkpt>
      <trkpt lat="42.404757" lon="8.932492">
        <ele>1248.5</ele>
      </trkpt>
      <trkpt lat="42.404911" lon="8.932812">
        <ele>1245.25</ele>
      </trkpt>
      <trkpt lat="42.404961" lon="8.932988">
        <ele>1244</ele>
      </trkpt>
      <trkpt lat="42.404961" lon="8.933167">
        <ele>1244.25</ele>
      </trkpt>
      <trkpt lat="42.404924" lon="8.933479">
        <ele>1247</ele>
      </trkpt>
      <trkpt lat="42.404933" lon="8.933707">
        <ele>1248.75</ele>
      </trkpt>
      <trkpt lat="42.405029" lon="8.933918">
        <ele>1247</ele>
      </trkpt>
      <trkpt lat="42.405291" lon="8.934322">
        <ele>1242.25</ele>
      </trkpt>
      <trkpt lat="42.405734" lon="8.934951">
        <ele>1230.25</ele>
      </trkpt>
      <trkpt lat="42.405956" lon="8.935233">
        <ele>1224.75</ele>
      </trkpt>
      <trkpt lat="42.406004" lon="8.935334">
        <ele>1224</ele>
      </trkpt>
      <trkpt lat="42.406036" lon="8.935673">
        <ele>1226</ele>
      </trkpt>
      <trkpt lat="42.406215" lon="8.936138">
        <ele>1222.5</ele>
      </trkpt>
      <trkpt lat="42.406288" lon="8.936439">
        <ele>1221</ele>
      </trkpt>
      <trkpt lat="42.406525" lon="8.937142">
        <ele>1210.75</ele>
      </trkpt>
      <trkpt lat="42.406553" lon="8.937274">
        <ele>1209.25</ele>
      </trkpt>
      <trkpt lat="42.406554" lon="8.937395">
        <ele>1209</ele>
      </trkpt>
      <trkpt lat="42.406532" lon="8.93753">
        <ele>1209.75</ele>
      </trkpt>
      <trkpt lat="42.406456" lon="8.937823">
        <ele>1210</ele>
      </trkpt>
      <trkpt lat="42.406459" lon="8.937977">
        <ele>1210</ele>
      </trkpt>
      <trkpt lat="42.406484" lon="8.938037">
        <ele>1210</ele>
      </trkpt>
      <trkpt lat="42.406618" lon="8.938227">
        <ele>1210.25</ele>
      </trkpt>
      <trkpt lat="42.406978" lon="8.938535">
        <ele>1203.5</ele>
      </trkpt>
      <trkpt lat="42.407394" lon="8.939046">
        <ele>1196.75</ele>
      </trkpt>
      <trkpt lat="42.407627" lon="8.939312">
        <ele>1191.75</ele>
      </trkpt>
      <trkpt lat="42.407854" lon="8.939614">
        <ele>1187.75</ele>
      </trkpt>
      <trkpt lat="42.408412" lon="8.940578">
        <ele>1180.75</ele>
      </trkpt>
      <trkpt lat="42.408752" lon="8.941076">
        <ele>1178.75</ele>
      </trkpt>
      <trkpt lat="42.409546" lon="8.9424">
        <ele>1168.25</ele>
      </trkpt>
      <trkpt lat="42.409849" lon="8.942976">
        <ele>1160.75</ele>
      </trkpt>
      <trkpt lat="42.410054" lon="8.943416">
        <ele>1157</ele>
      </trkpt>
      <trkpt lat="42.410175" lon="8.943709">
        <ele>1156.25</ele>
      </trkpt>
      <trkpt lat="42.410248" lon="8.94386">
        <ele>1155.25</ele>
      </trkpt>
      <trkpt lat="42.410297" lon="8.943894">
        <ele>1154</ele>
      </trkpt>
      <trkpt lat="42.410353" lon="8.943879">
        <ele>1152</ele>
      </trkpt>
      <trkpt lat="42.410387" lon="8.943829">
        <ele>1150.5</ele>
      </trkpt>
      <trkpt lat="42.410403" lon="8.943753">
        <ele>1149</ele>
      </trkpt>
      <trkpt lat="42.410336" lon="8.94344">
        <ele>1148</ele>
      </trkpt>
      <trkpt lat="42.410325" lon="8.943256">
        <ele>1146.5</ele>
      </trkpt>
      <trkpt lat="42.410348" lon="8.942833">
        <ele>1141</ele>
      </trkpt>
      <trkpt lat="42.410341" lon="8.942492">
        <ele>1137.5</ele>
      </trkpt>
      <trkpt lat="42.410311" lon="8.942152">
        <ele>1135</ele>
      </trkpt>
      <trkpt lat="42.410221" lon="8.941544">
        <ele>1131</ele>
      </trkpt>
      <trkpt lat="42.410133" lon="8.941116">
        <ele>1126</ele>
      </trkpt>
      <trkpt lat="42.410097" lon="8.940815">
        <ele>1121.75</ele>
      </trkpt>
      <trkpt lat="42.41009" lon="8.940363">
        <ele>1121</ele>
      </trkpt>
      <trkpt lat="42.410109" lon="8.94017">
        <ele>1120.5</ele>
      </trkpt>
      <trkpt lat="42.410158" lon="8.940042">
        <ele>1119.25</ele>
      </trkpt>
      <trkpt lat="42.410217" lon="8.940003">
        <ele>1118.25</ele>
      </trkpt>
      <trkpt lat="42.410313" lon="8.93999">
        <ele>1116.5</ele>
      </trkpt>
      <trkpt lat="42.410429" lon="8.940045">
        <ele>1114.75</ele>
      </trkpt>
      <trkpt lat="42.41056" lon="8.940217">
        <ele>1112.5</ele>
      </trkpt>
      <trkpt lat="42.410778" lon="8.940583">
        <ele>1108.25</ele>
      </trkpt>
      <trkpt lat="42.411108" lon="8.940924">
        <ele>1105.75</ele>
      </trkpt>
      <trkpt lat="42.411395" lon="8.941093">
        <ele>1104.75</ele>
      </trkpt>
      <trkpt lat="42.412106" lon="8.941382">
        <ele>1095.5</ele>
      </trkpt>
      <trkpt lat="42.412253" lon="8.941516">
        <ele>1092.5</ele>
      </trkpt>
      <trkpt lat="42.412346" lon="8.941627">
        <ele>1090.25</ele>
      </trkpt>
      <trkpt lat="42.412497" lon="8.941903">
        <ele>1087.25</ele>
      </trkpt>
      <trkpt lat="42.412559" lon="8.942099">
        <ele>1086.75</ele>
      </trkpt>
      <trkpt lat="42.412587" lon="8.942234">
        <ele>1086.5</ele>
      </trkpt>
      <trkpt lat="42.41259" lon="8.942472">
        <ele>1086.5</ele>
      </trkpt>
      <trkpt lat="42.412566" lon="8.942705">
        <ele>1087</ele>
      </trkpt>
      <trkpt lat="42.41249" lon="8.943211">
        <ele>1089.75</ele>
      </trkpt>
      <trkpt lat="42.412489" lon="8.943515">
        <ele>1089.75</ele>
      </trkpt>
      <trkpt lat="42.412543" lon="8.943946">
        <ele>1087.25</ele>
      </trkpt>
      <trkpt lat="42.412598" lon="8.944126">
        <ele>1085.5</ele>
      </trkpt>
      <trkpt lat="42.413011" lon="8.945108">
        <ele>1080.25</ele>
      </trkpt>
      <trkpt lat="42.413083" lon="8.94525">
        <ele>1079.75</ele>
      </trkpt>
      <trkpt lat="42.413171" lon="8.945333">
        <ele>1078</ele>
      </trkpt>
      <trkpt lat="42.413459" lon="8.945433">
        <ele>1071.5</ele>
      </trkpt>
      <trkpt lat="42.41363" lon="8.945543">
        <ele>1068.75</ele>
      </trkpt>
      <trkpt lat="42.413818" lon="8.945742">
        <ele>1065.5</ele>
      </trkpt>
      <trkpt lat="42.413892" lon="8.945769">
        <ele>1063.75</ele>
      </trkpt>
      <trkpt lat="42.413965" lon="8.945701">
        <ele>1062</ele>
      </trkpt>
      <trkpt lat="42.413971" lon="8.945647">
        <ele>1061.75</ele>
      </trkpt>
      <trkpt lat="42.413941" lon="8.945568">
        <ele>1062.25</ele>
      </trkpt>
      <trkpt lat="42.413812" lon="8.94542">
        <ele>1064.75</ele>
      </trkpt>
      <trkpt lat="42.413748" lon="8.945315">
        <ele>1065.5</ele>
      </trkpt>
      <trkpt lat="42.413718" lon="8.945219">
        <ele>1065.75</ele>
      </trkpt>
      <trkpt lat="42.413728" lon="8.945125">
        <ele>1065.25</ele>
      </trkpt>
      <trkpt lat="42.413772" lon="8.945079">
        <ele>1064.25</ele>
      </trkpt>
      <trkpt lat="42.41385" lon="8.945083">
        <ele>1063.25</ele>
      </trkpt>
      <trkpt lat="42.41416" lon="8.94546">
        <ele>1058</ele>
      </trkpt>
      <trkpt lat="42.414809" lon="8.946053">
        <ele>1051.75</ele>
      </trkpt>
      <trkpt lat="42.414993" lon="8.946246">
        <ele>1048.5</ele>
      </trkpt>
      <trkpt lat="42.415173" lon="8.946511">
        <ele>1046</ele>
      </trkpt>
      <trkpt lat="42.415414" lon="8.946956">
        <ele>1043.75</ele>
      </trkpt>
      <trkpt lat="42.41547" lon="8.947059">
        <ele>1043.25</ele>
      </trkpt>
      <trkpt lat="42.415963" lon="8.947885">
        <ele>1039.75</ele>
      </trkpt>
      <trkpt lat="42.416444" lon="8.948918">
        <ele>1033.5</ele>
      </trkpt>
      <trkpt lat="42.416829" lon="8.949675">
        <ele>1031.5</ele>
      </trkpt>
      <trkpt lat="42.416936" lon="8.949971">
        <ele>1031.75</ele>
      </trkpt>
      <trkpt lat="42.416987" lon="8.950319">
        <ele>1031.75</ele>
      </trkpt>
      <trkpt lat="42.417131" lon="8.951682">
        <ele>1029</ele>
      </trkpt>
      <trkpt lat="42.417239" lon="8.952999">
        <ele>1025.25</ele>
      </trkpt>
      <trkpt lat="42.417282" lon="8.9533">
        <ele>1023.5</ele>
      </trkpt>
      <trkpt lat="42.417369" lon="8.953602">
        <ele>1021.25</ele>
      </trkpt>
      <trkpt lat="42.417664" lon="8.954141">
        <ele>1019</ele>
      </trkpt>
      <trkpt lat="42.417923" lon="8.9547">
        <ele>1017.75</ele>
      </trkpt>
      <trkpt lat="42.418145" lon="8.955137">
        <ele>1012.75</ele>
      </trkpt>
      <trkpt lat="42.418345" lon="8.955957">
        <ele>1007.5</ele>
      </trkpt>
      <trkpt lat="42.418462" lon="8.95631">
        <ele>1010.5</ele>
      </trkpt>
      <trkpt lat="42.418646" lon="8.956694">
        <ele>1011.75</ele>
      </trkpt>
      <trkpt lat="42.419004" lon="8.957384">
        <ele>1009.25</ele>
      </trkpt>
      <trkpt lat="42.41932" lon="8.957724">
        <ele>1007.75</ele>
      </trkpt>
      <trkpt lat="42.419415" lon="8.957893">
        <ele>1007.75</ele>
      </trkpt>
      <trkpt lat="42.419465" lon="8.958003">
        <ele>1007.25</ele>
      </trkpt>
      <trkpt lat="42.419632" lon="8.958318">
        <ele>1003.75</ele>
      </trkpt>
      <trkpt lat="42.419681" lon="8.958562">
        <ele>1005.25</ele>
      </trkpt>
      <trkpt lat="42.419749" lon="8.958647">
        <ele>1005</ele>
      </trkpt>
      <trkpt lat="42.419854" lon="8.958719">
        <ele>1004.25</ele>
      </trkpt>
      <trkpt lat="42.420267" lon="8.958811">
        <ele>1001</ele>
      </trkpt>
      <trkpt lat="42.420437" lon="8.958892">
        <ele>999.25</ele>
      </trkpt>
      <trkpt lat="42.420568" lon="8.958995">
        <ele>997.25</ele>
      </trkpt>
      <trkpt lat="42.420733" lon="8.959211">
        <ele>993.75</ele>
      </trkpt>
      <trkpt lat="42.42109" lon="8.959469">
        <ele>995.5</ele>
      </trkpt>
      <trkpt lat="42.421269" lon="8.95968">
        <ele>995.5</ele>
      </trkpt>
      <trkpt lat="42.421393" lon="8.959962">
        <ele>993.25</ele>
      </trkpt>
      <trkpt lat="42.421496" lon="8.960295">
        <ele>992.25</ele>
      </trkpt>
      <trkpt lat="42.421772" lon="8.96142">
        <ele>991.75</ele>
      </trkpt>
      <trkpt lat="42.421867" lon="8.961644">
        <ele>991.75</ele>
      </trkpt>
      <trkpt lat="42.422211" lon="8.962259">
        <ele>989.75</ele>
      </trkpt>
      <trkpt lat="42.422709" lon="8.963194">
        <ele>984</ele>
      </trkpt>
      <trkpt lat="42.423206" lon="8.963655">
        <ele>975.75</ele>
      </trkpt>
      <trkpt lat="42.423422" lon="8.964003">
        <ele>973</ele>
      </trkpt>
      <trkpt lat="42.423575" lon="8.964143">
        <ele>971.25</ele>
      </trkpt>
      <trkpt lat="42.424051" lon="8.964453">
        <ele>966.75</ele>
      </trkpt>
      <trkpt lat="42.424238" lon="8.964679">
        <ele>965.75</ele>
      </trkpt>
      <trkpt lat="42.424331" lon="8.964908">
        <ele>966.25</ele>
      </trkpt>
      <trkpt lat="42.4244" lon="8.965133">
        <ele>967</ele>
      </trkpt>
      <trkpt lat="42.424476" lon="8.965314">
        <ele>967</ele>
      </trkpt>
      <trkpt lat="42.424642" lon="8.965869">
        <ele>966.5</ele>
      </trkpt>
      <trkpt lat="42.424732" lon="8.966237">
        <ele>965.5</ele>
      </trkpt>
      <trkpt lat="42.4248" lon="8.966664">
        <ele>964</ele>
      </trkpt>
      <trkpt lat="42.424882" lon="8.96686">
        <ele>963.75</ele>
      </trkpt>
      <trkpt lat="42.425011" lon="8.96708">
        <ele>961.75</ele>
      </trkpt>
      <trkpt lat="42.425483" lon="8.967713">
        <ele>964.25</ele>
      </trkpt>
      <trkpt lat="42.425627" lon="8.967974">
        <ele>962.25</ele>
      </trkpt>
      <trkpt lat="42.42576" lon="8.9684">
        <ele>958.75</ele>
      </trkpt>
      <trkpt lat="42.425904" lon="8.968894">
        <ele>960.5</ele>
      </trkpt>
      <trkpt lat="42.426107" lon="8.969294">
        <ele>961.25</ele>
      </trkpt>
      <trkpt lat="42.426217" lon="8.969581">
        <ele>960.5</ele>
      </trkpt>
      <trkpt lat="42.426366" lon="8.970077">
        <ele>956.75</ele>
      </trkpt>
      <trkpt lat="42.426388" lon="8.97029">
        <ele>956</ele>
      </trkpt>
      <trkpt lat="42.426374" lon="8.97056">
        <ele>956.75</ele>
      </trkpt>
      <trkpt lat="42.42641" lon="8.970877">
        <ele>956</ele>
      </trkpt>
      <trkpt lat="42.426523" lon="8.971206">
        <ele>955.25</ele>
      </trkpt>
      <trkpt lat="42.426982" lon="8.972062">
        <ele>955.25</ele>
      </trkpt>
      <trkpt lat="42.42772" lon="8.973195">
        <ele>948</ele>
      </trkpt>
      <trkpt lat="42.427772" lon="8.973354">
        <ele>949</ele>
      </trkpt>
      <trkpt lat="42.427799" lon="8.973515">
        <ele>948</ele>
      </trkpt>
      <trkpt lat="42.427755" lon="8.973879">
        <ele>948.5</ele>
      </trkpt>
      <trkpt lat="42.427657" lon="8.974507">
        <ele>949.5</ele>
      </trkpt>
      <trkpt lat="42.427639" lon="8.974764">
        <ele>949</ele>
      </trkpt>
      <trkpt lat="42.427681" lon="8.975115">
        <ele>947.5</ele>
      </trkpt>
      <trkpt lat="42.427688" lon="8.975432">
        <ele>950</ele>
      </trkpt>
      <trkpt lat="42.42776" lon="8.975795">
        <ele>949.5</ele>
      </trkpt>
      <trkpt lat="42.428026" lon="8.976699">
        <ele>945.75</ele>
      </trkpt>
      <trkpt lat="42.42817" lon="8.977249">
        <ele>944.75</ele>
      </trkpt>
      <trkpt lat="42.42873" lon="8.978555">
        <ele>936</ele>
      </trkpt>
      <trkpt lat="42.428749" lon="8.978818">
        <ele>937</ele>
      </trkpt>
      <trkpt lat="42.428748" lon="8.979">
        <ele>938.25</ele>
      </trkpt>
      <trkpt lat="42.428799" lon="8.979254">
        <ele>939.5</ele>
      </trkpt>
      <trkpt lat="42.428837" lon="8.979352">
        <ele>940</ele>
      </trkpt>
      <trkpt lat="42.428928" lon="8.979463">
        <ele>939.25</ele>
      </trkpt>
      <trkpt lat="42.429063" lon="8.979549">
        <ele>936.5</ele>
      </trkpt>
      <trkpt lat="42.429351" lon="8.979702">
        <ele>930.25</ele>
      </trkpt>
      <trkpt lat="42.42958" lon="8.979865">
        <ele>925.5</ele>
      </trkpt>
      <trkpt lat="42.43023" lon="8.980634">
        <ele>922.5</ele>
      </trkpt>
      <trkpt lat="42.430669" lon="8.980971">
        <ele>918.5</ele>
      </trkpt>
      <trkpt lat="42.431236" lon="8.981311">
        <ele>911.75</ele>
      </trkpt>
      <trkpt lat="42.431532" lon="8.981554">
        <ele>909.25</ele>
      </trkpt>
      <trkpt lat="42.431619" lon="8.981729">
        <ele>909.25</ele>
      </trkpt>
      <trkpt lat="42.431666" lon="8.981995">
        <ele>908.25</ele>
      </trkpt>
      <trkpt lat="42.431661" lon="8.982104">
        <ele>908.5</ele>
      </trkpt>
      <trkpt lat="42.431623" lon="8.982177">
        <ele>910</ele>
      </trkpt>
      <trkpt lat="42.431532" lon="8.982313">
        <ele>913.75</ele>
      </trkpt>
      <trkpt lat="42.43152" lon="8.982424">
        <ele>914.5</ele>
      </trkpt>
      <trkpt lat="42.431569" lon="8.982575">
        <ele>914.25</ele>
      </trkpt>
      <trkpt lat="42.43185" lon="8.982961">
        <ele>909.5</ele>
      </trkpt>
      <trkpt lat="42.432148" lon="8.983644">
        <ele>906</ele>
      </trkpt>
      <trkpt lat="42.43258" lon="8.984345">
        <ele>896.5</ele>
      </trkpt>
      <trkpt lat="42.432987" lon="8.984765">
        <ele>888</ele>
      </trkpt>
      <trkpt lat="42.433175" lon="8.985032">
        <ele>883.5</ele>
      </trkpt>
      <trkpt lat="42.4333" lon="8.985281">
        <ele>880.75</ele>
      </trkpt>
      <trkpt lat="42.433643" lon="8.986285">
        <ele>882</ele>
      </trkpt>
      <trkpt lat="42.433661" lon="8.986492">
        <ele>883</ele>
      </trkpt>
      <trkpt lat="42.433641" lon="8.98737">
        <ele>885</ele>
      </trkpt>
      <trkpt lat="42.433654" lon="8.987677">
        <ele>886</ele>
      </trkpt>
      <trkpt lat="42.433905" lon="8.988655">
        <ele>880.5</ele>
      </trkpt>
      <trkpt lat="42.434075" lon="8.988989">
        <ele>873</ele>
      </trkpt>
      <trkpt lat="42.434138" lon="8.989168">
        <ele>871.25</ele>
      </trkpt>
      <trkpt lat="42.4343" lon="8.98978">
        <ele>871</ele>
      </trkpt>
      <trkpt lat="42.434349" lon="8.990073">
        <ele>871.25</ele>
      </trkpt>
      <trkpt lat="42.43439" lon="8.990415">
        <ele>871.25</ele>
      </trkpt>
      <trkpt lat="42.434408" lon="8.990519">
        <ele>871</ele>
      </trkpt>
      <trkpt lat="42.434537" lon="8.990717">
        <ele>865.5</ele>
      </trkpt>
      <trkpt lat="42.434608" lon="8.990842">
        <ele>862.75</ele>
      </trkpt>
      <trkpt lat="42.435168" lon="8.992416">
        <ele>846</ele>
      </trkpt>
      <trkpt lat="42.435203" lon="8.992599">
        <ele>845.5</ele>
      </trkpt>
      <trkpt lat="42.435208" lon="8.99273">
        <ele>845.75</ele>
      </trkpt>
      <trkpt lat="42.435203" lon="8.993077">
        <ele>847.5</ele>
      </trkpt>
      <trkpt lat="42.43523" lon="8.993342">
        <ele>847.25</ele>
      </trkpt>
      <trkpt lat="42.435439" lon="8.994205">
        <ele>838.5</ele>
      </trkpt>
      <trkpt lat="42.436112" lon="8.9956">
        <ele>814.25</ele>
      </trkpt>
      <trkpt lat="42.436149" lon="8.995696">
        <ele>813</ele>
      </trkpt>
      <trkpt lat="42.436155" lon="8.995802">
        <ele>813</ele>
      </trkpt>
      <trkpt lat="42.436132" lon="8.995896">
        <ele>813.25</ele>
      </trkpt>
      <trkpt lat="42.436044" lon="8.996116">
        <ele>814.5</ele>
      </trkpt>
      <trkpt lat="42.435966" lon="8.996446">
        <ele>814.5</ele>
      </trkpt>
      <trkpt lat="42.435897" lon="8.996783">
        <ele>814</ele>
      </trkpt>
      <trkpt lat="42.435929" lon="8.996885">
        <ele>812</ele>
      </trkpt>
      <trkpt lat="42.435984" lon="8.996897">
        <ele>809.75</ele>
      </trkpt>
      <trkpt lat="42.436027" lon="8.996844">
        <ele>808.75</ele>
      </trkpt>
      <trkpt lat="42.43631" lon="8.996118">
        <ele>804.25</ele>
      </trkpt>
      <trkpt lat="42.436393" lon="8.996027">
        <ele>802</ele>
      </trkpt>
      <trkpt lat="42.436494" lon="8.995995">
        <ele>798.5</ele>
      </trkpt>
      <trkpt lat="42.436695" lon="8.995979">
        <ele>792.75</ele>
      </trkpt>
      <trkpt lat="42.437088" lon="8.995994">
        <ele>802.75</ele>
      </trkpt>
      <trkpt lat="42.437171" lon="8.996047">
        <ele>805.25</ele>
      </trkpt>
      <trkpt lat="42.437191" lon="8.996161">
        <ele>806.5</ele>
      </trkpt>
      <trkpt lat="42.437144" lon="8.996468">
        <ele>806.5</ele>
      </trkpt>
      <trkpt lat="42.437082" lon="8.996598">
        <ele>804.25</ele>
      </trkpt>
      <trkpt lat="42.437001" lon="8.996679">
        <ele>800.5</ele>
      </trkpt>
      <trkpt lat="42.436848" lon="8.99686">
        <ele>795</ele>
      </trkpt>
      <trkpt lat="42.436717" lon="8.99718">
        <ele>791.5</ele>
      </trkpt>
      <trkpt lat="42.436698" lon="8.997282">
        <ele>791.5</ele>
      </trkpt>
      <trkpt lat="42.436697" lon="8.997386">
        <ele>792.5</ele>
      </trkpt>
      <trkpt lat="42.436784" lon="8.997826">
        <ele>798</ele>
      </trkpt>
      <trkpt lat="42.436786" lon="8.998077">
        <ele>797.5</ele>
      </trkpt>
      <trkpt lat="42.43676" lon="8.998408">
        <ele>794.75</ele>
      </trkpt>
      <trkpt lat="42.43679" lon="8.999055">
        <ele>791</ele>
      </trkpt>
      <trkpt lat="42.436832" lon="8.999255">
        <ele>791.25</ele>
      </trkpt>
      <trkpt lat="42.436965" lon="8.999735">
        <ele>791.5</ele>
      </trkpt>
      <trkpt lat="42.4371" lon="9.000034">
        <ele>792.5</ele>
      </trkpt>
      <trkpt lat="42.437357" lon="9.000405">
        <ele>795.75</ele>
      </trkpt>
      <trkpt lat="42.437454" lon="9.000565">
        <ele>795.5</ele>
      </trkpt>
      <trkpt lat="42.437583" lon="9.001002">
        <ele>791.5</ele>
      </trkpt>
      <trkpt lat="42.43769" lon="9.001263">
        <ele>791.25</ele>
      </trkpt>
      <trkpt lat="42.437711" lon="9.001387">
        <ele>789.25</ele>
      </trkpt>
      <trkpt lat="42.437723" lon="9.001549">
        <ele>786</ele>
      </trkpt>
      <trkpt lat="42.43777" lon="9.001692">
        <ele>785</ele>
      </trkpt>
      <trkpt lat="42.437883" lon="9.001918">
        <ele>785.25</ele>
      </trkpt>
      <trkpt lat="42.438059" lon="9.00222">
        <ele>784</ele>
      </trkpt>
      <trkpt lat="42.4382" lon="9.002383">
        <ele>783.25</ele>
      </trkpt>
      <trkpt lat="42.438582" lon="9.00259">
        <ele>785.25</ele>
      </trkpt>
      <trkpt lat="42.439155" lon="9.002644">
        <ele>795.5</ele>
      </trkpt>
      <trkpt lat="42.439342" lon="9.002676">
        <ele>795.5</ele>
      </trkpt>
      <trkpt lat="42.440149" lon="9.003093">
        <ele>785.75</ele>
      </trkpt>
      <trkpt lat="42.440272" lon="9.00323">
        <ele>784.25</ele>
      </trkpt>
      <trkpt lat="42.440639" lon="9.003729">
        <ele>781.25</ele>
      </trkpt>
      <trkpt lat="42.44102" lon="9.004371">
        <ele>776</ele>
      </trkpt>
      <trkpt lat="42.441242" lon="9.004651">
        <ele>776</ele>
      </trkpt>
      <trkpt lat="42.441313" lon="9.004764">
        <ele>774.75</ele>
      </trkpt>
      <trkpt lat="42.441324" lon="9.00486">
        <ele>771.75</ele>
      </trkpt>
      <trkpt lat="42.441326" lon="9.005104">
        <ele>763</ele>
      </trkpt>
      <trkpt lat="42.441384" lon="9.005612">
        <ele>749.75</ele>
      </trkpt>
      <trkpt lat="42.441436" lon="9.005717">
        <ele>748.25</ele>
      </trkpt>
      <trkpt lat="42.441534" lon="9.005783">
        <ele>749.75</ele>
      </trkpt>
      <trkpt lat="42.441676" lon="9.005799">
        <ele>754.25</ele>
      </trkpt>
      <trkpt lat="42.442311" lon="9.005735">
        <ele>770.5</ele>
      </trkpt>
      <trkpt lat="42.442441" lon="9.005744">
        <ele>773</ele>
      </trkpt>
      <trkpt lat="42.44253" lon="9.005787">
        <ele>774</ele>
      </trkpt>
      <trkpt lat="42.442577" lon="9.005889">
        <ele>773.75</ele>
      </trkpt>
      <trkpt lat="42.44258" lon="9.005961">
        <ele>773.5</ele>
      </trkpt>
      <trkpt lat="42.442566" lon="9.006087">
        <ele>772</ele>
      </trkpt>
      <trkpt lat="42.442408" lon="9.006327">
        <ele>764.5</ele>
      </trkpt>
      <trkpt lat="42.442364" lon="9.006481">
        <ele>761.75</ele>
      </trkpt>
      <trkpt lat="42.44233" lon="9.0069">
        <ele>759.25</ele>
      </trkpt>
      <trkpt lat="42.442288" lon="9.007218">
        <ele>758</ele>
      </trkpt>
      <trkpt lat="42.442238" lon="9.007442">
        <ele>756</ele>
      </trkpt>
      <trkpt lat="42.442044" lon="9.007966">
        <ele>742.75</ele>
      </trkpt>
      <trkpt lat="42.442022" lon="9.008169">
        <ele>740</ele>
      </trkpt>
      <trkpt lat="42.442041" lon="9.008481">
        <ele>736.25</ele>
      </trkpt>
      <trkpt lat="42.442064" lon="9.00864">
        <ele>733.5</ele>
      </trkpt>
      <trkpt lat="42.442419" lon="9.009222">
        <ele>735</ele>
      </trkpt>
      <trkpt lat="42.442596" lon="9.009445">
        <ele>737</ele>
      </trkpt>
      <trkpt lat="42.44273" lon="9.009583">
        <ele>740.5</ele>
      </trkpt>
      <trkpt lat="42.44277" lon="9.009673">
        <ele>740.25</ele>
      </trkpt>
      <trkpt lat="42.442772" lon="9.00982">
        <ele>736.75</ele>
      </trkpt>
      <trkpt lat="42.442729" lon="9.010188">
        <ele>726.25</ele>
      </trkpt>
      <trkpt lat="42.442735" lon="9.01037">
        <ele>723.25</ele>
      </trkpt>
      <trkpt lat="42.442757" lon="9.010524">
        <ele>721.75</ele>
      </trkpt>
      <trkpt lat="42.442841" lon="9.010692">
        <ele>722.5</ele>
      </trkpt>
      <trkpt lat="42.442974" lon="9.01085">
        <ele>725.5</ele>
      </trkpt>
      <trkpt lat="42.443272" lon="9.011063">
        <ele>731.25</ele>
      </trkpt>
      <trkpt lat="42.44333" lon="9.011131">
        <ele>731.25</ele>
      </trkpt>
      <trkpt lat="42.44339" lon="9.011299">
        <ele>728.25</ele>
      </trkpt>
      <trkpt lat="42.443644" lon="9.011823">
        <ele>725.25</ele>
      </trkpt>
      <trkpt lat="42.443779" lon="9.012027">
        <ele>728.25</ele>
      </trkpt>
      <trkpt lat="42.443933" lon="9.012189">
        <ele>732.75</ele>
      </trkpt>
      <trkpt lat="42.444057" lon="9.012367">
        <ele>734.75</ele>
      </trkpt>
      <trkpt lat="42.444106" lon="9.012492">
        <ele>734</ele>
      </trkpt>
      <trkpt lat="42.444142" lon="9.012618">
        <ele>733.75</ele>
      </trkpt>
      <trkpt lat="42.444175" lon="9.012913">
        <ele>731</ele>
      </trkpt>
      <trkpt lat="42.444183" lon="9.01335">
        <ele>724.75</ele>
      </trkpt>
      <trkpt lat="42.444151" lon="9.013783">
        <ele>719.25</ele>
      </trkpt>
      <trkpt lat="42.444179" lon="9.014026">
        <ele>718.75</ele>
      </trkpt>
      <trkpt lat="42.444365" lon="9.014539">
        <ele>719.75</ele>
      </trkpt>
      <trkpt lat="42.444554" lon="9.014946">
        <ele>719.25</ele>
      </trkpt>
      <trkpt lat="42.444711" lon="9.015549">
        <ele>710.5</ele>
      </trkpt>
      <trkpt lat="42.444822" lon="9.015772">
        <ele>709.25</ele>
      </trkpt>
      <trkpt lat="42.444915" lon="9.015885">
        <ele>709.25</ele>
      </trkpt>
      <trkpt lat="42.445097" lon="9.015983">
        <ele>712.75</ele>
      </trkpt>
      <trkpt lat="42.445373" lon="9.016086">
        <ele>719.25</ele>
      </trkpt>
      <trkpt lat="42.445525" lon="9.0162">
        <ele>721</ele>
      </trkpt>
      <trkpt lat="42.445799" lon="9.016537">
        <ele>719.25</ele>
      </trkpt>
      <trkpt lat="42.44596" lon="9.016833">
        <ele>720.75</ele>
      </trkpt>
      <trkpt lat="42.446002" lon="9.016968">
        <ele>722.25</ele>
      </trkpt>
      <trkpt lat="42.44597" lon="9.01709">
        <ele>721</ele>
      </trkpt>
      <trkpt lat="42.445824" lon="9.017309">
        <ele>714.75</ele>
      </trkpt>
      <trkpt lat="42.445543" lon="9.017657">
        <ele>702</ele>
      </trkpt>
      <trkpt lat="42.445511" lon="9.017779">
        <ele>700.25</ele>
      </trkpt>
      <trkpt lat="42.445515" lon="9.017884">
        <ele>700</ele>
      </trkpt>
      <trkpt lat="42.445622" lon="9.018128">
        <ele>704.5</ele>
      </trkpt>
      <trkpt lat="42.445822" lon="9.018385">
        <ele>712.5</ele>
      </trkpt>
      <trkpt lat="42.44594" lon="9.018514">
        <ele>715.75</ele>
      </trkpt>
      <trkpt lat="42.445998" lon="9.018674">
        <ele>716</ele>
      </trkpt>
      <trkpt lat="42.446042" lon="9.018952">
        <ele>713.5</ele>
      </trkpt>
      <trkpt lat="42.446002" lon="9.019399">
        <ele>706.25</ele>
      </trkpt>
      <trkpt lat="42.44603" lon="9.019641">
        <ele>705.75</ele>
      </trkpt>
      <trkpt lat="42.44611" lon="9.020095">
        <ele>707.5</ele>
      </trkpt>
      <trkpt lat="42.446104" lon="9.020272">
        <ele>707.25</ele>
      </trkpt>
      <trkpt lat="42.446041" lon="9.020564">
        <ele>703.5</ele>
      </trkpt>
      <trkpt lat="42.445928" lon="9.021029">
        <ele>698</ele>
      </trkpt>
      <trkpt lat="42.445915" lon="9.021304">
        <ele>698.5</ele>
      </trkpt>
      <trkpt lat="42.445915" lon="9.021697">
        <ele>699.75</ele>
      </trkpt>
      <trkpt lat="42.445992" lon="9.022116">
        <ele>700.25</ele>
      </trkpt>
      <trkpt lat="42.446011" lon="9.022352">
        <ele>698.75</ele>
      </trkpt>
      <trkpt lat="42.445989" lon="9.022723">
        <ele>693.25</ele>
      </trkpt>
      <trkpt lat="42.445949" lon="9.022983">
        <ele>687.75</ele>
      </trkpt>
      <trkpt lat="42.445964" lon="9.023286">
        <ele>685.75</ele>
      </trkpt>
      <trkpt lat="42.446055" lon="9.023886">
        <ele>686.25</ele>
      </trkpt>
      <trkpt lat="42.446052" lon="9.024061">
        <ele>684.5</ele>
      </trkpt>
      <trkpt lat="42.446006" lon="9.024201">
        <ele>680.75</ele>
      </trkpt>
      <trkpt lat="42.445848" lon="9.024601">
        <ele>670.5</ele>
      </trkpt>
      <trkpt lat="42.445831" lon="9.024753">
        <ele>669.25</ele>
      </trkpt>
      <trkpt lat="42.445889" lon="9.024995">
        <ele>671.25</ele>
      </trkpt>
      <trkpt lat="42.445992" lon="9.025204">
        <ele>668.25</ele>
      </trkpt>
      <trkpt lat="42.446252" lon="9.025467">
        <ele>668.75</ele>
      </trkpt>
      <trkpt lat="42.446372" lon="9.02552">
        <ele>671.5</ele>
      </trkpt>
      <trkpt lat="42.446619" lon="9.025585">
        <ele>678.25</ele>
      </trkpt>
      <trkpt lat="42.446708" lon="9.025647">
        <ele>678.75</ele>
      </trkpt>
      <trkpt lat="42.446803" lon="9.025759">
        <ele>677</ele>
      </trkpt>
      <trkpt lat="42.446946" lon="9.025968">
        <ele>674.75</ele>
      </trkpt>
      <trkpt lat="42.447162" lon="9.026359">
        <ele>670.75</ele>
      </trkpt>
      <trkpt lat="42.447364" lon="9.026813">
        <ele>666</ele>
      </trkpt>
      <trkpt lat="42.447672" lon="9.027434">
        <ele>662.5</ele>
      </trkpt>
      <trkpt lat="42.44858" lon="9.02864">
        <ele>649.5</ele>
      </trkpt>
      <trkpt lat="42.448773" lon="9.028842">
        <ele>648.5</ele>
      </trkpt>
      <trkpt lat="42.449121" lon="9.029068">
        <ele>650.5</ele>
      </trkpt>
      <trkpt lat="42.449225" lon="9.029128">
        <ele>651</ele>
      </trkpt>
      <trkpt lat="42.449245" lon="9.029194">
        <ele>649</ele>
      </trkpt>
      <trkpt lat="42.449416" lon="9.029316">
        <ele>647.5</ele>
      </trkpt>
      <trkpt lat="42.449576" lon="9.029448">
        <ele>645.5</ele>
      </trkpt>
      <trkpt lat="42.449745" lon="9.029653">
        <ele>642</ele>
      </trkpt>
      <trkpt lat="42.449905" lon="9.029834">
        <ele>639.75</ele>
      </trkpt>
      <trkpt lat="42.450061" lon="9.02999">
        <ele>637</ele>
      </trkpt>
      <trkpt lat="42.45014" lon="9.030138">
        <ele>633.75</ele>
      </trkpt>
      <trkpt lat="42.450167" lon="9.030258">
        <ele>631.75</ele>
      </trkpt>
      <trkpt lat="42.450214" lon="9.030413">
        <ele>629</ele>
      </trkpt>
      <trkpt lat="42.450272" lon="9.030536">
        <ele>627.25</ele>
      </trkpt>
      <trkpt lat="42.450327" lon="9.030605">
        <ele>626.25</ele>
      </trkpt>
      <trkpt lat="42.450381" lon="9.030645">
        <ele>625.75</ele>
      </trkpt>
      <trkpt lat="42.450469" lon="9.030685">
        <ele>625.75</ele>
      </trkpt>
      <trkpt lat="42.450541" lon="9.030683">
        <ele>626</ele>
      </trkpt>
      <trkpt lat="42.450614" lon="9.030661">
        <ele>626.5</ele>
      </trkpt>
      <trkpt lat="42.450804" lon="9.030534">
        <ele>628.25</ele>
      </trkpt>
      <trkpt lat="42.450967" lon="9.030393">
        <ele>627.75</ele>
      </trkpt>
      <trkpt lat="42.451037" lon="9.030253">
        <ele>628.25</ele>
      </trkpt>
      <trkpt lat="42.451143" lon="9.0299">
        <ele>632</ele>
      </trkpt>
      <trkpt lat="42.45119" lon="9.029823">
        <ele>633.5</ele>
      </trkpt>
      <trkpt lat="42.451321" lon="9.029739">
        <ele>634.25</ele>
      </trkpt>
      <trkpt lat="42.451453" lon="9.02973">
        <ele>633.25</ele>
      </trkpt>
      <trkpt lat="42.451565" lon="9.029788">
        <ele>630.75</ele>
      </trkpt>
      <trkpt lat="42.451689" lon="9.030029">
        <ele>624.25</ele>
      </trkpt>
      <trkpt lat="42.45177" lon="9.030279">
        <ele>622.75</ele>
      </trkpt>
      <trkpt lat="42.451789" lon="9.030338">
        <ele>622.5</ele>
      </trkpt>
      <trkpt lat="42.451886" lon="9.030753">
        <ele>618</ele>
      </trkpt>
      <trkpt lat="42.451989" lon="9.03103">
        <ele>614.75</ele>
      </trkpt>
      <trkpt lat="42.452165" lon="9.031377">
        <ele>611.75</ele>
      </trkpt>
      <trkpt lat="42.452339" lon="9.031593">
        <ele>611.5</ele>
      </trkpt>
      <trkpt lat="42.452539" lon="9.031785">
        <ele>613.25</ele>
      </trkpt>
      <trkpt lat="42.452588" lon="9.031876">
        <ele>613.25</ele>
      </trkpt>
      <trkpt lat="42.452626" lon="9.032133">
        <ele>610</ele>
      </trkpt>
      <trkpt lat="42.452638" lon="9.032217">
        <ele>609</ele>
      </trkpt>
      <trkpt lat="42.452717" lon="9.032468">
        <ele>607.25</ele>
      </trkpt>
      <trkpt lat="42.452853" lon="9.032684">
        <ele>607</ele>
      </trkpt>
      <trkpt lat="42.452987" lon="9.032834">
        <ele>608.5</ele>
      </trkpt>
      <trkpt lat="42.453104" lon="9.032951">
        <ele>610.25</ele>
      </trkpt>
      <trkpt lat="42.453219" lon="9.033026">
        <ele>613</ele>
      </trkpt>
      <trkpt lat="42.453302" lon="9.033083">
        <ele>615</ele>
      </trkpt>
      <trkpt lat="42.453333" lon="9.033139">
        <ele>615</ele>
      </trkpt>
      <trkpt lat="42.453364" lon="9.033268">
        <ele>613.75</ele>
      </trkpt>
      <trkpt lat="42.453417" lon="9.033559">
        <ele>611.5</ele>
      </trkpt>
      <trkpt lat="42.453517" lon="9.033865">
        <ele>612</ele>
      </trkpt>
      <trkpt lat="42.453589" lon="9.034">
        <ele>613.5</ele>
      </trkpt>
      <trkpt lat="42.453645" lon="9.034357">
        <ele>610.75</ele>
      </trkpt>
      <trkpt lat="42.453781" lon="9.03473">
        <ele>610</ele>
      </trkpt>
      <trkpt lat="42.45383" lon="9.034864">
        <ele>609.25</ele>
      </trkpt>
      <trkpt lat="42.453927" lon="9.035106">
        <ele>607.75</ele>
      </trkpt>
      <trkpt lat="42.454044" lon="9.035352">
        <ele>606.25</ele>
      </trkpt>
      <trkpt lat="42.454143" lon="9.035481">
        <ele>606.5</ele>
      </trkpt>
      <trkpt lat="42.454293" lon="9.035629">
        <ele>602.75</ele>
      </trkpt>
      <trkpt lat="42.454372" lon="9.035663">
        <ele>601.25</ele>
      </trkpt>
      <trkpt lat="42.454481" lon="9.035665">
        <ele>600</ele>
      </trkpt>
      <trkpt lat="42.454633" lon="9.035628">
        <ele>599.75</ele>
      </trkpt>
      <trkpt lat="42.454921" lon="9.035521">
        <ele>601.25</ele>
      </trkpt>
      <trkpt lat="42.455033" lon="9.035562">
        <ele>598.5</ele>
      </trkpt>
      <trkpt lat="42.455145" lon="9.035495">
        <ele>599</ele>
      </trkpt>
      <trkpt lat="42.455163" lon="9.035513">
        <ele>598</ele>
      </trkpt>
      <trkpt lat="42.455199" lon="9.035519">
        <ele>597</ele>
      </trkpt>
      <trkpt lat="42.455234" lon="9.03551">
        <ele>596.75</ele>
      </trkpt>
      <trkpt lat="42.455549" lon="9.035293">
        <ele>596.75</ele>
      </trkpt>
      <trkpt lat="42.455712" lon="9.035241">
        <ele>594</ele>
      </trkpt>
      <trkpt lat="42.455776" lon="9.035208">
        <ele>593.25</ele>
      </trkpt>
      <trkpt lat="42.455825" lon="9.035131">
        <ele>593.5</ele>
      </trkpt>
      <trkpt lat="42.455946" lon="9.03486">
        <ele>601.75</ele>
      </trkpt>
      <trkpt lat="42.456013" lon="9.034795">
        <ele>604</ele>
      </trkpt>
      <trkpt lat="42.456171" lon="9.034596">
        <ele>609.5</ele>
      </trkpt>
      <trkpt lat="42.4562" lon="9.03458">
        <ele>609.5</ele>
      </trkpt>
      <trkpt lat="42.456319" lon="9.034645">
        <ele>606.75</ele>
      </trkpt>
      <trkpt lat="42.45636" lon="9.034701">
        <ele>605.25</ele>
      </trkpt>
      <trkpt lat="42.45638" lon="9.03484">
        <ele>602.25</ele>
      </trkpt>
      <trkpt lat="42.456369" lon="9.034904">
        <ele>601</ele>
      </trkpt>
      <trkpt lat="42.456278" lon="9.035176">
        <ele>597.75</ele>
      </trkpt>
      <trkpt lat="42.456252" lon="9.035304">
        <ele>596.75</ele>
      </trkpt>
      <trkpt lat="42.456277" lon="9.035624">
        <ele>595.75</ele>
      </trkpt>
      <trkpt lat="42.456269" lon="9.035682">
        <ele>595.25</ele>
      </trkpt>
      <trkpt lat="42.456247" lon="9.035738">
        <ele>594.25</ele>
      </trkpt>
      <trkpt lat="42.456172" lon="9.035887">
        <ele>591.5</ele>
      </trkpt>
      <trkpt lat="42.456078" lon="9.036065">
        <ele>589.25</ele>
      </trkpt>
      <trkpt lat="42.456039" lon="9.036105">
        <ele>588</ele>
      </trkpt>
      <trkpt lat="42.455777" lon="9.036319">
        <ele>579.5</ele>
      </trkpt>
      <trkpt lat="42.455647" lon="9.036646">
        <ele>576.25</ele>
      </trkpt>
      <trkpt lat="42.455608" lon="9.036775">
        <ele>577</ele>
      </trkpt>
      <trkpt lat="42.455577" lon="9.036829">
        <ele>577</ele>
      </trkpt>
      <trkpt lat="42.455415" lon="9.03699">
        <ele>574.5</ele>
      </trkpt>
      <trkpt lat="42.455384" lon="9.037057">
        <ele>574.25</ele>
      </trkpt>
      <trkpt lat="42.455262" lon="9.03743">
        <ele>573.5</ele>
      </trkpt>
      <trkpt lat="42.455212" lon="9.037513">
        <ele>572.25</ele>
      </trkpt>
      <trkpt lat="42.454947" lon="9.037787">
        <ele>567.25</ele>
      </trkpt>
      <trkpt lat="42.454869" lon="9.03782">
        <ele>565.75</ele>
      </trkpt>
      <trkpt lat="42.454801" lon="9.037878">
        <ele>564.75</ele>
      </trkpt>
      <trkpt lat="42.454705" lon="9.038077">
        <ele>565.5</ele>
      </trkpt>
      <trkpt lat="42.454594" lon="9.038213">
        <ele>564.25</ele>
      </trkpt>
      <trkpt lat="42.454376" lon="9.038339">
        <ele>559</ele>
      </trkpt>
      <trkpt lat="42.454316" lon="9.038391">
        <ele>557.25</ele>
      </trkpt>
      <trkpt lat="42.454189" lon="9.038623">
        <ele>554</ele>
      </trkpt>
      <trkpt lat="42.454097" lon="9.038857">
        <ele>552.25</ele>
      </trkpt>
      <trkpt lat="42.454091" lon="9.03903">
        <ele>553</ele>
      </trkpt>
      <trkpt lat="42.45417" lon="9.039215">
        <ele>554.75</ele>
      </trkpt>
      <trkpt lat="42.454614" lon="9.039632">
        <ele>558.75</ele>
      </trkpt>
      <trkpt lat="42.454997" lon="9.040179">
        <ele>556.5</ele>
      </trkpt>
      <trkpt lat="42.45512" lon="9.040501">
        <ele>550.75</ele>
      </trkpt>
      <trkpt lat="42.45525" lon="9.040775">
        <ele>547.25</ele>
      </trkpt>
      <trkpt lat="42.45535" lon="9.041153">
        <ele>540</ele>
      </trkpt>
      <trkpt lat="42.455438" lon="9.041334">
        <ele>538.5</ele>
      </trkpt>
      <trkpt lat="42.455772" lon="9.041641">
        <ele>544.75</ele>
      </trkpt>
      <trkpt lat="42.456077" lon="9.042062">
        <ele>542</ele>
      </trkpt>
      <trkpt lat="42.456268" lon="9.042489">
        <ele>533.5</ele>
      </trkpt>
      <trkpt lat="42.456394" lon="9.042703">
        <ele>529</ele>
      </trkpt>
      <trkpt lat="42.456558" lon="9.042873">
        <ele>527.25</ele>
      </trkpt>
      <trkpt lat="42.456668" lon="9.04291">
        <ele>529.25</ele>
      </trkpt>
      <trkpt lat="42.456827" lon="9.042873">
        <ele>531.75</ele>
      </trkpt>
      <trkpt lat="42.456939" lon="9.042903">
        <ele>531.25</ele>
      </trkpt>
      <trkpt lat="42.457267" lon="9.043019">
        <ele>527.25</ele>
      </trkpt>
      <trkpt lat="42.457499" lon="9.043046">
        <ele>527</ele>
      </trkpt>
      <trkpt lat="42.457932" lon="9.043038">
        <ele>530.75</ele>
      </trkpt>
      <trkpt lat="42.458201" lon="9.043142">
        <ele>528.5</ele>
      </trkpt>
      <trkpt lat="42.458404" lon="9.043315">
        <ele>524.25</ele>
      </trkpt>
      <trkpt lat="42.458727" lon="9.0437">
        <ele>526.75</ele>
      </trkpt>
      <trkpt lat="42.458961" lon="9.04384">
        <ele>528.5</ele>
      </trkpt>
      <trkpt lat="42.458997" lon="9.043879">
        <ele>528.25</ele>
      </trkpt>
      <trkpt lat="42.459028" lon="9.043937">
        <ele>527.75</ele>
      </trkpt>
      <trkpt lat="42.459038" lon="9.044139">
        <ele>524.25</ele>
      </trkpt>
      <trkpt lat="42.459017" lon="9.044205">
        <ele>524.75</ele>
      </trkpt>
      <trkpt lat="42.458967" lon="9.044236">
        <ele>525.5</ele>
      </trkpt>
      <trkpt lat="42.458848" lon="9.044239">
        <ele>524.25</ele>
      </trkpt>
      <trkpt lat="42.458712" lon="9.044225">
        <ele>522.5</ele>
      </trkpt>
      <trkpt lat="42.458623" lon="9.044198">
        <ele>520.75</ele>
      </trkpt>
      <trkpt lat="42.458407" lon="9.04402">
        <ele>518.75</ele>
      </trkpt>
      <trkpt lat="42.458179" lon="9.043934">
        <ele>516.5</ele>
      </trkpt>
      <trkpt lat="42.457895" lon="9.043808">
        <ele>514</ele>
      </trkpt>
      <trkpt lat="42.457836" lon="9.043812">
        <ele>513.5</ele>
      </trkpt>
      <trkpt lat="42.457762" lon="9.043847">
        <ele>512.25</ele>
      </trkpt>
      <trkpt lat="42.457492" lon="9.044086">
        <ele>508</ele>
      </trkpt>
      <trkpt lat="42.457371" lon="9.044173">
        <ele>505</ele>
      </trkpt>
      <trkpt lat="42.457192" lon="9.044238">
        <ele>501.25</ele>
      </trkpt>
      <trkpt lat="42.457021" lon="9.044343">
        <ele>497.5</ele>
      </trkpt>
      <trkpt lat="42.456775" lon="9.044589">
        <ele>490.5</ele>
      </trkpt>
      <trkpt lat="42.456702" lon="9.044755">
        <ele>488</ele>
      </trkpt>
      <trkpt lat="42.456693" lon="9.044966">
        <ele>487</ele>
      </trkpt>
      <trkpt lat="42.456793" lon="9.04522">
        <ele>490.5</ele>
      </trkpt>
      <trkpt lat="42.456861" lon="9.045638">
        <ele>493.25</ele>
      </trkpt>
      <trkpt lat="42.45685" lon="9.045867">
        <ele>493</ele>
      </trkpt>
      <trkpt lat="42.456781" lon="9.046073">
        <ele>492.5</ele>
      </trkpt>
      <trkpt lat="42.456488" lon="9.046431">
        <ele>489.25</ele>
      </trkpt>
      <trkpt lat="42.456397" lon="9.046592">
        <ele>488.75</ele>
      </trkpt>
      <trkpt lat="42.45623" lon="9.046742">
        <ele>485.5</ele>
      </trkpt>
      <trkpt lat="42.456149" lon="9.046855">
        <ele>483.75</ele>
      </trkpt>
      <trkpt lat="42.456121" lon="9.047014">
        <ele>483</ele>
      </trkpt>
      <trkpt lat="42.456201" lon="9.04762">
        <ele>486</ele>
      </trkpt>
      <trkpt lat="42.456176" lon="9.047862">
        <ele>485.5</ele>
      </trkpt>
      <trkpt lat="42.456031" lon="9.048337">
        <ele>480.75</ele>
      </trkpt>
      <trkpt lat="42.455838" lon="9.048649">
        <ele>481.5</ele>
      </trkpt>
      <trkpt lat="42.455601" lon="9.048861">
        <ele>482.5</ele>
      </trkpt>
      <trkpt lat="42.455447" lon="9.04895">
        <ele>480.5</ele>
      </trkpt>
      <trkpt lat="42.455173" lon="9.04898">
        <ele>474.5</ele>
      </trkpt>
      <trkpt lat="42.455065" lon="9.049017">
        <ele>471.75</ele>
      </trkpt>
      <trkpt lat="42.454997" lon="9.049099">
        <ele>469.5</ele>
      </trkpt>
      <trkpt lat="42.454967" lon="9.049304">
        <ele>471</ele>
      </trkpt>
      <trkpt lat="42.455002" lon="9.050056">
        <ele>481.5</ele>
      </trkpt>
      <trkpt lat="42.454978" lon="9.050278">
        <ele>487.25</ele>
      </trkpt>
      <trkpt lat="42.454933" lon="9.05048">
        <ele>491.75</ele>
      </trkpt>
      <trkpt lat="42.454826" lon="9.050612">
        <ele>492</ele>
      </trkpt>
      <trkpt lat="42.454672" lon="9.05075">
        <ele>490.25</ele>
      </trkpt>
      <trkpt lat="42.454529" lon="9.050797">
        <ele>486.25</ele>
      </trkpt>
      <trkpt lat="42.454349" lon="9.050786">
        <ele>479.75</ele>
      </trkpt>
      <trkpt lat="42.454104" lon="9.050852">
        <ele>473.25</ele>
      </trkpt>
      <trkpt lat="42.453791" lon="9.050953">
        <ele>469</ele>
      </trkpt>
      <trkpt lat="42.453622" lon="9.051056">
        <ele>466</ele>
      </trkpt>
      <trkpt lat="42.453552" lon="9.051147">
        <ele>464.5</ele>
      </trkpt>
      <trkpt lat="42.453539" lon="9.051256">
        <ele>464</ele>
      </trkpt>
      <trkpt lat="42.453567" lon="9.05137">
        <ele>464</ele>
      </trkpt>
      <trkpt lat="42.453637" lon="9.051517">
        <ele>465.25</ele>
      </trkpt>
      <trkpt lat="42.453951" lon="9.051776">
        <ele>471.25</ele>
      </trkpt>
      <trkpt lat="42.454124" lon="9.051984">
        <ele>470.25</ele>
      </trkpt>
      <trkpt lat="42.454273" lon="9.052096">
        <ele>470.75</ele>
      </trkpt>
      <trkpt lat="42.454541" lon="9.052203">
        <ele>474.75</ele>
      </trkpt>
      <trkpt lat="42.454809" lon="9.052386">
        <ele>475.5</ele>
      </trkpt>
      <trkpt lat="42.455223" lon="9.052609">
        <ele>484</ele>
      </trkpt>
      <trkpt lat="42.455453" lon="9.052806">
        <ele>489.5</ele>
      </trkpt>
      <trkpt lat="42.45567" lon="9.053188">
        <ele>487.5</ele>
      </trkpt>
      <trkpt lat="42.455748" lon="9.053423">
        <ele>484.5</ele>
      </trkpt>
      <trkpt lat="42.455864" lon="9.053967">
        <ele>478.25</ele>
      </trkpt>
      <trkpt lat="42.455889" lon="9.05432">
        <ele>474.75</ele>
      </trkpt>
      <trkpt lat="42.455857" lon="9.054784">
        <ele>469</ele>
      </trkpt>
      <trkpt lat="42.455791" lon="9.055021">
        <ele>465.5</ele>
      </trkpt>
      <trkpt lat="42.455646" lon="9.055355">
        <ele>464.75</ele>
      </trkpt>
      <trkpt lat="42.455575" lon="9.055654">
        <ele>464</ele>
      </trkpt>
      <trkpt lat="42.455426" lon="9.055894">
        <ele>462.75</ele>
      </trkpt>
      <trkpt lat="42.455159" lon="9.056471">
        <ele>461</ele>
      </trkpt>
      <trkpt lat="42.454867" lon="9.056948">
        <ele>460.75</ele>
      </trkpt>
      <trkpt lat="42.454376" lon="9.057322">
        <ele>455.5</ele>
      </trkpt>
      <trkpt lat="42.454285" lon="9.057492">
        <ele>450.75</ele>
      </trkpt>
      <trkpt lat="42.454274" lon="9.057718">
        <ele>449.25</ele>
      </trkpt>
      <trkpt lat="42.454355" lon="9.058742">
        <ele>454.25</ele>
      </trkpt>
      <trkpt lat="42.454337" lon="9.058978">
        <ele>454.5</ele>
      </trkpt>
      <trkpt lat="42.454231" lon="9.059209">
        <ele>449.75</ele>
      </trkpt>
      <trkpt lat="42.45417" lon="9.059416">
        <ele>449.5</ele>
      </trkpt>
      <trkpt lat="42.45412" lon="9.059638">
        <ele>452.75</ele>
      </trkpt>
      <trkpt lat="42.45406" lon="9.059714">
        <ele>453.25</ele>
      </trkpt>
      <trkpt lat="42.45397" lon="9.05978">
        <ele>452.5</ele>
      </trkpt>
      <trkpt lat="42.453851" lon="9.059811">
        <ele>450.5</ele>
      </trkpt>
      <trkpt lat="42.453725" lon="9.059888">
        <ele>447.75</ele>
      </trkpt>
      <trkpt lat="42.453565" lon="9.060109">
        <ele>443.25</ele>
      </trkpt>
      <trkpt lat="42.453542" lon="9.060232">
        <ele>443.25</ele>
      </trkpt>
      <trkpt lat="42.453566" lon="9.060433">
        <ele>445</ele>
      </trkpt>
      <trkpt lat="42.453811" lon="9.061047">
        <ele>449.25</ele>
      </trkpt>
      <trkpt lat="42.453967" lon="9.061324">
        <ele>447.25</ele>
      </trkpt>
      <trkpt lat="42.454166" lon="9.061577">
        <ele>442.5</ele>
      </trkpt>
      <trkpt lat="42.45441" lon="9.062088">
        <ele>447</ele>
      </trkpt>
      <trkpt lat="42.454487" lon="9.06244">
        <ele>446</ele>
      </trkpt>
      <trkpt lat="42.454559" lon="9.062738">
        <ele>446.5</ele>
      </trkpt>
      <trkpt lat="42.454606" lon="9.063132">
        <ele>447.5</ele>
      </trkpt>
      <trkpt lat="42.454616" lon="9.06334">
        <ele>447.75</ele>
      </trkpt>
      <trkpt lat="42.454494" lon="9.063725">
        <ele>446</ele>
      </trkpt>
      <trkpt lat="42.454394" lon="9.064713">
        <ele>446.25</ele>
      </trkpt>
      <trkpt lat="42.454418" lon="9.065409">
        <ele>441</ele>
      </trkpt>
      <trkpt lat="42.454559" lon="9.065806">
        <ele>437</ele>
      </trkpt>
      <trkpt lat="42.454674" lon="9.066237">
        <ele>434.75</ele>
      </trkpt>
      <trkpt lat="42.454847" lon="9.066493">
        <ele>433</ele>
      </trkpt>
      <trkpt lat="42.455057" lon="9.067031">
        <ele>432.75</ele>
      </trkpt>
      <trkpt lat="42.455196" lon="9.067577">
        <ele>436.75</ele>
      </trkpt>
      <trkpt lat="42.455234" lon="9.068047">
        <ele>437.5</ele>
      </trkpt>
      <trkpt lat="42.455206" lon="9.068338">
        <ele>435.75</ele>
      </trkpt>
      <trkpt lat="42.455156" lon="9.068667">
        <ele>431</ele>
      </trkpt>
      <trkpt lat="42.455208" lon="9.069428">
        <ele>427.75</ele>
      </trkpt>
      <trkpt lat="42.455263" lon="9.069678">
        <ele>428.5</ele>
      </trkpt>
      <trkpt lat="42.455377" lon="9.069864">
        <ele>431.5</ele>
      </trkpt>
      <trkpt lat="42.455589" lon="9.069973">
        <ele>438.25</ele>
      </trkpt>
      <trkpt lat="42.455743" lon="9.070121">
        <ele>440</ele>
      </trkpt>
      <trkpt lat="42.456129" lon="9.070414">
        <ele>452</ele>
      </trkpt>
      <trkpt lat="42.456295" lon="9.07066">
        <ele>451.5</ele>
      </trkpt>
      <trkpt lat="42.456544" lon="9.071098">
        <ele>447</ele>
      </trkpt>
      <trkpt lat="42.456639" lon="9.071496">
        <ele>431.5</ele>
      </trkpt>
      <trkpt lat="42.456613" lon="9.071875">
        <ele>428.5</ele>
      </trkpt>
      <trkpt lat="42.456633" lon="9.072041">
        <ele>432.75</ele>
      </trkpt>
      <trkpt lat="42.456689" lon="9.072284">
        <ele>440.5</ele>
      </trkpt>
      <trkpt lat="42.456722" lon="9.072436">
        <ele>446.25</ele>
      </trkpt>
      <trkpt lat="42.456674" lon="9.07282">
        <ele>434.5</ele>
      </trkpt>
      <trkpt lat="42.456611" lon="9.073444">
        <ele>422.75</ele>
      </trkpt>
      <trkpt lat="42.456586" lon="9.07354">
        <ele>427.5</ele>
      </trkpt>
      <trkpt lat="42.456539" lon="9.073637">
        <ele>431.75</ele>
      </trkpt>
      <trkpt lat="42.456331" lon="9.073842">
        <ele>436.25</ele>
      </trkpt>
      <trkpt lat="42.456215" lon="9.073896">
        <ele>435</ele>
      </trkpt>
      <trkpt lat="42.456141" lon="9.073901">
        <ele>433</ele>
      </trkpt>
      <trkpt lat="42.456084" lon="9.073889">
        <ele>431</ele>
      </trkpt>
      <trkpt lat="42.456012" lon="9.073825">
        <ele>427.75</ele>
      </trkpt>
      <trkpt lat="42.455884" lon="9.073606">
        <ele>421.5</ele>
      </trkpt>
      <trkpt lat="42.455794" lon="9.073542">
        <ele>419.5</ele>
      </trkpt>
      <trkpt lat="42.455692" lon="9.073507">
        <ele>417.75</ele>
      </trkpt>
      <trkpt lat="42.455341" lon="9.073507">
        <ele>413.25</ele>
      </trkpt>
      <trkpt lat="42.455117" lon="9.073567">
        <ele>410.5</ele>
      </trkpt>
      <trkpt lat="42.455028" lon="9.073618">
        <ele>409.75</ele>
      </trkpt>
      <trkpt lat="42.45498" lon="9.073747">
        <ele>410</ele>
      </trkpt>
      <trkpt lat="42.454945" lon="9.073917">
        <ele>411.25</ele>
      </trkpt>
      <trkpt lat="42.454948" lon="9.074182">
        <ele>412</ele>
      </trkpt>
      <trkpt lat="42.454972" lon="9.074413">
        <ele>409.5</ele>
      </trkpt>
      <trkpt lat="42.455065" lon="9.074547">
        <ele>409.5</ele>
      </trkpt>
      <trkpt lat="42.455525" lon="9.0751">
        <ele>420.25</ele>
      </trkpt>
      <trkpt lat="42.455633" lon="9.075295">
        <ele>420.75</ele>
      </trkpt>
      <trkpt lat="42.455724" lon="9.075588">
        <ele>417.75</ele>
      </trkpt>
      <trkpt lat="42.456068" lon="9.076166">
        <ele>421</ele>
      </trkpt>
      <trkpt lat="42.45618" lon="9.076494">
        <ele>420.75</ele>
      </trkpt>
      <trkpt lat="42.456328" lon="9.076715">
        <ele>424</ele>
      </trkpt>
      <trkpt lat="42.456404" lon="9.077027">
        <ele>424</ele>
      </trkpt>
      <trkpt lat="42.456452" lon="9.077432">
        <ele>421</ele>
      </trkpt>
      <trkpt lat="42.456437" lon="9.077727">
        <ele>419</ele>
      </trkpt>
      <trkpt lat="42.456451" lon="9.077913">
        <ele>418.5</ele>
      </trkpt>
      <trkpt lat="42.456513" lon="9.078233">
        <ele>418.5</ele>
      </trkpt>
      <trkpt lat="42.45651" lon="9.078405">
        <ele>417.25</ele>
      </trkpt>
      <trkpt lat="42.456443" lon="9.078624">
        <ele>413.5</ele>
      </trkpt>
      <trkpt lat="42.456369" lon="9.078816">
        <ele>410.25</ele>
      </trkpt>
      <trkpt lat="42.456326" lon="9.079299">
        <ele>404</ele>
      </trkpt>
      <trkpt lat="42.456253" lon="9.079638">
        <ele>399.5</ele>
      </trkpt>
      <trkpt lat="42.456263" lon="9.079767">
        <ele>397.5</ele>
      </trkpt>
      <trkpt lat="42.456335" lon="9.079872">
        <ele>394.5</ele>
      </trkpt>
      <trkpt lat="42.456461" lon="9.079941">
        <ele>390</ele>
      </trkpt>
      <trkpt lat="42.456592" lon="9.079971">
        <ele>385.75</ele>
      </trkpt>
      <trkpt lat="42.457011" lon="9.079867">
        <ele>390.5</ele>
      </trkpt>
      <trkpt lat="42.457283" lon="9.079857">
        <ele>393.75</ele>
      </trkpt>
      <trkpt lat="42.457425" lon="9.079884">
        <ele>393.75</ele>
      </trkpt>
      <trkpt lat="42.457895" lon="9.08">
        <ele>397</ele>
      </trkpt>
      <trkpt lat="42.458199" lon="9.080207">
        <ele>399.25</ele>
      </trkpt>
      <trkpt lat="42.458459" lon="9.080571">
        <ele>399.5</ele>
      </trkpt>
      <trkpt lat="42.45859" lon="9.080832">
        <ele>400.25</ele>
      </trkpt>
      <trkpt lat="42.458655" lon="9.080995">
        <ele>402.75</ele>
      </trkpt>
      <trkpt lat="42.458721" lon="9.081374">
        <ele>404.25</ele>
      </trkpt>
      <trkpt lat="42.458713" lon="9.081605">
        <ele>403</ele>
      </trkpt>
      <trkpt lat="42.458663" lon="9.081784">
        <ele>401</ele>
      </trkpt>
      <trkpt lat="42.458581" lon="9.081979">
        <ele>398</ele>
      </trkpt>
      <trkpt lat="42.458403" lon="9.082308">
        <ele>391.75</ele>
      </trkpt>
      <trkpt lat="42.458358" lon="9.082363">
        <ele>390.25</ele>
      </trkpt>
      <trkpt lat="42.45825" lon="9.082498">
        <ele>389.75</ele>
      </trkpt>
      <trkpt lat="42.458174" lon="9.082592">
        <ele>390</ele>
      </trkpt>
      <trkpt lat="42.457955" lon="9.083047">
        <ele>389.25</ele>
      </trkpt>
      <trkpt lat="42.457908" lon="9.083205">
        <ele>388.25</ele>
      </trkpt>
      <trkpt lat="42.457913" lon="9.083358">
        <ele>388.25</ele>
      </trkpt>
      <trkpt lat="42.458012" lon="9.083746">
        <ele>390.5</ele>
      </trkpt>
      <trkpt lat="42.458158" lon="9.084211">
        <ele>393.25</ele>
      </trkpt>
      <trkpt lat="42.458369" lon="9.0846">
        <ele>391.5</ele>
      </trkpt>
      <trkpt lat="42.458629" lon="9.084839">
        <ele>399.5</ele>
      </trkpt>
      <trkpt lat="42.458762" lon="9.085013">
        <ele>401.75</ele>
      </trkpt>
      <trkpt lat="42.458806" lon="9.085133">
        <ele>402</ele>
      </trkpt>
      <trkpt lat="42.458884" lon="9.085541">
        <ele>398.25</ele>
      </trkpt>
      <trkpt lat="42.459009" lon="9.085855">
        <ele>395.25</ele>
      </trkpt>
      <trkpt lat="42.459035" lon="9.086028">
        <ele>393.25</ele>
      </trkpt>
      <trkpt lat="42.459032" lon="9.086956">
        <ele>381.75</ele>
      </trkpt>
      <trkpt lat="42.459001" lon="9.087162">
        <ele>380.75</ele>
      </trkpt>
      <trkpt lat="42.4589" lon="9.087736">
        <ele>379.75</ele>
      </trkpt>
      <trkpt lat="42.458863" lon="9.088371">
        <ele>381</ele>
      </trkpt>
      <trkpt lat="42.458805" lon="9.08958">
        <ele>380.25</ele>
      </trkpt>
      <trkpt lat="42.458836" lon="9.090236">
        <ele>379.75</ele>
      </trkpt>
      <trkpt lat="42.458971" lon="9.090856">
        <ele>373.75</ele>
      </trkpt>
      <trkpt lat="42.459127" lon="9.091388">
        <ele>364</ele>
      </trkpt>
      <trkpt lat="42.459268" lon="9.091563">
        <ele>364</ele>
      </trkpt>
      <trkpt lat="42.45988" lon="9.091977">
        <ele>376.75</ele>
      </trkpt>
      <trkpt lat="42.460272" lon="9.092375">
        <ele>377.75</ele>
      </trkpt>
      <trkpt lat="42.460506" lon="9.09268">
        <ele>380.75</ele>
      </trkpt>
      <trkpt lat="42.460663" lon="9.093056">
        <ele>379.25</ele>
      </trkpt>
      <trkpt lat="42.460758" lon="9.093446">
        <ele>373</ele>
      </trkpt>
      <trkpt lat="42.460816" lon="9.093957">
        <ele>362.75</ele>
      </trkpt>
      <trkpt lat="42.460866" lon="9.094155">
        <ele>360.25</ele>
      </trkpt>
      <trkpt lat="42.461017" lon="9.094541">
        <ele>364</ele>
      </trkpt>
      <trkpt lat="42.461082" lon="9.094819">
        <ele>362</ele>
      </trkpt>
      <trkpt lat="42.46115" lon="9.094974">
        <ele>361.5</ele>
      </trkpt>
      <trkpt lat="42.461289" lon="9.095155">
        <ele>364.25</ele>
      </trkpt>
      <trkpt lat="42.461392" lon="9.095327">
        <ele>364.75</ele>
      </trkpt>
      <trkpt lat="42.461552" lon="9.09582">
        <ele>358</ele>
      </trkpt>
      <trkpt lat="42.461791" lon="9.096264">
        <ele>357.5</ele>
      </trkpt>
      <trkpt lat="42.462692" lon="9.097406">
        <ele>358.5</ele>
      </trkpt>
      <trkpt lat="42.463619" lon="9.098625">
        <ele>356.75</ele>
      </trkpt>
      <trkpt lat="42.463743" lon="9.098737">
        <ele>356.75</ele>
      </trkpt>
      <trkpt lat="42.463941" lon="9.098848">
        <ele>357.25</ele>
      </trkpt>
      <trkpt lat="42.464061" lon="9.098927">
        <ele>356.75</ele>
      </trkpt>
      <trkpt lat="42.464207" lon="9.099086">
        <ele>355.25</ele>
      </trkpt>
      <trkpt lat="42.464803" lon="9.099963">
        <ele>371</ele>
      </trkpt>
      <trkpt lat="42.4649" lon="9.100229">
        <ele>371.25</ele>
      </trkpt>
      <trkpt lat="42.46493" lon="9.100418">
        <ele>369.25</ele>
      </trkpt>
      <trkpt lat="42.464936" lon="9.100648">
        <ele>365.5</ele>
      </trkpt>
      <trkpt lat="42.464914" lon="9.100732">
        <ele>363.25</ele>
      </trkpt>
      <trkpt lat="42.464847" lon="9.100801">
        <ele>360.25</ele>
      </trkpt>
      <trkpt lat="42.464712" lon="9.100881">
        <ele>355.75</ele>
      </trkpt>
      <trkpt lat="42.464483" lon="9.101038">
        <ele>348.5</ele>
      </trkpt>
      <trkpt lat="42.464377" lon="9.101188">
        <ele>344.75</ele>
      </trkpt>
      <trkpt lat="42.46434" lon="9.101312">
        <ele>343</ele>
      </trkpt>
      <trkpt lat="42.46435" lon="9.101437">
        <ele>342.25</ele>
      </trkpt>
      <trkpt lat="42.464395" lon="9.101636">
        <ele>341.75</ele>
      </trkpt>
      <trkpt lat="42.46447" lon="9.101778">
        <ele>341.75</ele>
      </trkpt>
      <trkpt lat="42.464587" lon="9.101879">
        <ele>342.25</ele>
      </trkpt>
      <trkpt lat="42.465013" lon="9.102021">
        <ele>345</ele>
      </trkpt>
      <trkpt lat="42.465636" lon="9.102432">
        <ele>348.5</ele>
      </trkpt>
      <trkpt lat="42.465964" lon="9.102697">
        <ele>349.25</ele>
      </trkpt>
      <trkpt lat="42.466246" lon="9.102957">
        <ele>349.75</ele>
      </trkpt>
      <trkpt lat="42.466643" lon="9.103532">
        <ele>340.75</ele>
      </trkpt>
      <trkpt lat="42.466869" lon="9.103711">
        <ele>343.75</ele>
      </trkpt>
      <trkpt lat="42.467498" lon="9.104124">
        <ele>343.75</ele>
      </trkpt>
      <trkpt lat="42.46762" lon="9.104255">
        <ele>345.5</ele>
      </trkpt>
      <trkpt lat="42.467719" lon="9.104416">
        <ele>346.25</ele>
      </trkpt>
      <trkpt lat="42.467887" lon="9.104968">
        <ele>338</ele>
      </trkpt>
      <trkpt lat="42.467965" lon="9.105474">
        <ele>334</ele>
      </trkpt>
      <trkpt lat="42.468016" lon="9.105691">
        <ele>331.75</ele>
      </trkpt>
      <trkpt lat="42.468224" lon="9.106207">
        <ele>328</ele>
      </trkpt>
      <trkpt lat="42.46825" lon="9.10633">
        <ele>326.75</ele>
      </trkpt>
      <trkpt lat="42.468223" lon="9.106427">
        <ele>326.25</ele>
      </trkpt>
      <trkpt lat="42.468171" lon="9.106508">
        <ele>326.75</ele>
      </trkpt>
      <trkpt lat="42.467856" lon="9.106729">
        <ele>334.5</ele>
      </trkpt>
      <trkpt lat="42.467831" lon="9.106837">
        <ele>336</ele>
      </trkpt>
      <trkpt lat="42.467881" lon="9.10705">
        <ele>336.25</ele>
      </trkpt>
      <trkpt lat="42.468138" lon="9.107537">
        <ele>328.75</ele>
      </trkpt>
      <trkpt lat="42.468166" lon="9.107709">
        <ele>326.5</ele>
      </trkpt>
      <trkpt lat="42.468145" lon="9.10788">
        <ele>326</ele>
      </trkpt>
      <trkpt lat="42.468106" lon="9.108003">
        <ele>326.5</ele>
      </trkpt>
      <trkpt lat="42.468028" lon="9.108124">
        <ele>328</ele>
      </trkpt>
      <trkpt lat="42.467819" lon="9.108285">
        <ele>332</ele>
      </trkpt>
      <trkpt lat="42.467526" lon="9.108469">
        <ele>335.75</ele>
      </trkpt>
      <trkpt lat="42.467198" lon="9.108784">
        <ele>338.5</ele>
      </trkpt>
      <trkpt lat="42.467041" lon="9.109026">
        <ele>336</ele>
      </trkpt>
      <trkpt lat="42.466933" lon="9.109323">
        <ele>333.25</ele>
      </trkpt>
      <trkpt lat="42.466891" lon="9.109551">
        <ele>332.25</ele>
      </trkpt>
      <trkpt lat="42.466897" lon="9.109766">
        <ele>329.75</ele>
      </trkpt>
      <trkpt lat="42.466942" lon="9.110007">
        <ele>326.25</ele>
      </trkpt>
      <trkpt lat="42.467018" lon="9.110204">
        <ele>325.5</ele>
      </trkpt>
      <trkpt lat="42.467169" lon="9.110477">
        <ele>322.75</ele>
      </trkpt>
      <trkpt lat="42.46723" lon="9.110681">
        <ele>321.75</ele>
      </trkpt>
      <trkpt lat="42.467355" lon="9.11136">
        <ele>320.75</ele>
      </trkpt>
      <trkpt lat="42.467423" lon="9.111548">
        <ele>318.75</ele>
      </trkpt>
      <trkpt lat="42.467546" lon="9.111856">
        <ele>317.25</ele>
      </trkpt>
      <trkpt lat="42.467825" lon="9.112895">
        <ele>320</ele>
      </trkpt>
      <trkpt lat="42.468115" lon="9.113667">
        <ele>315.25</ele>
      </trkpt>
      <trkpt lat="42.468197" lon="9.113963">
        <ele>314</ele>
      </trkpt>
      <trkpt lat="42.468379" lon="9.115068">
        <ele>310.75</ele>
      </trkpt>
      <trkpt lat="42.468443" lon="9.115717">
        <ele>310</ele>
      </trkpt>
      <trkpt lat="42.468492" lon="9.115954">
        <ele>309.25</ele>
      </trkpt>
      <trkpt lat="42.468963" lon="9.117827">
        <ele>304.5</ele>
      </trkpt>
      <trkpt lat="42.469155" lon="9.118534">
        <ele>304.5</ele>
      </trkpt>
      <trkpt lat="42.46922" lon="9.118719">
        <ele>303.75</ele>
      </trkpt>
      <trkpt lat="42.469303" lon="9.118915">
        <ele>302.75</ele>
      </trkpt>
      <trkpt lat="42.469431" lon="9.119173">
        <ele>301.25</ele>
      </trkpt>
      <trkpt lat="42.46946" lon="9.119288">
        <ele>301.25</ele>
      </trkpt>
      <trkpt lat="42.469462" lon="9.119422">
        <ele>301.5</ele>
      </trkpt>
      <trkpt lat="42.469432" lon="9.119525">
        <ele>301.75</ele>
      </trkpt>
      <trkpt lat="42.469343" lon="9.119759">
        <ele>303</ele>
      </trkpt>
      <trkpt lat="42.46932" lon="9.11992">
        <ele>303.5</ele>
      </trkpt>
      <trkpt lat="42.469349" lon="9.120078">
        <ele>303.75</ele>
      </trkpt>
      <trkpt lat="42.469428" lon="9.120242">
        <ele>304.25</ele>
      </trkpt>
      <trkpt lat="42.469935" lon="9.121175">
        <ele>303.75</ele>
      </trkpt>
      <trkpt lat="42.46999" lon="9.121276">
        <ele>303.5</ele>
      </trkpt>
      <trkpt lat="42.470109" lon="9.121495">
        <ele>303.25</ele>
      </trkpt>
      <trkpt lat="42.470736" lon="9.122674">
        <ele>303.25</ele>
      </trkpt>
      <trkpt lat="42.47111" lon="9.123833">
        <ele>300.5</ele>
      </trkpt>
      <trkpt lat="42.471454" lon="9.12498">
        <ele>298.25</ele>
      </trkpt>
      <trkpt lat="42.472338" lon="9.126924">
        <ele>295.25</ele>
      </trkpt>
      <trkpt lat="42.47242" lon="9.127175">
        <ele>295.25</ele>
      </trkpt>
      <trkpt lat="42.472477" lon="9.127349">
        <ele>295.5</ele>
      </trkpt>
      <trkpt lat="42.472525" lon="9.12752">
        <ele>295.75</ele>
      </trkpt>
      <trkpt lat="42.472655" lon="9.128143">
        <ele>295.25</ele>
      </trkpt>
      <trkpt lat="42.472772" lon="9.128811">
        <ele>293.5</ele>
      </trkpt>
      <trkpt lat="42.472789" lon="9.128947">
        <ele>293</ele>
      </trkpt>
      <trkpt lat="42.472853" lon="9.129436">
        <ele>292</ele>
      </trkpt>
      <trkpt lat="42.472887" lon="9.130024">
        <ele>291.75</ele>
      </trkpt>
      <trkpt lat="42.472939" lon="9.130375">
        <ele>292</ele>
      </trkpt>
      <trkpt lat="42.473876" lon="9.132865">
        <ele>284</ele>
      </trkpt>
      <trkpt lat="42.473989" lon="9.133113">
        <ele>283.5</ele>
      </trkpt>
      <trkpt lat="42.47413" lon="9.133317">
        <ele>283</ele>
      </trkpt>
      <trkpt lat="42.475284" lon="9.13455">
        <ele>281</ele>
      </trkpt>
      <trkpt lat="42.475395" lon="9.134738">
        <ele>281.5</ele>
      </trkpt>
      <trkpt lat="42.475451" lon="9.134936">
        <ele>282</ele>
      </trkpt>
      <trkpt lat="42.475549" lon="9.135533">
        <ele>282.5</ele>
      </trkpt>
      <trkpt lat="42.476034" lon="9.137617">
        <ele>279.25</ele>
      </trkpt>
      <trkpt lat="42.476087" lon="9.137844">
        <ele>279.5</ele>
      </trkpt>
      <trkpt lat="42.47615" lon="9.138049">
        <ele>279.25</ele>
      </trkpt>
      <trkpt lat="42.476232" lon="9.138164">
        <ele>278.75</ele>
      </trkpt>
      <trkpt lat="42.476301" lon="9.138231">
        <ele>278</ele>
      </trkpt>
      <trkpt lat="42.476336" lon="9.138265">
        <ele>277.75</ele>
      </trkpt>
      <trkpt lat="42.476909" lon="9.138619">
        <ele>274</ele>
      </trkpt>
      <trkpt lat="42.477092" lon="9.138763">
        <ele>273.5</ele>
      </trkpt>
      <trkpt lat="42.47721" lon="9.138923">
        <ele>273</ele>
      </trkpt>
      <trkpt lat="42.477314" lon="9.139167">
        <ele>272.25</ele>
      </trkpt>
      <trkpt lat="42.477393" lon="9.139407">
        <ele>272</ele>
      </trkpt>
      <trkpt lat="42.477432" lon="9.139613">
        <ele>272</ele>
      </trkpt>
      <trkpt lat="42.477446" lon="9.139863">
        <ele>272.25</ele>
      </trkpt>
      <trkpt lat="42.477434" lon="9.142476">
        <ele>267.75</ele>
      </trkpt>
      <trkpt lat="42.477414" lon="9.144688">
        <ele>266.5</ele>
      </trkpt>
      <trkpt lat="42.4774" lon="9.144976">
        <ele>266.25</ele>
      </trkpt>
      <trkpt lat="42.477365" lon="9.145277">
        <ele>265.5</ele>
      </trkpt>
      <trkpt lat="42.476827" lon="9.14805">
        <ele>264</ele>
      </trkpt>
      <trkpt lat="42.476732" lon="9.14872">
        <ele>265.75</ele>
      </trkpt>
      <trkpt lat="42.4767" lon="9.149257">
        <ele>265.75</ele>
      </trkpt>
      <trkpt lat="42.476695" lon="9.151659">
        <ele>258.75</ele>
      </trkpt>
      <trkpt lat="42.476699" lon="9.153763">
        <ele>257</ele>
      </trkpt>
      <trkpt lat="42.476707" lon="9.158013">
        <ele>250.5</ele>
      </trkpt>
      <trkpt lat="42.476705" lon="9.161198">
        <ele>246.25</ele>
      </trkpt>
      <trkpt lat="42.476685" lon="9.162167">
        <ele>247.25</ele>
      </trkpt>
      <trkpt lat="42.476578" lon="9.163429">
        <ele>241.75</ele>
      </trkpt>
      <trkpt lat="42.476253" lon="9.167127">
        <ele>232</ele>
      </trkpt>
      <trkpt lat="42.476087" lon="9.168957">
        <ele>230.5</ele>
      </trkpt>
      <trkpt lat="42.475778" lon="9.172632">
        <ele>226</ele>
      </trkpt>
      <trkpt lat="42.475631" lon="9.173693">
        <ele>231.75</ele>
      </trkpt>
      <trkpt lat="42.475669" lon="9.174082">
        <ele>232.25</ele>
      </trkpt>
      <trkpt lat="42.475781" lon="9.174406">
        <ele>230</ele>
      </trkpt>
      <trkpt lat="42.475809" lon="9.174605">
        <ele>229.25</ele>
      </trkpt>
      <trkpt lat="42.475781" lon="9.174761">
        <ele>229</ele>
      </trkpt>
      <trkpt lat="42.47565" lon="9.174971">
        <ele>230</ele>
      </trkpt>
      <trkpt lat="42.475421" lon="9.17527">
        <ele>231</ele>
      </trkpt>
      <trkpt lat="42.47532" lon="9.175451">
        <ele>231.5</ele>
      </trkpt>
      <trkpt lat="42.4753" lon="9.175795">
        <ele>230</ele>
      </trkpt>
      <trkpt lat="42.475305" lon="9.176101">
        <ele>228.5</ele>
      </trkpt>
      <trkpt lat="42.47531" lon="9.176654">
        <ele>225.5</ele>
      </trkpt>
      <trkpt lat="42.475302" lon="9.176821">
        <ele>225</ele>
      </trkpt>
      <trkpt lat="42.475224" lon="9.17699">
        <ele>225</ele>
      </trkpt>
      <trkpt lat="42.475111" lon="9.177093">
        <ele>225.75</ele>
      </trkpt>
      <trkpt lat="42.474962" lon="9.177108">
        <ele>227</ele>
      </trkpt>
      <trkpt lat="42.474846" lon="9.177093">
        <ele>227.75</ele>
      </trkpt>
      <trkpt lat="42.474699" lon="9.177192">
        <ele>227.75</ele>
      </trkpt>
      <trkpt lat="42.474612" lon="9.177313">
        <ele>227.75</ele>
      </trkpt>
      <trkpt lat="42.474578" lon="9.177468">
        <ele>227</ele>
      </trkpt>
      <trkpt lat="42.474575" lon="9.177643">
        <ele>227.5</ele>
      </trkpt>
      <trkpt lat="42.474657" lon="9.177895">
        <ele>228</ele>
      </trkpt>
      <trkpt lat="42.475125" lon="9.179">
        <ele>227.5</ele>
      </trkpt>
      <trkpt lat="42.475599" lon="9.180163">
        <ele>224</ele>
      </trkpt>
      <trkpt lat="42.475644" lon="9.18036">
        <ele>223</ele>
      </trkpt>
      <trkpt lat="42.475652" lon="9.180612">
        <ele>222.5</ele>
      </trkpt>
      <trkpt lat="42.475655" lon="9.181038">
        <ele>223.25</ele>
      </trkpt>
      <trkpt lat="42.475682" lon="9.181277">
        <ele>224</ele>
      </trkpt>
      <trkpt lat="42.475757" lon="9.181554">
        <ele>223.75</ele>
      </trkpt>
      <trkpt lat="42.475993" lon="9.182283">
        <ele>227</ele>
      </trkpt>
      <trkpt lat="42.4762" lon="9.183154">
        <ele>226.75</ele>
      </trkpt>
      <trkpt lat="42.476281" lon="9.183443">
        <ele>225.5</ele>
      </trkpt>
      <trkpt lat="42.476556" lon="9.184151">
        <ele>222.25</ele>
      </trkpt>
      <trkpt lat="42.476762" lon="9.184629">
        <ele>221.5</ele>
      </trkpt>
      <trkpt lat="42.476944" lon="9.184895">
        <ele>220.75</ele>
      </trkpt>
      <trkpt lat="42.477008" lon="9.185025">
        <ele>220.25</ele>
      </trkpt>
      <trkpt lat="42.477059" lon="9.185206">
        <ele>219.25</ele>
      </trkpt>
      <trkpt lat="42.477152" lon="9.185601">
        <ele>217</ele>
      </trkpt>
      <trkpt lat="42.477272" lon="9.185898">
        <ele>214.75</ele>
      </trkpt>
      <trkpt lat="42.477392" lon="9.186155">
        <ele>213.25</ele>
      </trkpt>
      <trkpt lat="42.477625" lon="9.18658">
        <ele>211.75</ele>
      </trkpt>
      <trkpt lat="42.477939" lon="9.187248">
        <ele>211.5</ele>
      </trkpt>
      <trkpt lat="42.47807" lon="9.187857">
        <ele>210.75</ele>
      </trkpt>
      <trkpt lat="42.478343" lon="9.189314">
        <ele>206.75</ele>
      </trkpt>
      <trkpt lat="42.478515" lon="9.190233">
        <ele>205.5</ele>
      </trkpt>
      <trkpt lat="42.47871" lon="9.190853">
        <ele>204.5</ele>
      </trkpt>
      <trkpt lat="42.478978" lon="9.191646">
        <ele>203.25</ele>
      </trkpt>
      <trkpt lat="42.48028" lon="9.195521">
        <ele>200.25</ele>
      </trkpt>
      <trkpt lat="42.480295" lon="9.195725">
        <ele>200.25</ele>
      </trkpt>
      <trkpt lat="42.480266" lon="9.195903">
        <ele>200</ele>
      </trkpt>
      <trkpt lat="42.480171" lon="9.196129">
        <ele>199.75</ele>
      </trkpt>
      <trkpt lat="42.480041" lon="9.196368">
        <ele>199.5</ele>
      </trkpt>
      <trkpt lat="42.479902" lon="9.196579">
        <ele>200</ele>
      </trkpt>
      <trkpt lat="42.479858" lon="9.196685">
        <ele>200</ele>
      </trkpt>
      <trkpt lat="42.479834" lon="9.196799">
        <ele>200</ele>
      </trkpt>
      <trkpt lat="42.479833" lon="9.196855">
        <ele>199.75</ele>
      </trkpt>
      <trkpt lat="42.479871" lon="9.197012">
        <ele>199</ele>
      </trkpt>
      <trkpt lat="42.479877" lon="9.197038">
        <ele>199</ele>
      </trkpt>
      <trkpt lat="42.479793" lon="9.197085">
        <ele>199.5</ele>
      </trkpt>
      <trkpt lat="42.479704" lon="9.19715">
        <ele>200</ele>
      </trkpt>
      <trkpt lat="42.479585" lon="9.197267">
        <ele>200.5</ele>
      </trkpt>
      <trkpt lat="42.479489" lon="9.197395">
        <ele>201</ele>
      </trkpt>
      <trkpt lat="42.479394" lon="9.19756">
        <ele>201</ele>
      </trkpt>
      <trkpt lat="42.479247" lon="9.197896">
        <ele>201</ele>
      </trkpt>
      <trkpt lat="42.479094" lon="9.198307">
        <ele>200.25</ele>
      </trkpt>
      <trkpt lat="42.478389" lon="9.199764">
        <ele>195</ele>
      </trkpt>
      <trkpt lat="42.478231" lon="9.200066">
        <ele>194.5</ele>
      </trkpt>
      <trkpt lat="42.478149" lon="9.200196">
        <ele>195</ele>
      </trkpt>
      <trkpt lat="42.478057" lon="9.20031">
        <ele>195.25</ele>
      </trkpt>
      <trkpt lat="42.477948" lon="9.20042">
        <ele>195.5</ele>
      </trkpt>
      <trkpt lat="42.477883" lon="9.200471">
        <ele>195.75</ele>
      </trkpt>
      <trkpt lat="42.475878" lon="9.201748">
        <ele>191.75</ele>
      </trkpt>
      <trkpt lat="42.474347" lon="9.202716">
        <ele>190.5</ele>
      </trkpt>
      <trkpt lat="42.473185" lon="9.20347">
        <ele>189.25</ele>
      </trkpt>
      <trkpt lat="42.47229" lon="9.204031">
        <ele>189.5</ele>
      </trkpt>
      <trkpt lat="42.471844" lon="9.204307">
        <ele>190</ele>
      </trkpt>
      <trkpt lat="42.471682" lon="9.204377">
        <ele>190.25</ele>
      </trkpt>
      <trkpt lat="42.471596" lon="9.204402">
        <ele>190.75</ele>
      </trkpt>
      <trkpt lat="42.471509" lon="9.204421">
        <ele>191</ele>
      </trkpt>
      <trkpt lat="42.471309" lon="9.204444">
        <ele>192</ele>
      </trkpt>
      <trkpt lat="42.470734" lon="9.204468">
        <ele>194.25</ele>
      </trkpt>
      <trkpt lat="42.470163" lon="9.204482">
        <ele>192.25</ele>
      </trkpt>
      <trkpt lat="42.470039" lon="9.204482">
        <ele>191.75</ele>
      </trkpt>
      <trkpt lat="42.469981" lon="9.204483">
        <ele>191.75</ele>
      </trkpt>
      <trkpt lat="42.469779" lon="9.204487">
        <ele>190.75</ele>
      </trkpt>
      <trkpt lat="42.468827" lon="9.204504">
        <ele>188</ele>
      </trkpt>
      <trkpt lat="42.467725" lon="9.204534">
        <ele>187.75</ele>
      </trkpt>
      <trkpt lat="42.466148" lon="9.204572">
        <ele>187</ele>
      </trkpt>
      <trkpt lat="42.465968" lon="9.204581">
        <ele>187</ele>
      </trkpt>
      <trkpt lat="42.46588" lon="9.204585">
        <ele>187</ele>
      </trkpt>
      <trkpt lat="42.465279" lon="9.204603">
        <ele>187</ele>
      </trkpt>
      <trkpt lat="42.46417" lon="9.204629">
        <ele>188.25</ele>
      </trkpt>
      <trkpt lat="42.464007" lon="9.204662">
        <ele>188.5</ele>
      </trkpt>
      <trkpt lat="42.46386" lon="9.204725">
        <ele>188.75</ele>
      </trkpt>
      <trkpt lat="42.46377" lon="9.204779">
        <ele>189</ele>
      </trkpt>
      <trkpt lat="42.463688" lon="9.204844">
        <ele>189</ele>
      </trkpt>
      <trkpt lat="42.463611" lon="9.204922">
        <ele>189</ele>
      </trkpt>
      <trkpt lat="42.463434" lon="9.205107">
        <ele>189.25</ele>
      </trkpt>
      <trkpt lat="42.463163" lon="9.20539">
        <ele>188.75</ele>
      </trkpt>
      <trkpt lat="42.462719" lon="9.205868">
        <ele>189</ele>
      </trkpt>
      <trkpt lat="42.462663" lon="9.205915">
        <ele>189.25</ele>
      </trkpt>
      <trkpt lat="42.462599" lon="9.205957">
        <ele>189.5</ele>
      </trkpt>
      <trkpt lat="42.462547" lon="9.205979">
        <ele>189.5</ele>
      </trkpt>
      <trkpt lat="42.462373" lon="9.206034">
        <ele>190.25</ele>
      </trkpt>
      <trkpt lat="42.462344" lon="9.206029">
        <ele>190.5</ele>
      </trkpt>
      <trkpt lat="42.462137" lon="9.206154">
        <ele>191.5</ele>
      </trkpt>
      <trkpt lat="42.462107" lon="9.206167">
        <ele>191.5</ele>
      </trkpt>
      <trkpt lat="42.46208" lon="9.206189">
        <ele>191.75</ele>
      </trkpt>
      <trkpt lat="42.462051" lon="9.206231">
        <ele>191.75</ele>
      </trkpt>
      <trkpt lat="42.462037" lon="9.206275">
        <ele>191.75</ele>
      </trkpt>
      <trkpt lat="42.462031" lon="9.206322">
        <ele>191.75</ele>
      </trkpt>
      <trkpt lat="42.462036" lon="9.20637">
        <ele>191.75</ele>
      </trkpt>
      <trkpt lat="42.462042" lon="9.20639">
        <ele>191.75</ele>
      </trkpt>
      <trkpt lat="42.461954" lon="9.20652">
        <ele>192.25</ele>
      </trkpt>
      <trkpt lat="42.461906" lon="9.206572">
        <ele>192.5</ele>
      </trkpt>
      <trkpt lat="42.461809" lon="9.206657">
        <ele>193</ele>
      </trkpt>
      <trkpt lat="42.461031" lon="9.206996">
        <ele>194</ele>
      </trkpt>
      <trkpt lat="42.45978" lon="9.207533">
        <ele>194.75</ele>
      </trkpt>
      <trkpt lat="42.459717" lon="9.207561">
        <ele>195</ele>
      </trkpt>
      <trkpt lat="42.459106" lon="9.207824">
        <ele>196.75</ele>
      </trkpt>
      <trkpt lat="42.458608" lon="9.208039">
        <ele>197.25</ele>
      </trkpt>
      <trkpt lat="42.458509" lon="9.208082">
        <ele>197.25</ele>
      </trkpt>
      <trkpt lat="42.457973" lon="9.208299">
        <ele>196.5</ele>
      </trkpt>
      <trkpt lat="42.457792" lon="9.208352">
        <ele>196.5</ele>
      </trkpt>
      <trkpt lat="42.45763" lon="9.208384">
        <ele>196.5</ele>
      </trkpt>
      <trkpt lat="42.457526" lon="9.208394">
        <ele>196.75</ele>
      </trkpt>
      <trkpt lat="42.457448" lon="9.208393">
        <ele>196.5</ele>
      </trkpt>
      <trkpt lat="42.457234" lon="9.208364">
        <ele>196.5</ele>
      </trkpt>
      <trkpt lat="42.45699" lon="9.208293">
        <ele>196.5</ele>
      </trkpt>
      <trkpt lat="42.456782" lon="9.208166">
        <ele>197</ele>
      </trkpt>
      <trkpt lat="42.456562" lon="9.207987">
        <ele>197.75</ele>
      </trkpt>
      <trkpt lat="42.456223" lon="9.207591">
        <ele>199.75</ele>
      </trkpt>
      <trkpt lat="42.45614" lon="9.207484">
        <ele>200.5</ele>
      </trkpt>
      <trkpt lat="42.455979" lon="9.207325">
        <ele>201.75</ele>
      </trkpt>
      <trkpt lat="42.455819" lon="9.207207">
        <ele>202.5</ele>
      </trkpt>
      <trkpt lat="42.45539" lon="9.206944">
        <ele>201</ele>
      </trkpt>
      <trkpt lat="42.45524" lon="9.206814">
        <ele>200.5</ele>
      </trkpt>
      <trkpt lat="42.455102" lon="9.206676">
        <ele>200</ele>
      </trkpt>
      <trkpt lat="42.45505" lon="9.206611">
        <ele>200</ele>
      </trkpt>
      <trkpt lat="42.454863" lon="9.206373">
        <ele>201.5</ele>
      </trkpt>
      <trkpt lat="42.454256" lon="9.205604">
        <ele>203.5</ele>
      </trkpt>
      <trkpt lat="42.453956" lon="9.205194">
        <ele>206.25</ele>
      </trkpt>
      <trkpt lat="42.453772" lon="9.204929">
        <ele>207.75</ele>
      </trkpt>
      <trkpt lat="42.453572" lon="9.20459">
        <ele>209.5</ele>
      </trkpt>
      <trkpt lat="42.453195" lon="9.203897">
        <ele>211.75</ele>
      </trkpt>
      <trkpt lat="42.451822" lon="9.201328">
        <ele>212.25</ele>
      </trkpt>
      <trkpt lat="42.45119" lon="9.200312">
        <ele>206.25</ele>
      </trkpt>
      <trkpt lat="42.451063" lon="9.200108">
        <ele>206</ele>
      </trkpt>
      <trkpt lat="42.449741" lon="9.197942">
        <ele>208.5</ele>
      </trkpt>
      <trkpt lat="42.449611" lon="9.197729">
        <ele>208.75</ele>
      </trkpt>
      <trkpt lat="42.449458" lon="9.197528">
        <ele>209.25</ele>
      </trkpt>
      <trkpt lat="42.449272" lon="9.197334">
        <ele>209.75</ele>
      </trkpt>
      <trkpt lat="42.449086" lon="9.197194">
        <ele>210</ele>
      </trkpt>
      <trkpt lat="42.44887" lon="9.197062">
        <ele>210</ele>
      </trkpt>
      <trkpt lat="42.448661" lon="9.196962">
        <ele>209.75</ele>
      </trkpt>
      <trkpt lat="42.448436" lon="9.196884">
        <ele>209.5</ele>
      </trkpt>
      <trkpt lat="42.448172" lon="9.196841">
        <ele>209.5</ele>
      </trkpt>
      <trkpt lat="42.447951" lon="9.196835">
        <ele>210</ele>
      </trkpt>
      <trkpt lat="42.447714" lon="9.196858">
        <ele>210.5</ele>
      </trkpt>
      <trkpt lat="42.447459" lon="9.196926">
        <ele>210.75</ele>
      </trkpt>
      <trkpt lat="42.447197" lon="9.197041">
        <ele>210.75</ele>
      </trkpt>
      <trkpt lat="42.446984" lon="9.197164">
        <ele>210.75</ele>
      </trkpt>
      <trkpt lat="42.44646" lon="9.197509">
        <ele>210.5</ele>
      </trkpt>
      <trkpt lat="42.446246" lon="9.197645">
        <ele>211.25</ele>
      </trkpt>
      <trkpt lat="42.446127" lon="9.197731">
        <ele>211.25</ele>
      </trkpt>
      <trkpt lat="42.44611" lon="9.197685">
        <ele>211.5</ele>
      </trkpt>
      <trkpt lat="42.445962" lon="9.196798">
        <ele>214.25</ele>
      </trkpt>
      <trkpt lat="42.445925" lon="9.196517">
        <ele>215.75</ele>
      </trkpt>
      <trkpt lat="42.445908" lon="9.19638">
        <ele>216.5</ele>
      </trkpt>
      <trkpt lat="42.445832" lon="9.194938">
        <ele>222.5</ele>
      </trkpt>
      <trkpt lat="42.445945" lon="9.192817">
        <ele>235.75</ele>
      </trkpt>
      <trkpt lat="42.445988" lon="9.192578">
        <ele>237</ele>
      </trkpt>
      <trkpt lat="42.446097" lon="9.192258">
        <ele>239</ele>
      </trkpt>
      <trkpt lat="42.446199" lon="9.191828">
        <ele>240.5</ele>
      </trkpt>
      <trkpt lat="42.446328" lon="9.190932">
        <ele>245</ele>
      </trkpt>
      <trkpt lat="42.446384" lon="9.190695">
        <ele>245.5</ele>
      </trkpt>
      <trkpt lat="42.446527" lon="9.190286">
        <ele>244.75</ele>
      </trkpt>
      <trkpt lat="42.446543" lon="9.190097">
        <ele>245.75</ele>
      </trkpt>
      <trkpt lat="42.446584" lon="9.189326">
        <ele>251.75</ele>
      </trkpt>
      <trkpt lat="42.446678" lon="9.188626">
        <ele>256</ele>
      </trkpt>
      <trkpt lat="42.446705" lon="9.188339">
        <ele>258.25</ele>
      </trkpt>
      <trkpt lat="42.446699" lon="9.188111">
        <ele>261</ele>
      </trkpt>
      <trkpt lat="42.446733" lon="9.187949">
        <ele>262.25</ele>
      </trkpt>
      <trkpt lat="42.446816" lon="9.1878">
        <ele>262.25</ele>
      </trkpt>
      <trkpt lat="42.446954" lon="9.187684">
        <ele>260.75</ele>
      </trkpt>
      <trkpt lat="42.447165" lon="9.187438">
        <ele>259.25</ele>
      </trkpt>
      <trkpt lat="42.447949" lon="9.185788">
        <ele>267.25</ele>
      </trkpt>
      <trkpt lat="42.448117" lon="9.185358">
        <ele>265.25</ele>
      </trkpt>
      <trkpt lat="42.448152" lon="9.185162">
        <ele>265.25</ele>
      </trkpt>
      <trkpt lat="42.448146" lon="9.184997">
        <ele>266.25</ele>
      </trkpt>
      <trkpt lat="42.448119" lon="9.184813">
        <ele>268</ele>
      </trkpt>
      <trkpt lat="42.448012" lon="9.184487">
        <ele>271.5</ele>
      </trkpt>
      <trkpt lat="42.448033" lon="9.184336">
        <ele>271.5</ele>
      </trkpt>
      <trkpt lat="42.448084" lon="9.184215">
        <ele>271.25</ele>
      </trkpt>
      <trkpt lat="42.448194" lon="9.184143">
        <ele>270.75</ele>
      </trkpt>
      <trkpt lat="42.448476" lon="9.184102">
        <ele>268.25</ele>
      </trkpt>
      <trkpt lat="42.448628" lon="9.184012">
        <ele>267.75</ele>
      </trkpt>
      <trkpt lat="42.448748" lon="9.183745">
        <ele>269</ele>
      </trkpt>
      <trkpt lat="42.448797" lon="9.183532">
        <ele>270.25</ele>
      </trkpt>
      <trkpt lat="42.448821" lon="9.182873">
        <ele>275</ele>
      </trkpt>
      <trkpt lat="42.448796" lon="9.1824">
        <ele>278.5</ele>
      </trkpt>
      <trkpt lat="42.448789" lon="9.182315">
        <ele>278.75</ele>
      </trkpt>
      <trkpt lat="42.448749" lon="9.181829">
        <ele>281.5</ele>
      </trkpt>
      <trkpt lat="42.448679" lon="9.181407">
        <ele>283</ele>
      </trkpt>
      <trkpt lat="42.448324" lon="9.180362">
        <ele>282.75</ele>
      </trkpt>
      <trkpt lat="42.448173" lon="9.180085">
        <ele>285.25</ele>
      </trkpt>
      <trkpt lat="42.448007" lon="9.179922">
        <ele>289.75</ele>
      </trkpt>
      <trkpt lat="42.447557" lon="9.179554">
        <ele>297.75</ele>
      </trkpt>
      <trkpt lat="42.447362" lon="9.179337">
        <ele>298.5</ele>
      </trkpt>
      <trkpt lat="42.44696" lon="9.178664">
        <ele>299.75</ele>
      </trkpt>
      <trkpt lat="42.446782" lon="9.17849">
        <ele>299</ele>
      </trkpt>
      <trkpt lat="42.446526" lon="9.178377">
        <ele>299.5</ele>
      </trkpt>
      <trkpt lat="42.446414" lon="9.178323">
        <ele>300.25</ele>
      </trkpt>
      <trkpt lat="42.446115" lon="9.178243">
        <ele>304</ele>
      </trkpt>
      <trkpt lat="42.445557" lon="9.178146">
        <ele>309.75</ele>
      </trkpt>
      <trkpt lat="42.445408" lon="9.178103">
        <ele>311</ele>
      </trkpt>
      <trkpt lat="42.444225" lon="9.177268">
        <ele>318</ele>
      </trkpt>
      <trkpt lat="42.443336" lon="9.176702">
        <ele>323.5</ele>
      </trkpt>
      <trkpt lat="42.443067" lon="9.176548">
        <ele>326</ele>
      </trkpt>
      <trkpt lat="42.442565" lon="9.176371">
        <ele>332.75</ele>
      </trkpt>
      <trkpt lat="42.442487" lon="9.176317">
        <ele>333.75</ele>
      </trkpt>
      <trkpt lat="42.442432" lon="9.176213">
        <ele>334.75</ele>
      </trkpt>
      <trkpt lat="42.442419" lon="9.176085">
        <ele>334.75</ele>
      </trkpt>
      <trkpt lat="42.442481" lon="9.175826">
        <ele>332.5</ele>
      </trkpt>
      <trkpt lat="42.442511" lon="9.175671">
        <ele>332</ele>
      </trkpt>
      <trkpt lat="42.442496" lon="9.1755">
        <ele>332.75</ele>
      </trkpt>
      <trkpt lat="42.442459" lon="9.175346">
        <ele>334</ele>
      </trkpt>
      <trkpt lat="42.442294" lon="9.174979">
        <ele>337.75</ele>
      </trkpt>
      <trkpt lat="42.441962" lon="9.174453">
        <ele>344</ele>
      </trkpt>
      <trkpt lat="42.441846" lon="9.17437">
        <ele>345</ele>
      </trkpt>
      <trkpt lat="42.441806" lon="9.174348">
        <ele>345.25</ele>
      </trkpt>
      <trkpt lat="42.44163" lon="9.174249">
        <ele>346</ele>
      </trkpt>
      <trkpt lat="42.441358" lon="9.17417">
        <ele>344</ele>
      </trkpt>
      <trkpt lat="42.440941" lon="9.173993">
        <ele>344.25</ele>
      </trkpt>
      <trkpt lat="42.439849" lon="9.173529">
        <ele>341.5</ele>
      </trkpt>
      <trkpt lat="42.439181" lon="9.1734">
        <ele>341.25</ele>
      </trkpt>
      <trkpt lat="42.438508" lon="9.173187">
        <ele>340.5</ele>
      </trkpt>
      <trkpt lat="42.438314" lon="9.17305">
        <ele>340.75</ele>
      </trkpt>
      <trkpt lat="42.438182" lon="9.172857">
        <ele>342.25</ele>
      </trkpt>
      <trkpt lat="42.438065" lon="9.172624">
        <ele>344</ele>
      </trkpt>
      <trkpt lat="42.437951" lon="9.172519">
        <ele>344</ele>
      </trkpt>
      <trkpt lat="42.437835" lon="9.17249">
        <ele>343</ele>
      </trkpt>
      <trkpt lat="42.43757" lon="9.172514">
        <ele>339.5</ele>
      </trkpt>
      <trkpt lat="42.437435" lon="9.172498">
        <ele>338.5</ele>
      </trkpt>
      <trkpt lat="42.437253" lon="9.172419">
        <ele>338.75</ele>
      </trkpt>
      <trkpt lat="42.436712" lon="9.171836">
        <ele>343</ele>
      </trkpt>
      <trkpt lat="42.436578" lon="9.171706">
        <ele>343.75</ele>
      </trkpt>
      <trkpt lat="42.436465" lon="9.171618">
        <ele>344.25</ele>
      </trkpt>
      <trkpt lat="42.435703" lon="9.171179">
        <ele>346.75</ele>
      </trkpt>
      <trkpt lat="42.43559" lon="9.171098">
        <ele>347</ele>
      </trkpt>
      <trkpt lat="42.435486" lon="9.170955">
        <ele>347.75</ele>
      </trkpt>
      <trkpt lat="42.435397" lon="9.170748">
        <ele>349</ele>
      </trkpt>
      <trkpt lat="42.435307" lon="9.170497">
        <ele>349.75</ele>
      </trkpt>
      <trkpt lat="42.435258" lon="9.170216">
        <ele>351.25</ele>
      </trkpt>
      <trkpt lat="42.435252" lon="9.169832">
        <ele>354</ele>
      </trkpt>
      <trkpt lat="42.435321" lon="9.169158">
        <ele>358.75</ele>
      </trkpt>
      <trkpt lat="42.435297" lon="9.168951">
        <ele>360.75</ele>
      </trkpt>
      <trkpt lat="42.435222" lon="9.168796">
        <ele>361.25</ele>
      </trkpt>
      <trkpt lat="42.434964" lon="9.168517">
        <ele>361</ele>
      </trkpt>
      <trkpt lat="42.434751" lon="9.168271">
        <ele>360</ele>
      </trkpt>
      <trkpt lat="42.434612" lon="9.16802">
        <ele>359.75</ele>
      </trkpt>
      <trkpt lat="42.434343" lon="9.16708">
        <ele>363</ele>
      </trkpt>
      <trkpt lat="42.434282" lon="9.166728">
        <ele>364.75</ele>
      </trkpt>
      <trkpt lat="42.434218" lon="9.16572">
        <ele>371.5</ele>
      </trkpt>
      <trkpt lat="42.43422" lon="9.164411">
        <ele>376</ele>
      </trkpt>
      <trkpt lat="42.43424" lon="9.163952">
        <ele>377.5</ele>
      </trkpt>
      <trkpt lat="42.434276" lon="9.16363">
        <ele>378.25</ele>
      </trkpt>
      <trkpt lat="42.434407" lon="9.163225">
        <ele>383.5</ele>
      </trkpt>
      <trkpt lat="42.434437" lon="9.162975">
        <ele>384.5</ele>
      </trkpt>
      <trkpt lat="42.434397" lon="9.162635">
        <ele>382.5</ele>
      </trkpt>
      <trkpt lat="42.434401" lon="9.162388">
        <ele>382.5</ele>
      </trkpt>
      <trkpt lat="42.434594" lon="9.161329">
        <ele>388.5</ele>
      </trkpt>
      <trkpt lat="42.434639" lon="9.161198">
        <ele>389.25</ele>
      </trkpt>
      <trkpt lat="42.434747" lon="9.161068">
        <ele>391</ele>
      </trkpt>
      <trkpt lat="42.435197" lon="9.160594">
        <ele>397.25</ele>
      </trkpt>
      <trkpt lat="42.435286" lon="9.160426">
        <ele>398.5</ele>
      </trkpt>
      <trkpt lat="42.435351" lon="9.160099">
        <ele>398.75</ele>
      </trkpt>
      <trkpt lat="42.435351" lon="9.159913">
        <ele>399.25</ele>
      </trkpt>
      <trkpt lat="42.435288" lon="9.159639">
        <ele>400.75</ele>
      </trkpt>
      <trkpt lat="42.43507" lon="9.159188">
        <ele>402.25</ele>
      </trkpt>
      <trkpt lat="42.434987" lon="9.158958">
        <ele>402</ele>
      </trkpt>
      <trkpt lat="42.434957" lon="9.158776">
        <ele>401.5</ele>
      </trkpt>
      <trkpt lat="42.434991" lon="9.158513">
        <ele>402.5</ele>
      </trkpt>
      <trkpt lat="42.435078" lon="9.158295">
        <ele>404.5</ele>
      </trkpt>
      <trkpt lat="42.435102" lon="9.158012">
        <ele>405.5</ele>
      </trkpt>
      <trkpt lat="42.435034" lon="9.1574">
        <ele>404.25</ele>
      </trkpt>
      <trkpt lat="42.43501" lon="9.156952">
        <ele>403.75</ele>
      </trkpt>
      <trkpt lat="42.435024" lon="9.156732">
        <ele>404.5</ele>
      </trkpt>
      <trkpt lat="42.43508" lon="9.156509">
        <ele>406.25</ele>
      </trkpt>
      <trkpt lat="42.435188" lon="9.156117">
        <ele>409</ele>
      </trkpt>
      <trkpt lat="42.435314" lon="9.155843">
        <ele>412.25</ele>
      </trkpt>
      <trkpt lat="42.435371" lon="9.15568">
        <ele>414.25</ele>
      </trkpt>
      <trkpt lat="42.435351" lon="9.155494">
        <ele>414</ele>
      </trkpt>
      <trkpt lat="42.435304" lon="9.155309">
        <ele>413.25</ele>
      </trkpt>
      <trkpt lat="42.435311" lon="9.155204">
        <ele>413.5</ele>
      </trkpt>
      <trkpt lat="42.435349" lon="9.155114">
        <ele>414.5</ele>
      </trkpt>
      <trkpt lat="42.435486" lon="9.154893">
        <ele>419</ele>
      </trkpt>
      <trkpt lat="42.43558" lon="9.154708">
        <ele>422.25</ele>
      </trkpt>
      <trkpt lat="42.435674" lon="9.154487">
        <ele>425</ele>
      </trkpt>
      <trkpt lat="42.43569" lon="9.154316">
        <ele>426</ele>
      </trkpt>
      <trkpt lat="42.435677" lon="9.15417">
        <ele>426.75</ele>
      </trkpt>
      <trkpt lat="42.435631" lon="9.15409">
        <ele>428</ele>
      </trkpt>
      <trkpt lat="42.435569" lon="9.154031">
        <ele>429</ele>
      </trkpt>
      <trkpt lat="42.435476" lon="9.154005">
        <ele>429</ele>
      </trkpt>
      <trkpt lat="42.435312" lon="9.154025">
        <ele>427.25</ele>
      </trkpt>
      <trkpt lat="42.435028" lon="9.154151">
        <ele>422.5</ele>
      </trkpt>
      <trkpt lat="42.434889" lon="9.154147">
        <ele>421</ele>
      </trkpt>
      <trkpt lat="42.434822" lon="9.154098">
        <ele>421</ele>
      </trkpt>
      <trkpt lat="42.434772" lon="9.153993">
        <ele>422.5</ele>
      </trkpt>
      <trkpt lat="42.43469" lon="9.153618">
        <ele>428</ele>
      </trkpt>
      <trkpt lat="42.43464" lon="9.153506">
        <ele>428.75</ele>
      </trkpt>
      <trkpt lat="42.434539" lon="9.153363">
        <ele>428.75</ele>
      </trkpt>
      <trkpt lat="42.434486" lon="9.153261">
        <ele>428.75</ele>
      </trkpt>
      <trkpt lat="42.434365" lon="9.152859">
        <ele>429.75</ele>
      </trkpt>
      <trkpt lat="42.434335" lon="9.152687">
        <ele>430.75</ele>
      </trkpt>
      <trkpt lat="42.434313" lon="9.152166">
        <ele>433.75</ele>
      </trkpt>
      <trkpt lat="42.434318" lon="9.151901">
        <ele>435.25</ele>
      </trkpt>
      <trkpt lat="42.43437" lon="9.151662">
        <ele>437.75</ele>
      </trkpt>
      <trkpt lat="42.434454" lon="9.151359">
        <ele>439.25</ele>
      </trkpt>
      <trkpt lat="42.434574" lon="9.151011">
        <ele>440.75</ele>
      </trkpt>
      <trkpt lat="42.434615" lon="9.150863">
        <ele>441</ele>
      </trkpt>
      <trkpt lat="42.434619" lon="9.150589">
        <ele>441.75</ele>
      </trkpt>
      <trkpt lat="42.434642" lon="9.150475">
        <ele>442.5</ele>
      </trkpt>
      <trkpt lat="42.434787" lon="9.150128">
        <ele>445.5</ele>
      </trkpt>
      <trkpt lat="42.434912" lon="9.149906">
        <ele>447.5</ele>
      </trkpt>
      <trkpt lat="42.435151" lon="9.149604">
        <ele>452.25</ele>
      </trkpt>
      <trkpt lat="42.43521" lon="9.149455">
        <ele>453.5</ele>
      </trkpt>
      <trkpt lat="42.435212" lon="9.149323">
        <ele>454</ele>
      </trkpt>
      <trkpt lat="42.435169" lon="9.149185">
        <ele>454.25</ele>
      </trkpt>
      <trkpt lat="42.435096" lon="9.149122">
        <ele>454.75</ele>
      </trkpt>
      <trkpt lat="42.434952" lon="9.149083">
        <ele>454.25</ele>
      </trkpt>
      <trkpt lat="42.434816" lon="9.149061">
        <ele>453.25</ele>
      </trkpt>
      <trkpt lat="42.434699" lon="9.148992">
        <ele>453.25</ele>
      </trkpt>
      <trkpt lat="42.434454" lon="9.148696">
        <ele>454.75</ele>
      </trkpt>
      <trkpt lat="42.434335" lon="9.148508">
        <ele>455.25</ele>
      </trkpt>
      <trkpt lat="42.434278" lon="9.148406">
        <ele>455.5</ele>
      </trkpt>
      <trkpt lat="42.434233" lon="9.148259">
        <ele>455.75</ele>
      </trkpt>
      <trkpt lat="42.434225" lon="9.148135">
        <ele>456.25</ele>
      </trkpt>
      <trkpt lat="42.43427" lon="9.147958">
        <ele>458</ele>
      </trkpt>
      <trkpt lat="42.434442" lon="9.14751">
        <ele>464</ele>
      </trkpt>
      <trkpt lat="42.434563" lon="9.147339">
        <ele>466.5</ele>
      </trkpt>
      <trkpt lat="42.434781" lon="9.147105">
        <ele>469.5</ele>
      </trkpt>
      <trkpt lat="42.434844" lon="9.146971">
        <ele>469.5</ele>
      </trkpt>
      <trkpt lat="42.43489" lon="9.146641">
        <ele>468</ele>
      </trkpt>
      <trkpt lat="42.43494" lon="9.146442">
        <ele>468.75</ele>
      </trkpt>
      <trkpt lat="42.435032" lon="9.146205">
        <ele>469.75</ele>
      </trkpt>
      <trkpt lat="42.435198" lon="9.145873">
        <ele>472</ele>
      </trkpt>
      <trkpt lat="42.435394" lon="9.145536">
        <ele>476.5</ele>
      </trkpt>
      <trkpt lat="42.43543" lon="9.14544">
        <ele>477.5</ele>
      </trkpt>
      <trkpt lat="42.435411" lon="9.14533">
        <ele>478.25</ele>
      </trkpt>
      <trkpt lat="42.435345" lon="9.145172">
        <ele>479.25</ele>
      </trkpt>
      <trkpt lat="42.435257" lon="9.145127">
        <ele>479.5</ele>
      </trkpt>
      <trkpt lat="42.435131" lon="9.145139">
        <ele>479.25</ele>
      </trkpt>
      <trkpt lat="42.434854" lon="9.145247">
        <ele>477.5</ele>
      </trkpt>
      <trkpt lat="42.434708" lon="9.145281">
        <ele>477</ele>
      </trkpt>
      <trkpt lat="42.434569" lon="9.145281">
        <ele>476.75</ele>
      </trkpt>
      <trkpt lat="42.434389" lon="9.145196">
        <ele>477.5</ele>
      </trkpt>
      <trkpt lat="42.434248" lon="9.145075">
        <ele>478.5</ele>
      </trkpt>
      <trkpt lat="42.434168" lon="9.144908">
        <ele>479.75</ele>
      </trkpt>
      <trkpt lat="42.434129" lon="9.144712">
        <ele>481.25</ele>
      </trkpt>
      <trkpt lat="42.434101" lon="9.14387">
        <ele>490.25</ele>
      </trkpt>
      <trkpt lat="42.434066" lon="9.143659">
        <ele>493</ele>
      </trkpt>
      <trkpt lat="42.433966" lon="9.143506">
        <ele>495.25</ele>
      </trkpt>
      <trkpt lat="42.433898" lon="9.143433">
        <ele>496.25</ele>
      </trkpt>
      <trkpt lat="42.43371" lon="9.143354">
        <ele>498.25</ele>
      </trkpt>
      <trkpt lat="42.433555" lon="9.143339">
        <ele>499</ele>
      </trkpt>
      <trkpt lat="42.433372" lon="9.143375">
        <ele>498.75</ele>
      </trkpt>
      <trkpt lat="42.433027" lon="9.143508">
        <ele>499.25</ele>
      </trkpt>
      <trkpt lat="42.432791" lon="9.143582">
        <ele>499.75</ele>
      </trkpt>
      <trkpt lat="42.432613" lon="9.143569">
        <ele>501.75</ele>
      </trkpt>
      <trkpt lat="42.432407" lon="9.1435">
        <ele>505</ele>
      </trkpt>
      <trkpt lat="42.432176" lon="9.143364">
        <ele>509</ele>
      </trkpt>
      <trkpt lat="42.432029" lon="9.14335">
        <ele>509.5</ele>
      </trkpt>
      <trkpt lat="42.431847" lon="9.143374">
        <ele>508.75</ele>
      </trkpt>
      <trkpt lat="42.431733" lon="9.143352">
        <ele>509.5</ele>
      </trkpt>
      <trkpt lat="42.431632" lon="9.143301">
        <ele>511.75</ele>
      </trkpt>
      <trkpt lat="42.43159" lon="9.143207">
        <ele>516</ele>
      </trkpt>
      <trkpt lat="42.431599" lon="9.143135">
        <ele>518.5</ele>
      </trkpt>
      <trkpt lat="42.431677" lon="9.143116">
        <ele>518</ele>
      </trkpt>
      <trkpt lat="42.431842" lon="9.143188">
        <ele>515.25</ele>
      </trkpt>
      <trkpt lat="42.431932" lon="9.143187">
        <ele>515</ele>
      </trkpt>
      <trkpt lat="42.431996" lon="9.14317">
        <ele>515.75</ele>
      </trkpt>
      <trkpt lat="42.43217" lon="9.143079">
        <ele>518.5</ele>
      </trkpt>
      <trkpt lat="42.432241" lon="9.143052">
        <ele>519.5</ele>
      </trkpt>
      <trkpt lat="42.432309" lon="9.143063">
        <ele>519</ele>
      </trkpt>
      <trkpt lat="42.432515" lon="9.143171">
        <ele>515</ele>
      </trkpt>
      <trkpt lat="42.43268" lon="9.143183">
        <ele>512.75</ele>
      </trkpt>
      <trkpt lat="42.432922" lon="9.143044">
        <ele>514.25</ele>
      </trkpt>
      <trkpt lat="42.433452" lon="9.14257">
        <ele>523.5</ele>
      </trkpt>
      <trkpt lat="42.434001" lon="9.142162">
        <ele>524.75</ele>
      </trkpt>
      <trkpt lat="42.434202" lon="9.141945">
        <ele>526</ele>
      </trkpt>
      <trkpt lat="42.434321" lon="9.141774">
        <ele>528</ele>
      </trkpt>
      <trkpt lat="42.434375" lon="9.141671">
        <ele>529.25</ele>
      </trkpt>
      <trkpt lat="42.434422" lon="9.141502">
        <ele>531</ele>
      </trkpt>
      <trkpt lat="42.434535" lon="9.140564">
        <ele>540.25</ele>
      </trkpt>
      <trkpt lat="42.434481" lon="9.139544">
        <ele>548.5</ele>
      </trkpt>
      <trkpt lat="42.434474" lon="9.13923">
        <ele>551</ele>
      </trkpt>
      <trkpt lat="42.434514" lon="9.139107">
        <ele>551</ele>
      </trkpt>
      <trkpt lat="42.434571" lon="9.139052">
        <ele>550.5</ele>
      </trkpt>
      <trkpt lat="42.43465" lon="9.138992">
        <ele>549.5</ele>
      </trkpt>
      <trkpt lat="42.434803" lon="9.13883">
        <ele>549</ele>
      </trkpt>
      <trkpt lat="42.434877" lon="9.138796">
        <ele>548.25</ele>
      </trkpt>
      <trkpt lat="42.434934" lon="9.138817">
        <ele>547.25</ele>
      </trkpt>
      <trkpt lat="42.435139" lon="9.138986">
        <ele>545.25</ele>
      </trkpt>
      <trkpt lat="42.435255" lon="9.139033">
        <ele>545.5</ele>
      </trkpt>
      <trkpt lat="42.435904" lon="9.1391">
        <ele>548.5</ele>
      </trkpt>
      <trkpt lat="42.436018" lon="9.139083">
        <ele>548</ele>
      </trkpt>
      <trkpt lat="42.436108" lon="9.139025">
        <ele>548.5</ele>
      </trkpt>
      <trkpt lat="42.436172" lon="9.138928">
        <ele>549.5</ele>
      </trkpt>
      <trkpt lat="42.436216" lon="9.138756">
        <ele>551.75</ele>
      </trkpt>
      <trkpt lat="42.436303" lon="9.138525">
        <ele>554.5</ele>
      </trkpt>
      <trkpt lat="42.436388" lon="9.138479">
        <ele>554.75</ele>
      </trkpt>
      <trkpt lat="42.436484" lon="9.138474">
        <ele>554.5</ele>
      </trkpt>
      <trkpt lat="42.436702" lon="9.138506">
        <ele>553.25</ele>
      </trkpt>
      <trkpt lat="42.436776" lon="9.138463">
        <ele>553.5</ele>
      </trkpt>
      <trkpt lat="42.43685" lon="9.138351">
        <ele>554.5</ele>
      </trkpt>
      <trkpt lat="42.436939" lon="9.137983">
        <ele>558</ele>
      </trkpt>
      <trkpt lat="42.437025" lon="9.137759">
        <ele>559.5</ele>
      </trkpt>
      <trkpt lat="42.437226" lon="9.137498">
        <ele>559.75</ele>
      </trkpt>
      <trkpt lat="42.437368" lon="9.137268">
        <ele>561.25</ele>
      </trkpt>
      <trkpt lat="42.437577" lon="9.136793">
        <ele>565.25</ele>
      </trkpt>
      <trkpt lat="42.437701" lon="9.136637">
        <ele>567.25</ele>
      </trkpt>
      <trkpt lat="42.437825" lon="9.136575">
        <ele>568.5</ele>
      </trkpt>
      <trkpt lat="42.438458" lon="9.136513">
        <ele>570</ele>
      </trkpt>
      <trkpt lat="42.438582" lon="9.136524">
        <ele>570.75</ele>
      </trkpt>
      <trkpt lat="42.43869" lon="9.136567">
        <ele>571</ele>
      </trkpt>
      <trkpt lat="42.439001" lon="9.136762">
        <ele>571.25</ele>
      </trkpt>
      <trkpt lat="42.439196" lon="9.136875">
        <ele>571.5</ele>
      </trkpt>
      <trkpt lat="42.43927" lon="9.136891">
        <ele>571.5</ele>
      </trkpt>
      <trkpt lat="42.439344" lon="9.136851">
        <ele>572</ele>
      </trkpt>
      <trkpt lat="42.439393" lon="9.136787">
        <ele>573</ele>
      </trkpt>
      <trkpt lat="42.439411" lon="9.136704">
        <ele>574</ele>
      </trkpt>
      <trkpt lat="42.439384" lon="9.136592">
        <ele>575.5</ele>
      </trkpt>
      <trkpt lat="42.439232" lon="9.136352">
        <ele>578.25</ele>
      </trkpt>
      <trkpt lat="42.439026" lon="9.136139">
        <ele>580</ele>
      </trkpt>
      <trkpt lat="42.438778" lon="9.135969">
        <ele>581.25</ele>
      </trkpt>
      <trkpt lat="42.438335" lon="9.135886">
        <ele>580.75</ele>
      </trkpt>
      <trkpt lat="42.437859" lon="9.135808">
        <ele>584.25</ele>
      </trkpt>
      <trkpt lat="42.437663" lon="9.135793">
        <ele>585.5</ele>
      </trkpt>
      <trkpt lat="42.437605" lon="9.135801">
        <ele>585.25</ele>
      </trkpt>
      <trkpt lat="42.437546" lon="9.135841">
        <ele>584.5</ele>
      </trkpt>
      <trkpt lat="42.437437" lon="9.135932">
        <ele>583.25</ele>
      </trkpt>
      <trkpt lat="42.437306" lon="9.136106">
        <ele>580.75</ele>
      </trkpt>
      <trkpt lat="42.437207" lon="9.136225">
        <ele>579.5</ele>
      </trkpt>
      <trkpt lat="42.437148" lon="9.136283">
        <ele>579</ele>
      </trkpt>
      <trkpt lat="42.437094" lon="9.136324">
        <ele>579</ele>
      </trkpt>
      <trkpt lat="42.437028" lon="9.136347">
        <ele>579.25</ele>
      </trkpt>
      <trkpt lat="42.436917" lon="9.136349">
        <ele>580.5</ele>
      </trkpt>
      <trkpt lat="42.436862" lon="9.136334">
        <ele>581.5</ele>
      </trkpt>
      <trkpt lat="42.436803" lon="9.136303">
        <ele>582.5</ele>
      </trkpt>
      <trkpt lat="42.436701" lon="9.136197">
        <ele>585.25</ele>
      </trkpt>
      <trkpt lat="42.436582" lon="9.136015">
        <ele>588.5</ele>
      </trkpt>
      <trkpt lat="42.436469" lon="9.135869">
        <ele>591</ele>
      </trkpt>
      <trkpt lat="42.436397" lon="9.135837">
        <ele>591.75</ele>
      </trkpt>
      <trkpt lat="42.436299" lon="9.135834">
        <ele>592.25</ele>
      </trkpt>
      <trkpt lat="42.436226" lon="9.135859">
        <ele>592.25</ele>
      </trkpt>
      <trkpt lat="42.435988" lon="9.135995">
        <ele>591.25</ele>
      </trkpt>
      <trkpt lat="42.43584" lon="9.136081">
        <ele>591</ele>
      </trkpt>
      <trkpt lat="42.43572" lon="9.136149">
        <ele>589.75</ele>
      </trkpt>
      <trkpt lat="42.435603" lon="9.136185">
        <ele>588.75</ele>
      </trkpt>
      <trkpt lat="42.43545" lon="9.136177">
        <ele>588.5</ele>
      </trkpt>
      <trkpt lat="42.435358" lon="9.136152">
        <ele>588.5</ele>
      </trkpt>
      <trkpt lat="42.435259" lon="9.136095">
        <ele>589.25</ele>
      </trkpt>
      <trkpt lat="42.435161" lon="9.136004">
        <ele>590.75</ele>
      </trkpt>
      <trkpt lat="42.434809" lon="9.135541">
        <ele>600</ele>
      </trkpt>
      <trkpt lat="42.434587" lon="9.13526">
        <ele>604.25</ele>
      </trkpt>
      <trkpt lat="42.4345" lon="9.135167">
        <ele>605</ele>
      </trkpt>
      <trkpt lat="42.434405" lon="9.1351">
        <ele>605.25</ele>
      </trkpt>
      <trkpt lat="42.434346" lon="9.135076">
        <ele>605</ele>
      </trkpt>
      <trkpt lat="42.434279" lon="9.13508">
        <ele>604</ele>
      </trkpt>
      <trkpt lat="42.434203" lon="9.135112">
        <ele>602.25</ele>
      </trkpt>
      <trkpt lat="42.434101" lon="9.135155">
        <ele>601.75</ele>
      </trkpt>
      <trkpt lat="42.433964" lon="9.135193">
        <ele>602.75</ele>
      </trkpt>
      <trkpt lat="42.433872" lon="9.13519">
        <ele>603.75</ele>
      </trkpt>
      <trkpt lat="42.433784" lon="9.135169">
        <ele>605</ele>
      </trkpt>
      <trkpt lat="42.433471" lon="9.134914">
        <ele>611.5</ele>
      </trkpt>
      <trkpt lat="42.433222" lon="9.134778">
        <ele>619.25</ele>
      </trkpt>
      <trkpt lat="42.43314" lon="9.134725">
        <ele>622.75</ele>
      </trkpt>
      <trkpt lat="42.433083" lon="9.134737">
        <ele>624.25</ele>
      </trkpt>
      <trkpt lat="42.433018" lon="9.134792">
        <ele>625.75</ele>
      </trkpt>
      <trkpt lat="42.43299" lon="9.134898">
        <ele>625.75</ele>
      </trkpt>
      <trkpt lat="42.433011" lon="9.135002">
        <ele>624</ele>
      </trkpt>
      <trkpt lat="42.433082" lon="9.135219">
        <ele>621</ele>
      </trkpt>
      <trkpt lat="42.433123" lon="9.135432">
        <ele>619</ele>
      </trkpt>
      <trkpt lat="42.433142" lon="9.135637">
        <ele>617.75</ele>
      </trkpt>
      <trkpt lat="42.433139" lon="9.13649">
        <ele>619.75</ele>
      </trkpt>
      <trkpt lat="42.433102" lon="9.136991">
        <ele>623</ele>
      </trkpt>
      <trkpt lat="42.432972" lon="9.137481">
        <ele>631.25</ele>
      </trkpt>
      <trkpt lat="42.43296" lon="9.137747">
        <ele>630.25</ele>
      </trkpt>
      <trkpt lat="42.432999" lon="9.138031">
        <ele>626.5</ele>
      </trkpt>
      <trkpt lat="42.433055" lon="9.138213">
        <ele>622.5</ele>
      </trkpt>
      <trkpt lat="42.433084" lon="9.138352">
        <ele>620.25</ele>
      </trkpt>
      <trkpt lat="42.43309" lon="9.138455">
        <ele>619.5</ele>
      </trkpt>
      <trkpt lat="42.433041" lon="9.138611">
        <ele>621</ele>
      </trkpt>
      <trkpt lat="42.433005" lon="9.138764">
        <ele>621.75</ele>
      </trkpt>
      <trkpt lat="42.432993" lon="9.138905">
        <ele>621.25</ele>
      </trkpt>
      <trkpt lat="42.433043" lon="9.139361">
        <ele>616.25</ele>
      </trkpt>
      <trkpt lat="42.433011" lon="9.139574">
        <ele>615</ele>
      </trkpt>
      <trkpt lat="42.432973" lon="9.139636">
        <ele>615</ele>
      </trkpt>
      <trkpt lat="42.432933" lon="9.13967">
        <ele>615.5</ele>
      </trkpt>
      <trkpt lat="42.432893" lon="9.139689">
        <ele>616</ele>
      </trkpt>
      <trkpt lat="42.432098" lon="9.13965">
        <ele>626</ele>
      </trkpt>
      <trkpt lat="42.432044" lon="9.13964">
        <ele>626.5</ele>
      </trkpt>
      <trkpt lat="42.43199" lon="9.139618">
        <ele>627.25</ele>
      </trkpt>
      <trkpt lat="42.431099" lon="9.139141">
        <ele>640.5</ele>
      </trkpt>
      <trkpt lat="42.43085" lon="9.138915">
        <ele>645</ele>
      </trkpt>
      <trkpt lat="42.430748" lon="9.138884">
        <ele>646</ele>
      </trkpt>
      <trkpt lat="42.430661" lon="9.138903">
        <ele>645.5</ele>
      </trkpt>
      <trkpt lat="42.430341" lon="9.139049">
        <ele>642</ele>
      </trkpt>
      <trkpt lat="42.430162" lon="9.139075">
        <ele>641.5</ele>
      </trkpt>
      <trkpt lat="42.429992" lon="9.139056">
        <ele>642.5</ele>
      </trkpt>
      <trkpt lat="42.429519" lon="9.138881">
        <ele>652.5</ele>
      </trkpt>
      <trkpt lat="42.429262" lon="9.138821">
        <ele>656.5</ele>
      </trkpt>
      <trkpt lat="42.429161" lon="9.138855">
        <ele>656.75</ele>
      </trkpt>
      <trkpt lat="42.429099" lon="9.138943">
        <ele>657</ele>
      </trkpt>
      <trkpt lat="42.429018" lon="9.139178">
        <ele>655</ele>
      </trkpt>
      <trkpt lat="42.428951" lon="9.139608">
        <ele>655</ele>
      </trkpt>
      <trkpt lat="42.428957" lon="9.139895">
        <ele>652.5</ele>
      </trkpt>
      <trkpt lat="42.429" lon="9.140117">
        <ele>649.5</ele>
      </trkpt>
      <trkpt lat="42.429136" lon="9.140449">
        <ele>643.75</ele>
      </trkpt>
      <trkpt lat="42.429166" lon="9.140569">
        <ele>643</ele>
      </trkpt>
      <trkpt lat="42.429155" lon="9.140708">
        <ele>644</ele>
      </trkpt>
      <trkpt lat="42.42903" lon="9.141125">
        <ele>644</ele>
      </trkpt>
      <trkpt lat="42.428875" lon="9.141422">
        <ele>643.5</ele>
      </trkpt>
      <trkpt lat="42.428777" lon="9.141547">
        <ele>644</ele>
      </trkpt>
      <trkpt lat="42.428697" lon="9.141593">
        <ele>645.5</ele>
      </trkpt>
      <trkpt lat="42.428044" lon="9.141815">
        <ele>658</ele>
      </trkpt>
      <trkpt lat="42.42785" lon="9.141918">
        <ele>661.25</ele>
      </trkpt>
      <trkpt lat="42.427757" lon="9.142033">
        <ele>660.75</ele>
      </trkpt>
      <trkpt lat="42.427625" lon="9.142172">
        <ele>661.5</ele>
      </trkpt>
      <trkpt lat="42.427331" lon="9.142867">
        <ele>652.25</ele>
      </trkpt>
      <trkpt lat="42.42727" lon="9.142983">
        <ele>651</ele>
      </trkpt>
      <trkpt lat="42.427204" lon="9.143059">
        <ele>651.25</ele>
      </trkpt>
      <trkpt lat="42.426921" lon="9.143162">
        <ele>659</ele>
      </trkpt>
      <trkpt lat="42.426822" lon="9.143213">
        <ele>661</ele>
      </trkpt>
      <trkpt lat="42.426727" lon="9.143317">
        <ele>661.25</ele>
      </trkpt>
      <trkpt lat="42.426434" lon="9.143849">
        <ele>652.75</ele>
      </trkpt>
      <trkpt lat="42.426331" lon="9.143919">
        <ele>653.75</ele>
      </trkpt>
      <trkpt lat="42.426114" lon="9.144002">
        <ele>658.25</ele>
      </trkpt>
      <trkpt lat="42.42595" lon="9.144149">
        <ele>658.5</ele>
      </trkpt>
      <trkpt lat="42.425795" lon="9.144383">
        <ele>653.75</ele>
      </trkpt>
      <trkpt lat="42.425667" lon="9.144523">
        <ele>650.75</ele>
      </trkpt>
      <trkpt lat="42.425539" lon="9.144563">
        <ele>651.75</ele>
      </trkpt>
      <trkpt lat="42.425415" lon="9.144563">
        <ele>654.25</ele>
      </trkpt>
      <trkpt lat="42.425223" lon="9.144501">
        <ele>660.5</ele>
      </trkpt>
      <trkpt lat="42.425077" lon="9.144481">
        <ele>664</ele>
      </trkpt>
      <trkpt lat="42.424924" lon="9.144547">
        <ele>666.25</ele>
      </trkpt>
      <trkpt lat="42.424779" lon="9.144697">
        <ele>666.5</ele>
      </trkpt>
      <trkpt lat="42.424655" lon="9.144975">
        <ele>661.75</ele>
      </trkpt>
      <trkpt lat="42.424527" lon="9.145162">
        <ele>661.25</ele>
      </trkpt>
      <trkpt lat="42.423767" lon="9.146064">
        <ele>663.25</ele>
      </trkpt>
      <trkpt lat="42.423146" lon="9.146687">
        <ele>664.25</ele>
      </trkpt>
      <trkpt lat="42.422276" lon="9.147375">
        <ele>662.5</ele>
      </trkpt>
      <trkpt lat="42.42213" lon="9.14738">
        <ele>661.5</ele>
      </trkpt>
      <trkpt lat="42.422008" lon="9.147273">
        <ele>662</ele>
      </trkpt>
      <trkpt lat="42.421711" lon="9.146975">
        <ele>663</ele>
      </trkpt>
      <trkpt lat="42.421464" lon="9.146682">
        <ele>659.25</ele>
      </trkpt>
      <trkpt lat="42.42109" lon="9.146207">
        <ele>657.5</ele>
      </trkpt>
      <trkpt lat="42.420923" lon="9.145904">
        <ele>657.25</ele>
      </trkpt>
      <trkpt lat="42.420797" lon="9.145614">
        <ele>658</ele>
      </trkpt>
      <trkpt lat="42.420697" lon="9.145445">
        <ele>656.25</ele>
      </trkpt>
      <trkpt lat="42.42057" lon="9.14526">
        <ele>652.75</ele>
      </trkpt>
      <trkpt lat="42.420493" lon="9.145059">
        <ele>652</ele>
      </trkpt>
      <trkpt lat="42.420359" lon="9.144496">
        <ele>642.5</ele>
      </trkpt>
      <trkpt lat="42.420358" lon="9.144319">
        <ele>641.5</ele>
      </trkpt>
      <trkpt lat="42.420597" lon="9.143365">
        <ele>639.25</ele>
      </trkpt>
      <trkpt lat="42.420639" lon="9.143104">
        <ele>638</ele>
      </trkpt>
      <trkpt lat="42.420675" lon="9.14257">
        <ele>634</ele>
      </trkpt>
      <trkpt lat="42.420691" lon="9.142436">
        <ele>633</ele>
      </trkpt>
      <trkpt lat="42.420738" lon="9.142283">
        <ele>633</ele>
      </trkpt>
      <trkpt lat="42.421013" lon="9.141563">
        <ele>635.25</ele>
      </trkpt>
      <trkpt lat="42.421075" lon="9.141282">
        <ele>638.75</ele>
      </trkpt>
      <trkpt lat="42.421073" lon="9.141143">
        <ele>639.25</ele>
      </trkpt>
      <trkpt lat="42.421042" lon="9.141008">
        <ele>638.75</ele>
      </trkpt>
      <trkpt lat="42.420945" lon="9.140833">
        <ele>636.25</ele>
      </trkpt>
      <trkpt lat="42.420865" lon="9.140727">
        <ele>636.5</ele>
      </trkpt>
      <trkpt lat="42.420768" lon="9.14068">
        <ele>635.5</ele>
      </trkpt>
      <trkpt lat="42.420599" lon="9.140668">
        <ele>633</ele>
      </trkpt>
      <trkpt lat="42.4205" lon="9.140621">
        <ele>632.75</ele>
      </trkpt>
      <trkpt lat="42.420289" lon="9.140437">
        <ele>635</ele>
      </trkpt>
      <trkpt lat="42.420158" lon="9.140362">
        <ele>635.5</ele>
      </trkpt>
      <trkpt lat="42.419801" lon="9.140295">
        <ele>634.25</ele>
      </trkpt>
      <trkpt lat="42.419585" lon="9.140291">
        <ele>633</ele>
      </trkpt>
      <trkpt lat="42.419346" lon="9.140359">
        <ele>628.5</ele>
      </trkpt>
      <trkpt lat="42.418958" lon="9.140523">
        <ele>619.75</ele>
      </trkpt>
      <trkpt lat="42.418843" lon="9.140547">
        <ele>618.25</ele>
      </trkpt>
      <trkpt lat="42.418682" lon="9.140555">
        <ele>617.25</ele>
      </trkpt>
      <trkpt lat="42.418282" lon="9.140642">
        <ele>611.5</ele>
      </trkpt>
      <trkpt lat="42.418199" lon="9.140615">
        <ele>611</ele>
      </trkpt>
      <trkpt lat="42.41778" lon="9.14041">
        <ele>610.25</ele>
      </trkpt>
      <trkpt lat="42.417625" lon="9.140346">
        <ele>609.25</ele>
      </trkpt>
      <trkpt lat="42.41732" lon="9.14028">
        <ele>603.5</ele>
      </trkpt>
      <trkpt lat="42.417116" lon="9.140174">
        <ele>600.5</ele>
      </trkpt>
      <trkpt lat="42.416587" lon="9.139658">
        <ele>593.75</ele>
      </trkpt>
      <trkpt lat="42.416518" lon="9.13949">
        <ele>593.5</ele>
      </trkpt>
      <trkpt lat="42.416496" lon="9.139278">
        <ele>595</ele>
      </trkpt>
      <trkpt lat="42.416563" lon="9.138766">
        <ele>599.5</ele>
      </trkpt>
      <trkpt lat="42.416534" lon="9.138444">
        <ele>599.75</ele>
      </trkpt>
      <trkpt lat="42.416493" lon="9.138283">
        <ele>600</ele>
      </trkpt>
      <trkpt lat="42.416433" lon="9.138177">
        <ele>600.5</ele>
      </trkpt>
      <trkpt lat="42.41633" lon="9.138104">
        <ele>599.25</ele>
      </trkpt>
      <trkpt lat="42.416249" lon="9.138088">
        <ele>597.5</ele>
      </trkpt>
      <trkpt lat="42.416138" lon="9.13809">
        <ele>594.5</ele>
      </trkpt>
      <trkpt lat="42.416041" lon="9.138075">
        <ele>592.25</ele>
      </trkpt>
      <trkpt lat="42.415669" lon="9.137962">
        <ele>585.25</ele>
      </trkpt>
      <trkpt lat="42.415328" lon="9.137793">
        <ele>579</ele>
      </trkpt>
      <trkpt lat="42.415122" lon="9.13768">
        <ele>574.5</ele>
      </trkpt>
      <trkpt lat="42.415012" lon="9.137578">
        <ele>572.25</ele>
      </trkpt>
      <trkpt lat="42.414974" lon="9.137468">
        <ele>571.75</ele>
      </trkpt>
      <trkpt lat="42.414968" lon="9.137365">
        <ele>570.25</ele>
      </trkpt>
      <trkpt lat="42.415144" lon="9.136927">
        <ele>571.75</ele>
      </trkpt>
      <trkpt lat="42.415206" lon="9.136722">
        <ele>572</ele>
      </trkpt>
      <trkpt lat="42.415278" lon="9.136574">
        <ele>573</ele>
      </trkpt>
      <trkpt lat="42.415485" lon="9.136245">
        <ele>574</ele>
      </trkpt>
      <trkpt lat="42.415706" lon="9.135999">
        <ele>574.5</ele>
      </trkpt>
      <trkpt lat="42.416136" lon="9.135263">
        <ele>576</ele>
      </trkpt>
      <trkpt lat="42.416196" lon="9.135114">
        <ele>575.5</ele>
      </trkpt>
      <trkpt lat="42.416215" lon="9.134982">
        <ele>574.75</ele>
      </trkpt>
      <trkpt lat="42.416212" lon="9.134884">
        <ele>575</ele>
      </trkpt>
      <trkpt lat="42.416178" lon="9.134791">
        <ele>574.75</ele>
      </trkpt>
      <trkpt lat="42.416136" lon="9.134749">
        <ele>574.25</ele>
      </trkpt>
      <trkpt lat="42.416081" lon="9.134743">
        <ele>573.25</ele>
      </trkpt>
      <trkpt lat="42.416015" lon="9.134799">
        <ele>571.5</ele>
      </trkpt>
      <trkpt lat="42.415819" lon="9.135045">
        <ele>566</ele>
      </trkpt>
      <trkpt lat="42.415681" lon="9.135159">
        <ele>565</ele>
      </trkpt>
      <trkpt lat="42.415507" lon="9.135258">
        <ele>563</ele>
      </trkpt>
      <trkpt lat="42.415314" lon="9.135462">
        <ele>560.5</ele>
      </trkpt>
      <trkpt lat="42.415245" lon="9.135515">
        <ele>559.25</ele>
      </trkpt>
      <trkpt lat="42.415173" lon="9.135547">
        <ele>557.75</ele>
      </trkpt>
      <trkpt lat="42.415081" lon="9.135518">
        <ele>556.25</ele>
      </trkpt>
      <trkpt lat="42.414999" lon="9.135432">
        <ele>554.75</ele>
      </trkpt>
      <trkpt lat="42.414776" lon="9.134935">
        <ele>556</ele>
      </trkpt>
      <trkpt lat="42.414735" lon="9.134901">
        <ele>556.5</ele>
      </trkpt>
      <trkpt lat="42.414685" lon="9.134885">
        <ele>556.75</ele>
      </trkpt>
      <trkpt lat="42.414485" lon="9.134886">
        <ele>556</ele>
      </trkpt>
      <trkpt lat="42.414318" lon="9.134895">
        <ele>555.5</ele>
      </trkpt>
      <trkpt lat="42.414208" lon="9.134926">
        <ele>554.5</ele>
      </trkpt>
      <trkpt lat="42.413982" lon="9.135151">
        <ele>551</ele>
      </trkpt>
      <trkpt lat="42.413887" lon="9.135223">
        <ele>550</ele>
      </trkpt>
      <trkpt lat="42.41379" lon="9.135263">
        <ele>549.25</ele>
      </trkpt>
      <trkpt lat="42.413016" lon="9.135367">
        <ele>542</ele>
      </trkpt>
      <trkpt lat="42.412928" lon="9.13536">
        <ele>541</ele>
      </trkpt>
      <trkpt lat="42.412746" lon="9.135322">
        <ele>539</ele>
      </trkpt>
      <trkpt lat="42.412602" lon="9.135312">
        <ele>537.25</ele>
      </trkpt>
      <trkpt lat="42.412421" lon="9.135345">
        <ele>534.5</ele>
      </trkpt>
      <trkpt lat="42.412316" lon="9.135312">
        <ele>533.5</ele>
      </trkpt>
      <trkpt lat="42.412267" lon="9.135192">
        <ele>534.25</ele>
      </trkpt>
      <trkpt lat="42.412265" lon="9.13505">
        <ele>535.5</ele>
      </trkpt>
      <trkpt lat="42.412349" lon="9.134767">
        <ele>539.75</ele>
      </trkpt>
      <trkpt lat="42.412348" lon="9.13463">
        <ele>541.25</ele>
      </trkpt>
      <trkpt lat="42.412305" lon="9.134512">
        <ele>542.25</ele>
      </trkpt>
      <trkpt lat="42.41222" lon="9.134433">
        <ele>543</ele>
      </trkpt>
      <trkpt lat="42.412152" lon="9.134418">
        <ele>543</ele>
      </trkpt>
      <trkpt lat="42.412083" lon="9.134452">
        <ele>542.5</ele>
      </trkpt>
      <trkpt lat="42.411743" lon="9.134728">
        <ele>535.75</ele>
      </trkpt>
      <trkpt lat="42.411444" lon="9.134925">
        <ele>529.75</ele>
      </trkpt>
      <trkpt lat="42.411277" lon="9.135">
        <ele>527.5</ele>
      </trkpt>
      <trkpt lat="42.411134" lon="9.135011">
        <ele>526.75</ele>
      </trkpt>
      <trkpt lat="42.411053" lon="9.134957">
        <ele>527.75</ele>
      </trkpt>
      <trkpt lat="42.410968" lon="9.134821">
        <ele>530.5</ele>
      </trkpt>
      <trkpt lat="42.410912" lon="9.134772">
        <ele>531.5</ele>
      </trkpt>
      <trkpt lat="42.410837" lon="9.134765">
        <ele>531.5</ele>
      </trkpt>
      <trkpt lat="42.410732" lon="9.134839">
        <ele>529.25</ele>
      </trkpt>
      <trkpt lat="42.410363" lon="9.135262">
        <ele>518.75</ele>
      </trkpt>
      <trkpt lat="42.410284" lon="9.135298">
        <ele>517.75</ele>
      </trkpt>
      <trkpt lat="42.410141" lon="9.135308">
        <ele>516.75</ele>
      </trkpt>
      <trkpt lat="42.409532" lon="9.135183">
        <ele>513.75</ele>
      </trkpt>
      <trkpt lat="42.408997" lon="9.134992">
        <ele>511.25</ele>
      </trkpt>
      <trkpt lat="42.408873" lon="9.13492">
        <ele>510.5</ele>
      </trkpt>
      <trkpt lat="42.40877" lon="9.134805">
        <ele>511</ele>
      </trkpt>
      <trkpt lat="42.408657" lon="9.134697">
        <ele>511.25</ele>
      </trkpt>
      <trkpt lat="42.408562" lon="9.134652">
        <ele>510.75</ele>
      </trkpt>
      <trkpt lat="42.408416" lon="9.134624">
        <ele>509.25</ele>
      </trkpt>
      <trkpt lat="42.408259" lon="9.134544">
        <ele>509</ele>
      </trkpt>
      <trkpt lat="42.408143" lon="9.134526">
        <ele>508.25</ele>
      </trkpt>
      <trkpt lat="42.40743" lon="9.134628">
        <ele>501</ele>
      </trkpt>
      <trkpt lat="42.406544" lon="9.134732">
        <ele>493.5</ele>
      </trkpt>
      <trkpt lat="42.406383" lon="9.134716">
        <ele>491.75</ele>
      </trkpt>
      <trkpt lat="42.406097" lon="9.134633">
        <ele>490.5</ele>
      </trkpt>
      <trkpt lat="42.405852" lon="9.134603">
        <ele>488</ele>
      </trkpt>
      <trkpt lat="42.405785" lon="9.134612">
        <ele>487.25</ele>
      </trkpt>
      <trkpt lat="42.405487" lon="9.134753">
        <ele>481.5</ele>
      </trkpt>
      <trkpt lat="42.405318" lon="9.134791">
        <ele>479.5</ele>
      </trkpt>
      <trkpt lat="42.405078" lon="9.134803">
        <ele>478</ele>
      </trkpt>
      <trkpt lat="42.404898" lon="9.134738">
        <ele>478.5</ele>
      </trkpt>
      <trkpt lat="42.40483" lon="9.134668">
        <ele>479.75</ele>
      </trkpt>
      <trkpt lat="42.404758" lon="9.13446">
        <ele>484.25</ele>
      </trkpt>
      <trkpt lat="42.404686" lon="9.134354">
        <ele>486.25</ele>
      </trkpt>
      <trkpt lat="42.404524" lon="9.134305">
        <ele>486.25</ele>
      </trkpt>
      <trkpt lat="42.404407" lon="9.134287">
        <ele>485.75</ele>
      </trkpt>
      <trkpt lat="42.404354" lon="9.134328">
        <ele>484.5</ele>
      </trkpt>
      <trkpt lat="42.40431" lon="9.134426">
        <ele>482</ele>
      </trkpt>
      <trkpt lat="42.404275" lon="9.134643">
        <ele>476.75</ele>
      </trkpt>
      <trkpt lat="42.404206" lon="9.134789">
        <ele>473</ele>
      </trkpt>
      <trkpt lat="42.404125" lon="9.134893">
        <ele>470.25</ele>
      </trkpt>
      <trkpt lat="42.403939" lon="9.135017">
        <ele>467.25</ele>
      </trkpt>
      <trkpt lat="42.403782" lon="9.135045">
        <ele>466.5</ele>
      </trkpt>
      <trkpt lat="42.403557" lon="9.135025">
        <ele>466.5</ele>
      </trkpt>
      <trkpt lat="42.403393" lon="9.134954">
        <ele>468.25</ele>
      </trkpt>
      <trkpt lat="42.403041" lon="9.134617">
        <ele>472.5</ele>
      </trkpt>
      <trkpt lat="42.402955" lon="9.134558">
        <ele>473</ele>
      </trkpt>
      <trkpt lat="42.402852" lon="9.134559">
        <ele>471.25</ele>
      </trkpt>
      <trkpt lat="42.402715" lon="9.134662">
        <ele>466.5</ele>
      </trkpt>
      <trkpt lat="42.40265" lon="9.134692">
        <ele>464.75</ele>
      </trkpt>
      <trkpt lat="42.402489" lon="9.134699">
        <ele>462</ele>
      </trkpt>
      <trkpt lat="42.402329" lon="9.134665">
        <ele>460.5</ele>
      </trkpt>
      <trkpt lat="42.402172" lon="9.134555">
        <ele>461</ele>
      </trkpt>
      <trkpt lat="42.401893" lon="9.134282">
        <ele>463.75</ele>
      </trkpt>
      <trkpt lat="42.401826" lon="9.134263">
        <ele>463</ele>
      </trkpt>
      <trkpt lat="42.401745" lon="9.13431">
        <ele>460.5</ele>
      </trkpt>
      <trkpt lat="42.401599" lon="9.134495">
        <ele>454.5</ele>
      </trkpt>
      <trkpt lat="42.401511" lon="9.134555">
        <ele>453</ele>
      </trkpt>
      <trkpt lat="42.401406" lon="9.13459">
        <ele>452</ele>
      </trkpt>
      <trkpt lat="42.4013" lon="9.134578">
        <ele>452.25</ele>
      </trkpt>
      <trkpt lat="42.401048" lon="9.134433">
        <ele>455.75</ele>
      </trkpt>
      <trkpt lat="42.400925" lon="9.134373">
        <ele>457</ele>
      </trkpt>
      <trkpt lat="42.400836" lon="9.134407">
        <ele>456</ele>
      </trkpt>
      <trkpt lat="42.400515" lon="9.134657">
        <ele>446.75</ele>
      </trkpt>
      <trkpt lat="42.400411" lon="9.134714">
        <ele>444.25</ele>
      </trkpt>
      <trkpt lat="42.400099" lon="9.134687">
        <ele>441.5</ele>
      </trkpt>
      <trkpt lat="42.399973" lon="9.134636">
        <ele>440.75</ele>
      </trkpt>
      <trkpt lat="42.399877" lon="9.134488">
        <ele>441</ele>
      </trkpt>
      <trkpt lat="42.399598" lon="9.13392">
        <ele>443.75</ele>
      </trkpt>
      <trkpt lat="42.399487" lon="9.133756">
        <ele>444</ele>
      </trkpt>
      <trkpt lat="42.399189" lon="9.13351">
        <ele>440.25</ele>
      </trkpt>
      <trkpt lat="42.398945" lon="9.133325">
        <ele>440.75</ele>
      </trkpt>
      <trkpt lat="42.398529" lon="9.13316">
        <ele>436.5</ele>
      </trkpt>
      <trkpt lat="42.398124" lon="9.132765">
        <ele>443.25</ele>
      </trkpt>
      <trkpt lat="42.397867" lon="9.132678">
        <ele>449.75</ele>
      </trkpt>
      <trkpt lat="42.397766" lon="9.132749">
        <ele>450</ele>
      </trkpt>
      <trkpt lat="42.39769" lon="9.132884">
        <ele>448.75</ele>
      </trkpt>
      <trkpt lat="42.397599" lon="9.133067">
        <ele>446.5</ele>
      </trkpt>
      <trkpt lat="42.397535" lon="9.133266">
        <ele>443.75</ele>
      </trkpt>
      <trkpt lat="42.397541" lon="9.133408">
        <ele>443</ele>
      </trkpt>
      <trkpt lat="42.397608" lon="9.133556">
        <ele>443</ele>
      </trkpt>
      <trkpt lat="42.397802" lon="9.133819">
        <ele>440.25</ele>
      </trkpt>
      <trkpt lat="42.398027" lon="9.134055">
        <ele>435.25</ele>
      </trkpt>
      <trkpt lat="42.39832" lon="9.134305">
        <ele>425.75</ele>
      </trkpt>
      <trkpt lat="42.398435" lon="9.134453">
        <ele>423.75</ele>
      </trkpt>
      <trkpt lat="42.398585" lon="9.134679">
        <ele>421</ele>
      </trkpt>
      <trkpt lat="42.398621" lon="9.13482">
        <ele>419.75</ele>
      </trkpt>
      <trkpt lat="42.398582" lon="9.134986">
        <ele>419.5</ele>
      </trkpt>
      <trkpt lat="42.398504" lon="9.135097">
        <ele>419</ele>
      </trkpt>
      <trkpt lat="42.398397" lon="9.135177">
        <ele>419.25</ele>
      </trkpt>
      <trkpt lat="42.398031" lon="9.135269">
        <ele>423.75</ele>
      </trkpt>
      <trkpt lat="42.397908" lon="9.135326">
        <ele>424.5</ele>
      </trkpt>
      <trkpt lat="42.397166" lon="9.135866">
        <ele>416.75</ele>
      </trkpt>
      <trkpt lat="42.397066" lon="9.135973">
        <ele>416</ele>
      </trkpt>
      <trkpt lat="42.397031" lon="9.136081">
        <ele>414.5</ele>
      </trkpt>
      <trkpt lat="42.396951" lon="9.136384">
        <ele>411</ele>
      </trkpt>
      <trkpt lat="42.396867" lon="9.13656">
        <ele>409.25</ele>
      </trkpt>
      <trkpt lat="42.396729" lon="9.136661">
        <ele>409.25</ele>
      </trkpt>
      <trkpt lat="42.396521" lon="9.13674">
        <ele>410</ele>
      </trkpt>
      <trkpt lat="42.395403" lon="9.136919">
        <ele>410.75</ele>
      </trkpt>
      <trkpt lat="42.395178" lon="9.136945">
        <ele>410</ele>
      </trkpt>
      <trkpt lat="42.394168" lon="9.136963">
        <ele>406.25</ele>
      </trkpt>
      <trkpt lat="42.394012" lon="9.136985">
        <ele>407</ele>
      </trkpt>
      <trkpt lat="42.39368" lon="9.137073">
        <ele>407.25</ele>
      </trkpt>
      <trkpt lat="42.39183" lon="9.13766">
        <ele>399.25</ele>
      </trkpt>
      <trkpt lat="42.391348" lon="9.137857">
        <ele>393.5</ele>
      </trkpt>
      <trkpt lat="42.391227" lon="9.137878">
        <ele>392.25</ele>
      </trkpt>
      <trkpt lat="42.391102" lon="9.137854">
        <ele>392</ele>
      </trkpt>
      <trkpt lat="42.390353" lon="9.137584">
        <ele>397.25</ele>
      </trkpt>
      <trkpt lat="42.390293" lon="9.137583">
        <ele>397.25</ele>
      </trkpt>
      <trkpt lat="42.390232" lon="9.137626">
        <ele>396.5</ele>
      </trkpt>
      <trkpt lat="42.390122" lon="9.137841">
        <ele>391.75</ele>
      </trkpt>
      <trkpt lat="42.389883" lon="9.138361">
        <ele>382.75</ele>
      </trkpt>
      <trkpt lat="42.389778" lon="9.138502">
        <ele>381.75</ele>
      </trkpt>
      <trkpt lat="42.389391" lon="9.138801">
        <ele>380.75</ele>
      </trkpt>
      <trkpt lat="42.389194" lon="9.138935">
        <ele>379.5</ele>
      </trkpt>
      <trkpt lat="42.388529" lon="9.139291">
        <ele>376</ele>
      </trkpt>
      <trkpt lat="42.387636" lon="9.139615">
        <ele>369.75</ele>
      </trkpt>
      <trkpt lat="42.386356" lon="9.140204">
        <ele>360</ele>
      </trkpt>
      <trkpt lat="42.386072" lon="9.140273">
        <ele>358.75</ele>
      </trkpt>
      <trkpt lat="42.385723" lon="9.140266">
        <ele>356.75</ele>
      </trkpt>
      <trkpt lat="42.385537" lon="9.140231">
        <ele>354</ele>
      </trkpt>
      <trkpt lat="42.385456" lon="9.140191">
        <ele>353</ele>
      </trkpt>
      <trkpt lat="42.38541" lon="9.140169">
        <ele>352.5</ele>
      </trkpt>
      <trkpt lat="42.385302" lon="9.140056">
        <ele>351.25</ele>
      </trkpt>
      <trkpt lat="42.385134" lon="9.139756">
        <ele>351.75</ele>
      </trkpt>
      <trkpt lat="42.384657" lon="9.138773">
        <ele>355.5</ele>
      </trkpt>
      <trkpt lat="42.384477" lon="9.138466">
        <ele>354</ele>
      </trkpt>
      <trkpt lat="42.384169" lon="9.138068">
        <ele>351.25</ele>
      </trkpt>
      <trkpt lat="42.383955" lon="9.137811">
        <ele>353.5</ele>
      </trkpt>
      <trkpt lat="42.38389" lon="9.137751">
        <ele>353.25</ele>
      </trkpt>
      <trkpt lat="42.383835" lon="9.137739">
        <ele>352.25</ele>
      </trkpt>
      <trkpt lat="42.383824" lon="9.137669">
        <ele>352.75</ele>
      </trkpt>
      <trkpt lat="42.383778" lon="9.137583">
        <ele>352.75</ele>
      </trkpt>
      <trkpt lat="42.383644" lon="9.137437">
        <ele>351.75</ele>
      </trkpt>
      <trkpt lat="42.382933" lon="9.136734">
        <ele>356.25</ele>
      </trkpt>
      <trkpt lat="42.382335" lon="9.136245">
        <ele>359.75</ele>
      </trkpt>
      <trkpt lat="42.381835" lon="9.135613">
        <ele>364.75</ele>
      </trkpt>
      <trkpt lat="42.381734" lon="9.135402">
        <ele>365.5</ele>
      </trkpt>
      <trkpt lat="42.381627" lon="9.135137">
        <ele>367.25</ele>
      </trkpt>
      <trkpt lat="42.381568" lon="9.134896">
        <ele>369.25</ele>
      </trkpt>
      <trkpt lat="42.381527" lon="9.134655">
        <ele>369.75</ele>
      </trkpt>
      <trkpt lat="42.381519" lon="9.134228">
        <ele>371.25</ele>
      </trkpt>
      <trkpt lat="42.381484" lon="9.134045">
        <ele>373.25</ele>
      </trkpt>
      <trkpt lat="42.381294" lon="9.133492">
        <ele>377</ele>
      </trkpt>
      <trkpt lat="42.381068" lon="9.132798">
        <ele>372.5</ele>
      </trkpt>
      <trkpt lat="42.380971" lon="9.132416">
        <ele>369.75</ele>
      </trkpt>
      <trkpt lat="42.380977" lon="9.131968">
        <ele>372</ele>
      </trkpt>
      <trkpt lat="42.380995" lon="9.131662">
        <ele>374.75</ele>
      </trkpt>
      <trkpt lat="42.380984" lon="9.131364">
        <ele>372.5</ele>
      </trkpt>
      <trkpt lat="42.380994" lon="9.131126">
        <ele>372</ele>
      </trkpt>
      <trkpt lat="42.38103" lon="9.131012">
        <ele>373.25</ele>
      </trkpt>
      <trkpt lat="42.381191" lon="9.130679">
        <ele>380.25</ele>
      </trkpt>
      <trkpt lat="42.381224" lon="9.130529">
        <ele>382.25</ele>
      </trkpt>
      <trkpt lat="42.381208" lon="9.130394">
        <ele>381.5</ele>
      </trkpt>
      <trkpt lat="42.380998" lon="9.129549">
        <ele>376.75</ele>
      </trkpt>
      <trkpt lat="42.380985" lon="9.129396">
        <ele>377.75</ele>
      </trkpt>
      <trkpt lat="42.381005" lon="9.129146">
        <ele>381.25</ele>
      </trkpt>
      <trkpt lat="42.380999" lon="9.12903">
        <ele>382.25</ele>
      </trkpt>
      <trkpt lat="42.3809" lon="9.128685">
        <ele>381.5</ele>
      </trkpt>
      <trkpt lat="42.380729" lon="9.128013">
        <ele>386</ele>
      </trkpt>
      <trkpt lat="42.380668" lon="9.127858">
        <ele>387</ele>
      </trkpt>
      <trkpt lat="42.380577" lon="9.127703">
        <ele>387.25</ele>
      </trkpt>
      <trkpt lat="42.38038" lon="9.127482">
        <ele>385.5</ele>
      </trkpt>
      <trkpt lat="42.380179" lon="9.127206">
        <ele>388.75</ele>
      </trkpt>
      <trkpt lat="42.379746" lon="9.126526">
        <ele>397.5</ele>
      </trkpt>
      <trkpt lat="42.379366" lon="9.126199">
        <ele>396.25</ele>
      </trkpt>
      <trkpt lat="42.379245" lon="9.126043">
        <ele>396.75</ele>
      </trkpt>
      <trkpt lat="42.379169" lon="9.125886">
        <ele>398.5</ele>
      </trkpt>
      <trkpt lat="42.379098" lon="9.125791">
        <ele>398.75</ele>
      </trkpt>
      <trkpt lat="42.378655" lon="9.12543">
        <ele>390.75</ele>
      </trkpt>
      <trkpt lat="42.378476" lon="9.12526">
        <ele>386.25</ele>
      </trkpt>
      <trkpt lat="42.378444" lon="9.125184">
        <ele>386</ele>
      </trkpt>
      <trkpt lat="42.378445" lon="9.125081">
        <ele>388</ele>
      </trkpt>
      <trkpt lat="42.378506" lon="9.124824">
        <ele>396.25</ele>
      </trkpt>
      <trkpt lat="42.378506" lon="9.124676">
        <ele>399.25</ele>
      </trkpt>
      <trkpt lat="42.378479" lon="9.124543">
        <ele>400.5</ele>
      </trkpt>
      <trkpt lat="42.378341" lon="9.124047">
        <ele>400.75</ele>
      </trkpt>
      <trkpt lat="42.378305" lon="9.123894">
        <ele>399.75</ele>
      </trkpt>
      <trkpt lat="42.378293" lon="9.123737">
        <ele>400</ele>
      </trkpt>
      <trkpt lat="42.378317" lon="9.123634">
        <ele>401.25</ele>
      </trkpt>
      <trkpt lat="42.378365" lon="9.123518">
        <ele>403.75</ele>
      </trkpt>
      <trkpt lat="42.378534" lon="9.123278">
        <ele>412.25</ele>
      </trkpt>
      <trkpt lat="42.378608" lon="9.123119">
        <ele>416.25</ele>
      </trkpt>
      <trkpt lat="42.378623" lon="9.123017">
        <ele>417.25</ele>
      </trkpt>
      <trkpt lat="42.378627" lon="9.122921">
        <ele>416.5</ele>
      </trkpt>
      <trkpt lat="42.378596" lon="9.12279">
        <ele>415.75</ele>
      </trkpt>
      <trkpt lat="42.378517" lon="9.122637">
        <ele>414.75</ele>
      </trkpt>
      <trkpt lat="42.378429" lon="9.122554">
        <ele>414.75</ele>
      </trkpt>
      <trkpt lat="42.378033" lon="9.122398">
        <ele>409.25</ele>
      </trkpt>
      <trkpt lat="42.377879" lon="9.122294">
        <ele>408.75</ele>
      </trkpt>
      <trkpt lat="42.377778" lon="9.122171">
        <ele>409.75</ele>
      </trkpt>
      <trkpt lat="42.377707" lon="9.122022">
        <ele>412</ele>
      </trkpt>
      <trkpt lat="42.377637" lon="9.121737">
        <ele>417.5</ele>
      </trkpt>
      <trkpt lat="42.377601" lon="9.121654">
        <ele>418.75</ele>
      </trkpt>
      <trkpt lat="42.37754" lon="9.121564">
        <ele>419.25</ele>
      </trkpt>
      <trkpt lat="42.377276" lon="9.12137">
        <ele>419</ele>
      </trkpt>
      <trkpt lat="42.377072" lon="9.121246">
        <ele>417.75</ele>
      </trkpt>
      <trkpt lat="42.376979" lon="9.121132">
        <ele>418.25</ele>
      </trkpt>
      <trkpt lat="42.376917" lon="9.12094">
        <ele>421.25</ele>
      </trkpt>
      <trkpt lat="42.376873" lon="9.120824">
        <ele>422.75</ele>
      </trkpt>
      <trkpt lat="42.376801" lon="9.120743">
        <ele>423.75</ele>
      </trkpt>
      <trkpt lat="42.37655" lon="9.120565">
        <ele>426.75</ele>
      </trkpt>
      <trkpt lat="42.376478" lon="9.120529">
        <ele>427.75</ele>
      </trkpt>
      <trkpt lat="42.376412" lon="9.120523">
        <ele>427.5</ele>
      </trkpt>
      <trkpt lat="42.375848" lon="9.120559">
        <ele>423.5</ele>
      </trkpt>
      <trkpt lat="42.375753" lon="9.120523">
        <ele>422.5</ele>
      </trkpt>
      <trkpt lat="42.375605" lon="9.120415">
        <ele>421.75</ele>
      </trkpt>
      <trkpt lat="42.375294" lon="9.119993">
        <ele>421.75</ele>
      </trkpt>
      <trkpt lat="42.375207" lon="9.119785">
        <ele>422.5</ele>
      </trkpt>
      <trkpt lat="42.375125" lon="9.119448">
        <ele>425.5</ele>
      </trkpt>
      <trkpt lat="42.375086" lon="9.119198">
        <ele>428.5</ele>
      </trkpt>
      <trkpt lat="42.375075" lon="9.119055">
        <ele>430.25</ele>
      </trkpt>
      <trkpt lat="42.375114" lon="9.118783">
        <ele>436.25</ele>
      </trkpt>
      <trkpt lat="42.375113" lon="9.118638">
        <ele>438.5</ele>
      </trkpt>
      <trkpt lat="42.375074" lon="9.118458">
        <ele>439</ele>
      </trkpt>
      <trkpt lat="42.374995" lon="9.118239">
        <ele>437</ele>
      </trkpt>
      <trkpt lat="42.374852" lon="9.117979">
        <ele>430.25</ele>
      </trkpt>
      <trkpt lat="42.374826" lon="9.117885">
        <ele>429.25</ele>
      </trkpt>
      <trkpt lat="42.374831" lon="9.117778">
        <ele>430.25</ele>
      </trkpt>
      <trkpt lat="42.374946" lon="9.11742">
        <ele>440</ele>
      </trkpt>
      <trkpt lat="42.375014" lon="9.117249">
        <ele>447.5</ele>
      </trkpt>
      <trkpt lat="42.37504" lon="9.117117">
        <ele>446</ele>
      </trkpt>
      <trkpt lat="42.375028" lon="9.116978">
        <ele>444.5</ele>
      </trkpt>
      <trkpt lat="42.374985" lon="9.116889">
        <ele>443.25</ele>
      </trkpt>
      <trkpt lat="42.374922" lon="9.116813">
        <ele>442.25</ele>
      </trkpt>
      <trkpt lat="42.374602" lon="9.116647">
        <ele>442.25</ele>
      </trkpt>
      <trkpt lat="42.374487" lon="9.11654">
        <ele>440.75</ele>
      </trkpt>
      <trkpt lat="42.374414" lon="9.116398">
        <ele>442.75</ele>
      </trkpt>
      <trkpt lat="42.374371" lon="9.11626">
        <ele>446</ele>
      </trkpt>
      <trkpt lat="42.374339" lon="9.115908">
        <ele>451</ele>
      </trkpt>
      <trkpt lat="42.374262" lon="9.115795">
        <ele>453.5</ele>
      </trkpt>
      <trkpt lat="42.374129" lon="9.115747">
        <ele>456.25</ele>
      </trkpt>
      <trkpt lat="42.374059" lon="9.115772">
        <ele>456.25</ele>
      </trkpt>
      <trkpt lat="42.373956" lon="9.115842">
        <ele>451</ele>
      </trkpt>
      <trkpt lat="42.373887" lon="9.115873">
        <ele>448.25</ele>
      </trkpt>
      <trkpt lat="42.373799" lon="9.115867">
        <ele>446.5</ele>
      </trkpt>
      <trkpt lat="42.373702" lon="9.115828">
        <ele>446</ele>
      </trkpt>
      <trkpt lat="42.373627" lon="9.115751">
        <ele>448.25</ele>
      </trkpt>
      <trkpt lat="42.373486" lon="9.115561">
        <ele>454.5</ele>
      </trkpt>
      <trkpt lat="42.37339" lon="9.115512">
        <ele>455.25</ele>
      </trkpt>
      <trkpt lat="42.373166" lon="9.115503">
        <ele>450.25</ele>
      </trkpt>
      <trkpt lat="42.373057" lon="9.115463">
        <ele>449.25</ele>
      </trkpt>
      <trkpt lat="42.372769" lon="9.11524">
        <ele>452.5</ele>
      </trkpt>
      <trkpt lat="42.372592" lon="9.11521">
        <ele>449.25</ele>
      </trkpt>
      <trkpt lat="42.372445" lon="9.115195">
        <ele>445.75</ele>
      </trkpt>
      <trkpt lat="42.372307" lon="9.115115">
        <ele>444.75</ele>
      </trkpt>
      <trkpt lat="42.372218" lon="9.114982">
        <ele>447.25</ele>
      </trkpt>
      <trkpt lat="42.372093" lon="9.114727">
        <ele>449</ele>
      </trkpt>
      <trkpt lat="42.372015" lon="9.114644">
        <ele>447.75</ele>
      </trkpt>
      <trkpt lat="42.371831" lon="9.114493">
        <ele>443.5</ele>
      </trkpt>
      <trkpt lat="42.371708" lon="9.114294">
        <ele>442.25</ele>
      </trkpt>
      <trkpt lat="42.371626" lon="9.114117">
        <ele>440.5</ele>
      </trkpt>
      <trkpt lat="42.371623" lon="9.114">
        <ele>438.75</ele>
      </trkpt>
      <trkpt lat="42.37166" lon="9.113861">
        <ele>438.25</ele>
      </trkpt>
      <trkpt lat="42.371881" lon="9.113438">
        <ele>444.5</ele>
      </trkpt>
      <trkpt lat="42.37207" lon="9.113272">
        <ele>452.75</ele>
      </trkpt>
      <trkpt lat="42.372129" lon="9.113179">
        <ele>454</ele>
      </trkpt>
      <trkpt lat="42.372164" lon="9.113073">
        <ele>453.5</ele>
      </trkpt>
      <trkpt lat="42.372161" lon="9.112865">
        <ele>448.5</ele>
      </trkpt>
      <trkpt lat="42.372189" lon="9.11259">
        <ele>443.5</ele>
      </trkpt>
      <trkpt lat="42.372209" lon="9.112509">
        <ele>442.75</ele>
      </trkpt>
      <trkpt lat="42.372245" lon="9.112435">
        <ele>443.25</ele>
      </trkpt>
      <trkpt lat="42.37238" lon="9.112276">
        <ele>447</ele>
      </trkpt>
      <trkpt lat="42.372516" lon="9.112085">
        <ele>449.25</ele>
      </trkpt>
      <trkpt lat="42.372545" lon="9.111976">
        <ele>448.5</ele>
      </trkpt>
      <trkpt lat="42.372552" lon="9.111865">
        <ele>446.25</ele>
      </trkpt>
      <trkpt lat="42.372528" lon="9.111705">
        <ele>441.25</ele>
      </trkpt>
      <trkpt lat="42.37253" lon="9.11159">
        <ele>439.5</ele>
      </trkpt>
      <trkpt lat="42.372558" lon="9.111469">
        <ele>439.75</ele>
      </trkpt>
      <trkpt lat="42.372605" lon="9.111389">
        <ele>441.25</ele>
      </trkpt>
      <trkpt lat="42.372682" lon="9.111345">
        <ele>444.75</ele>
      </trkpt>
      <trkpt lat="42.372874" lon="9.11134">
        <ele>454.5</ele>
      </trkpt>
      <trkpt lat="42.372909" lon="9.111309">
        <ele>456</ele>
      </trkpt>
      <trkpt lat="42.372977" lon="9.111204">
        <ele>458</ele>
      </trkpt>
      <trkpt lat="42.372999" lon="9.111106">
        <ele>458</ele>
      </trkpt>
      <trkpt lat="42.372997" lon="9.11096">
        <ele>456</ele>
      </trkpt>
      <trkpt lat="42.372949" lon="9.110732">
        <ele>453.75</ele>
      </trkpt>
      <trkpt lat="42.37288" lon="9.110018">
        <ele>461.75</ele>
      </trkpt>
      <trkpt lat="42.372851" lon="9.109905">
        <ele>460.75</ele>
      </trkpt>
      <trkpt lat="42.372762" lon="9.109682">
        <ele>456.25</ele>
      </trkpt>
      <trkpt lat="42.372631" lon="9.109468">
        <ele>449.25</ele>
      </trkpt>
      <trkpt lat="42.372616" lon="9.109353">
        <ele>449.5</ele>
      </trkpt>
      <trkpt lat="42.372619" lon="9.109206">
        <ele>451.25</ele>
      </trkpt>
      <trkpt lat="42.372669" lon="9.109082">
        <ele>455.75</ele>
      </trkpt>
      <trkpt lat="42.372746" lon="9.108859">
        <ele>462</ele>
      </trkpt>
      <trkpt lat="42.372747" lon="9.108728">
        <ele>463</ele>
      </trkpt>
      <trkpt lat="42.372715" lon="9.108608">
        <ele>462</ele>
      </trkpt>
      <trkpt lat="42.37271" lon="9.108464">
        <ele>462.75</ele>
      </trkpt>
      <trkpt lat="42.372763" lon="9.107887">
        <ele>471</ele>
      </trkpt>
      <trkpt lat="42.372735" lon="9.107713">
        <ele>471.5</ele>
      </trkpt>
      <trkpt lat="42.372673" lon="9.107502">
        <ele>471</ele>
      </trkpt>
      <trkpt lat="42.372617" lon="9.107442">
        <ele>470</ele>
      </trkpt>
      <trkpt lat="42.372524" lon="9.107403">
        <ele>466.75</ele>
      </trkpt>
      <trkpt lat="42.372186" lon="9.107384">
        <ele>454</ele>
      </trkpt>
      <trkpt lat="42.372122" lon="9.107349">
        <ele>452.5</ele>
      </trkpt>
      <trkpt lat="42.372058" lon="9.107293">
        <ele>451.25</ele>
      </trkpt>
      <trkpt lat="42.371925" lon="9.107056">
        <ele>451.25</ele>
      </trkpt>
      <trkpt lat="42.371847" lon="9.106847">
        <ele>452.25</ele>
      </trkpt>
      <trkpt lat="42.371817" lon="9.106726">
        <ele>453.5</ele>
      </trkpt>
      <trkpt lat="42.371821" lon="9.106175">
        <ele>453.5</ele>
      </trkpt>
      <trkpt lat="42.371836" lon="9.106032">
        <ele>454</ele>
      </trkpt>
      <trkpt lat="42.371894" lon="9.105911">
        <ele>457.5</ele>
      </trkpt>
      <trkpt lat="42.371965" lon="9.105798">
        <ele>461.75</ele>
      </trkpt>
      <trkpt lat="42.372" lon="9.105719">
        <ele>463.75</ele>
      </trkpt>
      <trkpt lat="42.372024" lon="9.105632">
        <ele>464.75</ele>
      </trkpt>
      <trkpt lat="42.372029" lon="9.105519">
        <ele>464.75</ele>
      </trkpt>
      <trkpt lat="42.371996" lon="9.105248">
        <ele>461.75</ele>
      </trkpt>
      <trkpt lat="42.371997" lon="9.104931">
        <ele>460.5</ele>
      </trkpt>
      <trkpt lat="42.372018" lon="9.104709">
        <ele>460</ele>
      </trkpt>
      <trkpt lat="42.372065" lon="9.104506">
        <ele>460.5</ele>
      </trkpt>
      <trkpt lat="42.372149" lon="9.104401">
        <ele>463</ele>
      </trkpt>
      <trkpt lat="42.372242" lon="9.104348">
        <ele>466</ele>
      </trkpt>
      <trkpt lat="42.372429" lon="9.104319">
        <ele>472.75</ele>
      </trkpt>
      <trkpt lat="42.372505" lon="9.104306">
        <ele>475.5</ele>
      </trkpt>
      <trkpt lat="42.372596" lon="9.104246">
        <ele>479.75</ele>
      </trkpt>
      <trkpt lat="42.372678" lon="9.104085">
        <ele>480</ele>
      </trkpt>
      <trkpt lat="42.372804" lon="9.103616">
        <ele>469</ele>
      </trkpt>
      <trkpt lat="42.373098" lon="9.103115">
        <ele>470.5</ele>
      </trkpt>
      <trkpt lat="42.373166" lon="9.102918">
        <ele>470</ele>
      </trkpt>
      <trkpt lat="42.37326" lon="9.10255">
        <ele>466.25</ele>
      </trkpt>
      <trkpt lat="42.373365" lon="9.102349">
        <ele>469.25</ele>
      </trkpt>
      <trkpt lat="42.373453" lon="9.10178">
        <ele>472.5</ele>
      </trkpt>
      <trkpt lat="42.373401" lon="9.101302">
        <ele>465.5</ele>
      </trkpt>
      <trkpt lat="42.373385" lon="9.101031">
        <ele>462</ele>
      </trkpt>
      <trkpt lat="42.373405" lon="9.100873">
        <ele>462.25</ele>
      </trkpt>
      <trkpt lat="42.373463" lon="9.100748">
        <ele>466.75</ele>
      </trkpt>
      <trkpt lat="42.373486" lon="9.10064">
        <ele>468.5</ele>
      </trkpt>
      <trkpt lat="42.373517" lon="9.10013">
        <ele>471</ele>
      </trkpt>
      <trkpt lat="42.373487" lon="9.099791">
        <ele>464</ele>
      </trkpt>
      <trkpt lat="42.373491" lon="9.099597">
        <ele>460</ele>
      </trkpt>
      <trkpt lat="42.373564" lon="9.099374">
        <ele>461.25</ele>
      </trkpt>
      <trkpt lat="42.37395" lon="9.098445">
        <ele>471.5</ele>
      </trkpt>
      <trkpt lat="42.374172" lon="9.097987">
        <ele>468.25</ele>
      </trkpt>
      <trkpt lat="42.374649" lon="9.096772">
        <ele>466.75</ele>
      </trkpt>
      <trkpt lat="42.374741" lon="9.096589">
        <ele>465.75</ele>
      </trkpt>
      <trkpt lat="42.374832" lon="9.096488">
        <ele>467.5</ele>
      </trkpt>
      <trkpt lat="42.37496" lon="9.09639">
        <ele>470</ele>
      </trkpt>
      <trkpt lat="42.375222" lon="9.095788">
        <ele>471.25</ele>
      </trkpt>
      <trkpt lat="42.375228" lon="9.095715">
        <ele>471.75</ele>
      </trkpt>
      <trkpt lat="42.375228" lon="9.095534">
        <ele>472.5</ele>
      </trkpt>
      <trkpt lat="42.375239" lon="9.095429">
        <ele>473.5</ele>
      </trkpt>
      <trkpt lat="42.375377" lon="9.094998">
        <ele>481.25</ele>
      </trkpt>
      <trkpt lat="42.375383" lon="9.094837">
        <ele>483</ele>
      </trkpt>
      <trkpt lat="42.375363" lon="9.094692">
        <ele>483.5</ele>
      </trkpt>
      <trkpt lat="42.375076" lon="9.093772">
        <ele>478.5</ele>
      </trkpt>
      <trkpt lat="42.374998" lon="9.093455">
        <ele>475.75</ele>
      </trkpt>
      <trkpt lat="42.374991" lon="9.093311">
        <ele>475.5</ele>
      </trkpt>
      <trkpt lat="42.37515" lon="9.092696">
        <ele>481.5</ele>
      </trkpt>
      <trkpt lat="42.375216" lon="9.091706">
        <ele>471.5</ele>
      </trkpt>
      <trkpt lat="42.375253" lon="9.091599">
        <ele>471.5</ele>
      </trkpt>
      <trkpt lat="42.375483" lon="9.091326">
        <ele>474</ele>
      </trkpt>
      <trkpt lat="42.375633" lon="9.09119">
        <ele>474.75</ele>
      </trkpt>
      <trkpt lat="42.375869" lon="9.091137">
        <ele>479</ele>
      </trkpt>
      <trkpt lat="42.375977" lon="9.091092">
        <ele>480.25</ele>
      </trkpt>
      <trkpt lat="42.37606" lon="9.091024">
        <ele>480.5</ele>
      </trkpt>
      <trkpt lat="42.376255" lon="9.090807">
        <ele>480.25</ele>
      </trkpt>
      <trkpt lat="42.376321" lon="9.090761">
        <ele>481.5</ele>
      </trkpt>
      <trkpt lat="42.37651" lon="9.090654">
        <ele>485.5</ele>
      </trkpt>
      <trkpt lat="42.376568" lon="9.090595">
        <ele>486.25</ele>
      </trkpt>
      <trkpt lat="42.376612" lon="9.09053">
        <ele>486</ele>
      </trkpt>
      <trkpt lat="42.376734" lon="9.090172">
        <ele>485.25</ele>
      </trkpt>
      <trkpt lat="42.376765" lon="9.090033">
        <ele>484.75</ele>
      </trkpt>
      <trkpt lat="42.376763" lon="9.089934">
        <ele>485</ele>
      </trkpt>
      <trkpt lat="42.376695" lon="9.089699">
        <ele>486</ele>
      </trkpt>
      <trkpt lat="42.376673" lon="9.089591">
        <ele>486.5</ele>
      </trkpt>
      <trkpt lat="42.376664" lon="9.089312">
        <ele>489.75</ele>
      </trkpt>
      <trkpt lat="42.376598" lon="9.089137">
        <ele>490.75</ele>
      </trkpt>
      <trkpt lat="42.376524" lon="9.088976">
        <ele>495.75</ele>
      </trkpt>
      <trkpt lat="42.376089" lon="9.088329">
        <ele>501</ele>
      </trkpt>
      <trkpt lat="42.375887" lon="9.088171">
        <ele>493</ele>
      </trkpt>
      <trkpt lat="42.375572" lon="9.088016">
        <ele>485.25</ele>
      </trkpt>
      <trkpt lat="42.375508" lon="9.087923">
        <ele>485</ele>
      </trkpt>
      <trkpt lat="42.375435" lon="9.087721">
        <ele>485.75</ele>
      </trkpt>
      <trkpt lat="42.375407" lon="9.087572">
        <ele>486.75</ele>
      </trkpt>
      <trkpt lat="42.375413" lon="9.087407">
        <ele>489</ele>
      </trkpt>
      <trkpt lat="42.375538" lon="9.086964">
        <ele>499</ele>
      </trkpt>
      <trkpt lat="42.375554" lon="9.086807">
        <ele>501.5</ele>
      </trkpt>
      <trkpt lat="42.375547" lon="9.086316">
        <ele>502.5</ele>
      </trkpt>
      <trkpt lat="42.375565" lon="9.085861">
        <ele>503.25</ele>
      </trkpt>
      <trkpt lat="42.375577" lon="9.085066">
        <ele>500.75</ele>
      </trkpt>
      <trkpt lat="42.37554" lon="9.084855">
        <ele>499</ele>
      </trkpt>
      <trkpt lat="42.375395" lon="9.084319">
        <ele>494.75</ele>
      </trkpt>
      <trkpt lat="42.375322" lon="9.084038">
        <ele>494.25</ele>
      </trkpt>
      <trkpt lat="42.375294" lon="9.083928">
        <ele>494.75</ele>
      </trkpt>
      <trkpt lat="42.37525" lon="9.083865">
        <ele>494</ele>
      </trkpt>
      <trkpt lat="42.374913" lon="9.083577">
        <ele>489.5</ele>
      </trkpt>
      <trkpt lat="42.374786" lon="9.083385">
        <ele>490.25</ele>
      </trkpt>
      <trkpt lat="42.374654" lon="9.083145">
        <ele>493</ele>
      </trkpt>
      <trkpt lat="42.374602" lon="9.082988">
        <ele>495</ele>
      </trkpt>
      <trkpt lat="42.374574" lon="9.082821">
        <ele>497.25</ele>
      </trkpt>
      <trkpt lat="42.37453" lon="9.082443">
        <ele>501.25</ele>
      </trkpt>
      <trkpt lat="42.374536" lon="9.082168">
        <ele>502.25</ele>
      </trkpt>
      <trkpt lat="42.374561" lon="9.081876">
        <ele>504.5</ele>
      </trkpt>
      <trkpt lat="42.374551" lon="9.081629">
        <ele>505.25</ele>
      </trkpt>
      <trkpt lat="42.374288" lon="9.080506">
        <ele>509.5</ele>
      </trkpt>
      <trkpt lat="42.374229" lon="9.080297">
        <ele>513.5</ele>
      </trkpt>
      <trkpt lat="42.374166" lon="9.080204">
        <ele>513</ele>
      </trkpt>
      <trkpt lat="42.374087" lon="9.080129">
        <ele>514.25</ele>
      </trkpt>
      <trkpt lat="42.373967" lon="9.080076">
        <ele>513.25</ele>
      </trkpt>
      <trkpt lat="42.373722" lon="9.080016">
        <ele>508.75</ele>
      </trkpt>
      <trkpt lat="42.373558" lon="9.079997">
        <ele>505</ele>
      </trkpt>
      <trkpt lat="42.373306" lon="9.080052">
        <ele>498.25</ele>
      </trkpt>
      <trkpt lat="42.373211" lon="9.080044">
        <ele>498</ele>
      </trkpt>
      <trkpt lat="42.37308" lon="9.080012">
        <ele>497.5</ele>
      </trkpt>
      <trkpt lat="42.37294" lon="9.080004">
        <ele>497</ele>
      </trkpt>
      <trkpt lat="42.372653" lon="9.080053">
        <ele>495.5</ele>
      </trkpt>
      <trkpt lat="42.372382" lon="9.080005">
        <ele>494.25</ele>
      </trkpt>
      <trkpt lat="42.372284" lon="9.079995">
        <ele>493.75</ele>
      </trkpt>
      <trkpt lat="42.372195" lon="9.079972">
        <ele>494</ele>
      </trkpt>
      <trkpt lat="42.372111" lon="9.079932">
        <ele>494.75</ele>
      </trkpt>
      <trkpt lat="42.371883" lon="9.079755">
        <ele>497.5</ele>
      </trkpt>
      <trkpt lat="42.371797" lon="9.07963">
        <ele>499.25</ele>
      </trkpt>
      <trkpt lat="42.371681" lon="9.079396">
        <ele>501.75</ele>
      </trkpt>
      <trkpt lat="42.371531" lon="9.079148">
        <ele>508.75</ele>
      </trkpt>
      <trkpt lat="42.371467" lon="9.078976">
        <ele>512.5</ele>
      </trkpt>
      <trkpt lat="42.371412" lon="9.078621">
        <ele>517</ele>
      </trkpt>
      <trkpt lat="42.371331" lon="9.078247">
        <ele>520.25</ele>
      </trkpt>
      <trkpt lat="42.37125" lon="9.078019">
        <ele>521.75</ele>
      </trkpt>
      <trkpt lat="42.370975" lon="9.077585">
        <ele>513.25</ele>
      </trkpt>
      <trkpt lat="42.370232" lon="9.076738">
        <ele>518.5</ele>
      </trkpt>
      <trkpt lat="42.369917" lon="9.076429">
        <ele>522.5</ele>
      </trkpt>
      <trkpt lat="42.369662" lon="9.076162">
        <ele>529.25</ele>
      </trkpt>
      <trkpt lat="42.369361" lon="9.075793">
        <ele>523.5</ele>
      </trkpt>
      <trkpt lat="42.36922" lon="9.07556">
        <ele>523.25</ele>
      </trkpt>
      <trkpt lat="42.36912" lon="9.07531">
        <ele>527.75</ele>
      </trkpt>
      <trkpt lat="42.369065" lon="9.07519">
        <ele>531</ele>
      </trkpt>
      <trkpt lat="42.368835" lon="9.074945">
        <ele>534.5</ele>
      </trkpt>
      <trkpt lat="42.368773" lon="9.074814">
        <ele>534</ele>
      </trkpt>
      <trkpt lat="42.368731" lon="9.07447">
        <ele>532.5</ele>
      </trkpt>
      <trkpt lat="42.368735" lon="9.074351">
        <ele>531.75</ele>
      </trkpt>
      <trkpt lat="42.368767" lon="9.074248">
        <ele>531</ele>
      </trkpt>
      <trkpt lat="42.368892" lon="9.074104">
        <ele>528.75</ele>
      </trkpt>
      <trkpt lat="42.369035" lon="9.073875">
        <ele>525.5</ele>
      </trkpt>
      <trkpt lat="42.369097" lon="9.07375">
        <ele>523.75</ele>
      </trkpt>
      <trkpt lat="42.369117" lon="9.073623">
        <ele>522.5</ele>
      </trkpt>
      <trkpt lat="42.369108" lon="9.07351">
        <ele>521.75</ele>
      </trkpt>
      <trkpt lat="42.369034" lon="9.073255">
        <ele>522</ele>
      </trkpt>
      <trkpt lat="42.368955" lon="9.072992">
        <ele>526.75</ele>
      </trkpt>
      <trkpt lat="42.368935" lon="9.072704">
        <ele>531.5</ele>
      </trkpt>
      <trkpt lat="42.368891" lon="9.072579">
        <ele>532.75</ele>
      </trkpt>
      <trkpt lat="42.36863" lon="9.072286">
        <ele>532.5</ele>
      </trkpt>
      <trkpt lat="42.368297" lon="9.071788">
        <ele>529.5</ele>
      </trkpt>
      <trkpt lat="42.368186" lon="9.071597">
        <ele>534</ele>
      </trkpt>
      <trkpt lat="42.368115" lon="9.071429">
        <ele>537.75</ele>
      </trkpt>
      <trkpt lat="42.368054" lon="9.071204">
        <ele>540.75</ele>
      </trkpt>
      <trkpt lat="42.36799" lon="9.070754">
        <ele>544.75</ele>
      </trkpt>
      <trkpt lat="42.367918" lon="9.07044">
        <ele>547</ele>
      </trkpt>
      <trkpt lat="42.367869" lon="9.070117">
        <ele>549.5</ele>
      </trkpt>
      <trkpt lat="42.367809" lon="9.069974">
        <ele>548.75</ele>
      </trkpt>
      <trkpt lat="42.36766" lon="9.069779">
        <ele>546.75</ele>
      </trkpt>
      <trkpt lat="42.367474" lon="9.069504">
        <ele>545.25</ele>
      </trkpt>
      <trkpt lat="42.367266" lon="9.069246">
        <ele>547.75</ele>
      </trkpt>
      <trkpt lat="42.367147" lon="9.069056">
        <ele>550.25</ele>
      </trkpt>
      <trkpt lat="42.367043" lon="9.068942">
        <ele>551.25</ele>
      </trkpt>
      <trkpt lat="42.366985" lon="9.068892">
        <ele>551.25</ele>
      </trkpt>
      <trkpt lat="42.366915" lon="9.068882">
        <ele>549.75</ele>
      </trkpt>
      <trkpt lat="42.366794" lon="9.068891">
        <ele>546.25</ele>
      </trkpt>
      <trkpt lat="42.366715" lon="9.068884">
        <ele>544.25</ele>
      </trkpt>
      <trkpt lat="42.366618" lon="9.068837">
        <ele>543</ele>
      </trkpt>
      <trkpt lat="42.366388" lon="9.068821">
        <ele>538.25</ele>
      </trkpt>
      <trkpt lat="42.366311" lon="9.068792">
        <ele>537.25</ele>
      </trkpt>
      <trkpt lat="42.366219" lon="9.068725">
        <ele>536.75</ele>
      </trkpt>
      <trkpt lat="42.366179" lon="9.068709">
        <ele>536.25</ele>
      </trkpt>
      <trkpt lat="42.365756" lon="9.06861">
        <ele>532.5</ele>
      </trkpt>
      <trkpt lat="42.365489" lon="9.068549">
        <ele>537</ele>
      </trkpt>
      <trkpt lat="42.36542" lon="9.068506">
        <ele>537.5</ele>
      </trkpt>
      <trkpt lat="42.365367" lon="9.068445">
        <ele>537</ele>
      </trkpt>
      <trkpt lat="42.365243" lon="9.068244">
        <ele>537.75</ele>
      </trkpt>
      <trkpt lat="42.365117" lon="9.068125">
        <ele>541.75</ele>
      </trkpt>
      <trkpt lat="42.364631" lon="9.067699">
        <ele>555.25</ele>
      </trkpt>
      <trkpt lat="42.364264" lon="9.067492">
        <ele>553.75</ele>
      </trkpt>
      <trkpt lat="42.364189" lon="9.067483">
        <ele>553</ele>
      </trkpt>
      <trkpt lat="42.363983" lon="9.067484">
        <ele>552.75</ele>
      </trkpt>
      <trkpt lat="42.363838" lon="9.067408">
        <ele>556.5</ele>
      </trkpt>
      <trkpt lat="42.36373" lon="9.067369">
        <ele>558.5</ele>
      </trkpt>
      <trkpt lat="42.363268" lon="9.067327">
        <ele>559.75</ele>
      </trkpt>
      <trkpt lat="42.363189" lon="9.067303">
        <ele>559.75</ele>
      </trkpt>
      <trkpt lat="42.362757" lon="9.067047">
        <ele>564.5</ele>
      </trkpt>
      <trkpt lat="42.362606" lon="9.067008">
        <ele>563.75</ele>
      </trkpt>
      <trkpt lat="42.362473" lon="9.067002">
        <ele>562</ele>
      </trkpt>
      <trkpt lat="42.362388" lon="9.066975">
        <ele>561.5</ele>
      </trkpt>
      <trkpt lat="42.362285" lon="9.066884">
        <ele>562.25</ele>
      </trkpt>
      <trkpt lat="42.362088" lon="9.066766">
        <ele>560.25</ele>
      </trkpt>
      <trkpt lat="42.361572" lon="9.066481">
        <ele>558.25</ele>
      </trkpt>
      <trkpt lat="42.361424" lon="9.066416">
        <ele>559.5</ele>
      </trkpt>
      <trkpt lat="42.361352" lon="9.066342">
        <ele>561.25</ele>
      </trkpt>
      <trkpt lat="42.361157" lon="9.066094">
        <ele>565</ele>
      </trkpt>
      <trkpt lat="42.360978" lon="9.065775">
        <ele>567</ele>
      </trkpt>
      <trkpt lat="42.360921" lon="9.065705">
        <ele>567.5</ele>
      </trkpt>
      <trkpt lat="42.360822" lon="9.065611">
        <ele>567.75</ele>
      </trkpt>
      <trkpt lat="42.360767" lon="9.065531">
        <ele>570.25</ele>
      </trkpt>
      <trkpt lat="42.360679" lon="9.065337">
        <ele>575.75</ele>
      </trkpt>
      <trkpt lat="42.36037" lon="9.064929">
        <ele>575</ele>
      </trkpt>
      <trkpt lat="42.360274" lon="9.064838">
        <ele>573</ele>
      </trkpt>
      <trkpt lat="42.360122" lon="9.064741">
        <ele>568.25</ele>
      </trkpt>
      <trkpt lat="42.360042" lon="9.06468">
        <ele>565.75</ele>
      </trkpt>
      <trkpt lat="42.36" lon="9.06462">
        <ele>565.25</ele>
      </trkpt>
      <trkpt lat="42.35996" lon="9.064511">
        <ele>568.75</ele>
      </trkpt>
      <trkpt lat="42.359892" lon="9.0642">
        <ele>576.5</ele>
      </trkpt>
      <trkpt lat="42.359882" lon="9.06404">
        <ele>579</ele>
      </trkpt>
      <trkpt lat="42.359936" lon="9.06377">
        <ele>584.5</ele>
      </trkpt>
      <trkpt lat="42.35993" lon="9.063655">
        <ele>586.25</ele>
      </trkpt>
      <trkpt lat="42.359677" lon="9.062686">
        <ele>596.25</ele>
      </trkpt>
      <trkpt lat="42.359645" lon="9.062622">
        <ele>596</ele>
      </trkpt>
      <trkpt lat="42.359602" lon="9.062575">
        <ele>594.5</ele>
      </trkpt>
      <trkpt lat="42.359497" lon="9.062528">
        <ele>589</ele>
      </trkpt>
      <trkpt lat="42.359443" lon="9.062475">
        <ele>587</ele>
      </trkpt>
      <trkpt lat="42.359404" lon="9.062372">
        <ele>587.75</ele>
      </trkpt>
      <trkpt lat="42.359249" lon="9.061737">
        <ele>597.25</ele>
      </trkpt>
      <trkpt lat="42.359204" lon="9.061638">
        <ele>597</ele>
      </trkpt>
      <trkpt lat="42.359043" lon="9.061456">
        <ele>596</ele>
      </trkpt>
      <trkpt lat="42.358979" lon="9.061333">
        <ele>596.5</ele>
      </trkpt>
      <trkpt lat="42.358939" lon="9.061193">
        <ele>597.75</ele>
      </trkpt>
      <trkpt lat="42.358894" lon="9.060838">
        <ele>601</ele>
      </trkpt>
      <trkpt lat="42.358766" lon="9.060346">
        <ele>603.75</ele>
      </trkpt>
      <trkpt lat="42.358718" lon="9.059754">
        <ele>609.75</ele>
      </trkpt>
      <trkpt lat="42.35869" lon="9.059548">
        <ele>610.5</ele>
      </trkpt>
      <trkpt lat="42.35858" lon="9.059071">
        <ele>610.5</ele>
      </trkpt>
      <trkpt lat="42.358533" lon="9.058944">
        <ele>611</ele>
      </trkpt>
      <trkpt lat="42.358235" lon="9.058432">
        <ele>609.75</ele>
      </trkpt>
      <trkpt lat="42.358137" lon="9.058105">
        <ele>613.5</ele>
      </trkpt>
      <trkpt lat="42.358091" lon="9.058039">
        <ele>613.5</ele>
      </trkpt>
      <trkpt lat="42.358026" lon="9.058022">
        <ele>611.75</ele>
      </trkpt>
      <trkpt lat="42.357778" lon="9.058008">
        <ele>603.25</ele>
      </trkpt>
      <trkpt lat="42.357551" lon="9.057856">
        <ele>600</ele>
      </trkpt>
      <trkpt lat="42.357481" lon="9.057768">
        <ele>601</ele>
      </trkpt>
      <trkpt lat="42.357428" lon="9.057636">
        <ele>604.25</ele>
      </trkpt>
      <trkpt lat="42.357374" lon="9.057407">
        <ele>610.25</ele>
      </trkpt>
      <trkpt lat="42.357343" lon="9.057328">
        <ele>612.5</ele>
      </trkpt>
      <trkpt lat="42.357104" lon="9.057034">
        <ele>616.5</ele>
      </trkpt>
      <trkpt lat="42.357054" lon="9.056941">
        <ele>618.25</ele>
      </trkpt>
      <trkpt lat="42.356955" lon="9.056714">
        <ele>623</ele>
      </trkpt>
      <trkpt lat="42.356874" lon="9.056617">
        <ele>624.5</ele>
      </trkpt>
      <trkpt lat="42.356763" lon="9.056568">
        <ele>623.5</ele>
      </trkpt>
      <trkpt lat="42.356608" lon="9.056542">
        <ele>621.25</ele>
      </trkpt>
      <trkpt lat="42.356021" lon="9.056244">
        <ele>635.75</ele>
      </trkpt>
      <trkpt lat="42.355908" lon="9.0562">
        <ele>638.25</ele>
      </trkpt>
      <trkpt lat="42.355662" lon="9.056149">
        <ele>638.75</ele>
      </trkpt>
      <trkpt lat="42.35558" lon="9.056101">
        <ele>640.5</ele>
      </trkpt>
      <trkpt lat="42.355458" lon="9.05601">
        <ele>643.25</ele>
      </trkpt>
      <trkpt lat="42.355385" lon="9.055981">
        <ele>643</ele>
      </trkpt>
      <trkpt lat="42.355306" lon="9.055986">
        <ele>640.75</ele>
      </trkpt>
      <trkpt lat="42.355228" lon="9.056035">
        <ele>636.75</ele>
      </trkpt>
      <trkpt lat="42.35501" lon="9.056078">
        <ele>630.25</ele>
      </trkpt>
      <trkpt lat="42.354949" lon="9.056071">
        <ele>629.5</ele>
      </trkpt>
      <trkpt lat="42.354805" lon="9.055997">
        <ele>629.25</ele>
      </trkpt>
      <trkpt lat="42.354717" lon="9.055917">
        <ele>629.25</ele>
      </trkpt>
      <trkpt lat="42.354575" lon="9.055842">
        <ele>627</ele>
      </trkpt>
      <trkpt lat="42.354475" lon="9.055691">
        <ele>631.25</ele>
      </trkpt>
      <trkpt lat="42.35437" lon="9.055555">
        <ele>634.25</ele>
      </trkpt>
      <trkpt lat="42.354239" lon="9.05541">
        <ele>636</ele>
      </trkpt>
      <trkpt lat="42.354127" lon="9.055217">
        <ele>640</ele>
      </trkpt>
      <trkpt lat="42.354065" lon="9.055148">
        <ele>640.5</ele>
      </trkpt>
      <trkpt lat="42.353844" lon="9.055039">
        <ele>635</ele>
      </trkpt>
      <trkpt lat="42.353782" lon="9.054986">
        <ele>633</ele>
      </trkpt>
      <trkpt lat="42.353732" lon="9.054917">
        <ele>631.75</ele>
      </trkpt>
      <trkpt lat="42.353702" lon="9.054837">
        <ele>631.5</ele>
      </trkpt>
      <trkpt lat="42.353684" lon="9.054739">
        <ele>632</ele>
      </trkpt>
      <trkpt lat="42.353698" lon="9.054483">
        <ele>636.25</ele>
      </trkpt>
      <trkpt lat="42.353669" lon="9.054215">
        <ele>638.25</ele>
      </trkpt>
      <trkpt lat="42.353624" lon="9.054074">
        <ele>638.75</ele>
      </trkpt>
      <trkpt lat="42.353494" lon="9.053808">
        <ele>639</ele>
      </trkpt>
      <trkpt lat="42.35333" lon="9.05354">
        <ele>638.5</ele>
      </trkpt>
      <trkpt lat="42.35325" lon="9.053297">
        <ele>645</ele>
      </trkpt>
      <trkpt lat="42.353202" lon="9.053244">
        <ele>646.5</ele>
      </trkpt>
      <trkpt lat="42.353102" lon="9.05316">
        <ele>648.5</ele>
      </trkpt>
      <trkpt lat="42.353022" lon="9.053016">
        <ele>653.25</ele>
      </trkpt>
      <trkpt lat="42.352942" lon="9.052907">
        <ele>656.25</ele>
      </trkpt>
      <trkpt lat="42.352818" lon="9.052803">
        <ele>657.5</ele>
      </trkpt>
      <trkpt lat="42.352724" lon="9.052757">
        <ele>657</ele>
      </trkpt>
      <trkpt lat="42.352633" lon="9.052746">
        <ele>655</ele>
      </trkpt>
      <trkpt lat="42.352427" lon="9.052815">
        <ele>647.5</ele>
      </trkpt>
      <trkpt lat="42.352344" lon="9.052811">
        <ele>646.25</ele>
      </trkpt>
      <trkpt lat="42.352276" lon="9.05278">
        <ele>646</ele>
      </trkpt>
      <trkpt lat="42.35203" lon="9.05255">
        <ele>645.25</ele>
      </trkpt>
      <trkpt lat="42.351726" lon="9.052163">
        <ele>645.5</ele>
      </trkpt>
      <trkpt lat="42.351551" lon="9.051912">
        <ele>646.75</ele>
      </trkpt>
      <trkpt lat="42.351567" lon="9.051886">
        <ele>647.75</ele>
      </trkpt>
      <trkpt lat="42.351566" lon="9.051857">
        <ele>648.25</ele>
      </trkpt>
      <trkpt lat="42.351556" lon="9.051798">
        <ele>649.25</ele>
      </trkpt>
      <trkpt lat="42.351523" lon="9.051719">
        <ele>649.75</ele>
      </trkpt>
      <trkpt lat="42.351494" lon="9.051598">
        <ele>651.25</ele>
      </trkpt>
      <trkpt lat="42.351485" lon="9.051324">
        <ele>657</ele>
      </trkpt>
      <trkpt lat="42.351428" lon="9.050985">
        <ele>662</ele>
      </trkpt>
      <trkpt lat="42.351435" lon="9.050931">
        <ele>663.5</ele>
      </trkpt>
      <trkpt lat="42.351458" lon="9.050895">
        <ele>665.5</ele>
      </trkpt>
      <trkpt lat="42.351494" lon="9.050898">
        <ele>667</ele>
      </trkpt>
      <trkpt lat="42.351528" lon="9.050931">
        <ele>668</ele>
      </trkpt>
      <trkpt lat="42.351621" lon="9.051304">
        <ele>663.25</ele>
      </trkpt>
      <trkpt lat="42.35169" lon="9.051503">
        <ele>661</ele>
      </trkpt>
      <trkpt lat="42.351813" lon="9.051719">
        <ele>660</ele>
      </trkpt>
      <trkpt lat="42.352401" lon="9.052182">
        <ele>667.75</ele>
      </trkpt>
      <trkpt lat="42.35245" lon="9.052194">
        <ele>669</ele>
      </trkpt>
      <trkpt lat="42.352501" lon="9.052154">
        <ele>672</ele>
      </trkpt>
      <trkpt lat="42.352509" lon="9.052077">
        <ele>675</ele>
      </trkpt>
      <trkpt lat="42.352478" lon="9.052017">
        <ele>675.75</ele>
      </trkpt>
      <trkpt lat="42.352304" lon="9.051895">
        <ele>673.25</ele>
      </trkpt>
      <trkpt lat="42.352208" lon="9.051816">
        <ele>672.25</ele>
      </trkpt>
      <trkpt lat="42.352141" lon="9.051704">
        <ele>673</ele>
      </trkpt>
      <trkpt lat="42.352037" lon="9.051306">
        <ele>680.5</ele>
      </trkpt>
      <trkpt lat="42.351908" lon="9.050878">
        <ele>687</ele>
      </trkpt>
      <trkpt lat="42.351731" lon="9.050483">
        <ele>693.25</ele>
      </trkpt>
      <trkpt lat="42.351636" lon="9.050225">
        <ele>698.75</ele>
      </trkpt>
      <trkpt lat="42.351481" lon="9.04997">
        <ele>701.5</ele>
      </trkpt>
      <trkpt lat="42.351417" lon="9.049904">
        <ele>701.75</ele>
      </trkpt>
      <trkpt lat="42.351296" lon="9.04983">
        <ele>700</ele>
      </trkpt>
      <trkpt lat="42.351216" lon="9.049753">
        <ele>700.25</ele>
      </trkpt>
      <trkpt lat="42.351037" lon="9.049439">
        <ele>709</ele>
      </trkpt>
      <trkpt lat="42.350809" lon="9.049206">
        <ele>712.75</ele>
      </trkpt>
      <trkpt lat="42.350717" lon="9.049094">
        <ele>713.75</ele>
      </trkpt>
      <trkpt lat="42.350575" lon="9.048804">
        <ele>717.75</ele>
      </trkpt>
      <trkpt lat="42.350511" lon="9.048717">
        <ele>718.25</ele>
      </trkpt>
      <trkpt lat="42.350383" lon="9.048608">
        <ele>717.25</ele>
      </trkpt>
      <trkpt lat="42.350342" lon="9.048563">
        <ele>717.5</ele>
      </trkpt>
      <trkpt lat="42.350333" lon="9.048503">
        <ele>719</ele>
      </trkpt>
      <trkpt lat="42.350356" lon="9.048464">
        <ele>721.25</ele>
      </trkpt>
      <trkpt lat="42.350413" lon="9.048461">
        <ele>723</ele>
      </trkpt>
      <trkpt lat="42.350563" lon="9.048558">
        <ele>725</ele>
      </trkpt>
      <trkpt lat="42.350951" lon="9.048871">
        <ele>729.25</ele>
      </trkpt>
      <trkpt lat="42.351077" lon="9.049064">
        <ele>728</ele>
      </trkpt>
      <trkpt lat="42.35112" lon="9.049072">
        <ele>729.5</ele>
      </trkpt>
      <trkpt lat="42.351147" lon="9.049039">
        <ele>731.5</ele>
      </trkpt>
      <trkpt lat="42.351146" lon="9.048982">
        <ele>733.25</ele>
      </trkpt>
      <trkpt lat="42.351038" lon="9.048827">
        <ele>734</ele>
      </trkpt>
      <trkpt lat="42.35091" lon="9.048576">
        <ele>736.75</ele>
      </trkpt>
      <trkpt lat="42.350849" lon="9.048478">
        <ele>737.25</ele>
      </trkpt>
      <trkpt lat="42.350743" lon="9.048359">
        <ele>737.25</ele>
      </trkpt>
      <trkpt lat="42.350614" lon="9.048254">
        <ele>734.5</ele>
      </trkpt>
      <trkpt lat="42.350589" lon="9.048181">
        <ele>734.25</ele>
      </trkpt>
      <trkpt lat="42.3506" lon="9.0481">
        <ele>735.25</ele>
      </trkpt>
      <trkpt lat="42.350639" lon="9.048035">
        <ele>737</ele>
      </trkpt>
      <trkpt lat="42.350828" lon="9.047939">
        <ele>742.25</ele>
      </trkpt>
      <trkpt lat="42.350884" lon="9.047872">
        <ele>744.25</ele>
      </trkpt>
      <trkpt lat="42.350929" lon="9.047746">
        <ele>746.25</ele>
      </trkpt>
      <trkpt lat="42.350955" lon="9.047615">
        <ele>747.5</ele>
      </trkpt>
      <trkpt lat="42.350962" lon="9.047138">
        <ele>750.25</ele>
      </trkpt>
      <trkpt lat="42.351005" lon="9.046987">
        <ele>752.25</ele>
      </trkpt>
      <trkpt lat="42.351062" lon="9.04694">
        <ele>753.75</ele>
      </trkpt>
      <trkpt lat="42.351121" lon="9.046945">
        <ele>755</ele>
      </trkpt>
      <trkpt lat="42.351165" lon="9.046995">
        <ele>756</ele>
      </trkpt>
      <trkpt lat="42.3512" lon="9.047065">
        <ele>756.75</ele>
      </trkpt>
      <trkpt lat="42.351234" lon="9.047341">
        <ele>757</ele>
      </trkpt>
      <trkpt lat="42.351257" lon="9.047422">
        <ele>757.75</ele>
      </trkpt>
      <trkpt lat="42.351281" lon="9.047468">
        <ele>758.5</ele>
      </trkpt>
      <trkpt lat="42.35133" lon="9.047474">
        <ele>760</ele>
      </trkpt>
      <trkpt lat="42.351382" lon="9.047442">
        <ele>761.5</ele>
      </trkpt>
      <trkpt lat="42.351464" lon="9.047269">
        <ele>763.75</ele>
      </trkpt>
      <trkpt lat="42.351647" lon="9.046615">
        <ele>765.5</ele>
      </trkpt>
      <trkpt lat="42.351661" lon="9.046581">
        <ele>765.75</ele>
      </trkpt>
      <trkpt lat="42.351682" lon="9.046532">
        <ele>766</ele>
      </trkpt>
      <trkpt lat="42.351967" lon="9.046279">
        <ele>770</ele>
      </trkpt>
      <trkpt lat="42.352075" lon="9.046168">
        <ele>771.75</ele>
      </trkpt>
      <trkpt lat="42.352122" lon="9.046058">
        <ele>772.5</ele>
      </trkpt>
      <trkpt lat="42.352135" lon="9.045942">
        <ele>772.75</ele>
      </trkpt>
      <trkpt lat="42.352141" lon="9.04579">
        <ele>773</ele>
      </trkpt>
      <trkpt lat="42.352142" lon="9.045751">
        <ele>773.25</ele>
      </trkpt>
      <trkpt lat="42.352216" lon="9.045525">
        <ele>776</ele>
      </trkpt>
      <trkpt lat="42.352242" lon="9.045428">
        <ele>777.25</ele>
      </trkpt>
      <trkpt lat="42.352239" lon="9.045195">
        <ele>778.5</ele>
      </trkpt>
      <trkpt lat="42.352258" lon="9.045021">
        <ele>780</ele>
      </trkpt>
      <trkpt lat="42.352282" lon="9.04495">
        <ele>781.25</ele>
      </trkpt>
      <trkpt lat="42.352325" lon="9.044916">
        <ele>782.25</ele>
      </trkpt>
      <trkpt lat="42.352354" lon="9.044912">
        <ele>783</ele>
      </trkpt>
      <trkpt lat="42.352389" lon="9.044907">
        <ele>783.5</ele>
      </trkpt>
      <trkpt lat="42.35254" lon="9.044967">
        <ele>786</ele>
      </trkpt>
      <trkpt lat="42.352627" lon="9.045042">
        <ele>787.25</ele>
      </trkpt>
      <trkpt lat="42.35271" lon="9.045154">
        <ele>788.25</ele>
      </trkpt>
      <trkpt lat="42.35277" lon="9.045275">
        <ele>789</ele>
      </trkpt>
      <trkpt lat="42.353004" lon="9.045873">
        <ele>792</ele>
      </trkpt>
      <trkpt lat="42.353041" lon="9.045924">
        <ele>792.75</ele>
      </trkpt>
      <trkpt lat="42.353083" lon="9.045943">
        <ele>793.75</ele>
      </trkpt>
      <trkpt lat="42.353119" lon="9.045937">
        <ele>794.75</ele>
      </trkpt>
      <trkpt lat="42.35315" lon="9.045893">
        <ele>795.75</ele>
      </trkpt>
      <trkpt lat="42.353154" lon="9.045816">
        <ele>796.25</ele>
      </trkpt>
      <trkpt lat="42.353116" lon="9.045648">
        <ele>795.75</ele>
      </trkpt>
      <trkpt lat="42.353094" lon="9.045502">
        <ele>795.5</ele>
      </trkpt>
      <trkpt lat="42.353085" lon="9.045164">
        <ele>796.25</ele>
      </trkpt>
      <trkpt lat="42.353069" lon="9.044971">
        <ele>796.75</ele>
      </trkpt>
      <trkpt lat="42.353043" lon="9.044862">
        <ele>797.25</ele>
      </trkpt>
      <trkpt lat="42.352957" lon="9.044575">
        <ele>798</ele>
      </trkpt>
      <trkpt lat="42.352943" lon="9.044507">
        <ele>798.25</ele>
      </trkpt>
      <trkpt lat="42.352925" lon="9.044426">
        <ele>798.75</ele>
      </trkpt>
      <trkpt lat="42.352715" lon="9.043157">
        <ele>805</ele>
      </trkpt>
      <trkpt lat="42.352702" lon="9.043074">
        <ele>805.5</ele>
      </trkpt>
      <trkpt lat="42.352652" lon="9.042812">
        <ele>806.25</ele>
      </trkpt>
      <trkpt lat="42.352654" lon="9.042541">
        <ele>808.5</ele>
      </trkpt>
      <trkpt lat="42.352647" lon="9.042442">
        <ele>809.5</ele>
      </trkpt>
      <trkpt lat="42.352623" lon="9.042319">
        <ele>810.75</ele>
      </trkpt>
      <trkpt lat="42.352574" lon="9.042181">
        <ele>811.75</ele>
      </trkpt>
      <trkpt lat="42.352484" lon="9.042026">
        <ele>812.75</ele>
      </trkpt>
      <trkpt lat="42.352449" lon="9.041993">
        <ele>813</ele>
      </trkpt>
      <trkpt lat="42.352394" lon="9.041965">
        <ele>813</ele>
      </trkpt>
      <trkpt lat="42.35206" lon="9.041881">
        <ele>812</ele>
      </trkpt>
      <trkpt lat="42.351931" lon="9.041842">
        <ele>811.5</ele>
      </trkpt>
      <trkpt lat="42.351687" lon="9.04174">
        <ele>811</ele>
      </trkpt>
      <trkpt lat="42.351395" lon="9.04158">
        <ele>811.75</ele>
      </trkpt>
      <trkpt lat="42.351238" lon="9.041453">
        <ele>812.75</ele>
      </trkpt>
      <trkpt lat="42.350966" lon="9.041192">
        <ele>815.25</ele>
      </trkpt>
      <trkpt lat="42.350794" lon="9.041043">
        <ele>816.5</ele>
      </trkpt>
      <trkpt lat="42.350516" lon="9.040864">
        <ele>818.25</ele>
      </trkpt>
      <trkpt lat="42.350374" lon="9.040815">
        <ele>818.5</ele>
      </trkpt>
      <trkpt lat="42.350261" lon="9.040806">
        <ele>818.25</ele>
      </trkpt>
      <trkpt lat="42.34994" lon="9.040819">
        <ele>816.75</ele>
      </trkpt>
      <trkpt lat="42.349759" lon="9.040858">
        <ele>816</ele>
      </trkpt>
      <trkpt lat="42.349593" lon="9.040881">
        <ele>815.5</ele>
      </trkpt>
      <trkpt lat="42.349487" lon="9.040851">
        <ele>815.5</ele>
      </trkpt>
      <trkpt lat="42.349332" lon="9.040773">
        <ele>815.5</ele>
      </trkpt>
      <trkpt lat="42.348784" lon="9.040339">
        <ele>809</ele>
      </trkpt>
      <trkpt lat="42.348661" lon="9.040173">
        <ele>806.75</ele>
      </trkpt>
      <trkpt lat="42.348582" lon="9.040028">
        <ele>805.25</ele>
      </trkpt>
      <trkpt lat="42.348447" lon="9.039707">
        <ele>806.25</ele>
      </trkpt>
      <trkpt lat="42.348383" lon="9.039575">
        <ele>806.5</ele>
      </trkpt>
      <trkpt lat="42.348226" lon="9.039355">
        <ele>805.75</ele>
      </trkpt>
      <trkpt lat="42.347874" lon="9.03895">
        <ele>804.75</ele>
      </trkpt>
      <trkpt lat="42.347276" lon="9.038464">
        <ele>799.5</ele>
      </trkpt>
      <trkpt lat="42.346985" lon="9.038216">
        <ele>795</ele>
      </trkpt>
      <trkpt lat="42.346377" lon="9.037556">
        <ele>789.75</ele>
      </trkpt>
      <trkpt lat="42.345965" lon="9.037271">
        <ele>781.75</ele>
      </trkpt>
      <trkpt lat="42.345876" lon="9.037182">
        <ele>780.5</ele>
      </trkpt>
      <trkpt lat="42.345791" lon="9.037064">
        <ele>779.25</ele>
      </trkpt>
      <trkpt lat="42.345657" lon="9.036741">
        <ele>778</ele>
      </trkpt>
      <trkpt lat="42.345633" lon="9.036626">
        <ele>777.75</ele>
      </trkpt>
      <trkpt lat="42.345629" lon="9.036526">
        <ele>777.25</ele>
      </trkpt>
      <trkpt lat="42.345693" lon="9.036156">
        <ele>777.5</ele>
      </trkpt>
      <trkpt lat="42.345759" lon="9.035924">
        <ele>778.25</ele>
      </trkpt>
      <trkpt lat="42.345844" lon="9.035724">
        <ele>777.25</ele>
      </trkpt>
      <trkpt lat="42.345855" lon="9.035636">
        <ele>775.25</ele>
      </trkpt>
      <trkpt lat="42.345838" lon="9.035562">
        <ele>773</ele>
      </trkpt>
      <trkpt lat="42.345791" lon="9.035501">
        <ele>770.5</ele>
      </trkpt>
      <trkpt lat="42.345732" lon="9.035476">
        <ele>768.5</ele>
      </trkpt>
      <trkpt lat="42.345677" lon="9.035481">
        <ele>767.25</ele>
      </trkpt>
      <trkpt lat="42.345628" lon="9.035515">
        <ele>766.75</ele>
      </trkpt>
      <trkpt lat="42.345579" lon="9.035578">
        <ele>767</ele>
      </trkpt>
      <trkpt lat="42.345553" lon="9.03567">
        <ele>768.5</ele>
      </trkpt>
      <trkpt lat="42.34551" lon="9.036037">
        <ele>771.5</ele>
      </trkpt>
      <trkpt lat="42.345424" lon="9.036548">
        <ele>770.25</ele>
      </trkpt>
      <trkpt lat="42.345409" lon="9.037048">
        <ele>766.5</ele>
      </trkpt>
      <trkpt lat="42.345425" lon="9.037177">
        <ele>765.75</ele>
      </trkpt>
      <trkpt lat="42.34547" lon="9.037281">
        <ele>766.25</ele>
      </trkpt>
      <trkpt lat="42.345573" lon="9.037415">
        <ele>768.25</ele>
      </trkpt>
      <trkpt lat="42.345702" lon="9.037634">
        <ele>769</ele>
      </trkpt>
      <trkpt lat="42.345713" lon="9.037694">
        <ele>768.25</ele>
      </trkpt>
      <trkpt lat="42.345699" lon="9.03774">
        <ele>766.75</ele>
      </trkpt>
      <trkpt lat="42.345666" lon="9.037762">
        <ele>765.5</ele>
      </trkpt>
      <trkpt lat="42.345624" lon="9.03776">
        <ele>764.25</ele>
      </trkpt>
      <trkpt lat="42.345558" lon="9.037723">
        <ele>762.75</ele>
      </trkpt>
      <trkpt lat="42.345424" lon="9.037567">
        <ele>761.5</ele>
      </trkpt>
      <trkpt lat="42.345363" lon="9.037463">
        <ele>761</ele>
      </trkpt>
      <trkpt lat="42.345321" lon="9.037341">
        <ele>760.75</ele>
      </trkpt>
      <trkpt lat="42.34527" lon="9.037161">
        <ele>760.75</ele>
      </trkpt>
      <trkpt lat="42.345182" lon="9.036694">
        <ele>762</ele>
      </trkpt>
      <trkpt lat="42.345118" lon="9.036318">
        <ele>760</ele>
      </trkpt>
      <trkpt lat="42.345035" lon="9.035421">
        <ele>750.75</ele>
      </trkpt>
      <trkpt lat="42.345052" lon="9.035303">
        <ele>749</ele>
      </trkpt>
      <trkpt lat="42.345101" lon="9.035198">
        <ele>748.25</ele>
      </trkpt>
      <trkpt lat="42.345174" lon="9.035112">
        <ele>748.25</ele>
      </trkpt>
      <trkpt lat="42.345362" lon="9.034928">
        <ele>747.5</ele>
      </trkpt>
      <trkpt lat="42.345442" lon="9.03487">
        <ele>746.75</ele>
      </trkpt>
      <trkpt lat="42.345532" lon="9.034831">
        <ele>747</ele>
      </trkpt>
      <trkpt lat="42.345642" lon="9.034818">
        <ele>748.5</ele>
      </trkpt>
      <trkpt lat="42.345838" lon="9.034842">
        <ele>752.75</ele>
      </trkpt>
      <trkpt lat="42.345922" lon="9.034845">
        <ele>754</ele>
      </trkpt>
      <trkpt lat="42.346011" lon="9.034825">
        <ele>754.5</ele>
      </trkpt>
      <trkpt lat="42.346307" lon="9.034712">
        <ele>754.25</ele>
      </trkpt>
      <trkpt lat="42.346427" lon="9.034657">
        <ele>753.75</ele>
      </trkpt>
      <trkpt lat="42.346515" lon="9.034589">
        <ele>752.5</ele>
      </trkpt>
      <trkpt lat="42.346656" lon="9.03445">
        <ele>749.25</ele>
      </trkpt>
      <trkpt lat="42.346758" lon="9.03433">
        <ele>748.25</ele>
      </trkpt>
      <trkpt lat="42.346829" lon="9.034214">
        <ele>747.25</ele>
      </trkpt>
      <trkpt lat="42.346885" lon="9.034124">
        <ele>746.75</ele>
      </trkpt>
      <trkpt lat="42.346994" lon="9.033971">
        <ele>749</ele>
      </trkpt>
      <trkpt lat="42.347139" lon="9.033821">
        <ele>753</ele>
      </trkpt>
      <trkpt lat="42.347182" lon="9.033728">
        <ele>753.75</ele>
      </trkpt>
      <trkpt lat="42.347192" lon="9.033646">
        <ele>753</ele>
      </trkpt>
      <trkpt lat="42.347172" lon="9.033484">
        <ele>750.5</ele>
      </trkpt>
      <trkpt lat="42.347144" lon="9.033327">
        <ele>747.5</ele>
      </trkpt>
      <trkpt lat="42.347101" lon="9.033159">
        <ele>745.5</ele>
      </trkpt>
      <trkpt lat="42.347044" lon="9.033011">
        <ele>743</ele>
      </trkpt>
      <trkpt lat="42.346871" lon="9.032757">
        <ele>736.5</ele>
      </trkpt>
      <trkpt lat="42.346814" lon="9.032659">
        <ele>734.5</ele>
      </trkpt>
      <trkpt lat="42.346751" lon="9.032495">
        <ele>732.75</ele>
      </trkpt>
      <trkpt lat="42.346711" lon="9.032413">
        <ele>733</ele>
      </trkpt>
      <trkpt lat="42.346663" lon="9.032372">
        <ele>732.5</ele>
      </trkpt>
      <trkpt lat="42.346604" lon="9.032355">
        <ele>734</ele>
      </trkpt>
      <trkpt lat="42.346552" lon="9.032379">
        <ele>734.75</ele>
      </trkpt>
      <trkpt lat="42.346527" lon="9.032439">
        <ele>734</ele>
      </trkpt>
      <trkpt lat="42.346527" lon="9.032502">
        <ele>732.75</ele>
      </trkpt>
      <trkpt lat="42.346553" lon="9.032555">
        <ele>731.75</ele>
      </trkpt>
      <trkpt lat="42.346745" lon="9.032767">
        <ele>731.75</ele>
      </trkpt>
      <trkpt lat="42.346808" lon="9.032877">
        <ele>733.75</ele>
      </trkpt>
      <trkpt lat="42.346868" lon="9.033047">
        <ele>736</ele>
      </trkpt>
      <trkpt lat="42.346915" lon="9.033194">
        <ele>737.75</ele>
      </trkpt>
      <trkpt lat="42.346936" lon="9.033335">
        <ele>738.5</ele>
      </trkpt>
      <trkpt lat="42.346919" lon="9.033472">
        <ele>739.5</ele>
      </trkpt>
      <trkpt lat="42.346881" lon="9.033566">
        <ele>739.25</ele>
      </trkpt>
      <trkpt lat="42.346823" lon="9.033628">
        <ele>737.5</ele>
      </trkpt>
      <trkpt lat="42.346633" lon="9.033731">
        <ele>732.25</ele>
      </trkpt>
      <trkpt lat="42.34644" lon="9.033911">
        <ele>732.5</ele>
      </trkpt>
      <trkpt lat="42.346369" lon="9.033965">
        <ele>732.25</ele>
      </trkpt>
      <trkpt lat="42.34629" lon="9.03399">
        <ele>731.75</ele>
      </trkpt>
      <trkpt lat="42.34604" lon="9.033984">
        <ele>728.5</ele>
      </trkpt>
      <trkpt lat="42.345858" lon="9.03401">
        <ele>726.5</ele>
      </trkpt>
      <trkpt lat="42.345776" lon="9.033983">
        <ele>725.5</ele>
      </trkpt>
      <trkpt lat="42.345787" lon="9.033901">
        <ele>725.25</ele>
      </trkpt>
      <trkpt lat="42.34581" lon="9.033647">
        <ele>724.5</ele>
      </trkpt>
      <trkpt lat="42.345815" lon="9.033542">
        <ele>724</ele>
      </trkpt>
      <trkpt lat="42.345803" lon="9.033465">
        <ele>723.75</ele>
      </trkpt>
      <trkpt lat="42.345762" lon="9.033378">
        <ele>723.5</ele>
      </trkpt>
      <trkpt lat="42.345682" lon="9.033289">
        <ele>725.25</ele>
      </trkpt>
      <trkpt lat="42.345598" lon="9.033222">
        <ele>728.25</ele>
      </trkpt>
      <trkpt lat="42.345513" lon="9.033188">
        <ele>730.25</ele>
      </trkpt>
      <trkpt lat="42.345401" lon="9.033171">
        <ele>732</ele>
      </trkpt>
      <trkpt lat="42.34518" lon="9.03317">
        <ele>734.25</ele>
      </trkpt>
      <trkpt lat="42.345047" lon="9.033191">
        <ele>734.5</ele>
      </trkpt>
      <trkpt lat="42.344918" lon="9.033236">
        <ele>733.5</ele>
      </trkpt>
      <trkpt lat="42.344571" lon="9.033484">
        <ele>728.25</ele>
      </trkpt>
      <trkpt lat="42.344491" lon="9.033502">
        <ele>728</ele>
      </trkpt>
      <trkpt lat="42.344197" lon="9.033528">
        <ele>728.25</ele>
      </trkpt>
      <trkpt lat="42.344089" lon="9.033527">
        <ele>729.75</ele>
      </trkpt>
      <trkpt lat="42.343794" lon="9.033485">
        <ele>735.5</ele>
      </trkpt>
      <trkpt lat="42.343672" lon="9.03349">
        <ele>737.25</ele>
      </trkpt>
      <trkpt lat="42.34354" lon="9.033532">
        <ele>738</ele>
      </trkpt>
      <trkpt lat="42.343415" lon="9.033603">
        <ele>737.75</ele>
      </trkpt>
      <trkpt lat="42.343086" lon="9.033938">
        <ele>729.5</ele>
      </trkpt>
      <trkpt lat="42.342993" lon="9.034">
        <ele>728.25</ele>
      </trkpt>
      <trkpt lat="42.342919" lon="9.034027">
        <ele>728.25</ele>
      </trkpt>
      <trkpt lat="42.34284" lon="9.034025">
        <ele>728.75</ele>
      </trkpt>
      <trkpt lat="42.342715" lon="9.033987">
        <ele>731</ele>
      </trkpt>
      <trkpt lat="42.342463" lon="9.033851">
        <ele>736</ele>
      </trkpt>
      <trkpt lat="42.342367" lon="9.033774">
        <ele>736.25</ele>
      </trkpt>
      <trkpt lat="42.342278" lon="9.033691">
        <ele>737</ele>
      </trkpt>
      <trkpt lat="42.342192" lon="9.03356">
        <ele>738.75</ele>
      </trkpt>
      <trkpt lat="42.341694" lon="9.032711">
        <ele>746.5</ele>
      </trkpt>
      <trkpt lat="42.341577" lon="9.032494">
        <ele>747.5</ele>
      </trkpt>
      <trkpt lat="42.341501" lon="9.032315">
        <ele>748.75</ele>
      </trkpt>
      <trkpt lat="42.341433" lon="9.032034">
        <ele>751.75</ele>
      </trkpt>
      <trkpt lat="42.341179" lon="9.031365">
        <ele>757</ele>
      </trkpt>
      <trkpt lat="42.341062" lon="9.031135">
        <ele>758.25</ele>
      </trkpt>
      <trkpt lat="42.34097" lon="9.031029">
        <ele>758.25</ele>
      </trkpt>
      <trkpt lat="42.340863" lon="9.030951">
        <ele>757.25</ele>
      </trkpt>
      <trkpt lat="42.34026" lon="9.030649">
        <ele>759</ele>
      </trkpt>
      <trkpt lat="42.339742" lon="9.030488">
        <ele>759.5</ele>
      </trkpt>
      <trkpt lat="42.339477" lon="9.030418">
        <ele>759.25</ele>
      </trkpt>
      <trkpt lat="42.339359" lon="9.030387">
        <ele>759</ele>
      </trkpt>
      <trkpt lat="42.339257" lon="9.030319">
        <ele>759.75</ele>
      </trkpt>
      <trkpt lat="42.339171" lon="9.030224">
        <ele>761</ele>
      </trkpt>
      <trkpt lat="42.338927" lon="9.029823">
        <ele>765.25</ele>
      </trkpt>
      <trkpt lat="42.33864" lon="9.029395">
        <ele>768.75</ele>
      </trkpt>
      <trkpt lat="42.33839" lon="9.029048">
        <ele>771.75</ele>
      </trkpt>
      <trkpt lat="42.338164" lon="9.028803">
        <ele>774.25</ele>
      </trkpt>
      <trkpt lat="42.338043" lon="9.028728">
        <ele>774.25</ele>
      </trkpt>
      <trkpt lat="42.337543" lon="9.0285">
        <ele>771.25</ele>
      </trkpt>
      <trkpt lat="42.337423" lon="9.028417">
        <ele>771.25</ele>
      </trkpt>
      <trkpt lat="42.337316" lon="9.028323">
        <ele>771.5</ele>
      </trkpt>
      <trkpt lat="42.337192" lon="9.028175">
        <ele>772.75</ele>
      </trkpt>
      <trkpt lat="42.336977" lon="9.027852">
        <ele>776.5</ele>
      </trkpt>
      <trkpt lat="42.336863" lon="9.027707">
        <ele>777.75</ele>
      </trkpt>
      <trkpt lat="42.336637" lon="9.027546">
        <ele>777.5</ele>
      </trkpt>
      <trkpt lat="42.33652" lon="9.027446">
        <ele>778.5</ele>
      </trkpt>
      <trkpt lat="42.336338" lon="9.027231">
        <ele>781</ele>
      </trkpt>
      <trkpt lat="42.336224" lon="9.027144">
        <ele>781.75</ele>
      </trkpt>
      <trkpt lat="42.336093" lon="9.027093">
        <ele>781.75</ele>
      </trkpt>
      <trkpt lat="42.335923" lon="9.02704">
        <ele>781.25</ele>
      </trkpt>
      <trkpt lat="42.335844" lon="9.026999">
        <ele>781.5</ele>
      </trkpt>
      <trkpt lat="42.335743" lon="9.02692">
        <ele>781.25</ele>
      </trkpt>
      <trkpt lat="42.335666" lon="9.026849">
        <ele>781.5</ele>
      </trkpt>
      <trkpt lat="42.335562" lon="9.026734">
        <ele>782.25</ele>
      </trkpt>
      <trkpt lat="42.335443" lon="9.026569">
        <ele>783.25</ele>
      </trkpt>
      <trkpt lat="42.335205" lon="9.026219">
        <ele>784.75</ele>
      </trkpt>
      <trkpt lat="42.33511" lon="9.026069">
        <ele>785.75</ele>
      </trkpt>
      <trkpt lat="42.335042" lon="9.025923">
        <ele>787</ele>
      </trkpt>
      <trkpt lat="42.334992" lon="9.025781">
        <ele>788.5</ele>
      </trkpt>
      <trkpt lat="42.334774" lon="9.025042">
        <ele>794.75</ele>
      </trkpt>
      <trkpt lat="42.334728" lon="9.024916">
        <ele>795.25</ele>
      </trkpt>
      <trkpt lat="42.334675" lon="9.024807">
        <ele>795.5</ele>
      </trkpt>
      <trkpt lat="42.334594" lon="9.024696">
        <ele>795.25</ele>
      </trkpt>
      <trkpt lat="42.334422" lon="9.024531">
        <ele>793.5</ele>
      </trkpt>
      <trkpt lat="42.334351" lon="9.024426">
        <ele>793.25</ele>
      </trkpt>
      <trkpt lat="42.334294" lon="9.024312">
        <ele>793.25</ele>
      </trkpt>
      <trkpt lat="42.334253" lon="9.024181">
        <ele>793.75</ele>
      </trkpt>
      <trkpt lat="42.334198" lon="9.023717">
        <ele>797.5</ele>
      </trkpt>
      <trkpt lat="42.334158" lon="9.023516">
        <ele>798.75</ele>
      </trkpt>
      <trkpt lat="42.334001" lon="9.02307">
        <ele>802</ele>
      </trkpt>
      <trkpt lat="42.333863" lon="9.022776">
        <ele>804.25</ele>
      </trkpt>
      <trkpt lat="42.33369" lon="9.022452">
        <ele>806.25</ele>
      </trkpt>
      <trkpt lat="42.333234" lon="9.021618">
        <ele>811.5</ele>
      </trkpt>
      <trkpt lat="42.333167" lon="9.021469">
        <ele>811.5</ele>
      </trkpt>
      <trkpt lat="42.333129" lon="9.021345">
        <ele>811.5</ele>
      </trkpt>
      <trkpt lat="42.333108" lon="9.021222">
        <ele>811.75</ele>
      </trkpt>
      <trkpt lat="42.333108" lon="9.021056">
        <ele>812</ele>
      </trkpt>
      <trkpt lat="42.333151" lon="9.020895">
        <ele>812.5</ele>
      </trkpt>
      <trkpt lat="42.333219" lon="9.020749">
        <ele>812</ele>
      </trkpt>
      <trkpt lat="42.33329" lon="9.020625">
        <ele>811</ele>
      </trkpt>
      <trkpt lat="42.333719" lon="9.019969">
        <ele>810.75</ele>
      </trkpt>
      <trkpt lat="42.334054" lon="9.019474">
        <ele>811</ele>
      </trkpt>
      <trkpt lat="42.334159" lon="9.019362">
        <ele>811.5</ele>
      </trkpt>
      <trkpt lat="42.33422" lon="9.019319">
        <ele>811.5</ele>
      </trkpt>
      <trkpt lat="42.334304" lon="9.019277">
        <ele>811.75</ele>
      </trkpt>
      <trkpt lat="42.334626" lon="9.0192">
        <ele>813.5</ele>
      </trkpt>
      <trkpt lat="42.334657" lon="9.019193">
        <ele>813.75</ele>
      </trkpt>
      <trkpt lat="42.334882" lon="9.019144">
        <ele>814.75</ele>
      </trkpt>
      <trkpt lat="42.335248" lon="9.019037">
        <ele>816</ele>
      </trkpt>
      <trkpt lat="42.335486" lon="9.018973">
        <ele>816.75</ele>
      </trkpt>
      <trkpt lat="42.335637" lon="9.018945">
        <ele>817.5</ele>
      </trkpt>
      <trkpt lat="42.335763" lon="9.018948">
        <ele>818.25</ele>
      </trkpt>
      <trkpt lat="42.335891" lon="9.01898">
        <ele>819</ele>
      </trkpt>
      <trkpt lat="42.336336" lon="9.01909">
        <ele>819.75</ele>
      </trkpt>
      <trkpt lat="42.33647" lon="9.019116">
        <ele>820</ele>
      </trkpt>
      <trkpt lat="42.33656" lon="9.019101">
        <ele>820</ele>
      </trkpt>
      <trkpt lat="42.336637" lon="9.019064">
        <ele>820.25</ele>
      </trkpt>
      <trkpt lat="42.336708" lon="9.018995">
        <ele>821</ele>
      </trkpt>
      <trkpt lat="42.336758" lon="9.018895">
        <ele>822</ele>
      </trkpt>
      <trkpt lat="42.336804" lon="9.018765">
        <ele>823</ele>
      </trkpt>
      <trkpt lat="42.336825" lon="9.018603">
        <ele>824.25</ele>
      </trkpt>
      <trkpt lat="42.336825" lon="9.018491">
        <ele>824.75</ele>
      </trkpt>
      <trkpt lat="42.336806" lon="9.018374">
        <ele>825</ele>
      </trkpt>
      <trkpt lat="42.336379" lon="9.017052">
        <ele>827.25</ele>
      </trkpt>
      <trkpt lat="42.336276" lon="9.016709">
        <ele>827</ele>
      </trkpt>
      <trkpt lat="42.336235" lon="9.016425">
        <ele>828</ele>
      </trkpt>
      <trkpt lat="42.336148" lon="9.014943">
        <ele>835.75</ele>
      </trkpt>
      <trkpt lat="42.336123" lon="9.014212">
        <ele>840</ele>
      </trkpt>
      <trkpt lat="42.336097" lon="9.014115">
        <ele>840.25</ele>
      </trkpt>
      <trkpt lat="42.33606" lon="9.014045">
        <ele>840.25</ele>
      </trkpt>
      <trkpt lat="42.33599" lon="9.013985">
        <ele>839.5</ele>
      </trkpt>
      <trkpt lat="42.33578" lon="9.013846">
        <ele>838</ele>
      </trkpt>
      <trkpt lat="42.335605" lon="9.013762">
        <ele>837.25</ele>
      </trkpt>
      <trkpt lat="42.335485" lon="9.013677">
        <ele>837</ele>
      </trkpt>
      <trkpt lat="42.3354" lon="9.013559">
        <ele>837.25</ele>
      </trkpt>
      <trkpt lat="42.335349" lon="9.013451">
        <ele>837.75</ele>
      </trkpt>
      <trkpt lat="42.335312" lon="9.01334">
        <ele>838.5</ele>
      </trkpt>
      <trkpt lat="42.335284" lon="9.013111">
        <ele>840.25</ele>
      </trkpt>
      <trkpt lat="42.335229" lon="9.012212">
        <ele>846.75</ele>
      </trkpt>
      <trkpt lat="42.335182" lon="9.011721">
        <ele>850</ele>
      </trkpt>
      <trkpt lat="42.335158" lon="9.011596">
        <ele>850.75</ele>
      </trkpt>
      <trkpt lat="42.335111" lon="9.01147">
        <ele>851</ele>
      </trkpt>
      <trkpt lat="42.334794" lon="9.010797">
        <ele>853.25</ele>
      </trkpt>
      <trkpt lat="42.334736" lon="9.010672">
        <ele>853.75</ele>
      </trkpt>
      <trkpt lat="42.334421" lon="9.009853">
        <ele>856.25</ele>
      </trkpt>
      <trkpt lat="42.334266" lon="9.009322">
        <ele>857</ele>
      </trkpt>
      <trkpt lat="42.334215" lon="9.009172">
        <ele>857</ele>
      </trkpt>
      <trkpt lat="42.334195" lon="9.009112">
        <ele>857.25</ele>
      </trkpt>
      <trkpt lat="42.333945" lon="9.008636">
        <ele>859</ele>
      </trkpt>
      <trkpt lat="42.333932" lon="9.00861">
        <ele>859.25</ele>
      </trkpt>
      <trkpt lat="42.333686" lon="9.00812">
        <ele>860.75</ele>
      </trkpt>
      <trkpt lat="42.333412" lon="9.007613">
        <ele>860.25</ele>
      </trkpt>
      <trkpt lat="42.333337" lon="9.007388">
        <ele>860.25</ele>
      </trkpt>
      <trkpt lat="42.333293" lon="9.007134">
        <ele>860.75</ele>
      </trkpt>
      <trkpt lat="42.333554" lon="9.00697">
        <ele>862.5</ele>
      </trkpt>
      <trkpt lat="42.333614" lon="9.006896">
        <ele>863.25</ele>
      </trkpt>
      <trkpt lat="42.333651" lon="9.006787">
        <ele>864</ele>
      </trkpt>
      <trkpt lat="42.333699" lon="9.006387">
        <ele>865.25</ele>
      </trkpt>
      <trkpt lat="42.333776" lon="9.00601">
        <ele>866.5</ele>
      </trkpt>
      <trkpt lat="42.333799" lon="9.005832">
        <ele>867</ele>
      </trkpt>
      <trkpt lat="42.33378" lon="9.005042">
        <ele>870.75</ele>
      </trkpt>
      <trkpt lat="42.333787" lon="9.004789">
        <ele>872</ele>
      </trkpt>
      <trkpt lat="42.333817" lon="9.004688">
        <ele>873.25</ele>
      </trkpt>
      <trkpt lat="42.333851" lon="9.004653">
        <ele>874</ele>
      </trkpt>
      <trkpt lat="42.333898" lon="9.004659">
        <ele>875</ele>
      </trkpt>
      <trkpt lat="42.333954" lon="9.004712">
        <ele>876</ele>
      </trkpt>
      <trkpt lat="42.334223" lon="9.005238">
        <ele>877.5</ele>
      </trkpt>
      <trkpt lat="42.334846" lon="9.006131">
        <ele>884</ele>
      </trkpt>
      <trkpt lat="42.33539" lon="9.006668">
        <ele>889.75</ele>
      </trkpt>
      <trkpt lat="42.335773" lon="9.006928">
        <ele>893.5</ele>
      </trkpt>
      <trkpt lat="42.336226" lon="9.007277">
        <ele>896.5</ele>
      </trkpt>
      <trkpt lat="42.336393" lon="9.007368">
        <ele>898.25</ele>
      </trkpt>
      <trkpt lat="42.336551" lon="9.007414">
        <ele>900.25</ele>
      </trkpt>
      <trkpt lat="42.33685" lon="9.007474">
        <ele>905.5</ele>
      </trkpt>
      <trkpt lat="42.336978" lon="9.007531">
        <ele>907.75</ele>
      </trkpt>
      <trkpt lat="42.337167" lon="9.007767">
        <ele>909.5</ele>
      </trkpt>
      <trkpt lat="42.337333" lon="9.008196">
        <ele>908.75</ele>
      </trkpt>
      <trkpt lat="42.337414" lon="9.008367">
        <ele>908.5</ele>
      </trkpt>
      <trkpt lat="42.337718" lon="9.008746">
        <ele>910</ele>
      </trkpt>
      <trkpt lat="42.337858" lon="9.008856">
        <ele>911.5</ele>
      </trkpt>
      <trkpt lat="42.338111" lon="9.009012">
        <ele>915</ele>
      </trkpt>
      <trkpt lat="42.338336" lon="9.009184">
        <ele>917.75</ele>
      </trkpt>
      <trkpt lat="42.338529" lon="9.009354">
        <ele>919.75</ele>
      </trkpt>
      <trkpt lat="42.339218" lon="9.010034">
        <ele>924.5</ele>
      </trkpt>
      <trkpt lat="42.339497" lon="9.010248">
        <ele>923</ele>
      </trkpt>
      <trkpt lat="42.339657" lon="9.010326">
        <ele>923</ele>
      </trkpt>
      <trkpt lat="42.339745" lon="9.010337">
        <ele>923.75</ele>
      </trkpt>
      <trkpt lat="42.339835" lon="9.010272">
        <ele>925.5</ele>
      </trkpt>
      <trkpt lat="42.339891" lon="9.010143">
        <ele>928</ele>
      </trkpt>
      <trkpt lat="42.339944" lon="9.009975">
        <ele>930.5</ele>
      </trkpt>
      <trkpt lat="42.339965" lon="9.009733">
        <ele>932</ele>
      </trkpt>
      <trkpt lat="42.33993" lon="9.009529">
        <ele>933</ele>
      </trkpt>
      <trkpt lat="42.339859" lon="9.009313">
        <ele>934.25</ele>
      </trkpt>
      <trkpt lat="42.339779" lon="9.009173">
        <ele>935.25</ele>
      </trkpt>
      <trkpt lat="42.339678" lon="9.00908">
        <ele>936</ele>
      </trkpt>
      <trkpt lat="42.339393" lon="9.008923">
        <ele>938</ele>
      </trkpt>
      <trkpt lat="42.339268" lon="9.008766">
        <ele>939.75</ele>
      </trkpt>
      <trkpt lat="42.339216" lon="9.008588">
        <ele>941.5</ele>
      </trkpt>
      <trkpt lat="42.339102" lon="9.007281">
        <ele>953.75</ele>
      </trkpt>
      <trkpt lat="42.33907" lon="9.006992">
        <ele>956.25</ele>
      </trkpt>
      <trkpt lat="42.339028" lon="9.006836">
        <ele>957</ele>
      </trkpt>
      <trkpt lat="42.338908" lon="9.006516">
        <ele>958</ele>
      </trkpt>
      <trkpt lat="42.338826" lon="9.00615">
        <ele>959.25</ele>
      </trkpt>
      <trkpt lat="42.33875" lon="9.005671">
        <ele>961</ele>
      </trkpt>
      <trkpt lat="42.338729" lon="9.005415">
        <ele>962.5</ele>
      </trkpt>
      <trkpt lat="42.338729" lon="9.003872">
        <ele>967.75</ele>
      </trkpt>
      <trkpt lat="42.338772" lon="9.003722">
        <ele>967.75</ele>
      </trkpt>
      <trkpt lat="42.338843" lon="9.003607">
        <ele>968.5</ele>
      </trkpt>
      <trkpt lat="42.339208" lon="9.003442">
        <ele>972</ele>
      </trkpt>
      <trkpt lat="42.339748" lon="9.003256">
        <ele>975</ele>
      </trkpt>
      <trkpt lat="42.339815" lon="9.003264">
        <ele>975.5</ele>
      </trkpt>
      <trkpt lat="42.340046" lon="9.003383">
        <ele>978.75</ele>
      </trkpt>
      <trkpt lat="42.340122" lon="9.00343">
        <ele>979.75</ele>
      </trkpt>
      <trkpt lat="42.34016" lon="9.003512">
        <ele>980.5</ele>
      </trkpt>
      <trkpt lat="42.340268" lon="9.003995">
        <ele>984.75</ele>
      </trkpt>
      <trkpt lat="42.340359" lon="9.004156">
        <ele>986</ele>
      </trkpt>
      <trkpt lat="42.340828" lon="9.004613">
        <ele>987.25</ele>
      </trkpt>
      <trkpt lat="42.340917" lon="9.004653">
        <ele>987.75</ele>
      </trkpt>
      <trkpt lat="42.341009" lon="9.004634">
        <ele>988.25</ele>
      </trkpt>
      <trkpt lat="42.341086" lon="9.00457">
        <ele>988.5</ele>
      </trkpt>
      <trkpt lat="42.341325" lon="9.004262">
        <ele>990.5</ele>
      </trkpt>
      <trkpt lat="42.341409" lon="9.004138">
        <ele>991.25</ele>
      </trkpt>
      <trkpt lat="42.34148" lon="9.004078">
        <ele>992</ele>
      </trkpt>
      <trkpt lat="42.34175" lon="9.004082">
        <ele>994</ele>
      </trkpt>
      <trkpt lat="42.342805" lon="9.004232">
        <ele>1003.75</ele>
      </trkpt>
      <trkpt lat="42.343037" lon="9.004313">
        <ele>1006.25</ele>
      </trkpt>
      <trkpt lat="42.344438" lon="9.004983">
        <ele>1019.75</ele>
      </trkpt>
      <trkpt lat="42.344821" lon="9.00527">
        <ele>1020</ele>
      </trkpt>
      <trkpt lat="42.345564" lon="9.005698">
        <ele>1027.25</ele>
      </trkpt>
      <trkpt lat="42.34599" lon="9.006266">
        <ele>1026.75</ele>
      </trkpt>
      <trkpt lat="42.346271" lon="9.006574">
        <ele>1026.75</ele>
      </trkpt>
      <trkpt lat="42.346621" lon="9.006956">
        <ele>1029</ele>
      </trkpt>
      <trkpt lat="42.346672" lon="9.007012">
        <ele>1029.75</ele>
      </trkpt>
      <trkpt lat="42.346741" lon="9.007123">
        <ele>1030.75</ele>
      </trkpt>
      <trkpt lat="42.346776" lon="9.007287">
        <ele>1030.25</ele>
      </trkpt>
      <trkpt lat="42.346789" lon="9.00755">
        <ele>1029</ele>
      </trkpt>
      <trkpt lat="42.34678" lon="9.008572">
        <ele>1033.25</ele>
      </trkpt>
      <trkpt lat="42.346795" lon="9.009017">
        <ele>1035.5</ele>
      </trkpt>
      <trkpt lat="42.346788" lon="9.009382">
        <ele>1036.25</ele>
      </trkpt>
      <trkpt lat="42.346816" lon="9.009478">
        <ele>1037.25</ele>
      </trkpt>
      <trkpt lat="42.346858" lon="9.009518">
        <ele>1038.5</ele>
      </trkpt>
      <trkpt lat="42.346897" lon="9.009516">
        <ele>1039.75</ele>
      </trkpt>
      <trkpt lat="42.346931" lon="9.00987">
        <ele>1041</ele>
      </trkpt>
      <trkpt lat="42.346997" lon="9.010446">
        <ele>1043.25</ele>
      </trkpt>
      <trkpt lat="42.347077" lon="9.010817">
        <ele>1045.75</ele>
      </trkpt>
      <trkpt lat="42.347163" lon="9.011148">
        <ele>1048.25</ele>
      </trkpt>
      <trkpt lat="42.34716" lon="9.011426">
        <ele>1048.5</ele>
      </trkpt>
      <trkpt lat="42.347287" lon="9.011727">
        <ele>1051.75</ele>
      </trkpt>
      <trkpt lat="42.347669" lon="9.012397">
        <ele>1056.25</ele>
      </trkpt>
      <trkpt lat="42.34788" lon="9.012651">
        <ele>1060.25</ele>
      </trkpt>
    </trkseg>
  </trk>
</gpx>
