<?xml version="1.0" encoding="UTF-8"?>
<gpx version="1.1" creator="La Strada" xmlns="http://www.topografix.com/GPX/1/1" xmlns:lastrada="https://lastrada.app/gpx/1">
  <metadata><name>Negyedik nap Lozzi _ San-Lorenzo.gpx.gpx</name>
    <extensions>
      <lastrada:route>
        <lastrada:turns>
          <lastrada:turn lat="42.346730" lon="9.009750" type="KEEP_RIGHT" dist_m="358"/>
          <lastrada:turn lat="42.346830" lon="9.009420" type="BEAR_LEFT" dist_m="387"/>
          <lastrada:turn lat="42.333400" lon="9.007010" type="TURN_LEFT" dist_m="3278"/>
          <lastrada:turn lat="42.345780" lon="9.033980" type="TURN_RIGHT" dist_m="6853"/>
          <lastrada:turn lat="42.383830" lon="9.137600" type="BEAR_RIGHT" dist_m="19105"/>
          <lastrada:turn lat="42.395830" lon="9.191620" type="TURN_LEFT" dist_m="25170"/>
          <lastrada:turn lat="42.397870" lon="9.192170" type="TURN_RIGHT" dist_m="25409"/>
          <lastrada:turn lat="42.399490" lon="9.244900" type="TURN_RIGHT" dist_m="35466"/>
          <lastrada:turn lat="42.387950" lon="9.256920" type="TURN_LEFT" dist_m="39235"/>
          <lastrada:turn lat="42.388830" lon="9.258350" type="SHARP_RIGHT" dist_m="39604"/>
          <lastrada:turn lat="42.382380" lon="9.287440" type="SHARP_LEFT" dist_m="42976"/>
          <lastrada:turn lat="42.383980" lon="9.288950" type="TURN_LEFT" dist_m="43630"/>
          <lastrada:turn lat="42.384450" lon="9.289620" type="TURN_LEFT" dist_m="44112"/>
          <lastrada:turn lat="42.412010" lon="9.282390" type="TURN_RIGHT" dist_m="50650"/>
          <lastrada:turn lat="42.433150" lon="9.292780" type="BEAR_RIGHT" dist_m="59387"/>
          <lastrada:turn lat="42.463140" lon="9.207110" type="TURN_LEFT" dist_m="72562"/>
          <lastrada:turn lat="42.462280" lon="9.206400" type="ROUNDABOUT_LEFT" dist_m="72677"/>
          <lastrada:turn lat="42.482630" lon="9.197800" type="TURN_RIGHT" dist_m="75312"/>
          <lastrada:turn lat="42.477240" lon="9.219860" type="TURN_RIGHT" dist_m="78404"/>
          <lastrada:turn lat="42.477240" lon="9.219860" type="TURN_LEFT" dist_m="78579"/>
          <lastrada:turn lat="42.482630" lon="9.197800" type="TURN_LEFT" dist_m="81671"/>
          <lastrada:turn lat="42.479920" lon="9.197020" type="TURN_RIGHT" dist_m="81988"/>
          <lastrada:turn lat="42.472480" lon="9.127350" type="BEAR_LEFT" dist_m="88161"/>
          <lastrada:turn lat="42.469940" lon="9.121190" type="KEEP_RIGHT" dist_m="88744"/>
          <lastrada:turn lat="42.467980" lon="9.113250" type="KEEP_LEFT" dist_m="89447"/>
          <lastrada:turn lat="42.455100" lon="9.035530" type="SHARP_RIGHT" dist_m="98563"/>
          <lastrada:turn lat="42.449250" lon="9.029090" type="SHARP_LEFT" dist_m="100299"/>
          <lastrada:turn lat="42.450130" lon="9.030280" type="TURN_LEFT" dist_m="100446"/>
          <lastrada:turn lat="42.450420" lon="9.030600" type="BEAR_LEFT" dist_m="100488"/>
          <lastrada:turn lat="42.450420" lon="9.030600" type="BEAR_RIGHT" dist_m="100924"/>
          <lastrada:turn lat="42.450130" lon="9.030280" type="TURN_LEFT" dist_m="100966"/>
          <lastrada:turn lat="42.450130" lon="9.030280" type="TURN_LEFT" dist_m="102713"/>
          <lastrada:turn lat="42.449260" lon="9.029210" type="TURN_RIGHT" dist_m="102850"/>
          <lastrada:turn lat="42.449250" lon="9.029090" type="TURN_LEFT" dist_m="102860"/>
          <lastrada:turn lat="42.413950" lon="8.945710" type="BEAR_RIGHT" dist_m="111781"/>
          <lastrada:turn lat="42.442430" lon="9.006430" type="BEAR_LEFT" dist_m="128177"/>
          <lastrada:turn lat="42.449250" lon="9.029090" type="TURN_RIGHT" dist_m="130447"/>
          <lastrada:turn lat="42.449250" lon="9.029090" type="TURN_RIGHT" dist_m="130467"/>
          <lastrada:turn lat="42.453230" lon="9.029730" type="BEAR_LEFT" dist_m="131043"/>
          <lastrada:turn lat="42.455100" lon="9.035530" type="SHARP_LEFT" dist_m="132203"/>
          <lastrada:turn lat="42.469350" lon="9.119900" type="TURN_RIGHT" dist_m="141896"/>
          <lastrada:turn lat="42.469350" lon="9.119900" type="TURN_RIGHT" dist_m="143113"/>
          <lastrada:turn lat="42.479920" lon="9.197020" type="TURN_RIGHT" dist_m="149995"/>
          <lastrada:turn lat="42.462230" lon="9.206190" type="ROUNDABOUT_CROSS" dist_m="152216"/>
          <lastrada:turn lat="42.446150" lon="9.197710" type="TURN_RIGHT" dist_m="154479"/>
          <lastrada:turn lat="42.345780" lon="9.033980" type="TURN_LEFT" dist_m="183162"/>
          <lastrada:turn lat="42.333400" lon="9.007010" type="TURN_RIGHT" dist_m="186737"/>
          <lastrada:turn lat="42.346830" lon="9.009420" type="BEAR_RIGHT" dist_m="189628"/>
        </lastrada:turns>
      </lastrada:route>
    </extensions>
  </metadata>
  <wpt lat="42.3465000" lon="9.0135580">
    <name>Pont 1</name>
    <desc>La Strada hozzáadott pont · szerep: start</desc>
  </wpt>
  <wpt lat="42.3463620" lon="9.0136070">
    <name>Pont 748</name>
    <desc>La Strada hozzáadott pont · szerep: dest</desc>
  </wpt>
  <trk>
    <name>Negyedik nap Lozzi _ San-Lorenzo.gpx.gpx</name>
    <trkseg>
      <trkpt lat="42.3465100" lon="9.0135900">
        <ele>0.0</ele>
      </trkpt>
      <trkpt lat="42.3464500" lon="9.0136100">
        <ele>0.0</ele>
      </trkpt>
      <trkpt lat="42.3463800" lon="9.0136400">
        <ele>0.0</ele>
      </trkpt>
      <trkpt lat="42.3463000" lon="9.0136700">
        <ele>0.0</ele>
      </trkpt>
      <trkpt lat="42.3462500" lon="9.0136600">
        <ele>0.0</ele>
      </trkpt>
      <trkpt lat="42.3462300" lon="9.0136400">
        <ele>0.0</ele>
      </trkpt>
      <trkpt lat="42.3462100" lon="9.0136000">
        <ele>0.0</ele>
      </trkpt>
      <trkpt lat="42.3462100" lon="9.0135500">
        <ele>0.0</ele>
      </trkpt>
      <trkpt lat="42.3462300" lon="9.0133300">
        <ele>0.0</ele>
      </trkpt>
      <trkpt lat="42.3463300" lon="9.0125600">
        <ele>0.0</ele>
      </trkpt>
      <trkpt lat="42.3464700" lon="9.0117300">
        <ele>0.0</ele>
      </trkpt>
      <trkpt lat="42.3466200" lon="9.0105900">
        <ele>0.0</ele>
      </trkpt>
      <trkpt lat="42.3467300" lon="9.0097500">
        <ele>0.0</ele>
      </trkpt>
      <trkpt lat="42.3468300" lon="9.0094200">
        <ele>0.0</ele>
      </trkpt>
      <trkpt lat="42.3468200" lon="9.0093900">
        <ele>0.0</ele>
      </trkpt>
      <trkpt lat="42.3468100" lon="9.0092900">
        <ele>0.0</ele>
      </trkpt>
      <trkpt lat="42.3468000" lon="9.0091100">
        <ele>0.0</ele>
      </trkpt>
      <trkpt lat="42.3468000" lon="9.0087900">
        <ele>0.0</ele>
      </trkpt>
      <trkpt lat="42.3467900" lon="9.0074200">
        <ele>0.0</ele>
      </trkpt>
      <trkpt lat="42.3467800" lon="9.0073300">
        <ele>0.0</ele>
      </trkpt>
      <trkpt lat="42.3467600" lon="9.0071800">
        <ele>0.0</ele>
      </trkpt>
      <trkpt lat="42.3467500" lon="9.0071200">
        <ele>0.0</ele>
      </trkpt>
      <trkpt lat="42.3467000" lon="9.0070300">
        <ele>0.0</ele>
      </trkpt>
      <trkpt lat="42.3460300" lon="9.0063100">
        <ele>0.0</ele>
      </trkpt>
      <trkpt lat="42.3458100" lon="9.0060500">
        <ele>0.0</ele>
      </trkpt>
      <trkpt lat="42.3456500" lon="9.0058300">
        <ele>0.0</ele>
      </trkpt>
      <trkpt lat="42.3455200" lon="9.0056800">
        <ele>0.0</ele>
      </trkpt>
      <trkpt lat="42.3454900" lon="9.0056500">
        <ele>0.0</ele>
      </trkpt>
      <trkpt lat="42.3453600" lon="9.0055500">
        <ele>0.0</ele>
      </trkpt>
      <trkpt lat="42.3451500" lon="9.0054500">
        <ele>0.0</ele>
      </trkpt>
      <trkpt lat="42.3448300" lon="9.0052800">
        <ele>0.0</ele>
      </trkpt>
      <trkpt lat="42.3447800" lon="9.0052500">
        <ele>0.0</ele>
      </trkpt>
      <trkpt lat="42.3444800" lon="9.0050400">
        <ele>0.0</ele>
      </trkpt>
      <trkpt lat="42.3444500" lon="9.0050200">
        <ele>0.0</ele>
      </trkpt>
      <trkpt lat="42.3439500" lon="9.0047700">
        <ele>0.0</ele>
      </trkpt>
      <trkpt lat="42.3437600" lon="9.0046700">
        <ele>0.0</ele>
      </trkpt>
      <trkpt lat="42.3429600" lon="9.0042700">
        <ele>0.0</ele>
      </trkpt>
      <trkpt lat="42.3428900" lon="9.0042500">
        <ele>0.0</ele>
      </trkpt>
      <trkpt lat="42.3428100" lon="9.0042200">
        <ele>0.0</ele>
      </trkpt>
      <trkpt lat="42.3424200" lon="9.0041600">
        <ele>0.0</ele>
      </trkpt>
      <trkpt lat="42.3420300" lon="9.0041200">
        <ele>0.0</ele>
      </trkpt>
      <trkpt lat="42.3415700" lon="9.0040700">
        <ele>0.0</ele>
      </trkpt>
      <trkpt lat="42.3415400" lon="9.0040800">
        <ele>0.0</ele>
      </trkpt>
      <trkpt lat="42.3415000" lon="9.0040900">
        <ele>0.0</ele>
      </trkpt>
      <trkpt lat="42.3414800" lon="9.0041000">
        <ele>0.0</ele>
      </trkpt>
      <trkpt lat="42.3414500" lon="9.0041300">
        <ele>0.0</ele>
      </trkpt>
      <trkpt lat="42.3413500" lon="9.0042300">
        <ele>0.0</ele>
      </trkpt>
      <trkpt lat="42.3413100" lon="9.0042900">
        <ele>0.0</ele>
      </trkpt>
      <trkpt lat="42.3410900" lon="9.0045500">
        <ele>0.0</ele>
      </trkpt>
      <trkpt lat="42.3410500" lon="9.0046000">
        <ele>0.0</ele>
      </trkpt>
      <trkpt lat="42.3410200" lon="9.0046200">
        <ele>0.0</ele>
      </trkpt>
      <trkpt lat="42.3409800" lon="9.0046300">
        <ele>0.0</ele>
      </trkpt>
      <trkpt lat="42.3409500" lon="9.0046400">
        <ele>0.0</ele>
      </trkpt>
      <trkpt lat="42.3409100" lon="9.0046400">
        <ele>0.0</ele>
      </trkpt>
      <trkpt lat="42.3408700" lon="9.0046300">
        <ele>0.0</ele>
      </trkpt>
      <trkpt lat="42.3408400" lon="9.0046200">
        <ele>0.0</ele>
      </trkpt>
      <trkpt lat="42.3408100" lon="9.0045900">
        <ele>0.0</ele>
      </trkpt>
      <trkpt lat="42.3403600" lon="9.0042000">
        <ele>0.0</ele>
      </trkpt>
      <trkpt lat="42.3403200" lon="9.0041500">
        <ele>0.0</ele>
      </trkpt>
      <trkpt lat="42.3402800" lon="9.0041000">
        <ele>0.0</ele>
      </trkpt>
      <trkpt lat="42.3402500" lon="9.0040400">
        <ele>0.0</ele>
      </trkpt>
      <trkpt lat="42.3401800" lon="9.0038500">
        <ele>0.0</ele>
      </trkpt>
      <trkpt lat="42.3401300" lon="9.0036200">
        <ele>0.0</ele>
      </trkpt>
      <trkpt lat="42.3401000" lon="9.0035500">
        <ele>0.0</ele>
      </trkpt>
      <trkpt lat="42.3399600" lon="9.0033900">
        <ele>0.0</ele>
      </trkpt>
      <trkpt lat="42.3398800" lon="9.0033200">
        <ele>0.0</ele>
      </trkpt>
      <trkpt lat="42.3397900" lon="9.0032800">
        <ele>0.0</ele>
      </trkpt>
      <trkpt lat="42.3397500" lon="9.0032800">
        <ele>0.0</ele>
      </trkpt>
      <trkpt lat="42.3397200" lon="9.0032700">
        <ele>0.0</ele>
      </trkpt>
      <trkpt lat="42.3395900" lon="9.0032900">
        <ele>0.0</ele>
      </trkpt>
      <trkpt lat="42.3393900" lon="9.0033400">
        <ele>0.0</ele>
      </trkpt>
      <trkpt lat="42.3391200" lon="9.0034300">
        <ele>0.0</ele>
      </trkpt>
      <trkpt lat="42.3389700" lon="9.0034900">
        <ele>0.0</ele>
      </trkpt>
      <trkpt lat="42.3389200" lon="9.0035200">
        <ele>0.0</ele>
      </trkpt>
      <trkpt lat="42.3388700" lon="9.0035600">
        <ele>0.0</ele>
      </trkpt>
      <trkpt lat="42.3387500" lon="9.0037300">
        <ele>0.0</ele>
      </trkpt>
      <trkpt lat="42.3387100" lon="9.0038600">
        <ele>0.0</ele>
      </trkpt>
      <trkpt lat="42.3387000" lon="9.0040300">
        <ele>0.0</ele>
      </trkpt>
      <trkpt lat="42.3386900" lon="9.0053800">
        <ele>0.0</ele>
      </trkpt>
      <trkpt lat="42.3387100" lon="9.0056300">
        <ele>0.0</ele>
      </trkpt>
      <trkpt lat="42.3388600" lon="9.0062400">
        <ele>0.0</ele>
      </trkpt>
      <trkpt lat="42.3390200" lon="9.0067800">
        <ele>0.0</ele>
      </trkpt>
      <trkpt lat="42.3390700" lon="9.0070200">
        <ele>0.0</ele>
      </trkpt>
      <trkpt lat="42.3391600" lon="9.0076700">
        <ele>0.0</ele>
      </trkpt>
      <trkpt lat="42.3391900" lon="9.0080200">
        <ele>0.0</ele>
      </trkpt>
      <trkpt lat="42.3392100" lon="9.0083900">
        <ele>0.0</ele>
      </trkpt>
      <trkpt lat="42.3392600" lon="9.0087000">
        <ele>0.0</ele>
      </trkpt>
      <trkpt lat="42.3393100" lon="9.0087900">
        <ele>0.0</ele>
      </trkpt>
      <trkpt lat="42.3393200" lon="9.0088200">
        <ele>0.0</ele>
      </trkpt>
      <trkpt lat="42.3394000" lon="9.0089100">
        <ele>0.0</ele>
      </trkpt>
      <trkpt lat="42.3395500" lon="9.0090100">
        <ele>0.0</ele>
      </trkpt>
      <trkpt lat="42.3396300" lon="9.0090500">
        <ele>0.0</ele>
      </trkpt>
      <trkpt lat="42.3397100" lon="9.0091200">
        <ele>0.0</ele>
      </trkpt>
      <trkpt lat="42.3398100" lon="9.0092400">
        <ele>0.0</ele>
      </trkpt>
      <trkpt lat="42.3399100" lon="9.0094300">
        <ele>0.0</ele>
      </trkpt>
      <trkpt lat="42.3399700" lon="9.0096200">
        <ele>0.0</ele>
      </trkpt>
      <trkpt lat="42.3399900" lon="9.0097800">
        <ele>0.0</ele>
      </trkpt>
      <trkpt lat="42.3399800" lon="9.0099800">
        <ele>0.0</ele>
      </trkpt>
      <trkpt lat="42.3399300" lon="9.0101900">
        <ele>0.0</ele>
      </trkpt>
      <trkpt lat="42.3399000" lon="9.0102500">
        <ele>0.0</ele>
      </trkpt>
      <trkpt lat="42.3398300" lon="9.0103300">
        <ele>0.0</ele>
      </trkpt>
      <trkpt lat="42.3397400" lon="9.0103600">
        <ele>0.0</ele>
      </trkpt>
      <trkpt lat="42.3396600" lon="9.0103500">
        <ele>0.0</ele>
      </trkpt>
      <trkpt lat="42.3395600" lon="9.0103100">
        <ele>0.0</ele>
      </trkpt>
      <trkpt lat="42.3393800" lon="9.0101900">
        <ele>0.0</ele>
      </trkpt>
      <trkpt lat="42.3392100" lon="9.0100500">
        <ele>0.0</ele>
      </trkpt>
      <trkpt lat="42.3391800" lon="9.0100300">
        <ele>0.0</ele>
      </trkpt>
      <trkpt lat="42.3386700" lon="9.0094800">
        <ele>0.0</ele>
      </trkpt>
      <trkpt lat="42.3384600" lon="9.0092900">
        <ele>0.0</ele>
      </trkpt>
      <trkpt lat="42.3382400" lon="9.0091200">
        <ele>0.0</ele>
      </trkpt>
      <trkpt lat="42.3380000" lon="9.0089600">
        <ele>0.0</ele>
      </trkpt>
      <trkpt lat="42.3377700" lon="9.0087900">
        <ele>0.0</ele>
      </trkpt>
      <trkpt lat="42.3377400" lon="9.0087600">
        <ele>0.0</ele>
      </trkpt>
      <trkpt lat="42.3376100" lon="9.0086200">
        <ele>0.0</ele>
      </trkpt>
      <trkpt lat="42.3375100" lon="9.0084800">
        <ele>0.0</ele>
      </trkpt>
      <trkpt lat="42.3371900" lon="9.0078000">
        <ele>0.0</ele>
      </trkpt>
      <trkpt lat="42.3370500" lon="9.0076000">
        <ele>0.0</ele>
      </trkpt>
      <trkpt lat="42.3369600" lon="9.0075200">
        <ele>0.0</ele>
      </trkpt>
      <trkpt lat="42.3368100" lon="9.0074700">
        <ele>0.0</ele>
      </trkpt>
      <trkpt lat="42.3365700" lon="9.0074100">
        <ele>0.0</ele>
      </trkpt>
      <trkpt lat="42.3363600" lon="9.0073400">
        <ele>0.0</ele>
      </trkpt>
      <trkpt lat="42.3360600" lon="9.0071600">
        <ele>0.0</ele>
      </trkpt>
      <trkpt lat="42.3356400" lon="9.0068700">
        <ele>0.0</ele>
      </trkpt>
      <trkpt lat="42.3351100" lon="9.0064100">
        <ele>0.0</ele>
      </trkpt>
      <trkpt lat="42.3347300" lon="9.0059900">
        <ele>0.0</ele>
      </trkpt>
      <trkpt lat="42.3345800" lon="9.0056800">
        <ele>0.0</ele>
      </trkpt>
      <trkpt lat="42.3344400" lon="9.0054300">
        <ele>0.0</ele>
      </trkpt>
      <trkpt lat="42.3342700" lon="9.0050500">
        <ele>0.0</ele>
      </trkpt>
      <trkpt lat="42.3341500" lon="9.0048600">
        <ele>0.0</ele>
      </trkpt>
      <trkpt lat="42.3341000" lon="9.0046500">
        <ele>0.0</ele>
      </trkpt>
      <trkpt lat="42.3340800" lon="9.0046100">
        <ele>0.0</ele>
      </trkpt>
      <trkpt lat="42.3340200" lon="9.0045900">
        <ele>0.0</ele>
      </trkpt>
      <trkpt lat="42.3339200" lon="9.0045900">
        <ele>0.0</ele>
      </trkpt>
      <trkpt lat="42.3338800" lon="9.0046300">
        <ele>0.0</ele>
      </trkpt>
      <trkpt lat="42.3338500" lon="9.0047100">
        <ele>0.0</ele>
      </trkpt>
      <trkpt lat="42.3338500" lon="9.0050800">
        <ele>0.0</ele>
      </trkpt>
      <trkpt lat="42.3338600" lon="9.0053300">
        <ele>0.0</ele>
      </trkpt>
      <trkpt lat="42.3338900" lon="9.0054900">
        <ele>0.0</ele>
      </trkpt>
      <trkpt lat="42.3338900" lon="9.0055500">
        <ele>0.0</ele>
      </trkpt>
      <trkpt lat="42.3338800" lon="9.0058800">
        <ele>0.0</ele>
      </trkpt>
      <trkpt lat="42.3338500" lon="9.0060700">
        <ele>0.0</ele>
      </trkpt>
      <trkpt lat="42.3337400" lon="9.0067600">
        <ele>0.0</ele>
      </trkpt>
      <trkpt lat="42.3337000" lon="9.0068400">
        <ele>0.0</ele>
      </trkpt>
      <trkpt lat="42.3336000" lon="9.0069100">
        <ele>0.0</ele>
      </trkpt>
      <trkpt lat="42.3334000" lon="9.0070100">
        <ele>0.0</ele>
      </trkpt>
      <trkpt lat="42.3334000" lon="9.0073000">
        <ele>0.0</ele>
      </trkpt>
      <trkpt lat="42.3334400" lon="9.0075600">
        <ele>0.0</ele>
      </trkpt>
      <trkpt lat="42.3334900" lon="9.0077100">
        <ele>0.0</ele>
      </trkpt>
      <trkpt lat="42.3336800" lon="9.0080800">
        <ele>0.0</ele>
      </trkpt>
      <trkpt lat="42.3339100" lon="9.0085100">
        <ele>0.0</ele>
      </trkpt>
      <trkpt lat="42.3340300" lon="9.0087200">
        <ele>0.0</ele>
      </trkpt>
      <trkpt lat="42.3340600" lon="9.0087900">
        <ele>0.0</ele>
      </trkpt>
      <trkpt lat="42.3341700" lon="9.0090400">
        <ele>0.0</ele>
      </trkpt>
      <trkpt lat="42.3342200" lon="9.0091600">
        <ele>0.0</ele>
      </trkpt>
      <trkpt lat="42.3342700" lon="9.0092900">
        <ele>0.0</ele>
      </trkpt>
      <trkpt lat="42.3344700" lon="9.0099300">
        <ele>0.0</ele>
      </trkpt>
      <trkpt lat="42.3348600" lon="9.0107900">
        <ele>0.0</ele>
      </trkpt>
      <trkpt lat="42.3351800" lon="9.0115000">
        <ele>0.0</ele>
      </trkpt>
      <trkpt lat="42.3352100" lon="9.0116100">
        <ele>0.0</ele>
      </trkpt>
      <trkpt lat="42.3352400" lon="9.0117200">
        <ele>0.0</ele>
      </trkpt>
      <trkpt lat="42.3352800" lon="9.0122000">
        <ele>0.0</ele>
      </trkpt>
      <trkpt lat="42.3353200" lon="9.0126700">
        <ele>0.0</ele>
      </trkpt>
      <trkpt lat="42.3353400" lon="9.0128700">
        <ele>0.0</ele>
      </trkpt>
      <trkpt lat="42.3354100" lon="9.0133200">
        <ele>0.0</ele>
      </trkpt>
      <trkpt lat="42.3354800" lon="9.0134900">
        <ele>0.0</ele>
      </trkpt>
      <trkpt lat="42.3355400" lon="9.0135800">
        <ele>0.0</ele>
      </trkpt>
      <trkpt lat="42.3357700" lon="9.0137900">
        <ele>0.0</ele>
      </trkpt>
      <trkpt lat="42.3359400" lon="9.0139500">
        <ele>0.0</ele>
      </trkpt>
      <trkpt lat="42.3360500" lon="9.0140400">
        <ele>0.0</ele>
      </trkpt>
      <trkpt lat="42.3361300" lon="9.0141500">
        <ele>0.0</ele>
      </trkpt>
      <trkpt lat="42.3361600" lon="9.0150000">
        <ele>0.0</ele>
      </trkpt>
      <trkpt lat="42.3362200" lon="9.0159000">
        <ele>0.0</ele>
      </trkpt>
      <trkpt lat="42.3362700" lon="9.0164200">
        <ele>0.0</ele>
      </trkpt>
      <trkpt lat="42.3363000" lon="9.0166600">
        <ele>0.0</ele>
      </trkpt>
      <trkpt lat="42.3363900" lon="9.0170100">
        <ele>0.0</ele>
      </trkpt>
      <trkpt lat="42.3365200" lon="9.0174000">
        <ele>0.0</ele>
      </trkpt>
      <trkpt lat="42.3368100" lon="9.0182900">
        <ele>0.0</ele>
      </trkpt>
      <trkpt lat="42.3368500" lon="9.0185200">
        <ele>0.0</ele>
      </trkpt>
      <trkpt lat="42.3368500" lon="9.0185600">
        <ele>0.0</ele>
      </trkpt>
      <trkpt lat="42.3368200" lon="9.0187500">
        <ele>0.0</ele>
      </trkpt>
      <trkpt lat="42.3367800" lon="9.0188400">
        <ele>0.0</ele>
      </trkpt>
      <trkpt lat="42.3367400" lon="9.0189200">
        <ele>0.0</ele>
      </trkpt>
      <trkpt lat="42.3367000" lon="9.0190100">
        <ele>0.0</ele>
      </trkpt>
      <trkpt lat="42.3365900" lon="9.0190900">
        <ele>0.0</ele>
      </trkpt>
      <trkpt lat="42.3365600" lon="9.0190900">
        <ele>0.0</ele>
      </trkpt>
      <trkpt lat="42.3363900" lon="9.0190900">
        <ele>0.0</ele>
      </trkpt>
      <trkpt lat="42.3358600" lon="9.0189400">
        <ele>0.0</ele>
      </trkpt>
      <trkpt lat="42.3356500" lon="9.0189400">
        <ele>0.0</ele>
      </trkpt>
      <trkpt lat="42.3353700" lon="9.0189900">
        <ele>0.0</ele>
      </trkpt>
      <trkpt lat="42.3351600" lon="9.0190500">
        <ele>0.0</ele>
      </trkpt>
      <trkpt lat="42.3348700" lon="9.0191300">
        <ele>0.0</ele>
      </trkpt>
      <trkpt lat="42.3347800" lon="9.0191600">
        <ele>0.0</ele>
      </trkpt>
      <trkpt lat="42.3346600" lon="9.0191900">
        <ele>0.0</ele>
      </trkpt>
      <trkpt lat="42.3343800" lon="9.0192600">
        <ele>0.0</ele>
      </trkpt>
      <trkpt lat="42.3341600" lon="9.0193700">
        <ele>0.0</ele>
      </trkpt>
      <trkpt lat="42.3340600" lon="9.0194500">
        <ele>0.0</ele>
      </trkpt>
      <trkpt lat="42.3339200" lon="9.0196600">
        <ele>0.0</ele>
      </trkpt>
      <trkpt lat="42.3337600" lon="9.0198800">
        <ele>0.0</ele>
      </trkpt>
      <trkpt lat="42.3335000" lon="9.0202900">
        <ele>0.0</ele>
      </trkpt>
      <trkpt lat="42.3333500" lon="9.0205100">
        <ele>0.0</ele>
      </trkpt>
      <trkpt lat="42.3332500" lon="9.0206600">
        <ele>0.0</ele>
      </trkpt>
      <trkpt lat="42.3331900" lon="9.0207900">
        <ele>0.0</ele>
      </trkpt>
      <trkpt lat="42.3331400" lon="9.0209400">
        <ele>0.0</ele>
      </trkpt>
      <trkpt lat="42.3331200" lon="9.0210300">
        <ele>0.0</ele>
      </trkpt>
      <trkpt lat="42.3331100" lon="9.0211300">
        <ele>0.0</ele>
      </trkpt>
      <trkpt lat="42.3331000" lon="9.0212100">
        <ele>0.0</ele>
      </trkpt>
      <trkpt lat="42.3331200" lon="9.0213100">
        <ele>0.0</ele>
      </trkpt>
      <trkpt lat="42.3331700" lon="9.0214700">
        <ele>0.0</ele>
      </trkpt>
      <trkpt lat="42.3333200" lon="9.0217700">
        <ele>0.0</ele>
      </trkpt>
      <trkpt lat="42.3333900" lon="9.0218700">
        <ele>0.0</ele>
      </trkpt>
      <trkpt lat="42.3336100" lon="9.0222400">
        <ele>0.0</ele>
      </trkpt>
      <trkpt lat="42.3338100" lon="9.0226300">
        <ele>0.0</ele>
      </trkpt>
      <trkpt lat="42.3340100" lon="9.0230500">
        <ele>0.0</ele>
      </trkpt>
      <trkpt lat="42.3341200" lon="9.0234200">
        <ele>0.0</ele>
      </trkpt>
      <trkpt lat="42.3341900" lon="9.0236900">
        <ele>0.0</ele>
      </trkpt>
      <trkpt lat="42.3342300" lon="9.0239700">
        <ele>0.0</ele>
      </trkpt>
      <trkpt lat="42.3342700" lon="9.0241500">
        <ele>0.0</ele>
      </trkpt>
      <trkpt lat="42.3343200" lon="9.0243500">
        <ele>0.0</ele>
      </trkpt>
      <trkpt lat="42.3343400" lon="9.0243800">
        <ele>0.0</ele>
      </trkpt>
      <trkpt lat="42.3343900" lon="9.0244800">
        <ele>0.0</ele>
      </trkpt>
      <trkpt lat="42.3345600" lon="9.0247100">
        <ele>0.0</ele>
      </trkpt>
      <trkpt lat="42.3347000" lon="9.0249100">
        <ele>0.0</ele>
      </trkpt>
      <trkpt lat="42.3348600" lon="9.0253900">
        <ele>0.0</ele>
      </trkpt>
      <trkpt lat="42.3351200" lon="9.0260300">
        <ele>0.0</ele>
      </trkpt>
      <trkpt lat="42.3355000" lon="9.0266300">
        <ele>0.0</ele>
      </trkpt>
      <trkpt lat="42.3356600" lon="9.0268300">
        <ele>0.0</ele>
      </trkpt>
      <trkpt lat="42.3358200" lon="9.0269800">
        <ele>0.0</ele>
      </trkpt>
      <trkpt lat="42.3362300" lon="9.0271800">
        <ele>0.0</ele>
      </trkpt>
      <trkpt lat="42.3363800" lon="9.0272900">
        <ele>0.0</ele>
      </trkpt>
      <trkpt lat="42.3366300" lon="9.0275300">
        <ele>0.0</ele>
      </trkpt>
      <trkpt lat="42.3369200" lon="9.0278000">
        <ele>0.0</ele>
      </trkpt>
      <trkpt lat="42.3373500" lon="9.0283400">
        <ele>0.0</ele>
      </trkpt>
      <trkpt lat="42.3375400" lon="9.0285000">
        <ele>0.0</ele>
      </trkpt>
      <trkpt lat="42.3380700" lon="9.0287400">
        <ele>0.0</ele>
      </trkpt>
      <trkpt lat="42.3381900" lon="9.0288300">
        <ele>0.0</ele>
      </trkpt>
      <trkpt lat="42.3384000" lon="9.0290300">
        <ele>0.0</ele>
      </trkpt>
      <trkpt lat="42.3388700" lon="9.0297000">
        <ele>0.0</ele>
      </trkpt>
      <trkpt lat="42.3390800" lon="9.0300700">
        <ele>0.0</ele>
      </trkpt>
      <trkpt lat="42.3392700" lon="9.0303000">
        <ele>0.0</ele>
      </trkpt>
      <trkpt lat="42.3394000" lon="9.0303900">
        <ele>0.0</ele>
      </trkpt>
      <trkpt lat="42.3397200" lon="9.0304900">
        <ele>0.0</ele>
      </trkpt>
      <trkpt lat="42.3400700" lon="9.0305800">
        <ele>0.0</ele>
      </trkpt>
      <trkpt lat="42.3403900" lon="9.0307000">
        <ele>0.0</ele>
      </trkpt>
      <trkpt lat="42.3405100" lon="9.0307600">
        <ele>0.0</ele>
      </trkpt>
      <trkpt lat="42.3407500" lon="9.0308700">
        <ele>0.0</ele>
      </trkpt>
      <trkpt lat="42.3409600" lon="9.0310100">
        <ele>0.0</ele>
      </trkpt>
      <trkpt lat="42.3410200" lon="9.0310800">
        <ele>0.0</ele>
      </trkpt>
      <trkpt lat="42.3411100" lon="9.0311900">
        <ele>0.0</ele>
      </trkpt>
      <trkpt lat="42.3412700" lon="9.0315600">
        <ele>0.0</ele>
      </trkpt>
      <trkpt lat="42.3413100" lon="9.0316600">
        <ele>0.0</ele>
      </trkpt>
      <trkpt lat="42.3414100" lon="9.0319700">
        <ele>0.0</ele>
      </trkpt>
      <trkpt lat="42.3415200" lon="9.0323100">
        <ele>0.0</ele>
      </trkpt>
      <trkpt lat="42.3416300" lon="9.0325700">
        <ele>0.0</ele>
      </trkpt>
      <trkpt lat="42.3419700" lon="9.0332000">
        <ele>0.0</ele>
      </trkpt>
      <trkpt lat="42.3422300" lon="9.0336200">
        <ele>0.0</ele>
      </trkpt>
      <trkpt lat="42.3423400" lon="9.0337500">
        <ele>0.0</ele>
      </trkpt>
      <trkpt lat="42.3424900" lon="9.0338900">
        <ele>0.0</ele>
      </trkpt>
      <trkpt lat="42.3426900" lon="9.0339900">
        <ele>0.0</ele>
      </trkpt>
      <trkpt lat="42.3428400" lon="9.0340400">
        <ele>0.0</ele>
      </trkpt>
      <trkpt lat="42.3429200" lon="9.0340400">
        <ele>0.0</ele>
      </trkpt>
      <trkpt lat="42.3429800" lon="9.0340100">
        <ele>0.0</ele>
      </trkpt>
      <trkpt lat="42.3430800" lon="9.0339300">
        <ele>0.0</ele>
      </trkpt>
      <trkpt lat="42.3431600" lon="9.0338700">
        <ele>0.0</ele>
      </trkpt>
      <trkpt lat="42.3434400" lon="9.0335800">
        <ele>0.0</ele>
      </trkpt>
      <trkpt lat="42.3435300" lon="9.0335300">
        <ele>0.0</ele>
      </trkpt>
      <trkpt lat="42.3436200" lon="9.0334900">
        <ele>0.0</ele>
      </trkpt>
      <trkpt lat="42.3437200" lon="9.0334800">
        <ele>0.0</ele>
      </trkpt>
      <trkpt lat="42.3441400" lon="9.0335200">
        <ele>0.0</ele>
      </trkpt>
      <trkpt lat="42.3445000" lon="9.0335100">
        <ele>0.0</ele>
      </trkpt>
      <trkpt lat="42.3445600" lon="9.0335000">
        <ele>0.0</ele>
      </trkpt>
      <trkpt lat="42.3446900" lon="9.0334000">
        <ele>0.0</ele>
      </trkpt>
      <trkpt lat="42.3449500" lon="9.0332200">
        <ele>0.0</ele>
      </trkpt>
      <trkpt lat="42.3450900" lon="9.0331700">
        <ele>0.0</ele>
      </trkpt>
      <trkpt lat="42.3452200" lon="9.0331600">
        <ele>0.0</ele>
      </trkpt>
      <trkpt lat="42.3453600" lon="9.0331700">
        <ele>0.0</ele>
      </trkpt>
      <trkpt lat="42.3455300" lon="9.0332000">
        <ele>0.0</ele>
      </trkpt>
      <trkpt lat="42.3456300" lon="9.0332400">
        <ele>0.0</ele>
      </trkpt>
      <trkpt lat="42.3457500" lon="9.0333600">
        <ele>0.0</ele>
      </trkpt>
      <trkpt lat="42.3457900" lon="9.0334100">
        <ele>0.0</ele>
      </trkpt>
      <trkpt lat="42.3458200" lon="9.0335300">
        <ele>0.0</ele>
      </trkpt>
      <trkpt lat="42.3458100" lon="9.0336500">
        <ele>0.0</ele>
      </trkpt>
      <trkpt lat="42.3457800" lon="9.0339800">
        <ele>0.0</ele>
      </trkpt>
      <trkpt lat="42.3457000" lon="9.0340600">
        <ele>0.0</ele>
      </trkpt>
      <trkpt lat="42.3456300" lon="9.0341000">
        <ele>0.0</ele>
      </trkpt>
      <trkpt lat="42.3455700" lon="9.0341100">
        <ele>0.0</ele>
      </trkpt>
      <trkpt lat="42.3455000" lon="9.0341000">
        <ele>0.0</ele>
      </trkpt>
      <trkpt lat="42.3453300" lon="9.0340100">
        <ele>0.0</ele>
      </trkpt>
      <trkpt lat="42.3451900" lon="9.0339800">
        <ele>0.0</ele>
      </trkpt>
      <trkpt lat="42.3451000" lon="9.0339900">
        <ele>0.0</ele>
      </trkpt>
      <trkpt lat="42.3449700" lon="9.0340600">
        <ele>0.0</ele>
      </trkpt>
      <trkpt lat="42.3446500" lon="9.0343600">
        <ele>0.0</ele>
      </trkpt>
      <trkpt lat="42.3445200" lon="9.0344100">
        <ele>0.0</ele>
      </trkpt>
      <trkpt lat="42.3441100" lon="9.0344500">
        <ele>0.0</ele>
      </trkpt>
      <trkpt lat="42.3440400" lon="9.0344700">
        <ele>0.0</ele>
      </trkpt>
      <trkpt lat="42.3439800" lon="9.0345000">
        <ele>0.0</ele>
      </trkpt>
      <trkpt lat="42.3437100" lon="9.0347200">
        <ele>0.0</ele>
      </trkpt>
      <trkpt lat="42.3435400" lon="9.0348400">
        <ele>0.0</ele>
      </trkpt>
      <trkpt lat="42.3434300" lon="9.0349400">
        <ele>0.0</ele>
      </trkpt>
      <trkpt lat="42.3432300" lon="9.0351100">
        <ele>0.0</ele>
      </trkpt>
      <trkpt lat="42.3430600" lon="9.0354100">
        <ele>0.0</ele>
      </trkpt>
      <trkpt lat="42.3429700" lon="9.0356400">
        <ele>0.0</ele>
      </trkpt>
      <trkpt lat="42.3429400" lon="9.0359900">
        <ele>0.0</ele>
      </trkpt>
      <trkpt lat="42.3430000" lon="9.0364500">
        <ele>0.0</ele>
      </trkpt>
      <trkpt lat="42.3430800" lon="9.0370400">
        <ele>0.0</ele>
      </trkpt>
      <trkpt lat="42.3431100" lon="9.0372000">
        <ele>0.0</ele>
      </trkpt>
      <trkpt lat="42.3432000" lon="9.0376500">
        <ele>0.0</ele>
      </trkpt>
      <trkpt lat="42.3433500" lon="9.0381500">
        <ele>0.0</ele>
      </trkpt>
      <trkpt lat="42.3436900" lon="9.0391200">
        <ele>0.0</ele>
      </trkpt>
      <trkpt lat="42.3437500" lon="9.0393600">
        <ele>0.0</ele>
      </trkpt>
      <trkpt lat="42.3437700" lon="9.0395200">
        <ele>0.0</ele>
      </trkpt>
      <trkpt lat="42.3438000" lon="9.0397500">
        <ele>0.0</ele>
      </trkpt>
      <trkpt lat="42.3437700" lon="9.0400600">
        <ele>0.0</ele>
      </trkpt>
      <trkpt lat="42.3437300" lon="9.0402100">
        <ele>0.0</ele>
      </trkpt>
      <trkpt lat="42.3436800" lon="9.0403500">
        <ele>0.0</ele>
      </trkpt>
      <trkpt lat="42.3434900" lon="9.0406000">
        <ele>0.0</ele>
      </trkpt>
      <trkpt lat="42.3430800" lon="9.0410100">
        <ele>0.0</ele>
      </trkpt>
      <trkpt lat="42.3428800" lon="9.0413400">
        <ele>0.0</ele>
      </trkpt>
      <trkpt lat="42.3428100" lon="9.0415900">
        <ele>0.0</ele>
      </trkpt>
      <trkpt lat="42.3427800" lon="9.0419300">
        <ele>0.0</ele>
      </trkpt>
      <trkpt lat="42.3427800" lon="9.0422100">
        <ele>0.0</ele>
      </trkpt>
      <trkpt lat="42.3427700" lon="9.0422900">
        <ele>0.0</ele>
      </trkpt>
      <trkpt lat="42.3427700" lon="9.0426300">
        <ele>0.0</ele>
      </trkpt>
      <trkpt lat="42.3427700" lon="9.0427900">
        <ele>0.0</ele>
      </trkpt>
      <trkpt lat="42.3427100" lon="9.0438000">
        <ele>0.0</ele>
      </trkpt>
      <trkpt lat="42.3427200" lon="9.0442300">
        <ele>0.0</ele>
      </trkpt>
      <trkpt lat="42.3427500" lon="9.0443800">
        <ele>0.0</ele>
      </trkpt>
      <trkpt lat="42.3427700" lon="9.0444700">
        <ele>0.0</ele>
      </trkpt>
      <trkpt lat="42.3428200" lon="9.0446200">
        <ele>0.0</ele>
      </trkpt>
      <trkpt lat="42.3429000" lon="9.0447200">
        <ele>0.0</ele>
      </trkpt>
      <trkpt lat="42.3430200" lon="9.0448100">
        <ele>0.0</ele>
      </trkpt>
      <trkpt lat="42.3431800" lon="9.0449100">
        <ele>0.0</ele>
      </trkpt>
      <trkpt lat="42.3433600" lon="9.0449800">
        <ele>0.0</ele>
      </trkpt>
      <trkpt lat="42.3435000" lon="9.0451000">
        <ele>0.0</ele>
      </trkpt>
      <trkpt lat="42.3437200" lon="9.0454600">
        <ele>0.0</ele>
      </trkpt>
      <trkpt lat="42.3438100" lon="9.0457200">
        <ele>0.0</ele>
      </trkpt>
      <trkpt lat="42.3438400" lon="9.0459800">
        <ele>0.0</ele>
      </trkpt>
      <trkpt lat="42.3439000" lon="9.0462400">
        <ele>0.0</ele>
      </trkpt>
      <trkpt lat="42.3439600" lon="9.0463300">
        <ele>0.0</ele>
      </trkpt>
      <trkpt lat="42.3439900" lon="9.0464600">
        <ele>0.0</ele>
      </trkpt>
      <trkpt lat="42.3440200" lon="9.0471400">
        <ele>0.0</ele>
      </trkpt>
      <trkpt lat="42.3440500" lon="9.0473000">
        <ele>0.0</ele>
      </trkpt>
      <trkpt lat="42.3440700" lon="9.0473500">
        <ele>0.0</ele>
      </trkpt>
      <trkpt lat="42.3441400" lon="9.0475500">
        <ele>0.0</ele>
      </trkpt>
      <trkpt lat="42.3443700" lon="9.0478300">
        <ele>0.0</ele>
      </trkpt>
      <trkpt lat="42.3445400" lon="9.0479900">
        <ele>0.0</ele>
      </trkpt>
      <trkpt lat="42.3447300" lon="9.0480700">
        <ele>0.0</ele>
      </trkpt>
      <trkpt lat="42.3448900" lon="9.0481200">
        <ele>0.0</ele>
      </trkpt>
      <trkpt lat="42.3453500" lon="9.0481400">
        <ele>0.0</ele>
      </trkpt>
      <trkpt lat="42.3457400" lon="9.0481900">
        <ele>0.0</ele>
      </trkpt>
      <trkpt lat="42.3459100" lon="9.0482400">
        <ele>0.0</ele>
      </trkpt>
      <trkpt lat="42.3462100" lon="9.0483100">
        <ele>0.0</ele>
      </trkpt>
      <trkpt lat="42.3465400" lon="9.0484000">
        <ele>0.0</ele>
      </trkpt>
      <trkpt lat="42.3466700" lon="9.0484500">
        <ele>0.0</ele>
      </trkpt>
      <trkpt lat="42.3469900" lon="9.0485400">
        <ele>0.0</ele>
      </trkpt>
      <trkpt lat="42.3472200" lon="9.0486500">
        <ele>0.0</ele>
      </trkpt>
      <trkpt lat="42.3475600" lon="9.0490500">
        <ele>0.0</ele>
      </trkpt>
      <trkpt lat="42.3476700" lon="9.0491500">
        <ele>0.0</ele>
      </trkpt>
      <trkpt lat="42.3478500" lon="9.0492600">
        <ele>0.0</ele>
      </trkpt>
      <trkpt lat="42.3480000" lon="9.0493300">
        <ele>0.0</ele>
      </trkpt>
      <trkpt lat="42.3481600" lon="9.0493700">
        <ele>0.0</ele>
      </trkpt>
      <trkpt lat="42.3484400" lon="9.0494000">
        <ele>0.0</ele>
      </trkpt>
      <trkpt lat="42.3488400" lon="9.0493500">
        <ele>0.0</ele>
      </trkpt>
      <trkpt lat="42.3490600" lon="9.0493400">
        <ele>0.0</ele>
      </trkpt>
      <trkpt lat="42.3491800" lon="9.0493900">
        <ele>0.0</ele>
      </trkpt>
      <trkpt lat="42.3493700" lon="9.0494200">
        <ele>0.0</ele>
      </trkpt>
      <trkpt lat="42.3495200" lon="9.0493800">
        <ele>0.0</ele>
      </trkpt>
      <trkpt lat="42.3496300" lon="9.0493300">
        <ele>0.0</ele>
      </trkpt>
      <trkpt lat="42.3498100" lon="9.0493100">
        <ele>0.0</ele>
      </trkpt>
      <trkpt lat="42.3499000" lon="9.0493300">
        <ele>0.0</ele>
      </trkpt>
      <trkpt lat="42.3499600" lon="9.0494000">
        <ele>0.0</ele>
      </trkpt>
      <trkpt lat="42.3500400" lon="9.0494800">
        <ele>0.0</ele>
      </trkpt>
      <trkpt lat="42.3500900" lon="9.0495600">
        <ele>0.0</ele>
      </trkpt>
      <trkpt lat="42.3502300" lon="9.0497300">
        <ele>0.0</ele>
      </trkpt>
      <trkpt lat="42.3505300" lon="9.0499100">
        <ele>0.0</ele>
      </trkpt>
      <trkpt lat="42.3507500" lon="9.0501600">
        <ele>0.0</ele>
      </trkpt>
      <trkpt lat="42.3510500" lon="9.0504100">
        <ele>0.0</ele>
      </trkpt>
      <trkpt lat="42.3512100" lon="9.0505700">
        <ele>0.0</ele>
      </trkpt>
      <trkpt lat="42.3512700" lon="9.0506700">
        <ele>0.0</ele>
      </trkpt>
      <trkpt lat="42.3513200" lon="9.0508500">
        <ele>0.0</ele>
      </trkpt>
      <trkpt lat="42.3514000" lon="9.0514600">
        <ele>0.0</ele>
      </trkpt>
      <trkpt lat="42.3514400" lon="9.0517200">
        <ele>0.0</ele>
      </trkpt>
      <trkpt lat="42.3518100" lon="9.0523000">
        <ele>0.0</ele>
      </trkpt>
      <trkpt lat="42.3521000" lon="9.0526400">
        <ele>0.0</ele>
      </trkpt>
      <trkpt lat="42.3522000" lon="9.0527300">
        <ele>0.0</ele>
      </trkpt>
      <trkpt lat="42.3522200" lon="9.0527400">
        <ele>0.0</ele>
      </trkpt>
      <trkpt lat="42.3524200" lon="9.0528300">
        <ele>0.0</ele>
      </trkpt>
      <trkpt lat="42.3525600" lon="9.0528000">
        <ele>0.0</ele>
      </trkpt>
      <trkpt lat="42.3527200" lon="9.0528000">
        <ele>0.0</ele>
      </trkpt>
      <trkpt lat="42.3528400" lon="9.0528300">
        <ele>0.0</ele>
      </trkpt>
      <trkpt lat="42.3530100" lon="9.0529700">
        <ele>0.0</ele>
      </trkpt>
      <trkpt lat="42.3532400" lon="9.0532800">
        <ele>0.0</ele>
      </trkpt>
      <trkpt lat="42.3536500" lon="9.0541200">
        <ele>0.0</ele>
      </trkpt>
      <trkpt lat="42.3537000" lon="9.0542900">
        <ele>0.0</ele>
      </trkpt>
      <trkpt lat="42.3537100" lon="9.0544500">
        <ele>0.0</ele>
      </trkpt>
      <trkpt lat="42.3537100" lon="9.0545700">
        <ele>0.0</ele>
      </trkpt>
      <trkpt lat="42.3537300" lon="9.0548500">
        <ele>0.0</ele>
      </trkpt>
      <trkpt lat="42.3537600" lon="9.0549400">
        <ele>0.0</ele>
      </trkpt>
      <trkpt lat="42.3538800" lon="9.0550900">
        <ele>0.0</ele>
      </trkpt>
      <trkpt lat="42.3540400" lon="9.0551700">
        <ele>0.0</ele>
      </trkpt>
      <trkpt lat="42.3541500" lon="9.0552800">
        <ele>0.0</ele>
      </trkpt>
      <trkpt lat="42.3544900" lon="9.0557300">
        <ele>0.0</ele>
      </trkpt>
      <trkpt lat="42.3548600" lon="9.0560300">
        <ele>0.0</ele>
      </trkpt>
      <trkpt lat="42.3549600" lon="9.0560700">
        <ele>0.0</ele>
      </trkpt>
      <trkpt lat="42.3550300" lon="9.0560900">
        <ele>0.0</ele>
      </trkpt>
      <trkpt lat="42.3550700" lon="9.0561000">
        <ele>0.0</ele>
      </trkpt>
      <trkpt lat="42.3553800" lon="9.0560700">
        <ele>0.0</ele>
      </trkpt>
      <trkpt lat="42.3554500" lon="9.0560800">
        <ele>0.0</ele>
      </trkpt>
      <trkpt lat="42.3556800" lon="9.0561800">
        <ele>0.0</ele>
      </trkpt>
      <trkpt lat="42.3557400" lon="9.0561900">
        <ele>0.0</ele>
      </trkpt>
      <trkpt lat="42.3559600" lon="9.0562300">
        <ele>0.0</ele>
      </trkpt>
      <trkpt lat="42.3561200" lon="9.0562800">
        <ele>0.0</ele>
      </trkpt>
      <trkpt lat="42.3565000" lon="9.0564600">
        <ele>0.0</ele>
      </trkpt>
      <trkpt lat="42.3566500" lon="9.0565000">
        <ele>0.0</ele>
      </trkpt>
      <trkpt lat="42.3568100" lon="9.0565700">
        <ele>0.0</ele>
      </trkpt>
      <trkpt lat="42.3570000" lon="9.0567400">
        <ele>0.0</ele>
      </trkpt>
      <trkpt lat="42.3570500" lon="9.0568900">
        <ele>0.0</ele>
      </trkpt>
      <trkpt lat="42.3571600" lon="9.0570900">
        <ele>0.0</ele>
      </trkpt>
      <trkpt lat="42.3573300" lon="9.0573400">
        <ele>0.0</ele>
      </trkpt>
      <trkpt lat="42.3574700" lon="9.0576500">
        <ele>0.0</ele>
      </trkpt>
      <trkpt lat="42.3575600" lon="9.0578400">
        <ele>0.0</ele>
      </trkpt>
      <trkpt lat="42.3576900" lon="9.0579400">
        <ele>0.0</ele>
      </trkpt>
      <trkpt lat="42.3578400" lon="9.0580000">
        <ele>0.0</ele>
      </trkpt>
      <trkpt lat="42.3580800" lon="9.0580500">
        <ele>0.0</ele>
      </trkpt>
      <trkpt lat="42.3581600" lon="9.0581200">
        <ele>0.0</ele>
      </trkpt>
      <trkpt lat="42.3581900" lon="9.0582200">
        <ele>0.0</ele>
      </trkpt>
      <trkpt lat="42.3583800" lon="9.0586400">
        <ele>0.0</ele>
      </trkpt>
      <trkpt lat="42.3584800" lon="9.0588200">
        <ele>0.0</ele>
      </trkpt>
      <trkpt lat="42.3586100" lon="9.0591300">
        <ele>0.0</ele>
      </trkpt>
      <trkpt lat="42.3587200" lon="9.0596100">
        <ele>0.0</ele>
      </trkpt>
      <trkpt lat="42.3587500" lon="9.0600700">
        <ele>0.0</ele>
      </trkpt>
      <trkpt lat="42.3587900" lon="9.0603500">
        <ele>0.0</ele>
      </trkpt>
      <trkpt lat="42.3589100" lon="9.0610700">
        <ele>0.0</ele>
      </trkpt>
      <trkpt lat="42.3590000" lon="9.0613500">
        <ele>0.0</ele>
      </trkpt>
      <trkpt lat="42.3590800" lon="9.0614900">
        <ele>0.0</ele>
      </trkpt>
      <trkpt lat="42.3591900" lon="9.0616400">
        <ele>0.0</ele>
      </trkpt>
      <trkpt lat="42.3592500" lon="9.0617800">
        <ele>0.0</ele>
      </trkpt>
      <trkpt lat="42.3593000" lon="9.0619500">
        <ele>0.0</ele>
      </trkpt>
      <trkpt lat="42.3593400" lon="9.0621800">
        <ele>0.0</ele>
      </trkpt>
      <trkpt lat="42.3594300" lon="9.0624500">
        <ele>0.0</ele>
      </trkpt>
      <trkpt lat="42.3594500" lon="9.0624800">
        <ele>0.0</ele>
      </trkpt>
      <trkpt lat="42.3594700" lon="9.0625100">
        <ele>0.0</ele>
      </trkpt>
      <trkpt lat="42.3595500" lon="9.0625700">
        <ele>0.0</ele>
      </trkpt>
      <trkpt lat="42.3595900" lon="9.0626100">
        <ele>0.0</ele>
      </trkpt>
      <trkpt lat="42.3596200" lon="9.0626500">
        <ele>0.0</ele>
      </trkpt>
      <trkpt lat="42.3596700" lon="9.0627200">
        <ele>0.0</ele>
      </trkpt>
      <trkpt lat="42.3596900" lon="9.0627500">
        <ele>0.0</ele>
      </trkpt>
      <trkpt lat="42.3597200" lon="9.0628100">
        <ele>0.0</ele>
      </trkpt>
      <trkpt lat="42.3598800" lon="9.0635300">
        <ele>0.0</ele>
      </trkpt>
      <trkpt lat="42.3599200" lon="9.0637300">
        <ele>0.0</ele>
      </trkpt>
      <trkpt lat="42.3599200" lon="9.0638100">
        <ele>0.0</ele>
      </trkpt>
      <trkpt lat="42.3599000" lon="9.0641000">
        <ele>0.0</ele>
      </trkpt>
      <trkpt lat="42.3599400" lon="9.0643800">
        <ele>0.0</ele>
      </trkpt>
      <trkpt lat="42.3599900" lon="9.0645400">
        <ele>0.0</ele>
      </trkpt>
      <trkpt lat="42.3600500" lon="9.0646600">
        <ele>0.0</ele>
      </trkpt>
      <trkpt lat="42.3601800" lon="9.0648000">
        <ele>0.0</ele>
      </trkpt>
      <trkpt lat="42.3602600" lon="9.0648700">
        <ele>0.0</ele>
      </trkpt>
      <trkpt lat="42.3603900" lon="9.0649900">
        <ele>0.0</ele>
      </trkpt>
      <trkpt lat="42.3606900" lon="9.0653800">
        <ele>0.0</ele>
      </trkpt>
      <trkpt lat="42.3611100" lon="9.0660200">
        <ele>0.0</ele>
      </trkpt>
      <trkpt lat="42.3613500" lon="9.0663400">
        <ele>0.0</ele>
      </trkpt>
      <trkpt lat="42.3615200" lon="9.0664900">
        <ele>0.0</ele>
      </trkpt>
      <trkpt lat="42.3617500" lon="9.0666100">
        <ele>0.0</ele>
      </trkpt>
      <trkpt lat="42.3619900" lon="9.0667100">
        <ele>0.0</ele>
      </trkpt>
      <trkpt lat="42.3624900" lon="9.0669700">
        <ele>0.0</ele>
      </trkpt>
      <trkpt lat="42.3627800" lon="9.0670500">
        <ele>0.0</ele>
      </trkpt>
      <trkpt lat="42.3629400" lon="9.0671400">
        <ele>0.0</ele>
      </trkpt>
      <trkpt lat="42.3630800" lon="9.0672200">
        <ele>0.0</ele>
      </trkpt>
      <trkpt lat="42.3632800" lon="9.0672900">
        <ele>0.0</ele>
      </trkpt>
      <trkpt lat="42.3633000" lon="9.0673000">
        <ele>0.0</ele>
      </trkpt>
      <trkpt lat="42.3635500" lon="9.0673700">
        <ele>0.0</ele>
      </trkpt>
      <trkpt lat="42.3642700" lon="9.0674800">
        <ele>0.0</ele>
      </trkpt>
      <trkpt lat="42.3645200" lon="9.0676200">
        <ele>0.0</ele>
      </trkpt>
      <trkpt lat="42.3647400" lon="9.0677900">
        <ele>0.0</ele>
      </trkpt>
      <trkpt lat="42.3651900" lon="9.0682200">
        <ele>0.0</ele>
      </trkpt>
      <trkpt lat="42.3653800" lon="9.0684100">
        <ele>0.0</ele>
      </trkpt>
      <trkpt lat="42.3655400" lon="9.0685300">
        <ele>0.0</ele>
      </trkpt>
      <trkpt lat="42.3658000" lon="9.0686200">
        <ele>0.0</ele>
      </trkpt>
      <trkpt lat="42.3663600" lon="9.0687800">
        <ele>0.0</ele>
      </trkpt>
      <trkpt lat="42.3666200" lon="9.0688400">
        <ele>0.0</ele>
      </trkpt>
      <trkpt lat="42.3669300" lon="9.0689100">
        <ele>0.0</ele>
      </trkpt>
      <trkpt lat="42.3670500" lon="9.0689500">
        <ele>0.0</ele>
      </trkpt>
      <trkpt lat="42.3670900" lon="9.0689900">
        <ele>0.0</ele>
      </trkpt>
      <trkpt lat="42.3673700" lon="9.0693200">
        <ele>0.0</ele>
      </trkpt>
      <trkpt lat="42.3677400" lon="9.0698600">
        <ele>0.0</ele>
      </trkpt>
      <trkpt lat="42.3678700" lon="9.0701300">
        <ele>0.0</ele>
      </trkpt>
      <trkpt lat="42.3679400" lon="9.0705500">
        <ele>0.0</ele>
      </trkpt>
      <trkpt lat="42.3681000" lon="9.0713800">
        <ele>0.0</ele>
      </trkpt>
      <trkpt lat="42.3682000" lon="9.0716000">
        <ele>0.0</ele>
      </trkpt>
      <trkpt lat="42.3683900" lon="9.0719300">
        <ele>0.0</ele>
      </trkpt>
      <trkpt lat="42.3685300" lon="9.0721300">
        <ele>0.0</ele>
      </trkpt>
      <trkpt lat="42.3687300" lon="9.0723600">
        <ele>0.0</ele>
      </trkpt>
      <trkpt lat="42.3689000" lon="9.0726500">
        <ele>0.0</ele>
      </trkpt>
      <trkpt lat="42.3689600" lon="9.0727900">
        <ele>0.0</ele>
      </trkpt>
      <trkpt lat="42.3690200" lon="9.0730800">
        <ele>0.0</ele>
      </trkpt>
      <trkpt lat="42.3690600" lon="9.0732500">
        <ele>0.0</ele>
      </trkpt>
      <trkpt lat="42.3691000" lon="9.0734400">
        <ele>0.0</ele>
      </trkpt>
      <trkpt lat="42.3691200" lon="9.0735900">
        <ele>0.0</ele>
      </trkpt>
      <trkpt lat="42.3690900" lon="9.0737700">
        <ele>0.0</ele>
      </trkpt>
      <trkpt lat="42.3689300" lon="9.0739800">
        <ele>0.0</ele>
      </trkpt>
      <trkpt lat="42.3688500" lon="9.0741600">
        <ele>0.0</ele>
      </trkpt>
      <trkpt lat="42.3687400" lon="9.0743400">
        <ele>0.0</ele>
      </trkpt>
      <trkpt lat="42.3687200" lon="9.0745400">
        <ele>0.0</ele>
      </trkpt>
      <trkpt lat="42.3687500" lon="9.0747100">
        <ele>0.0</ele>
      </trkpt>
      <trkpt lat="42.3687700" lon="9.0748000">
        <ele>0.0</ele>
      </trkpt>
      <trkpt lat="42.3690500" lon="9.0752200">
        <ele>0.0</ele>
      </trkpt>
      <trkpt lat="42.3692200" lon="9.0755600">
        <ele>0.0</ele>
      </trkpt>
      <trkpt lat="42.3693800" lon="9.0758300">
        <ele>0.0</ele>
      </trkpt>
      <trkpt lat="42.3696800" lon="9.0761800">
        <ele>0.0</ele>
      </trkpt>
      <trkpt lat="42.3702500" lon="9.0767100">
        <ele>0.0</ele>
      </trkpt>
      <trkpt lat="42.3705800" lon="9.0770600">
        <ele>0.0</ele>
      </trkpt>
      <trkpt lat="42.3708800" lon="9.0774300">
        <ele>0.0</ele>
      </trkpt>
      <trkpt lat="42.3711200" lon="9.0777800">
        <ele>0.0</ele>
      </trkpt>
      <trkpt lat="42.3713200" lon="9.0781300">
        <ele>0.0</ele>
      </trkpt>
      <trkpt lat="42.3714000" lon="9.0784500">
        <ele>0.0</ele>
      </trkpt>
      <trkpt lat="42.3714300" lon="9.0786700">
        <ele>0.0</ele>
      </trkpt>
      <trkpt lat="42.3715000" lon="9.0790000">
        <ele>0.0</ele>
      </trkpt>
      <trkpt lat="42.3716300" lon="9.0793200">
        <ele>0.0</ele>
      </trkpt>
      <trkpt lat="42.3718500" lon="9.0797000">
        <ele>0.0</ele>
      </trkpt>
      <trkpt lat="42.3720400" lon="9.0798500">
        <ele>0.0</ele>
      </trkpt>
      <trkpt lat="42.3722500" lon="9.0799900">
        <ele>0.0</ele>
      </trkpt>
      <trkpt lat="42.3728800" lon="9.0800200">
        <ele>0.0</ele>
      </trkpt>
      <trkpt lat="42.3738400" lon="9.0800200">
        <ele>0.0</ele>
      </trkpt>
      <trkpt lat="42.3740300" lon="9.0800800">
        <ele>0.0</ele>
      </trkpt>
      <trkpt lat="42.3741300" lon="9.0801600">
        <ele>0.0</ele>
      </trkpt>
      <trkpt lat="42.3742400" lon="9.0802900">
        <ele>0.0</ele>
      </trkpt>
      <trkpt lat="42.3743800" lon="9.0807700">
        <ele>0.0</ele>
      </trkpt>
      <trkpt lat="42.3745300" lon="9.0814400">
        <ele>0.0</ele>
      </trkpt>
      <trkpt lat="42.3745500" lon="9.0818800">
        <ele>0.0</ele>
      </trkpt>
      <trkpt lat="42.3745500" lon="9.0821700">
        <ele>0.0</ele>
      </trkpt>
      <trkpt lat="42.3745500" lon="9.0825000">
        <ele>0.0</ele>
      </trkpt>
      <trkpt lat="42.3745700" lon="9.0828000">
        <ele>0.0</ele>
      </trkpt>
      <trkpt lat="42.3746600" lon="9.0830800">
        <ele>0.0</ele>
      </trkpt>
      <trkpt lat="42.3748000" lon="9.0833700">
        <ele>0.0</ele>
      </trkpt>
      <trkpt lat="42.3749300" lon="9.0835600">
        <ele>0.0</ele>
      </trkpt>
      <trkpt lat="42.3751500" lon="9.0837500">
        <ele>0.0</ele>
      </trkpt>
      <trkpt lat="42.3753200" lon="9.0840200">
        <ele>0.0</ele>
      </trkpt>
      <trkpt lat="42.3754500" lon="9.0843800">
        <ele>0.0</ele>
      </trkpt>
      <trkpt lat="42.3755100" lon="9.0846800">
        <ele>0.0</ele>
      </trkpt>
      <trkpt lat="42.3755900" lon="9.0851400">
        <ele>0.0</ele>
      </trkpt>
      <trkpt lat="42.3756000" lon="9.0854100">
        <ele>0.0</ele>
      </trkpt>
      <trkpt lat="42.3755600" lon="9.0867400">
        <ele>0.0</ele>
      </trkpt>
      <trkpt lat="42.3755300" lon="9.0870500">
        <ele>0.0</ele>
      </trkpt>
      <trkpt lat="42.3754400" lon="9.0873000">
        <ele>0.0</ele>
      </trkpt>
      <trkpt lat="42.3754300" lon="9.0876400">
        <ele>0.0</ele>
      </trkpt>
      <trkpt lat="42.3754900" lon="9.0878100">
        <ele>0.0</ele>
      </trkpt>
      <trkpt lat="42.3755900" lon="9.0879800">
        <ele>0.0</ele>
      </trkpt>
      <trkpt lat="42.3757700" lon="9.0881100">
        <ele>0.0</ele>
      </trkpt>
      <trkpt lat="42.3759800" lon="9.0882200">
        <ele>0.0</ele>
      </trkpt>
      <trkpt lat="42.3761500" lon="9.0883900">
        <ele>0.0</ele>
      </trkpt>
      <trkpt lat="42.3764100" lon="9.0887600">
        <ele>0.0</ele>
      </trkpt>
      <trkpt lat="42.3765900" lon="9.0890400">
        <ele>0.0</ele>
      </trkpt>
      <trkpt lat="42.3766800" lon="9.0893200">
        <ele>0.0</ele>
      </trkpt>
      <trkpt lat="42.3767100" lon="9.0894000">
        <ele>0.0</ele>
      </trkpt>
      <trkpt lat="42.3767100" lon="9.0895000">
        <ele>0.0</ele>
      </trkpt>
      <trkpt lat="42.3767300" lon="9.0895700">
        <ele>0.0</ele>
      </trkpt>
      <trkpt lat="42.3767600" lon="9.0898100">
        <ele>0.0</ele>
      </trkpt>
      <trkpt lat="42.3767600" lon="9.0900200">
        <ele>0.0</ele>
      </trkpt>
      <trkpt lat="42.3767700" lon="9.0901600">
        <ele>0.0</ele>
      </trkpt>
      <trkpt lat="42.3766500" lon="9.0904800">
        <ele>0.0</ele>
      </trkpt>
      <trkpt lat="42.3765800" lon="9.0905500">
        <ele>0.0</ele>
      </trkpt>
      <trkpt lat="42.3761900" lon="9.0909100">
        <ele>0.0</ele>
      </trkpt>
      <trkpt lat="42.3759800" lon="9.0910700">
        <ele>0.0</ele>
      </trkpt>
      <trkpt lat="42.3755700" lon="9.0912700">
        <ele>0.0</ele>
      </trkpt>
      <trkpt lat="42.3754100" lon="9.0914000">
        <ele>0.0</ele>
      </trkpt>
      <trkpt lat="42.3753300" lon="9.0915100">
        <ele>0.0</ele>
      </trkpt>
      <trkpt lat="42.3752500" lon="9.0916500">
        <ele>0.0</ele>
      </trkpt>
      <trkpt lat="42.3752000" lon="9.0920800">
        <ele>0.0</ele>
      </trkpt>
      <trkpt lat="42.3751600" lon="9.0926200">
        <ele>0.0</ele>
      </trkpt>
      <trkpt lat="42.3750300" lon="9.0932400">
        <ele>0.0</ele>
      </trkpt>
      <trkpt lat="42.3750200" lon="9.0934500">
        <ele>0.0</ele>
      </trkpt>
      <trkpt lat="42.3750300" lon="9.0936100">
        <ele>0.0</ele>
      </trkpt>
      <trkpt lat="42.3753400" lon="9.0945900">
        <ele>0.0</ele>
      </trkpt>
      <trkpt lat="42.3753800" lon="9.0947900">
        <ele>0.0</ele>
      </trkpt>
      <trkpt lat="42.3753600" lon="9.0951300">
        <ele>0.0</ele>
      </trkpt>
      <trkpt lat="42.3753100" lon="9.0952800">
        <ele>0.0</ele>
      </trkpt>
      <trkpt lat="42.3752300" lon="9.0957800">
        <ele>0.0</ele>
      </trkpt>
      <trkpt lat="42.3751800" lon="9.0959200">
        <ele>0.0</ele>
      </trkpt>
      <trkpt lat="42.3751000" lon="9.0961500">
        <ele>0.0</ele>
      </trkpt>
      <trkpt lat="42.3749700" lon="9.0963900">
        <ele>0.0</ele>
      </trkpt>
      <trkpt lat="42.3748500" lon="9.0965400">
        <ele>0.0</ele>
      </trkpt>
      <trkpt lat="42.3747200" lon="9.0966800">
        <ele>0.0</ele>
      </trkpt>
      <trkpt lat="42.3742700" lon="9.0977700">
        <ele>0.0</ele>
      </trkpt>
      <trkpt lat="42.3740300" lon="9.0982600">
        <ele>0.0</ele>
      </trkpt>
      <trkpt lat="42.3737900" lon="9.0988300">
        <ele>0.0</ele>
      </trkpt>
      <trkpt lat="42.3735300" lon="9.0994700">
        <ele>0.0</ele>
      </trkpt>
      <trkpt lat="42.3735000" lon="9.0996300">
        <ele>0.0</ele>
      </trkpt>
      <trkpt lat="42.3735000" lon="9.1000800">
        <ele>0.0</ele>
      </trkpt>
      <trkpt lat="42.3734900" lon="9.1004800">
        <ele>0.0</ele>
      </trkpt>
      <trkpt lat="42.3734900" lon="9.1006300">
        <ele>0.0</ele>
      </trkpt>
      <trkpt lat="42.3734300" lon="9.1008200">
        <ele>0.0</ele>
      </trkpt>
      <trkpt lat="42.3734100" lon="9.1009800">
        <ele>0.0</ele>
      </trkpt>
      <trkpt lat="42.3734000" lon="9.1012100">
        <ele>0.0</ele>
      </trkpt>
      <trkpt lat="42.3734500" lon="9.1018100">
        <ele>0.0</ele>
      </trkpt>
      <trkpt lat="42.3734200" lon="9.1021200">
        <ele>0.0</ele>
      </trkpt>
      <trkpt lat="42.3732500" lon="9.1026700">
        <ele>0.0</ele>
      </trkpt>
      <trkpt lat="42.3731200" lon="9.1030400">
        <ele>0.0</ele>
      </trkpt>
      <trkpt lat="42.3729900" lon="9.1033000">
        <ele>0.0</ele>
      </trkpt>
      <trkpt lat="42.3729300" lon="9.1034500">
        <ele>0.0</ele>
      </trkpt>
      <trkpt lat="42.3728400" lon="9.1036000">
        <ele>0.0</ele>
      </trkpt>
      <trkpt lat="42.3727100" lon="9.1039900">
        <ele>0.0</ele>
      </trkpt>
      <trkpt lat="42.3726200" lon="9.1041800">
        <ele>0.0</ele>
      </trkpt>
      <trkpt lat="42.3725200" lon="9.1042600">
        <ele>0.0</ele>
      </trkpt>
      <trkpt lat="42.3723500" lon="9.1043200">
        <ele>0.0</ele>
      </trkpt>
      <trkpt lat="42.3722700" lon="9.1043600">
        <ele>0.0</ele>
      </trkpt>
      <trkpt lat="42.3722000" lon="9.1043800">
        <ele>0.0</ele>
      </trkpt>
      <trkpt lat="42.3721300" lon="9.1044300">
        <ele>0.0</ele>
      </trkpt>
      <trkpt lat="42.3720700" lon="9.1045400">
        <ele>0.0</ele>
      </trkpt>
      <trkpt lat="42.3720000" lon="9.1048500">
        <ele>0.0</ele>
      </trkpt>
      <trkpt lat="42.3720000" lon="9.1051600">
        <ele>0.0</ele>
      </trkpt>
      <trkpt lat="42.3720300" lon="9.1053800">
        <ele>0.0</ele>
      </trkpt>
      <trkpt lat="42.3720300" lon="9.1055200">
        <ele>0.0</ele>
      </trkpt>
      <trkpt lat="42.3720000" lon="9.1056700">
        <ele>0.0</ele>
      </trkpt>
      <trkpt lat="42.3719300" lon="9.1057800">
        <ele>0.0</ele>
      </trkpt>
      <trkpt lat="42.3719000" lon="9.1058800">
        <ele>0.0</ele>
      </trkpt>
      <trkpt lat="42.3718500" lon="9.1060400">
        <ele>0.0</ele>
      </trkpt>
      <trkpt lat="42.3718000" lon="9.1064900">
        <ele>0.0</ele>
      </trkpt>
      <trkpt lat="42.3718200" lon="9.1066800">
        <ele>0.0</ele>
      </trkpt>
      <trkpt lat="42.3718600" lon="9.1069300">
        <ele>0.0</ele>
      </trkpt>
      <trkpt lat="42.3719900" lon="9.1072000">
        <ele>0.0</ele>
      </trkpt>
      <trkpt lat="42.3721100" lon="9.1073200">
        <ele>0.0</ele>
      </trkpt>
      <trkpt lat="42.3723000" lon="9.1073700">
        <ele>0.0</ele>
      </trkpt>
      <trkpt lat="42.3725400" lon="9.1073900">
        <ele>0.0</ele>
      </trkpt>
      <trkpt lat="42.3726100" lon="9.1074400">
        <ele>0.0</ele>
      </trkpt>
      <trkpt lat="42.3726800" lon="9.1075300">
        <ele>0.0</ele>
      </trkpt>
      <trkpt lat="42.3727300" lon="9.1075800">
        <ele>0.0</ele>
      </trkpt>
      <trkpt lat="42.3727600" lon="9.1077700">
        <ele>0.0</ele>
      </trkpt>
      <trkpt lat="42.3727500" lon="9.1082300">
        <ele>0.0</ele>
      </trkpt>
      <trkpt lat="42.3727400" lon="9.1083700">
        <ele>0.0</ele>
      </trkpt>
      <trkpt lat="42.3727400" lon="9.1088500">
        <ele>0.0</ele>
      </trkpt>
      <trkpt lat="42.3727100" lon="9.1089900">
        <ele>0.0</ele>
      </trkpt>
      <trkpt lat="42.3726600" lon="9.1090900">
        <ele>0.0</ele>
      </trkpt>
      <trkpt lat="42.3726500" lon="9.1093000">
        <ele>0.0</ele>
      </trkpt>
      <trkpt lat="42.3727100" lon="9.1095200">
        <ele>0.0</ele>
      </trkpt>
      <trkpt lat="42.3728100" lon="9.1097000">
        <ele>0.0</ele>
      </trkpt>
      <trkpt lat="42.3728600" lon="9.1098700">
        <ele>0.0</ele>
      </trkpt>
      <trkpt lat="42.3729200" lon="9.1101300">
        <ele>0.0</ele>
      </trkpt>
      <trkpt lat="42.3729600" lon="9.1106300">
        <ele>0.0</ele>
      </trkpt>
      <trkpt lat="42.3730100" lon="9.1109400">
        <ele>0.0</ele>
      </trkpt>
      <trkpt lat="42.3730100" lon="9.1110700">
        <ele>0.0</ele>
      </trkpt>
      <trkpt lat="42.3729800" lon="9.1111700">
        <ele>0.0</ele>
      </trkpt>
      <trkpt lat="42.3728900" lon="9.1113100">
        <ele>0.0</ele>
      </trkpt>
      <trkpt lat="42.3728100" lon="9.1113300">
        <ele>0.0</ele>
      </trkpt>
      <trkpt lat="42.3727200" lon="9.1113700">
        <ele>0.0</ele>
      </trkpt>
      <trkpt lat="42.3726300" lon="9.1114400">
        <ele>0.0</ele>
      </trkpt>
      <trkpt lat="42.3725800" lon="9.1115100">
        <ele>0.0</ele>
      </trkpt>
      <trkpt lat="42.3725300" lon="9.1119900">
        <ele>0.0</ele>
      </trkpt>
      <trkpt lat="42.3725000" lon="9.1120700">
        <ele>0.0</ele>
      </trkpt>
      <trkpt lat="42.3724400" lon="9.1121500">
        <ele>0.0</ele>
      </trkpt>
      <trkpt lat="42.3723600" lon="9.1122700">
        <ele>0.0</ele>
      </trkpt>
      <trkpt lat="42.3722000" lon="9.1125800">
        <ele>0.0</ele>
      </trkpt>
      <trkpt lat="42.3721800" lon="9.1126400">
        <ele>0.0</ele>
      </trkpt>
      <trkpt lat="42.3721500" lon="9.1130900">
        <ele>0.0</ele>
      </trkpt>
      <trkpt lat="42.3720900" lon="9.1132100">
        <ele>0.0</ele>
      </trkpt>
      <trkpt lat="42.3719400" lon="9.1133900">
        <ele>0.0</ele>
      </trkpt>
      <trkpt lat="42.3717600" lon="9.1136600">
        <ele>0.0</ele>
      </trkpt>
      <trkpt lat="42.3716900" lon="9.1137900">
        <ele>0.0</ele>
      </trkpt>
      <trkpt lat="42.3716400" lon="9.1139500">
        <ele>0.0</ele>
      </trkpt>
      <trkpt lat="42.3716300" lon="9.1141100">
        <ele>0.0</ele>
      </trkpt>
      <trkpt lat="42.3717000" lon="9.1142700">
        <ele>0.0</ele>
      </trkpt>
      <trkpt lat="42.3718500" lon="9.1144900">
        <ele>0.0</ele>
      </trkpt>
      <trkpt lat="42.3720300" lon="9.1147100">
        <ele>0.0</ele>
      </trkpt>
      <trkpt lat="42.3720600" lon="9.1147600">
        <ele>0.0</ele>
      </trkpt>
      <trkpt lat="42.3721800" lon="9.1149500">
        <ele>0.0</ele>
      </trkpt>
      <trkpt lat="42.3723700" lon="9.1151700">
        <ele>0.0</ele>
      </trkpt>
      <trkpt lat="42.3724400" lon="9.1152200">
        <ele>0.0</ele>
      </trkpt>
      <trkpt lat="42.3727800" lon="9.1153000">
        <ele>0.0</ele>
      </trkpt>
      <trkpt lat="42.3730800" lon="9.1154900">
        <ele>0.0</ele>
      </trkpt>
      <trkpt lat="42.3731900" lon="9.1155400">
        <ele>0.0</ele>
      </trkpt>
      <trkpt lat="42.3733300" lon="9.1155500">
        <ele>0.0</ele>
      </trkpt>
      <trkpt lat="42.3734300" lon="9.1155800">
        <ele>0.0</ele>
      </trkpt>
      <trkpt lat="42.3736300" lon="9.1157300">
        <ele>0.0</ele>
      </trkpt>
      <trkpt lat="42.3737200" lon="9.1158300">
        <ele>0.0</ele>
      </trkpt>
      <trkpt lat="42.3738500" lon="9.1158500">
        <ele>0.0</ele>
      </trkpt>
      <trkpt lat="42.3740400" lon="9.1157600">
        <ele>0.0</ele>
      </trkpt>
      <trkpt lat="42.3741300" lon="9.1157600">
        <ele>0.0</ele>
      </trkpt>
      <trkpt lat="42.3742100" lon="9.1157800">
        <ele>0.0</ele>
      </trkpt>
      <trkpt lat="42.3742900" lon="9.1158700">
        <ele>0.0</ele>
      </trkpt>
      <trkpt lat="42.3743300" lon="9.1159800">
        <ele>0.0</ele>
      </trkpt>
      <trkpt lat="42.3743600" lon="9.1161400">
        <ele>0.0</ele>
      </trkpt>
      <trkpt lat="42.3744100" lon="9.1163200">
        <ele>0.0</ele>
      </trkpt>
      <trkpt lat="42.3744800" lon="9.1164600">
        <ele>0.0</ele>
      </trkpt>
      <trkpt lat="42.3746800" lon="9.1166500">
        <ele>0.0</ele>
      </trkpt>
      <trkpt lat="42.3749000" lon="9.1167800">
        <ele>0.0</ele>
      </trkpt>
      <trkpt lat="42.3749800" lon="9.1168900">
        <ele>0.0</ele>
      </trkpt>
      <trkpt lat="42.3750300" lon="9.1169700">
        <ele>0.0</ele>
      </trkpt>
      <trkpt lat="42.3750400" lon="9.1170900">
        <ele>0.0</ele>
      </trkpt>
      <trkpt lat="42.3750200" lon="9.1172000">
        <ele>0.0</ele>
      </trkpt>
      <trkpt lat="42.3749700" lon="9.1173800">
        <ele>0.0</ele>
      </trkpt>
      <trkpt lat="42.3748600" lon="9.1177000">
        <ele>0.0</ele>
      </trkpt>
      <trkpt lat="42.3748400" lon="9.1178100">
        <ele>0.0</ele>
      </trkpt>
      <trkpt lat="42.3748700" lon="9.1180200">
        <ele>0.0</ele>
      </trkpt>
      <trkpt lat="42.3750000" lon="9.1182900">
        <ele>0.0</ele>
      </trkpt>
      <trkpt lat="42.3750900" lon="9.1185200">
        <ele>0.0</ele>
      </trkpt>
      <trkpt lat="42.3751000" lon="9.1186500">
        <ele>0.0</ele>
      </trkpt>
      <trkpt lat="42.3751100" lon="9.1187400">
        <ele>0.0</ele>
      </trkpt>
      <trkpt lat="42.3750900" lon="9.1189400">
        <ele>0.0</ele>
      </trkpt>
      <trkpt lat="42.3751000" lon="9.1193100">
        <ele>0.0</ele>
      </trkpt>
      <trkpt lat="42.3751700" lon="9.1196600">
        <ele>0.0</ele>
      </trkpt>
      <trkpt lat="42.3752400" lon="9.1199100">
        <ele>0.0</ele>
      </trkpt>
      <trkpt lat="42.3753900" lon="9.1201600">
        <ele>0.0</ele>
      </trkpt>
      <trkpt lat="42.3755800" lon="9.1204000">
        <ele>0.0</ele>
      </trkpt>
      <trkpt lat="42.3757000" lon="9.1205300">
        <ele>0.0</ele>
      </trkpt>
      <trkpt lat="42.3758400" lon="9.1205900">
        <ele>0.0</ele>
      </trkpt>
      <trkpt lat="42.3761200" lon="9.1205600">
        <ele>0.0</ele>
      </trkpt>
      <trkpt lat="42.3764100" lon="9.1205700">
        <ele>0.0</ele>
      </trkpt>
      <trkpt lat="42.3766500" lon="9.1206400">
        <ele>0.0</ele>
      </trkpt>
      <trkpt lat="42.3768200" lon="9.1207700">
        <ele>0.0</ele>
      </trkpt>
      <trkpt lat="42.3769000" lon="9.1208900">
        <ele>0.0</ele>
      </trkpt>
      <trkpt lat="42.3769700" lon="9.1210500">
        <ele>0.0</ele>
      </trkpt>
      <trkpt lat="42.3770400" lon="9.1211700">
        <ele>0.0</ele>
      </trkpt>
      <trkpt lat="42.3771300" lon="9.1212600">
        <ele>0.0</ele>
      </trkpt>
      <trkpt lat="42.3773400" lon="9.1214000">
        <ele>0.0</ele>
      </trkpt>
      <trkpt lat="42.3775000" lon="9.1215400">
        <ele>0.0</ele>
      </trkpt>
      <trkpt lat="42.3776600" lon="9.1217600">
        <ele>0.0</ele>
      </trkpt>
      <trkpt lat="42.3777100" lon="9.1219700">
        <ele>0.0</ele>
      </trkpt>
      <trkpt lat="42.3777700" lon="9.1220900">
        <ele>0.0</ele>
      </trkpt>
      <trkpt lat="42.3778800" lon="9.1222100">
        <ele>0.0</ele>
      </trkpt>
      <trkpt lat="42.3780900" lon="9.1223900">
        <ele>0.0</ele>
      </trkpt>
      <trkpt lat="42.3783400" lon="9.1224900">
        <ele>0.0</ele>
      </trkpt>
      <trkpt lat="42.3784500" lon="9.1225500">
        <ele>0.0</ele>
      </trkpt>
      <trkpt lat="42.3785900" lon="9.1227300">
        <ele>0.0</ele>
      </trkpt>
      <trkpt lat="42.3786500" lon="9.1228600">
        <ele>0.0</ele>
      </trkpt>
      <trkpt lat="42.3786500" lon="9.1229600">
        <ele>0.0</ele>
      </trkpt>
      <trkpt lat="42.3785400" lon="9.1232800">
        <ele>0.0</ele>
      </trkpt>
      <trkpt lat="42.3783900" lon="9.1235100">
        <ele>0.0</ele>
      </trkpt>
      <trkpt lat="42.3783500" lon="9.1236200">
        <ele>0.0</ele>
      </trkpt>
      <trkpt lat="42.3783300" lon="9.1237700">
        <ele>0.0</ele>
      </trkpt>
      <trkpt lat="42.3783300" lon="9.1238900">
        <ele>0.0</ele>
      </trkpt>
      <trkpt lat="42.3784900" lon="9.1245500">
        <ele>0.0</ele>
      </trkpt>
      <trkpt lat="42.3785100" lon="9.1247700">
        <ele>0.0</ele>
      </trkpt>
      <trkpt lat="42.3784500" lon="9.1251200">
        <ele>0.0</ele>
      </trkpt>
      <trkpt lat="42.3785200" lon="9.1252900">
        <ele>0.0</ele>
      </trkpt>
      <trkpt lat="42.3785700" lon="9.1253600">
        <ele>0.0</ele>
      </trkpt>
      <trkpt lat="42.3790200" lon="9.1257000">
        <ele>0.0</ele>
      </trkpt>
      <trkpt lat="42.3795300" lon="9.1262700">
        <ele>0.0</ele>
      </trkpt>
      <trkpt lat="42.3796500" lon="9.1264300">
        <ele>0.0</ele>
      </trkpt>
      <trkpt lat="42.3798100" lon="9.1265800">
        <ele>0.0</ele>
      </trkpt>
      <trkpt lat="42.3801600" lon="9.1271300">
        <ele>0.0</ele>
      </trkpt>
      <trkpt lat="42.3804800" lon="9.1275700">
        <ele>0.0</ele>
      </trkpt>
      <trkpt lat="42.3806900" lon="9.1278800">
        <ele>0.0</ele>
      </trkpt>
      <trkpt lat="42.3807900" lon="9.1280900">
        <ele>0.0</ele>
      </trkpt>
      <trkpt lat="42.3809000" lon="9.1285300">
        <ele>0.0</ele>
      </trkpt>
      <trkpt lat="42.3809600" lon="9.1287400">
        <ele>0.0</ele>
      </trkpt>
      <trkpt lat="42.3810300" lon="9.1291500">
        <ele>0.0</ele>
      </trkpt>
      <trkpt lat="42.3810200" lon="9.1293800">
        <ele>0.0</ele>
      </trkpt>
      <trkpt lat="42.3811000" lon="9.1299100">
        <ele>0.0</ele>
      </trkpt>
      <trkpt lat="42.3812000" lon="9.1302300">
        <ele>0.0</ele>
      </trkpt>
      <trkpt lat="42.3812200" lon="9.1305200">
        <ele>0.0</ele>
      </trkpt>
      <trkpt lat="42.3811900" lon="9.1306600">
        <ele>0.0</ele>
      </trkpt>
      <trkpt lat="42.3810600" lon="9.1309800">
        <ele>0.0</ele>
      </trkpt>
      <trkpt lat="42.3810100" lon="9.1311900">
        <ele>0.0</ele>
      </trkpt>
      <trkpt lat="42.3809700" lon="9.1320200">
        <ele>0.0</ele>
      </trkpt>
      <trkpt lat="42.3809700" lon="9.1323400">
        <ele>0.0</ele>
      </trkpt>
      <trkpt lat="42.3810200" lon="9.1325700">
        <ele>0.0</ele>
      </trkpt>
      <trkpt lat="42.3810800" lon="9.1328000">
        <ele>0.0</ele>
      </trkpt>
      <trkpt lat="42.3814200" lon="9.1338200">
        <ele>0.0</ele>
      </trkpt>
      <trkpt lat="42.3815100" lon="9.1341700">
        <ele>0.0</ele>
      </trkpt>
      <trkpt lat="42.3815500" lon="9.1346800">
        <ele>0.0</ele>
      </trkpt>
      <trkpt lat="42.3816400" lon="9.1350900">
        <ele>0.0</ele>
      </trkpt>
      <trkpt lat="42.3817200" lon="9.1353200">
        <ele>0.0</ele>
      </trkpt>
      <trkpt lat="42.3819100" lon="9.1356900">
        <ele>0.0</ele>
      </trkpt>
      <trkpt lat="42.3825100" lon="9.1364400">
        <ele>0.0</ele>
      </trkpt>
      <trkpt lat="42.3832300" lon="9.1369700">
        <ele>0.0</ele>
      </trkpt>
      <trkpt lat="42.3834300" lon="9.1372000">
        <ele>0.0</ele>
      </trkpt>
      <trkpt lat="42.3835700" lon="9.1373300">
        <ele>0.0</ele>
      </trkpt>
      <trkpt lat="42.3836900" lon="9.1374400">
        <ele>0.0</ele>
      </trkpt>
      <trkpt lat="42.3838300" lon="9.1376000">
        <ele>0.0</ele>
      </trkpt>
      <trkpt lat="42.3838200" lon="9.1376700">
        <ele>0.0</ele>
      </trkpt>
      <trkpt lat="42.3837800" lon="9.1378100">
        <ele>0.0</ele>
      </trkpt>
      <trkpt lat="42.3836700" lon="9.1379900">
        <ele>0.0</ele>
      </trkpt>
      <trkpt lat="42.3835300" lon="9.1383100">
        <ele>0.0</ele>
      </trkpt>
      <trkpt lat="42.3834800" lon="9.1384200">
        <ele>0.0</ele>
      </trkpt>
      <trkpt lat="42.3834400" lon="9.1385300">
        <ele>0.0</ele>
      </trkpt>
      <trkpt lat="42.3834200" lon="9.1386200">
        <ele>0.0</ele>
      </trkpt>
      <trkpt lat="42.3834200" lon="9.1387200">
        <ele>0.0</ele>
      </trkpt>
      <trkpt lat="42.3834400" lon="9.1388800">
        <ele>0.0</ele>
      </trkpt>
      <trkpt lat="42.3834800" lon="9.1391600">
        <ele>0.0</ele>
      </trkpt>
      <trkpt lat="42.3834700" lon="9.1392800">
        <ele>0.0</ele>
      </trkpt>
      <trkpt lat="42.3834400" lon="9.1393600">
        <ele>0.0</ele>
      </trkpt>
      <trkpt lat="42.3833900" lon="9.1394600">
        <ele>0.0</ele>
      </trkpt>
      <trkpt lat="42.3831200" lon="9.1397800">
        <ele>0.0</ele>
      </trkpt>
      <trkpt lat="42.3830700" lon="9.1398600">
        <ele>0.0</ele>
      </trkpt>
      <trkpt lat="42.3826400" lon="9.1403900">
        <ele>0.0</ele>
      </trkpt>
      <trkpt lat="42.3824800" lon="9.1406300">
        <ele>0.0</ele>
      </trkpt>
      <trkpt lat="42.3824400" lon="9.1406800">
        <ele>0.0</ele>
      </trkpt>
      <trkpt lat="42.3822100" lon="9.1410600">
        <ele>0.0</ele>
      </trkpt>
      <trkpt lat="42.3820400" lon="9.1414300">
        <ele>0.0</ele>
      </trkpt>
      <trkpt lat="42.3818100" lon="9.1420600">
        <ele>0.0</ele>
      </trkpt>
      <trkpt lat="42.3817400" lon="9.1423600">
        <ele>0.0</ele>
      </trkpt>
      <trkpt lat="42.3815900" lon="9.1436000">
        <ele>0.0</ele>
      </trkpt>
      <trkpt lat="42.3813800" lon="9.1443200">
        <ele>0.0</ele>
      </trkpt>
      <trkpt lat="42.3812400" lon="9.1446500">
        <ele>0.0</ele>
      </trkpt>
      <trkpt lat="42.3811400" lon="9.1448300">
        <ele>0.0</ele>
      </trkpt>
      <trkpt lat="42.3810100" lon="9.1450200">
        <ele>0.0</ele>
      </trkpt>
      <trkpt lat="42.3807400" lon="9.1452600">
        <ele>0.0</ele>
      </trkpt>
      <trkpt lat="42.3805000" lon="9.1454300">
        <ele>0.0</ele>
      </trkpt>
      <trkpt lat="42.3800600" lon="9.1457300">
        <ele>0.0</ele>
      </trkpt>
      <trkpt lat="42.3799800" lon="9.1458000">
        <ele>0.0</ele>
      </trkpt>
      <trkpt lat="42.3798700" lon="9.1460200">
        <ele>0.0</ele>
      </trkpt>
      <trkpt lat="42.3798300" lon="9.1460600">
        <ele>0.0</ele>
      </trkpt>
      <trkpt lat="42.3797900" lon="9.1461700">
        <ele>0.0</ele>
      </trkpt>
      <trkpt lat="42.3797400" lon="9.1463700">
        <ele>0.0</ele>
      </trkpt>
      <trkpt lat="42.3797100" lon="9.1466000">
        <ele>0.0</ele>
      </trkpt>
      <trkpt lat="42.3797100" lon="9.1467400">
        <ele>0.0</ele>
      </trkpt>
      <trkpt lat="42.3797200" lon="9.1468500">
        <ele>0.0</ele>
      </trkpt>
      <trkpt lat="42.3797600" lon="9.1470400">
        <ele>0.0</ele>
      </trkpt>
      <trkpt lat="42.3798400" lon="9.1472000">
        <ele>0.0</ele>
      </trkpt>
      <trkpt lat="42.3798600" lon="9.1472500">
        <ele>0.0</ele>
      </trkpt>
      <trkpt lat="42.3799200" lon="9.1473500">
        <ele>0.0</ele>
      </trkpt>
      <trkpt lat="42.3800200" lon="9.1476100">
        <ele>0.0</ele>
      </trkpt>
      <trkpt lat="42.3800800" lon="9.1478300">
        <ele>0.0</ele>
      </trkpt>
      <trkpt lat="42.3800900" lon="9.1480700">
        <ele>0.0</ele>
      </trkpt>
      <trkpt lat="42.3800700" lon="9.1483500">
        <ele>0.0</ele>
      </trkpt>
      <trkpt lat="42.3800300" lon="9.1486000">
        <ele>0.0</ele>
      </trkpt>
      <trkpt lat="42.3799400" lon="9.1489500">
        <ele>0.0</ele>
      </trkpt>
      <trkpt lat="42.3798700" lon="9.1492100">
        <ele>0.0</ele>
      </trkpt>
      <trkpt lat="42.3797700" lon="9.1496300">
        <ele>0.0</ele>
      </trkpt>
      <trkpt lat="42.3797500" lon="9.1499300">
        <ele>0.0</ele>
      </trkpt>
      <trkpt lat="42.3797500" lon="9.1501500">
        <ele>0.0</ele>
      </trkpt>
      <trkpt lat="42.3798300" lon="9.1508500">
        <ele>0.0</ele>
      </trkpt>
      <trkpt lat="42.3799000" lon="9.1511000">
        <ele>0.0</ele>
      </trkpt>
      <trkpt lat="42.3799400" lon="9.1512200">
        <ele>0.0</ele>
      </trkpt>
      <trkpt lat="42.3800000" lon="9.1513000">
        <ele>0.0</ele>
      </trkpt>
      <trkpt lat="42.3802600" lon="9.1514600">
        <ele>0.0</ele>
      </trkpt>
      <trkpt lat="42.3804500" lon="9.1515400">
        <ele>0.0</ele>
      </trkpt>
      <trkpt lat="42.3805100" lon="9.1515700">
        <ele>0.0</ele>
      </trkpt>
      <trkpt lat="42.3806800" lon="9.1516600">
        <ele>0.0</ele>
      </trkpt>
      <trkpt lat="42.3808700" lon="9.1518500">
        <ele>0.0</ele>
      </trkpt>
      <trkpt lat="42.3813200" lon="9.1524200">
        <ele>0.0</ele>
      </trkpt>
      <trkpt lat="42.3814300" lon="9.1525900">
        <ele>0.0</ele>
      </trkpt>
      <trkpt lat="42.3815000" lon="9.1527200">
        <ele>0.0</ele>
      </trkpt>
      <trkpt lat="42.3815600" lon="9.1528900">
        <ele>0.0</ele>
      </trkpt>
      <trkpt lat="42.3816500" lon="9.1532200">
        <ele>0.0</ele>
      </trkpt>
      <trkpt lat="42.3817500" lon="9.1537600">
        <ele>0.0</ele>
      </trkpt>
      <trkpt lat="42.3818400" lon="9.1540500">
        <ele>0.0</ele>
      </trkpt>
      <trkpt lat="42.3820100" lon="9.1543600">
        <ele>0.0</ele>
      </trkpt>
      <trkpt lat="42.3821700" lon="9.1546200">
        <ele>0.0</ele>
      </trkpt>
      <trkpt lat="42.3823400" lon="9.1549300">
        <ele>0.0</ele>
      </trkpt>
      <trkpt lat="42.3823800" lon="9.1550300">
        <ele>0.0</ele>
      </trkpt>
      <trkpt lat="42.3825000" lon="9.1553000">
        <ele>0.0</ele>
      </trkpt>
      <trkpt lat="42.3825300" lon="9.1556600">
        <ele>0.0</ele>
      </trkpt>
      <trkpt lat="42.3824100" lon="9.1563900">
        <ele>0.0</ele>
      </trkpt>
      <trkpt lat="42.3821500" lon="9.1572700">
        <ele>0.0</ele>
      </trkpt>
      <trkpt lat="42.3821500" lon="9.1574500">
        <ele>0.0</ele>
      </trkpt>
      <trkpt lat="42.3821700" lon="9.1576000">
        <ele>0.0</ele>
      </trkpt>
      <trkpt lat="42.3823800" lon="9.1581800">
        <ele>0.0</ele>
      </trkpt>
      <trkpt lat="42.3826900" lon="9.1589500">
        <ele>0.0</ele>
      </trkpt>
      <trkpt lat="42.3827300" lon="9.1591100">
        <ele>0.0</ele>
      </trkpt>
      <trkpt lat="42.3827400" lon="9.1592300">
        <ele>0.0</ele>
      </trkpt>
      <trkpt lat="42.3827300" lon="9.1593100">
        <ele>0.0</ele>
      </trkpt>
      <trkpt lat="42.3827000" lon="9.1594800">
        <ele>0.0</ele>
      </trkpt>
      <trkpt lat="42.3825600" lon="9.1600700">
        <ele>0.0</ele>
      </trkpt>
      <trkpt lat="42.3825400" lon="9.1601500">
        <ele>0.0</ele>
      </trkpt>
      <trkpt lat="42.3824300" lon="9.1606100">
        <ele>0.0</ele>
      </trkpt>
      <trkpt lat="42.3824000" lon="9.1607700">
        <ele>0.0</ele>
      </trkpt>
      <trkpt lat="42.3824100" lon="9.1610500">
        <ele>0.0</ele>
      </trkpt>
      <trkpt lat="42.3824600" lon="9.1613400">
        <ele>0.0</ele>
      </trkpt>
      <trkpt lat="42.3825700" lon="9.1617200">
        <ele>0.0</ele>
      </trkpt>
      <trkpt lat="42.3829200" lon="9.1626000">
        <ele>0.0</ele>
      </trkpt>
      <trkpt lat="42.3829500" lon="9.1626700">
        <ele>0.0</ele>
      </trkpt>
      <trkpt lat="42.3831400" lon="9.1631200">
        <ele>0.0</ele>
      </trkpt>
      <trkpt lat="42.3835200" lon="9.1636600">
        <ele>0.0</ele>
      </trkpt>
      <trkpt lat="42.3839800" lon="9.1642700">
        <ele>0.0</ele>
      </trkpt>
      <trkpt lat="42.3841800" lon="9.1646100">
        <ele>0.0</ele>
      </trkpt>
      <trkpt lat="42.3842500" lon="9.1647500">
        <ele>0.0</ele>
      </trkpt>
      <trkpt lat="42.3842800" lon="9.1649200">
        <ele>0.0</ele>
      </trkpt>
      <trkpt lat="42.3842700" lon="9.1653900">
        <ele>0.0</ele>
      </trkpt>
      <trkpt lat="42.3843500" lon="9.1658300">
        <ele>0.0</ele>
      </trkpt>
      <trkpt lat="42.3845000" lon="9.1662100">
        <ele>0.0</ele>
      </trkpt>
      <trkpt lat="42.3847000" lon="9.1664000">
        <ele>0.0</ele>
      </trkpt>
      <trkpt lat="42.3849500" lon="9.1666300">
        <ele>0.0</ele>
      </trkpt>
      <trkpt lat="42.3852400" lon="9.1668400">
        <ele>0.0</ele>
      </trkpt>
      <trkpt lat="42.3860000" lon="9.1670700">
        <ele>0.0</ele>
      </trkpt>
      <trkpt lat="42.3861800" lon="9.1671000">
        <ele>0.0</ele>
      </trkpt>
      <trkpt lat="42.3864800" lon="9.1671300">
        <ele>0.0</ele>
      </trkpt>
      <trkpt lat="42.3868700" lon="9.1670800">
        <ele>0.0</ele>
      </trkpt>
      <trkpt lat="42.3874300" lon="9.1669700">
        <ele>0.0</ele>
      </trkpt>
      <trkpt lat="42.3878800" lon="9.1668000">
        <ele>0.0</ele>
      </trkpt>
      <trkpt lat="42.3883000" lon="9.1665100">
        <ele>0.0</ele>
      </trkpt>
      <trkpt lat="42.3891200" lon="9.1658200">
        <ele>0.0</ele>
      </trkpt>
      <trkpt lat="42.3894400" lon="9.1656800">
        <ele>0.0</ele>
      </trkpt>
      <trkpt lat="42.3897400" lon="9.1655800">
        <ele>0.0</ele>
      </trkpt>
      <trkpt lat="42.3900100" lon="9.1655700">
        <ele>0.0</ele>
      </trkpt>
      <trkpt lat="42.3907700" lon="9.1658100">
        <ele>0.0</ele>
      </trkpt>
      <trkpt lat="42.3909100" lon="9.1658400">
        <ele>0.0</ele>
      </trkpt>
      <trkpt lat="42.3910500" lon="9.1658200">
        <ele>0.0</ele>
      </trkpt>
      <trkpt lat="42.3913300" lon="9.1658400">
        <ele>0.0</ele>
      </trkpt>
      <trkpt lat="42.3915800" lon="9.1659900">
        <ele>0.0</ele>
      </trkpt>
      <trkpt lat="42.3918000" lon="9.1662500">
        <ele>0.0</ele>
      </trkpt>
      <trkpt lat="42.3921200" lon="9.1666800">
        <ele>0.0</ele>
      </trkpt>
      <trkpt lat="42.3923800" lon="9.1670600">
        <ele>0.0</ele>
      </trkpt>
      <trkpt lat="42.3924200" lon="9.1671700">
        <ele>0.0</ele>
      </trkpt>
      <trkpt lat="42.3924600" lon="9.1672600">
        <ele>0.0</ele>
      </trkpt>
      <trkpt lat="42.3925500" lon="9.1676700">
        <ele>0.0</ele>
      </trkpt>
      <trkpt lat="42.3926500" lon="9.1680100">
        <ele>0.0</ele>
      </trkpt>
      <trkpt lat="42.3928200" lon="9.1684400">
        <ele>0.0</ele>
      </trkpt>
      <trkpt lat="42.3929800" lon="9.1687900">
        <ele>0.0</ele>
      </trkpt>
      <trkpt lat="42.3930700" lon="9.1691400">
        <ele>0.0</ele>
      </trkpt>
      <trkpt lat="42.3931000" lon="9.1693800">
        <ele>0.0</ele>
      </trkpt>
      <trkpt lat="42.3930300" lon="9.1696900">
        <ele>0.0</ele>
      </trkpt>
      <trkpt lat="42.3929300" lon="9.1700600">
        <ele>0.0</ele>
      </trkpt>
      <trkpt lat="42.3929100" lon="9.1704700">
        <ele>0.0</ele>
      </trkpt>
      <trkpt lat="42.3928600" lon="9.1707900">
        <ele>0.0</ele>
      </trkpt>
      <trkpt lat="42.3927000" lon="9.1712300">
        <ele>0.0</ele>
      </trkpt>
      <trkpt lat="42.3919900" lon="9.1723500">
        <ele>0.0</ele>
      </trkpt>
      <trkpt lat="42.3918600" lon="9.1725900">
        <ele>0.0</ele>
      </trkpt>
      <trkpt lat="42.3911800" lon="9.1736200">
        <ele>0.0</ele>
      </trkpt>
      <trkpt lat="42.3910400" lon="9.1739300">
        <ele>0.0</ele>
      </trkpt>
      <trkpt lat="42.3908900" lon="9.1743800">
        <ele>0.0</ele>
      </trkpt>
      <trkpt lat="42.3908200" lon="9.1747900">
        <ele>0.0</ele>
      </trkpt>
      <trkpt lat="42.3907600" lon="9.1753600">
        <ele>0.0</ele>
      </trkpt>
      <trkpt lat="42.3907700" lon="9.1758700">
        <ele>0.0</ele>
      </trkpt>
      <trkpt lat="42.3908900" lon="9.1766900">
        <ele>0.0</ele>
      </trkpt>
      <trkpt lat="42.3909100" lon="9.1769200">
        <ele>0.0</ele>
      </trkpt>
      <trkpt lat="42.3908900" lon="9.1771700">
        <ele>0.0</ele>
      </trkpt>
      <trkpt lat="42.3908000" lon="9.1775800">
        <ele>0.0</ele>
      </trkpt>
      <trkpt lat="42.3906500" lon="9.1780800">
        <ele>0.0</ele>
      </trkpt>
      <trkpt lat="42.3905800" lon="9.1785800">
        <ele>0.0</ele>
      </trkpt>
      <trkpt lat="42.3905500" lon="9.1793600">
        <ele>0.0</ele>
      </trkpt>
      <trkpt lat="42.3905800" lon="9.1798400">
        <ele>0.0</ele>
      </trkpt>
      <trkpt lat="42.3907300" lon="9.1810500">
        <ele>0.0</ele>
      </trkpt>
      <trkpt lat="42.3907900" lon="9.1813400">
        <ele>0.0</ele>
      </trkpt>
      <trkpt lat="42.3908100" lon="9.1814000">
        <ele>0.0</ele>
      </trkpt>
      <trkpt lat="42.3909600" lon="9.1817900">
        <ele>0.0</ele>
      </trkpt>
      <trkpt lat="42.3910700" lon="9.1820000">
        <ele>0.0</ele>
      </trkpt>
      <trkpt lat="42.3913000" lon="9.1825900">
        <ele>0.0</ele>
      </trkpt>
      <trkpt lat="42.3914400" lon="9.1831200">
        <ele>0.0</ele>
      </trkpt>
      <trkpt lat="42.3915800" lon="9.1835000">
        <ele>0.0</ele>
      </trkpt>
      <trkpt lat="42.3917200" lon="9.1837700">
        <ele>0.0</ele>
      </trkpt>
      <trkpt lat="42.3919500" lon="9.1840600">
        <ele>0.0</ele>
      </trkpt>
      <trkpt lat="42.3920500" lon="9.1842300">
        <ele>0.0</ele>
      </trkpt>
      <trkpt lat="42.3922600" lon="9.1845700">
        <ele>0.0</ele>
      </trkpt>
      <trkpt lat="42.3922800" lon="9.1846100">
        <ele>0.0</ele>
      </trkpt>
      <trkpt lat="42.3924200" lon="9.1848700">
        <ele>0.0</ele>
      </trkpt>
      <trkpt lat="42.3925200" lon="9.1850000">
        <ele>0.0</ele>
      </trkpt>
      <trkpt lat="42.3928600" lon="9.1852100">
        <ele>0.0</ele>
      </trkpt>
      <trkpt lat="42.3931200" lon="9.1853500">
        <ele>0.0</ele>
      </trkpt>
      <trkpt lat="42.3933200" lon="9.1854900">
        <ele>0.0</ele>
      </trkpt>
      <trkpt lat="42.3934700" lon="9.1856400">
        <ele>0.0</ele>
      </trkpt>
      <trkpt lat="42.3935200" lon="9.1857000">
        <ele>0.0</ele>
      </trkpt>
      <trkpt lat="42.3935700" lon="9.1857800">
        <ele>0.0</ele>
      </trkpt>
      <trkpt lat="42.3937800" lon="9.1861900">
        <ele>0.0</ele>
      </trkpt>
      <trkpt lat="42.3941000" lon="9.1870600">
        <ele>0.0</ele>
      </trkpt>
      <trkpt lat="42.3943200" lon="9.1875700">
        <ele>0.0</ele>
      </trkpt>
      <trkpt lat="42.3946700" lon="9.1884900">
        <ele>0.0</ele>
      </trkpt>
      <trkpt lat="42.3948600" lon="9.1889000">
        <ele>0.0</ele>
      </trkpt>
      <trkpt lat="42.3951100" lon="9.1894800">
        <ele>0.0</ele>
      </trkpt>
      <trkpt lat="42.3957500" lon="9.1908700">
        <ele>0.0</ele>
      </trkpt>
      <trkpt lat="42.3957700" lon="9.1909300">
        <ele>0.0</ele>
      </trkpt>
      <trkpt lat="42.3958400" lon="9.1912000">
        <ele>0.0</ele>
      </trkpt>
      <trkpt lat="42.3958600" lon="9.1914700">
        <ele>0.0</ele>
      </trkpt>
      <trkpt lat="42.3958300" lon="9.1916200">
        <ele>0.0</ele>
      </trkpt>
      <trkpt lat="42.3961700" lon="9.1918000">
        <ele>0.0</ele>
      </trkpt>
      <trkpt lat="42.3969000" lon="9.1922700">
        <ele>0.0</ele>
      </trkpt>
      <trkpt lat="42.3970400" lon="9.1923100">
        <ele>0.0</ele>
      </trkpt>
      <trkpt lat="42.3971800" lon="9.1923300">
        <ele>0.0</ele>
      </trkpt>
      <trkpt lat="42.3973100" lon="9.1923200">
        <ele>0.0</ele>
      </trkpt>
      <trkpt lat="42.3974400" lon="9.1923200">
        <ele>0.0</ele>
      </trkpt>
      <trkpt lat="42.3975000" lon="9.1923100">
        <ele>0.0</ele>
      </trkpt>
      <trkpt lat="42.3977000" lon="9.1922500">
        <ele>0.0</ele>
      </trkpt>
      <trkpt lat="42.3978700" lon="9.1921700">
        <ele>0.0</ele>
      </trkpt>
      <trkpt lat="42.3979000" lon="9.1924500">
        <ele>0.0</ele>
      </trkpt>
      <trkpt lat="42.3979300" lon="9.1925500">
        <ele>0.0</ele>
      </trkpt>
      <trkpt lat="42.3979700" lon="9.1926500">
        <ele>0.0</ele>
      </trkpt>
      <trkpt lat="42.3981200" lon="9.1928700">
        <ele>0.0</ele>
      </trkpt>
      <trkpt lat="42.3981700" lon="9.1929100">
        <ele>0.0</ele>
      </trkpt>
      <trkpt lat="42.3982300" lon="9.1929300">
        <ele>0.0</ele>
      </trkpt>
      <trkpt lat="42.3984400" lon="9.1929800">
        <ele>0.0</ele>
      </trkpt>
      <trkpt lat="42.3985200" lon="9.1930100">
        <ele>0.0</ele>
      </trkpt>
      <trkpt lat="42.3986500" lon="9.1931100">
        <ele>0.0</ele>
      </trkpt>
      <trkpt lat="42.3986900" lon="9.1931600">
        <ele>0.0</ele>
      </trkpt>
      <trkpt lat="42.3987500" lon="9.1932600">
        <ele>0.0</ele>
      </trkpt>
      <trkpt lat="42.3988500" lon="9.1934100">
        <ele>0.0</ele>
      </trkpt>
      <trkpt lat="42.3989100" lon="9.1934600">
        <ele>0.0</ele>
      </trkpt>
      <trkpt lat="42.3991800" lon="9.1935900">
        <ele>0.0</ele>
      </trkpt>
      <trkpt lat="42.3993800" lon="9.1936600">
        <ele>0.0</ele>
      </trkpt>
      <trkpt lat="42.3996800" lon="9.1937100">
        <ele>0.0</ele>
      </trkpt>
      <trkpt lat="42.3997600" lon="9.1937300">
        <ele>0.0</ele>
      </trkpt>
      <trkpt lat="42.3998400" lon="9.1937900">
        <ele>0.0</ele>
      </trkpt>
      <trkpt lat="42.3998900" lon="9.1938400">
        <ele>0.0</ele>
      </trkpt>
      <trkpt lat="42.3999300" lon="9.1939000">
        <ele>0.0</ele>
      </trkpt>
      <trkpt lat="42.4000400" lon="9.1941100">
        <ele>0.0</ele>
      </trkpt>
      <trkpt lat="42.4000900" lon="9.1942900">
        <ele>0.0</ele>
      </trkpt>
      <trkpt lat="42.4002400" lon="9.1946200">
        <ele>0.0</ele>
      </trkpt>
      <trkpt lat="42.4003900" lon="9.1948200">
        <ele>0.0</ele>
      </trkpt>
      <trkpt lat="42.4012700" lon="9.1956800">
        <ele>0.0</ele>
      </trkpt>
      <trkpt lat="42.4015900" lon="9.1958900">
        <ele>0.0</ele>
      </trkpt>
      <trkpt lat="42.4018500" lon="9.1960200">
        <ele>0.0</ele>
      </trkpt>
      <trkpt lat="42.4020700" lon="9.1961700">
        <ele>0.0</ele>
      </trkpt>
      <trkpt lat="42.4023800" lon="9.1964700">
        <ele>0.0</ele>
      </trkpt>
      <trkpt lat="42.4025200" lon="9.1965600">
        <ele>0.0</ele>
      </trkpt>
      <trkpt lat="42.4028700" lon="9.1967000">
        <ele>0.0</ele>
      </trkpt>
      <trkpt lat="42.4030700" lon="9.1968000">
        <ele>0.0</ele>
      </trkpt>
      <trkpt lat="42.4032500" lon="9.1969900">
        <ele>0.0</ele>
      </trkpt>
      <trkpt lat="42.4032900" lon="9.1970600">
        <ele>0.0</ele>
      </trkpt>
      <trkpt lat="42.4033900" lon="9.1972600">
        <ele>0.0</ele>
      </trkpt>
      <trkpt lat="42.4034600" lon="9.1973100">
        <ele>0.0</ele>
      </trkpt>
      <trkpt lat="42.4035300" lon="9.1973400">
        <ele>0.0</ele>
      </trkpt>
      <trkpt lat="42.4038100" lon="9.1973800">
        <ele>0.0</ele>
      </trkpt>
      <trkpt lat="42.4042100" lon="9.1975200">
        <ele>0.0</ele>
      </trkpt>
      <trkpt lat="42.4044600" lon="9.1977500">
        <ele>0.0</ele>
      </trkpt>
      <trkpt lat="42.4045600" lon="9.1978600">
        <ele>0.0</ele>
      </trkpt>
      <trkpt lat="42.4048700" lon="9.1981200">
        <ele>0.0</ele>
      </trkpt>
      <trkpt lat="42.4049400" lon="9.1981400">
        <ele>0.0</ele>
      </trkpt>
      <trkpt lat="42.4050300" lon="9.1981500">
        <ele>0.0</ele>
      </trkpt>
      <trkpt lat="42.4051500" lon="9.1981900">
        <ele>0.0</ele>
      </trkpt>
      <trkpt lat="42.4052200" lon="9.1982200">
        <ele>0.0</ele>
      </trkpt>
      <trkpt lat="42.4052700" lon="9.1982900">
        <ele>0.0</ele>
      </trkpt>
      <trkpt lat="42.4052900" lon="9.1983500">
        <ele>0.0</ele>
      </trkpt>
      <trkpt lat="42.4052900" lon="9.1984800">
        <ele>0.0</ele>
      </trkpt>
      <trkpt lat="42.4052400" lon="9.1985800">
        <ele>0.0</ele>
      </trkpt>
      <trkpt lat="42.4052100" lon="9.1986700">
        <ele>0.0</ele>
      </trkpt>
      <trkpt lat="42.4052200" lon="9.1987300">
        <ele>0.0</ele>
      </trkpt>
      <trkpt lat="42.4052700" lon="9.1987900">
        <ele>0.0</ele>
      </trkpt>
      <trkpt lat="42.4053100" lon="9.1988100">
        <ele>0.0</ele>
      </trkpt>
      <trkpt lat="42.4053600" lon="9.1988200">
        <ele>0.0</ele>
      </trkpt>
      <trkpt lat="42.4055700" lon="9.1987500">
        <ele>0.0</ele>
      </trkpt>
      <trkpt lat="42.4057000" lon="9.1987200">
        <ele>0.0</ele>
      </trkpt>
      <trkpt lat="42.4058500" lon="9.1987600">
        <ele>0.0</ele>
      </trkpt>
      <trkpt lat="42.4059400" lon="9.1988300">
        <ele>0.0</ele>
      </trkpt>
      <trkpt lat="42.4059700" lon="9.1988700">
        <ele>0.0</ele>
      </trkpt>
      <trkpt lat="42.4060200" lon="9.1989500">
        <ele>0.0</ele>
      </trkpt>
      <trkpt lat="42.4060800" lon="9.1990800">
        <ele>0.0</ele>
      </trkpt>
      <trkpt lat="42.4064400" lon="9.1997400">
        <ele>0.0</ele>
      </trkpt>
      <trkpt lat="42.4065900" lon="9.1999800">
        <ele>0.0</ele>
      </trkpt>
      <trkpt lat="42.4067400" lon="9.2002300">
        <ele>0.0</ele>
      </trkpt>
      <trkpt lat="42.4068300" lon="9.2004500">
        <ele>0.0</ele>
      </trkpt>
      <trkpt lat="42.4069400" lon="9.2009000">
        <ele>0.0</ele>
      </trkpt>
      <trkpt lat="42.4069800" lon="9.2014100">
        <ele>0.0</ele>
      </trkpt>
      <trkpt lat="42.4070000" lon="9.2019700">
        <ele>0.0</ele>
      </trkpt>
      <trkpt lat="42.4070000" lon="9.2023300">
        <ele>0.0</ele>
      </trkpt>
      <trkpt lat="42.4070000" lon="9.2024500">
        <ele>0.0</ele>
      </trkpt>
      <trkpt lat="42.4069900" lon="9.2025700">
        <ele>0.0</ele>
      </trkpt>
      <trkpt lat="42.4069300" lon="9.2028000">
        <ele>0.0</ele>
      </trkpt>
      <trkpt lat="42.4068700" lon="9.2029900">
        <ele>0.0</ele>
      </trkpt>
      <trkpt lat="42.4065100" lon="9.2040900">
        <ele>0.0</ele>
      </trkpt>
      <trkpt lat="42.4060400" lon="9.2053500">
        <ele>0.0</ele>
      </trkpt>
      <trkpt lat="42.4058900" lon="9.2056600">
        <ele>0.0</ele>
      </trkpt>
      <trkpt lat="42.4057200" lon="9.2059400">
        <ele>0.0</ele>
      </trkpt>
      <trkpt lat="42.4053100" lon="9.2065100">
        <ele>0.0</ele>
      </trkpt>
      <trkpt lat="42.4052800" lon="9.2065400">
        <ele>0.0</ele>
      </trkpt>
      <trkpt lat="42.4049700" lon="9.2069400">
        <ele>0.0</ele>
      </trkpt>
      <trkpt lat="42.4046400" lon="9.2073000">
        <ele>0.0</ele>
      </trkpt>
      <trkpt lat="42.4043500" lon="9.2075600">
        <ele>0.0</ele>
      </trkpt>
      <trkpt lat="42.4042100" lon="9.2076700">
        <ele>0.0</ele>
      </trkpt>
      <trkpt lat="42.4041300" lon="9.2077500">
        <ele>0.0</ele>
      </trkpt>
      <trkpt lat="42.4041000" lon="9.2078200">
        <ele>0.0</ele>
      </trkpt>
      <trkpt lat="42.4040900" lon="9.2079000">
        <ele>0.0</ele>
      </trkpt>
      <trkpt lat="42.4040700" lon="9.2079700">
        <ele>0.0</ele>
      </trkpt>
      <trkpt lat="42.4041000" lon="9.2081100">
        <ele>0.0</ele>
      </trkpt>
      <trkpt lat="42.4042100" lon="9.2082600">
        <ele>0.0</ele>
      </trkpt>
      <trkpt lat="42.4043200" lon="9.2082900">
        <ele>0.0</ele>
      </trkpt>
      <trkpt lat="42.4049200" lon="9.2082900">
        <ele>0.0</ele>
      </trkpt>
      <trkpt lat="42.4050500" lon="9.2083100">
        <ele>0.0</ele>
      </trkpt>
      <trkpt lat="42.4061400" lon="9.2089400">
        <ele>0.0</ele>
      </trkpt>
      <trkpt lat="42.4062500" lon="9.2090500">
        <ele>0.0</ele>
      </trkpt>
      <trkpt lat="42.4063100" lon="9.2091300">
        <ele>0.0</ele>
      </trkpt>
      <trkpt lat="42.4063200" lon="9.2092200">
        <ele>0.0</ele>
      </trkpt>
      <trkpt lat="42.4063300" lon="9.2097500">
        <ele>0.0</ele>
      </trkpt>
      <trkpt lat="42.4062700" lon="9.2105200">
        <ele>0.0</ele>
      </trkpt>
      <trkpt lat="42.4062800" lon="9.2110700">
        <ele>0.0</ele>
      </trkpt>
      <trkpt lat="42.4063900" lon="9.2115900">
        <ele>0.0</ele>
      </trkpt>
      <trkpt lat="42.4065000" lon="9.2120500">
        <ele>0.0</ele>
      </trkpt>
      <trkpt lat="42.4066300" lon="9.2123700">
        <ele>0.0</ele>
      </trkpt>
      <trkpt lat="42.4067800" lon="9.2126100">
        <ele>0.0</ele>
      </trkpt>
      <trkpt lat="42.4068600" lon="9.2126500">
        <ele>0.0</ele>
      </trkpt>
      <trkpt lat="42.4069500" lon="9.2126700">
        <ele>0.0</ele>
      </trkpt>
      <trkpt lat="42.4070500" lon="9.2126400">
        <ele>0.0</ele>
      </trkpt>
      <trkpt lat="42.4072300" lon="9.2124100">
        <ele>0.0</ele>
      </trkpt>
      <trkpt lat="42.4074100" lon="9.2121800">
        <ele>0.0</ele>
      </trkpt>
      <trkpt lat="42.4078800" lon="9.2119400">
        <ele>0.0</ele>
      </trkpt>
      <trkpt lat="42.4084400" lon="9.2115300">
        <ele>0.0</ele>
      </trkpt>
      <trkpt lat="42.4089400" lon="9.2109700">
        <ele>0.0</ele>
      </trkpt>
      <trkpt lat="42.4090600" lon="9.2108700">
        <ele>0.0</ele>
      </trkpt>
      <trkpt lat="42.4094100" lon="9.2107500">
        <ele>0.0</ele>
      </trkpt>
      <trkpt lat="42.4099700" lon="9.2103800">
        <ele>0.0</ele>
      </trkpt>
      <trkpt lat="42.4100800" lon="9.2103400">
        <ele>0.0</ele>
      </trkpt>
      <trkpt lat="42.4103000" lon="9.2103600">
        <ele>0.0</ele>
      </trkpt>
      <trkpt lat="42.4104400" lon="9.2104000">
        <ele>0.0</ele>
      </trkpt>
      <trkpt lat="42.4105100" lon="9.2104000">
        <ele>0.0</ele>
      </trkpt>
      <trkpt lat="42.4105800" lon="9.2103800">
        <ele>0.0</ele>
      </trkpt>
      <trkpt lat="42.4108500" lon="9.2100500">
        <ele>0.0</ele>
      </trkpt>
      <trkpt lat="42.4109700" lon="9.2098300">
        <ele>0.0</ele>
      </trkpt>
      <trkpt lat="42.4110900" lon="9.2097200">
        <ele>0.0</ele>
      </trkpt>
      <trkpt lat="42.4113700" lon="9.2095800">
        <ele>0.0</ele>
      </trkpt>
      <trkpt lat="42.4114600" lon="9.2095600">
        <ele>0.0</ele>
      </trkpt>
      <trkpt lat="42.4117100" lon="9.2095000">
        <ele>0.0</ele>
      </trkpt>
      <trkpt lat="42.4121100" lon="9.2094500">
        <ele>0.0</ele>
      </trkpt>
      <trkpt lat="42.4122500" lon="9.2094400">
        <ele>0.0</ele>
      </trkpt>
      <trkpt lat="42.4128100" lon="9.2095200">
        <ele>0.0</ele>
      </trkpt>
      <trkpt lat="42.4131200" lon="9.2096200">
        <ele>0.0</ele>
      </trkpt>
      <trkpt lat="42.4133300" lon="9.2097100">
        <ele>0.0</ele>
      </trkpt>
      <trkpt lat="42.4135200" lon="9.2098200">
        <ele>0.0</ele>
      </trkpt>
      <trkpt lat="42.4137600" lon="9.2100100">
        <ele>0.0</ele>
      </trkpt>
      <trkpt lat="42.4139900" lon="9.2101500">
        <ele>0.0</ele>
      </trkpt>
      <trkpt lat="42.4142100" lon="9.2102400">
        <ele>0.0</ele>
      </trkpt>
      <trkpt lat="42.4144300" lon="9.2102900">
        <ele>0.0</ele>
      </trkpt>
      <trkpt lat="42.4148000" lon="9.2102900">
        <ele>0.0</ele>
      </trkpt>
      <trkpt lat="42.4149600" lon="9.2102700">
        <ele>0.0</ele>
      </trkpt>
      <trkpt lat="42.4150600" lon="9.2102300">
        <ele>0.0</ele>
      </trkpt>
      <trkpt lat="42.4153800" lon="9.2100100">
        <ele>0.0</ele>
      </trkpt>
      <trkpt lat="42.4154500" lon="9.2100100">
        <ele>0.0</ele>
      </trkpt>
      <trkpt lat="42.4155100" lon="9.2100200">
        <ele>0.0</ele>
      </trkpt>
      <trkpt lat="42.4155300" lon="9.2100400">
        <ele>0.0</ele>
      </trkpt>
      <trkpt lat="42.4155500" lon="9.2100600">
        <ele>0.0</ele>
      </trkpt>
      <trkpt lat="42.4156200" lon="9.2105700">
        <ele>0.0</ele>
      </trkpt>
      <trkpt lat="42.4157100" lon="9.2108100">
        <ele>0.0</ele>
      </trkpt>
      <trkpt lat="42.4157400" lon="9.2110400">
        <ele>0.0</ele>
      </trkpt>
      <trkpt lat="42.4157000" lon="9.2112700">
        <ele>0.0</ele>
      </trkpt>
      <trkpt lat="42.4155700" lon="9.2117000">
        <ele>0.0</ele>
      </trkpt>
      <trkpt lat="42.4154900" lon="9.2119700">
        <ele>0.0</ele>
      </trkpt>
      <trkpt lat="42.4153200" lon="9.2124900">
        <ele>0.0</ele>
      </trkpt>
      <trkpt lat="42.4151700" lon="9.2127700">
        <ele>0.0</ele>
      </trkpt>
      <trkpt lat="42.4150000" lon="9.2131000">
        <ele>0.0</ele>
      </trkpt>
      <trkpt lat="42.4149600" lon="9.2132100">
        <ele>0.0</ele>
      </trkpt>
      <trkpt lat="42.4149000" lon="9.2135200">
        <ele>0.0</ele>
      </trkpt>
      <trkpt lat="42.4148800" lon="9.2136900">
        <ele>0.0</ele>
      </trkpt>
      <trkpt lat="42.4148200" lon="9.2139100">
        <ele>0.0</ele>
      </trkpt>
      <trkpt lat="42.4148100" lon="9.2140300">
        <ele>0.0</ele>
      </trkpt>
      <trkpt lat="42.4148400" lon="9.2141300">
        <ele>0.0</ele>
      </trkpt>
      <trkpt lat="42.4149200" lon="9.2141800">
        <ele>0.0</ele>
      </trkpt>
      <trkpt lat="42.4152700" lon="9.2143400">
        <ele>0.0</ele>
      </trkpt>
      <trkpt lat="42.4154300" lon="9.2144600">
        <ele>0.0</ele>
      </trkpt>
      <trkpt lat="42.4154900" lon="9.2145300">
        <ele>0.0</ele>
      </trkpt>
      <trkpt lat="42.4155300" lon="9.2146900">
        <ele>0.0</ele>
      </trkpt>
      <trkpt lat="42.4154900" lon="9.2147800">
        <ele>0.0</ele>
      </trkpt>
      <trkpt lat="42.4153600" lon="9.2148300">
        <ele>0.0</ele>
      </trkpt>
      <trkpt lat="42.4153100" lon="9.2148800">
        <ele>0.0</ele>
      </trkpt>
      <trkpt lat="42.4152700" lon="9.2149900">
        <ele>0.0</ele>
      </trkpt>
      <trkpt lat="42.4152500" lon="9.2151800">
        <ele>0.0</ele>
      </trkpt>
      <trkpt lat="42.4152200" lon="9.2153300">
        <ele>0.0</ele>
      </trkpt>
      <trkpt lat="42.4147800" lon="9.2160900">
        <ele>0.0</ele>
      </trkpt>
      <trkpt lat="42.4145400" lon="9.2165900">
        <ele>0.0</ele>
      </trkpt>
      <trkpt lat="42.4144300" lon="9.2168800">
        <ele>0.0</ele>
      </trkpt>
      <trkpt lat="42.4144100" lon="9.2169400">
        <ele>0.0</ele>
      </trkpt>
      <trkpt lat="42.4144600" lon="9.2171500">
        <ele>0.0</ele>
      </trkpt>
      <trkpt lat="42.4145600" lon="9.2173400">
        <ele>0.0</ele>
      </trkpt>
      <trkpt lat="42.4147300" lon="9.2174600">
        <ele>0.0</ele>
      </trkpt>
      <trkpt lat="42.4148600" lon="9.2175000">
        <ele>0.0</ele>
      </trkpt>
      <trkpt lat="42.4150300" lon="9.2174800">
        <ele>0.0</ele>
      </trkpt>
      <trkpt lat="42.4152300" lon="9.2174200">
        <ele>0.0</ele>
      </trkpt>
      <trkpt lat="42.4154700" lon="9.2174800">
        <ele>0.0</ele>
      </trkpt>
      <trkpt lat="42.4155800" lon="9.2175600">
        <ele>0.0</ele>
      </trkpt>
      <trkpt lat="42.4156600" lon="9.2176800">
        <ele>0.0</ele>
      </trkpt>
      <trkpt lat="42.4157300" lon="9.2178500">
        <ele>0.0</ele>
      </trkpt>
      <trkpt lat="42.4158600" lon="9.2179900">
        <ele>0.0</ele>
      </trkpt>
      <trkpt lat="42.4161100" lon="9.2181200">
        <ele>0.0</ele>
      </trkpt>
      <trkpt lat="42.4165200" lon="9.2184000">
        <ele>0.0</ele>
      </trkpt>
      <trkpt lat="42.4168200" lon="9.2185600">
        <ele>0.0</ele>
      </trkpt>
      <trkpt lat="42.4169900" lon="9.2186000">
        <ele>0.0</ele>
      </trkpt>
      <trkpt lat="42.4172700" lon="9.2186200">
        <ele>0.0</ele>
      </trkpt>
      <trkpt lat="42.4175100" lon="9.2186800">
        <ele>0.0</ele>
      </trkpt>
      <trkpt lat="42.4176700" lon="9.2186500">
        <ele>0.0</ele>
      </trkpt>
      <trkpt lat="42.4177500" lon="9.2186300">
        <ele>0.0</ele>
      </trkpt>
      <trkpt lat="42.4178200" lon="9.2186400">
        <ele>0.0</ele>
      </trkpt>
      <trkpt lat="42.4178600" lon="9.2186900">
        <ele>0.0</ele>
      </trkpt>
      <trkpt lat="42.4178800" lon="9.2187400">
        <ele>0.0</ele>
      </trkpt>
      <trkpt lat="42.4178300" lon="9.2188000">
        <ele>0.0</ele>
      </trkpt>
      <trkpt lat="42.4175900" lon="9.2189300">
        <ele>0.0</ele>
      </trkpt>
      <trkpt lat="42.4170500" lon="9.2192900">
        <ele>0.0</ele>
      </trkpt>
      <trkpt lat="42.4169800" lon="9.2193300">
        <ele>0.0</ele>
      </trkpt>
      <trkpt lat="42.4168800" lon="9.2193700">
        <ele>0.0</ele>
      </trkpt>
      <trkpt lat="42.4168000" lon="9.2193900">
        <ele>0.0</ele>
      </trkpt>
      <trkpt lat="42.4165100" lon="9.2193200">
        <ele>0.0</ele>
      </trkpt>
      <trkpt lat="42.4161200" lon="9.2191800">
        <ele>0.0</ele>
      </trkpt>
      <trkpt lat="42.4158800" lon="9.2191600">
        <ele>0.0</ele>
      </trkpt>
      <trkpt lat="42.4155800" lon="9.2192100">
        <ele>0.0</ele>
      </trkpt>
      <trkpt lat="42.4153300" lon="9.2192700">
        <ele>0.0</ele>
      </trkpt>
      <trkpt lat="42.4147900" lon="9.2195400">
        <ele>0.0</ele>
      </trkpt>
      <trkpt lat="42.4143500" lon="9.2196900">
        <ele>0.0</ele>
      </trkpt>
      <trkpt lat="42.4138300" lon="9.2198200">
        <ele>0.0</ele>
      </trkpt>
      <trkpt lat="42.4136800" lon="9.2198700">
        <ele>0.0</ele>
      </trkpt>
      <trkpt lat="42.4133900" lon="9.2200300">
        <ele>0.0</ele>
      </trkpt>
      <trkpt lat="42.4133300" lon="9.2200300">
        <ele>0.0</ele>
      </trkpt>
      <trkpt lat="42.4132900" lon="9.2199900">
        <ele>0.0</ele>
      </trkpt>
      <trkpt lat="42.4131000" lon="9.2200000">
        <ele>0.0</ele>
      </trkpt>
      <trkpt lat="42.4123100" lon="9.2202500">
        <ele>0.0</ele>
      </trkpt>
      <trkpt lat="42.4120200" lon="9.2203300">
        <ele>0.0</ele>
      </trkpt>
      <trkpt lat="42.4119000" lon="9.2202900">
        <ele>0.0</ele>
      </trkpt>
      <trkpt lat="42.4113500" lon="9.2194400">
        <ele>0.0</ele>
      </trkpt>
      <trkpt lat="42.4110800" lon="9.2188900">
        <ele>0.0</ele>
      </trkpt>
      <trkpt lat="42.4109500" lon="9.2186700">
        <ele>0.0</ele>
      </trkpt>
      <trkpt lat="42.4108900" lon="9.2186000">
        <ele>0.0</ele>
      </trkpt>
      <trkpt lat="42.4108200" lon="9.2186000">
        <ele>0.0</ele>
      </trkpt>
      <trkpt lat="42.4108100" lon="9.2186800">
        <ele>0.0</ele>
      </trkpt>
      <trkpt lat="42.4108400" lon="9.2188600">
        <ele>0.0</ele>
      </trkpt>
      <trkpt lat="42.4108500" lon="9.2189100">
        <ele>0.0</ele>
      </trkpt>
      <trkpt lat="42.4109200" lon="9.2191700">
        <ele>0.0</ele>
      </trkpt>
      <trkpt lat="42.4109900" lon="9.2195800">
        <ele>0.0</ele>
      </trkpt>
      <trkpt lat="42.4111200" lon="9.2201600">
        <ele>0.0</ele>
      </trkpt>
      <trkpt lat="42.4114400" lon="9.2213500">
        <ele>0.0</ele>
      </trkpt>
      <trkpt lat="42.4115000" lon="9.2216000">
        <ele>0.0</ele>
      </trkpt>
      <trkpt lat="42.4116600" lon="9.2220400">
        <ele>0.0</ele>
      </trkpt>
      <trkpt lat="42.4117500" lon="9.2221100">
        <ele>0.0</ele>
      </trkpt>
      <trkpt lat="42.4118500" lon="9.2221800">
        <ele>0.0</ele>
      </trkpt>
      <trkpt lat="42.4119600" lon="9.2221900">
        <ele>0.0</ele>
      </trkpt>
      <trkpt lat="42.4120100" lon="9.2222200">
        <ele>0.0</ele>
      </trkpt>
      <trkpt lat="42.4120200" lon="9.2222600">
        <ele>0.0</ele>
      </trkpt>
      <trkpt lat="42.4120100" lon="9.2223300">
        <ele>0.0</ele>
      </trkpt>
      <trkpt lat="42.4119400" lon="9.2223500">
        <ele>0.0</ele>
      </trkpt>
      <trkpt lat="42.4116900" lon="9.2223800">
        <ele>0.0</ele>
      </trkpt>
      <trkpt lat="42.4116100" lon="9.2223600">
        <ele>0.0</ele>
      </trkpt>
      <trkpt lat="42.4115300" lon="9.2223200">
        <ele>0.0</ele>
      </trkpt>
      <trkpt lat="42.4115000" lon="9.2223100">
        <ele>0.0</ele>
      </trkpt>
      <trkpt lat="42.4114400" lon="9.2222500">
        <ele>0.0</ele>
      </trkpt>
      <trkpt lat="42.4113700" lon="9.2221600">
        <ele>0.0</ele>
      </trkpt>
      <trkpt lat="42.4112200" lon="9.2219000">
        <ele>0.0</ele>
      </trkpt>
      <trkpt lat="42.4110100" lon="9.2215800">
        <ele>0.0</ele>
      </trkpt>
      <trkpt lat="42.4108100" lon="9.2213800">
        <ele>0.0</ele>
      </trkpt>
      <trkpt lat="42.4106600" lon="9.2212900">
        <ele>0.0</ele>
      </trkpt>
      <trkpt lat="42.4105700" lon="9.2212800">
        <ele>0.0</ele>
      </trkpt>
      <trkpt lat="42.4104800" lon="9.2213000">
        <ele>0.0</ele>
      </trkpt>
      <trkpt lat="42.4104500" lon="9.2213500">
        <ele>0.0</ele>
      </trkpt>
      <trkpt lat="42.4104800" lon="9.2214200">
        <ele>0.0</ele>
      </trkpt>
      <trkpt lat="42.4105600" lon="9.2214700">
        <ele>0.0</ele>
      </trkpt>
      <trkpt lat="42.4106800" lon="9.2215800">
        <ele>0.0</ele>
      </trkpt>
      <trkpt lat="42.4107900" lon="9.2217000">
        <ele>0.0</ele>
      </trkpt>
      <trkpt lat="42.4108500" lon="9.2218400">
        <ele>0.0</ele>
      </trkpt>
      <trkpt lat="42.4109100" lon="9.2220200">
        <ele>0.0</ele>
      </trkpt>
      <trkpt lat="42.4110100" lon="9.2222700">
        <ele>0.0</ele>
      </trkpt>
      <trkpt lat="42.4112300" lon="9.2229300">
        <ele>0.0</ele>
      </trkpt>
      <trkpt lat="42.4113100" lon="9.2230900">
        <ele>0.0</ele>
      </trkpt>
      <trkpt lat="42.4113500" lon="9.2232000">
        <ele>0.0</ele>
      </trkpt>
      <trkpt lat="42.4113400" lon="9.2232700">
        <ele>0.0</ele>
      </trkpt>
      <trkpt lat="42.4112900" lon="9.2232900">
        <ele>0.0</ele>
      </trkpt>
      <trkpt lat="42.4112400" lon="9.2232300">
        <ele>0.0</ele>
      </trkpt>
      <trkpt lat="42.4110100" lon="9.2228300">
        <ele>0.0</ele>
      </trkpt>
      <trkpt lat="42.4107900" lon="9.2224900">
        <ele>0.0</ele>
      </trkpt>
      <trkpt lat="42.4106900" lon="9.2222900">
        <ele>0.0</ele>
      </trkpt>
      <trkpt lat="42.4105800" lon="9.2221900">
        <ele>0.0</ele>
      </trkpt>
      <trkpt lat="42.4105400" lon="9.2221900">
        <ele>0.0</ele>
      </trkpt>
      <trkpt lat="42.4105300" lon="9.2222600">
        <ele>0.0</ele>
      </trkpt>
      <trkpt lat="42.4105500" lon="9.2223400">
        <ele>0.0</ele>
      </trkpt>
      <trkpt lat="42.4106300" lon="9.2225600">
        <ele>0.0</ele>
      </trkpt>
      <trkpt lat="42.4107100" lon="9.2227400">
        <ele>0.0</ele>
      </trkpt>
      <trkpt lat="42.4109100" lon="9.2234500">
        <ele>0.0</ele>
      </trkpt>
      <trkpt lat="42.4110000" lon="9.2237000">
        <ele>0.0</ele>
      </trkpt>
      <trkpt lat="42.4110800" lon="9.2240200">
        <ele>0.0</ele>
      </trkpt>
      <trkpt lat="42.4110800" lon="9.2241000">
        <ele>0.0</ele>
      </trkpt>
      <trkpt lat="42.4110400" lon="9.2241300">
        <ele>0.0</ele>
      </trkpt>
      <trkpt lat="42.4109800" lon="9.2240900">
        <ele>0.0</ele>
      </trkpt>
      <trkpt lat="42.4109200" lon="9.2239900">
        <ele>0.0</ele>
      </trkpt>
      <trkpt lat="42.4108400" lon="9.2238300">
        <ele>0.0</ele>
      </trkpt>
      <trkpt lat="42.4105100" lon="9.2233400">
        <ele>0.0</ele>
      </trkpt>
      <trkpt lat="42.4103900" lon="9.2231900">
        <ele>0.0</ele>
      </trkpt>
      <trkpt lat="42.4103600" lon="9.2231900">
        <ele>0.0</ele>
      </trkpt>
      <trkpt lat="42.4103400" lon="9.2232100">
        <ele>0.0</ele>
      </trkpt>
      <trkpt lat="42.4103300" lon="9.2232900">
        <ele>0.0</ele>
      </trkpt>
      <trkpt lat="42.4105400" lon="9.2240000">
        <ele>0.0</ele>
      </trkpt>
      <trkpt lat="42.4107100" lon="9.2249500">
        <ele>0.0</ele>
      </trkpt>
      <trkpt lat="42.4108100" lon="9.2252300">
        <ele>0.0</ele>
      </trkpt>
      <trkpt lat="42.4109000" lon="9.2253500">
        <ele>0.0</ele>
      </trkpt>
      <trkpt lat="42.4110700" lon="9.2254500">
        <ele>0.0</ele>
      </trkpt>
      <trkpt lat="42.4113800" lon="9.2255100">
        <ele>0.0</ele>
      </trkpt>
      <trkpt lat="42.4116100" lon="9.2255700">
        <ele>0.0</ele>
      </trkpt>
      <trkpt lat="42.4117800" lon="9.2256700">
        <ele>0.0</ele>
      </trkpt>
      <trkpt lat="42.4119100" lon="9.2258400">
        <ele>0.0</ele>
      </trkpt>
      <trkpt lat="42.4119800" lon="9.2260000">
        <ele>0.0</ele>
      </trkpt>
      <trkpt lat="42.4120000" lon="9.2260700">
        <ele>0.0</ele>
      </trkpt>
      <trkpt lat="42.4120000" lon="9.2261600">
        <ele>0.0</ele>
      </trkpt>
      <trkpt lat="42.4119600" lon="9.2262200">
        <ele>0.0</ele>
      </trkpt>
      <trkpt lat="42.4118900" lon="9.2262000">
        <ele>0.0</ele>
      </trkpt>
      <trkpt lat="42.4118600" lon="9.2261700">
        <ele>0.0</ele>
      </trkpt>
      <trkpt lat="42.4118300" lon="9.2261800">
        <ele>0.0</ele>
      </trkpt>
      <trkpt lat="42.4117900" lon="9.2261800">
        <ele>0.0</ele>
      </trkpt>
      <trkpt lat="42.4116600" lon="9.2264200">
        <ele>0.0</ele>
      </trkpt>
      <trkpt lat="42.4114200" lon="9.2267000">
        <ele>0.0</ele>
      </trkpt>
      <trkpt lat="42.4112300" lon="9.2268400">
        <ele>0.0</ele>
      </trkpt>
      <trkpt lat="42.4110200" lon="9.2269700">
        <ele>0.0</ele>
      </trkpt>
      <trkpt lat="42.4106000" lon="9.2272200">
        <ele>0.0</ele>
      </trkpt>
      <trkpt lat="42.4105200" lon="9.2274100">
        <ele>0.0</ele>
      </trkpt>
      <trkpt lat="42.4105100" lon="9.2277500">
        <ele>0.0</ele>
      </trkpt>
      <trkpt lat="42.4104600" lon="9.2283600">
        <ele>0.0</ele>
      </trkpt>
      <trkpt lat="42.4104400" lon="9.2285200">
        <ele>0.0</ele>
      </trkpt>
      <trkpt lat="42.4103600" lon="9.2290100">
        <ele>0.0</ele>
      </trkpt>
      <trkpt lat="42.4101000" lon="9.2300700">
        <ele>0.0</ele>
      </trkpt>
      <trkpt lat="42.4099100" lon="9.2305200">
        <ele>0.0</ele>
      </trkpt>
      <trkpt lat="42.4096400" lon="9.2310400">
        <ele>0.0</ele>
      </trkpt>
      <trkpt lat="42.4095800" lon="9.2311500">
        <ele>0.0</ele>
      </trkpt>
      <trkpt lat="42.4091600" lon="9.2318300">
        <ele>0.0</ele>
      </trkpt>
      <trkpt lat="42.4090100" lon="9.2321300">
        <ele>0.0</ele>
      </trkpt>
      <trkpt lat="42.4088900" lon="9.2322700">
        <ele>0.0</ele>
      </trkpt>
      <trkpt lat="42.4085900" lon="9.2325400">
        <ele>0.0</ele>
      </trkpt>
      <trkpt lat="42.4084600" lon="9.2326200">
        <ele>0.0</ele>
      </trkpt>
      <trkpt lat="42.4082500" lon="9.2327600">
        <ele>0.0</ele>
      </trkpt>
      <trkpt lat="42.4080700" lon="9.2328900">
        <ele>0.0</ele>
      </trkpt>
      <trkpt lat="42.4078700" lon="9.2330800">
        <ele>0.0</ele>
      </trkpt>
      <trkpt lat="42.4077200" lon="9.2332700">
        <ele>0.0</ele>
      </trkpt>
      <trkpt lat="42.4074900" lon="9.2334700">
        <ele>0.0</ele>
      </trkpt>
      <trkpt lat="42.4073700" lon="9.2335900">
        <ele>0.0</ele>
      </trkpt>
      <trkpt lat="42.4072900" lon="9.2336300">
        <ele>0.0</ele>
      </trkpt>
      <trkpt lat="42.4072300" lon="9.2336400">
        <ele>0.0</ele>
      </trkpt>
      <trkpt lat="42.4070500" lon="9.2336500">
        <ele>0.0</ele>
      </trkpt>
      <trkpt lat="42.4069000" lon="9.2336300">
        <ele>0.0</ele>
      </trkpt>
      <trkpt lat="42.4067200" lon="9.2336300">
        <ele>0.0</ele>
      </trkpt>
      <trkpt lat="42.4065900" lon="9.2336200">
        <ele>0.0</ele>
      </trkpt>
      <trkpt lat="42.4062700" lon="9.2336400">
        <ele>0.0</ele>
      </trkpt>
      <trkpt lat="42.4054200" lon="9.2337700">
        <ele>0.0</ele>
      </trkpt>
      <trkpt lat="42.4051500" lon="9.2338500">
        <ele>0.0</ele>
      </trkpt>
      <trkpt lat="42.4049900" lon="9.2339700">
        <ele>0.0</ele>
      </trkpt>
      <trkpt lat="42.4049200" lon="9.2340500">
        <ele>0.0</ele>
      </trkpt>
      <trkpt lat="42.4048900" lon="9.2341500">
        <ele>0.0</ele>
      </trkpt>
      <trkpt lat="42.4048400" lon="9.2343000">
        <ele>0.0</ele>
      </trkpt>
      <trkpt lat="42.4048000" lon="9.2344100">
        <ele>0.0</ele>
      </trkpt>
      <trkpt lat="42.4047300" lon="9.2345100">
        <ele>0.0</ele>
      </trkpt>
      <trkpt lat="42.4046000" lon="9.2346300">
        <ele>0.0</ele>
      </trkpt>
      <trkpt lat="42.4044900" lon="9.2348000">
        <ele>0.0</ele>
      </trkpt>
      <trkpt lat="42.4044500" lon="9.2349600">
        <ele>0.0</ele>
      </trkpt>
      <trkpt lat="42.4044600" lon="9.2353200">
        <ele>0.0</ele>
      </trkpt>
      <trkpt lat="42.4045100" lon="9.2355300">
        <ele>0.0</ele>
      </trkpt>
      <trkpt lat="42.4045300" lon="9.2357100">
        <ele>0.0</ele>
      </trkpt>
      <trkpt lat="42.4045000" lon="9.2358000">
        <ele>0.0</ele>
      </trkpt>
      <trkpt lat="42.4044500" lon="9.2358600">
        <ele>0.0</ele>
      </trkpt>
      <trkpt lat="42.4039800" lon="9.2360700">
        <ele>0.0</ele>
      </trkpt>
      <trkpt lat="42.4038900" lon="9.2361500">
        <ele>0.0</ele>
      </trkpt>
      <trkpt lat="42.4035900" lon="9.2363300">
        <ele>0.0</ele>
      </trkpt>
      <trkpt lat="42.4031300" lon="9.2366000">
        <ele>0.0</ele>
      </trkpt>
      <trkpt lat="42.4028800" lon="9.2367100">
        <ele>0.0</ele>
      </trkpt>
      <trkpt lat="42.4028100" lon="9.2367500">
        <ele>0.0</ele>
      </trkpt>
      <trkpt lat="42.4027600" lon="9.2368200">
        <ele>0.0</ele>
      </trkpt>
      <trkpt lat="42.4027400" lon="9.2369100">
        <ele>0.0</ele>
      </trkpt>
      <trkpt lat="42.4027300" lon="9.2371400">
        <ele>0.0</ele>
      </trkpt>
      <trkpt lat="42.4028100" lon="9.2378600">
        <ele>0.0</ele>
      </trkpt>
      <trkpt lat="42.4029800" lon="9.2387100">
        <ele>0.0</ele>
      </trkpt>
      <trkpt lat="42.4030900" lon="9.2389100">
        <ele>0.0</ele>
      </trkpt>
      <trkpt lat="42.4032000" lon="9.2390800">
        <ele>0.0</ele>
      </trkpt>
      <trkpt lat="42.4032400" lon="9.2391500">
        <ele>0.0</ele>
      </trkpt>
      <trkpt lat="42.4032700" lon="9.2392100">
        <ele>0.0</ele>
      </trkpt>
      <trkpt lat="42.4032700" lon="9.2393300">
        <ele>0.0</ele>
      </trkpt>
      <trkpt lat="42.4032500" lon="9.2394100">
        <ele>0.0</ele>
      </trkpt>
      <trkpt lat="42.4032100" lon="9.2395000">
        <ele>0.0</ele>
      </trkpt>
      <trkpt lat="42.4031500" lon="9.2396400">
        <ele>0.0</ele>
      </trkpt>
      <trkpt lat="42.4031100" lon="9.2398700">
        <ele>0.0</ele>
      </trkpt>
      <trkpt lat="42.4030300" lon="9.2401300">
        <ele>0.0</ele>
      </trkpt>
      <trkpt lat="42.4029500" lon="9.2402400">
        <ele>0.0</ele>
      </trkpt>
      <trkpt lat="42.4029000" lon="9.2402800">
        <ele>0.0</ele>
      </trkpt>
      <trkpt lat="42.4028800" lon="9.2402800">
        <ele>0.0</ele>
      </trkpt>
      <trkpt lat="42.4027200" lon="9.2402900">
        <ele>0.0</ele>
      </trkpt>
      <trkpt lat="42.4025400" lon="9.2402400">
        <ele>0.0</ele>
      </trkpt>
      <trkpt lat="42.4024100" lon="9.2401800">
        <ele>0.0</ele>
      </trkpt>
      <trkpt lat="42.4022700" lon="9.2400400">
        <ele>0.0</ele>
      </trkpt>
      <trkpt lat="42.4021400" lon="9.2399500">
        <ele>0.0</ele>
      </trkpt>
      <trkpt lat="42.4019700" lon="9.2398700">
        <ele>0.0</ele>
      </trkpt>
      <trkpt lat="42.4017500" lon="9.2398300">
        <ele>0.0</ele>
      </trkpt>
      <trkpt lat="42.4012700" lon="9.2398500">
        <ele>0.0</ele>
      </trkpt>
      <trkpt lat="42.4010000" lon="9.2398300">
        <ele>0.0</ele>
      </trkpt>
      <trkpt lat="42.4008800" lon="9.2397800">
        <ele>0.0</ele>
      </trkpt>
      <trkpt lat="42.4005200" lon="9.2394100">
        <ele>0.0</ele>
      </trkpt>
      <trkpt lat="42.4004400" lon="9.2393400">
        <ele>0.0</ele>
      </trkpt>
      <trkpt lat="42.4003700" lon="9.2393300">
        <ele>0.0</ele>
      </trkpt>
      <trkpt lat="42.4002500" lon="9.2393500">
        <ele>0.0</ele>
      </trkpt>
      <trkpt lat="42.3995200" lon="9.2395300">
        <ele>0.0</ele>
      </trkpt>
      <trkpt lat="42.3992900" lon="9.2395600">
        <ele>0.0</ele>
      </trkpt>
      <trkpt lat="42.3990400" lon="9.2395500">
        <ele>0.0</ele>
      </trkpt>
      <trkpt lat="42.3984700" lon="9.2393800">
        <ele>0.0</ele>
      </trkpt>
      <trkpt lat="42.3984000" lon="9.2393700">
        <ele>0.0</ele>
      </trkpt>
      <trkpt lat="42.3983600" lon="9.2394100">
        <ele>0.0</ele>
      </trkpt>
      <trkpt lat="42.3983500" lon="9.2394600">
        <ele>0.0</ele>
      </trkpt>
      <trkpt lat="42.3984200" lon="9.2400400">
        <ele>0.0</ele>
      </trkpt>
      <trkpt lat="42.3984600" lon="9.2401900">
        <ele>0.0</ele>
      </trkpt>
      <trkpt lat="42.3984600" lon="9.2402300">
        <ele>0.0</ele>
      </trkpt>
      <trkpt lat="42.3984900" lon="9.2404200">
        <ele>0.0</ele>
      </trkpt>
      <trkpt lat="42.3984800" lon="9.2408100">
        <ele>0.0</ele>
      </trkpt>
      <trkpt lat="42.3985100" lon="9.2414900">
        <ele>0.0</ele>
      </trkpt>
      <trkpt lat="42.3985300" lon="9.2418000">
        <ele>0.0</ele>
      </trkpt>
      <trkpt lat="42.3987800" lon="9.2429900">
        <ele>0.0</ele>
      </trkpt>
      <trkpt lat="42.3988300" lon="9.2432300">
        <ele>0.0</ele>
      </trkpt>
      <trkpt lat="42.3988800" lon="9.2433600">
        <ele>0.0</ele>
      </trkpt>
      <trkpt lat="42.3989200" lon="9.2434700">
        <ele>0.0</ele>
      </trkpt>
      <trkpt lat="42.3992200" lon="9.2441800">
        <ele>0.0</ele>
      </trkpt>
      <trkpt lat="42.3994800" lon="9.2447000">
        <ele>0.0</ele>
      </trkpt>
      <trkpt lat="42.3995200" lon="9.2447800">
        <ele>0.0</ele>
      </trkpt>
      <trkpt lat="42.3995200" lon="9.2448200">
        <ele>0.0</ele>
      </trkpt>
      <trkpt lat="42.3995200" lon="9.2448500">
        <ele>0.0</ele>
      </trkpt>
      <trkpt lat="42.3995100" lon="9.2448900">
        <ele>0.0</ele>
      </trkpt>
      <trkpt lat="42.3994900" lon="9.2449000">
        <ele>0.0</ele>
      </trkpt>
      <trkpt lat="42.3994700" lon="9.2449100">
        <ele>0.0</ele>
      </trkpt>
      <trkpt lat="42.3994200" lon="9.2449000">
        <ele>0.0</ele>
      </trkpt>
      <trkpt lat="42.3991700" lon="9.2448500">
        <ele>0.0</ele>
      </trkpt>
      <trkpt lat="42.3990600" lon="9.2448200">
        <ele>0.0</ele>
      </trkpt>
      <trkpt lat="42.3990200" lon="9.2447800">
        <ele>0.0</ele>
      </trkpt>
      <trkpt lat="42.3989800" lon="9.2447300">
        <ele>0.0</ele>
      </trkpt>
      <trkpt lat="42.3989500" lon="9.2446700">
        <ele>0.0</ele>
      </trkpt>
      <trkpt lat="42.3989100" lon="9.2445700">
        <ele>0.0</ele>
      </trkpt>
      <trkpt lat="42.3988000" lon="9.2443300">
        <ele>0.0</ele>
      </trkpt>
      <trkpt lat="42.3986600" lon="9.2441800">
        <ele>0.0</ele>
      </trkpt>
      <trkpt lat="42.3983000" lon="9.2438400">
        <ele>0.0</ele>
      </trkpt>
      <trkpt lat="42.3982500" lon="9.2437800">
        <ele>0.0</ele>
      </trkpt>
      <trkpt lat="42.3981600" lon="9.2437500">
        <ele>0.0</ele>
      </trkpt>
      <trkpt lat="42.3980300" lon="9.2438000">
        <ele>0.0</ele>
      </trkpt>
      <trkpt lat="42.3979100" lon="9.2438100">
        <ele>0.0</ele>
      </trkpt>
      <trkpt lat="42.3977700" lon="9.2437700">
        <ele>0.0</ele>
      </trkpt>
      <trkpt lat="42.3976700" lon="9.2436900">
        <ele>0.0</ele>
      </trkpt>
      <trkpt lat="42.3975000" lon="9.2434100">
        <ele>0.0</ele>
      </trkpt>
      <trkpt lat="42.3974300" lon="9.2433700">
        <ele>0.0</ele>
      </trkpt>
      <trkpt lat="42.3972800" lon="9.2433500">
        <ele>0.0</ele>
      </trkpt>
      <trkpt lat="42.3972000" lon="9.2433900">
        <ele>0.0</ele>
      </trkpt>
      <trkpt lat="42.3968300" lon="9.2436900">
        <ele>0.0</ele>
      </trkpt>
      <trkpt lat="42.3968100" lon="9.2437000">
        <ele>0.0</ele>
      </trkpt>
      <trkpt lat="42.3967000" lon="9.2437500">
        <ele>0.0</ele>
      </trkpt>
      <trkpt lat="42.3965400" lon="9.2437500">
        <ele>0.0</ele>
      </trkpt>
      <trkpt lat="42.3963800" lon="9.2437900">
        <ele>0.0</ele>
      </trkpt>
      <trkpt lat="42.3962500" lon="9.2438800">
        <ele>0.0</ele>
      </trkpt>
      <trkpt lat="42.3961600" lon="9.2440100">
        <ele>0.0</ele>
      </trkpt>
      <trkpt lat="42.3961400" lon="9.2440600">
        <ele>0.0</ele>
      </trkpt>
      <trkpt lat="42.3961100" lon="9.2441400">
        <ele>0.0</ele>
      </trkpt>
      <trkpt lat="42.3960400" lon="9.2445700">
        <ele>0.0</ele>
      </trkpt>
      <trkpt lat="42.3960000" lon="9.2447100">
        <ele>0.0</ele>
      </trkpt>
      <trkpt lat="42.3959500" lon="9.2448300">
        <ele>0.0</ele>
      </trkpt>
      <trkpt lat="42.3959100" lon="9.2448500">
        <ele>0.0</ele>
      </trkpt>
      <trkpt lat="42.3957400" lon="9.2448600">
        <ele>0.0</ele>
      </trkpt>
      <trkpt lat="42.3956200" lon="9.2448600">
        <ele>0.0</ele>
      </trkpt>
      <trkpt lat="42.3955200" lon="9.2448700">
        <ele>0.0</ele>
      </trkpt>
      <trkpt lat="42.3953900" lon="9.2449400">
        <ele>0.0</ele>
      </trkpt>
      <trkpt lat="42.3953000" lon="9.2450600">
        <ele>0.0</ele>
      </trkpt>
      <trkpt lat="42.3952600" lon="9.2452000">
        <ele>0.0</ele>
      </trkpt>
      <trkpt lat="42.3951800" lon="9.2453400">
        <ele>0.0</ele>
      </trkpt>
      <trkpt lat="42.3951100" lon="9.2454200">
        <ele>0.0</ele>
      </trkpt>
      <trkpt lat="42.3950400" lon="9.2454800">
        <ele>0.0</ele>
      </trkpt>
      <trkpt lat="42.3949600" lon="9.2455100">
        <ele>0.0</ele>
      </trkpt>
      <trkpt lat="42.3948200" lon="9.2456000">
        <ele>0.0</ele>
      </trkpt>
      <trkpt lat="42.3947400" lon="9.2457000">
        <ele>0.0</ele>
      </trkpt>
      <trkpt lat="42.3947100" lon="9.2457900">
        <ele>0.0</ele>
      </trkpt>
      <trkpt lat="42.3946900" lon="9.2459100">
        <ele>0.0</ele>
      </trkpt>
      <trkpt lat="42.3946800" lon="9.2460600">
        <ele>0.0</ele>
      </trkpt>
      <trkpt lat="42.3947000" lon="9.2461800">
        <ele>0.0</ele>
      </trkpt>
      <trkpt lat="42.3947200" lon="9.2462600">
        <ele>0.0</ele>
      </trkpt>
      <trkpt lat="42.3948300" lon="9.2464400">
        <ele>0.0</ele>
      </trkpt>
      <trkpt lat="42.3950600" lon="9.2466900">
        <ele>0.0</ele>
      </trkpt>
      <trkpt lat="42.3950900" lon="9.2467600">
        <ele>0.0</ele>
      </trkpt>
      <trkpt lat="42.3951000" lon="9.2468900">
        <ele>0.0</ele>
      </trkpt>
      <trkpt lat="42.3950800" lon="9.2469500">
        <ele>0.0</ele>
      </trkpt>
      <trkpt lat="42.3948700" lon="9.2472300">
        <ele>0.0</ele>
      </trkpt>
      <trkpt lat="42.3946800" lon="9.2474200">
        <ele>0.0</ele>
      </trkpt>
      <trkpt lat="42.3942900" lon="9.2477100">
        <ele>0.0</ele>
      </trkpt>
      <trkpt lat="42.3942000" lon="9.2477500">
        <ele>0.0</ele>
      </trkpt>
      <trkpt lat="42.3941000" lon="9.2477600">
        <ele>0.0</ele>
      </trkpt>
      <trkpt lat="42.3938500" lon="9.2477600">
        <ele>0.0</ele>
      </trkpt>
      <trkpt lat="42.3937500" lon="9.2477700">
        <ele>0.0</ele>
      </trkpt>
      <trkpt lat="42.3935700" lon="9.2479300">
        <ele>0.0</ele>
      </trkpt>
      <trkpt lat="42.3932100" lon="9.2483400">
        <ele>0.0</ele>
      </trkpt>
      <trkpt lat="42.3930100" lon="9.2485100">
        <ele>0.0</ele>
      </trkpt>
      <trkpt lat="42.3928100" lon="9.2486000">
        <ele>0.0</ele>
      </trkpt>
      <trkpt lat="42.3926400" lon="9.2486200">
        <ele>0.0</ele>
      </trkpt>
      <trkpt lat="42.3925800" lon="9.2486600">
        <ele>0.0</ele>
      </trkpt>
      <trkpt lat="42.3925700" lon="9.2487000">
        <ele>0.0</ele>
      </trkpt>
      <trkpt lat="42.3925700" lon="9.2487400">
        <ele>0.0</ele>
      </trkpt>
      <trkpt lat="42.3925900" lon="9.2487900">
        <ele>0.0</ele>
      </trkpt>
      <trkpt lat="42.3926100" lon="9.2488100">
        <ele>0.0</ele>
      </trkpt>
      <trkpt lat="42.3926800" lon="9.2488200">
        <ele>0.0</ele>
      </trkpt>
      <trkpt lat="42.3927500" lon="9.2488100">
        <ele>0.0</ele>
      </trkpt>
      <trkpt lat="42.3928000" lon="9.2488000">
        <ele>0.0</ele>
      </trkpt>
      <trkpt lat="42.3932100" lon="9.2486600">
        <ele>0.0</ele>
      </trkpt>
      <trkpt lat="42.3933000" lon="9.2486200">
        <ele>0.0</ele>
      </trkpt>
      <trkpt lat="42.3937500" lon="9.2482600">
        <ele>0.0</ele>
      </trkpt>
      <trkpt lat="42.3938400" lon="9.2482200">
        <ele>0.0</ele>
      </trkpt>
      <trkpt lat="42.3939100" lon="9.2482200">
        <ele>0.0</ele>
      </trkpt>
      <trkpt lat="42.3940100" lon="9.2482700">
        <ele>0.0</ele>
      </trkpt>
      <trkpt lat="42.3940700" lon="9.2483200">
        <ele>0.0</ele>
      </trkpt>
      <trkpt lat="42.3941400" lon="9.2483600">
        <ele>0.0</ele>
      </trkpt>
      <trkpt lat="42.3943000" lon="9.2484200">
        <ele>0.0</ele>
      </trkpt>
      <trkpt lat="42.3944800" lon="9.2484300">
        <ele>0.0</ele>
      </trkpt>
      <trkpt lat="42.3949100" lon="9.2483900">
        <ele>0.0</ele>
      </trkpt>
      <trkpt lat="42.3951400" lon="9.2484100">
        <ele>0.0</ele>
      </trkpt>
      <trkpt lat="42.3952600" lon="9.2484500">
        <ele>0.0</ele>
      </trkpt>
      <trkpt lat="42.3953600" lon="9.2485300">
        <ele>0.0</ele>
      </trkpt>
      <trkpt lat="42.3954800" lon="9.2485400">
        <ele>0.0</ele>
      </trkpt>
      <trkpt lat="42.3955500" lon="9.2485800">
        <ele>0.0</ele>
      </trkpt>
      <trkpt lat="42.3956000" lon="9.2486600">
        <ele>0.0</ele>
      </trkpt>
      <trkpt lat="42.3956500" lon="9.2487400">
        <ele>0.0</ele>
      </trkpt>
      <trkpt lat="42.3957900" lon="9.2488400">
        <ele>0.0</ele>
      </trkpt>
      <trkpt lat="42.3958600" lon="9.2489000">
        <ele>0.0</ele>
      </trkpt>
      <trkpt lat="42.3959300" lon="9.2489400">
        <ele>0.0</ele>
      </trkpt>
      <trkpt lat="42.3961300" lon="9.2489300">
        <ele>0.0</ele>
      </trkpt>
      <trkpt lat="42.3961600" lon="9.2489400">
        <ele>0.0</ele>
      </trkpt>
      <trkpt lat="42.3961800" lon="9.2489600">
        <ele>0.0</ele>
      </trkpt>
      <trkpt lat="42.3961800" lon="9.2489900">
        <ele>0.0</ele>
      </trkpt>
      <trkpt lat="42.3961600" lon="9.2490600">
        <ele>0.0</ele>
      </trkpt>
      <trkpt lat="42.3961000" lon="9.2491100">
        <ele>0.0</ele>
      </trkpt>
      <trkpt lat="42.3959900" lon="9.2491600">
        <ele>0.0</ele>
      </trkpt>
      <trkpt lat="42.3958500" lon="9.2492400">
        <ele>0.0</ele>
      </trkpt>
      <trkpt lat="42.3957100" lon="9.2492500">
        <ele>0.0</ele>
      </trkpt>
      <trkpt lat="42.3953800" lon="9.2491000">
        <ele>0.0</ele>
      </trkpt>
      <trkpt lat="42.3953100" lon="9.2490600">
        <ele>0.0</ele>
      </trkpt>
      <trkpt lat="42.3951600" lon="9.2490600">
        <ele>0.0</ele>
      </trkpt>
      <trkpt lat="42.3950900" lon="9.2490900">
        <ele>0.0</ele>
      </trkpt>
      <trkpt lat="42.3950100" lon="9.2491500">
        <ele>0.0</ele>
      </trkpt>
      <trkpt lat="42.3947800" lon="9.2492700">
        <ele>0.0</ele>
      </trkpt>
      <trkpt lat="42.3944600" lon="9.2492900">
        <ele>0.0</ele>
      </trkpt>
      <trkpt lat="42.3940800" lon="9.2492900">
        <ele>0.0</ele>
      </trkpt>
      <trkpt lat="42.3939900" lon="9.2493400">
        <ele>0.0</ele>
      </trkpt>
      <trkpt lat="42.3938400" lon="9.2495300">
        <ele>0.0</ele>
      </trkpt>
      <trkpt lat="42.3936900" lon="9.2497300">
        <ele>0.0</ele>
      </trkpt>
      <trkpt lat="42.3935600" lon="9.2498700">
        <ele>0.0</ele>
      </trkpt>
      <trkpt lat="42.3934900" lon="9.2499000">
        <ele>0.0</ele>
      </trkpt>
      <trkpt lat="42.3934200" lon="9.2499100">
        <ele>0.0</ele>
      </trkpt>
      <trkpt lat="42.3933800" lon="9.2499300">
        <ele>0.0</ele>
      </trkpt>
      <trkpt lat="42.3933700" lon="9.2499700">
        <ele>0.0</ele>
      </trkpt>
      <trkpt lat="42.3933800" lon="9.2500100">
        <ele>0.0</ele>
      </trkpt>
      <trkpt lat="42.3934300" lon="9.2500300">
        <ele>0.0</ele>
      </trkpt>
      <trkpt lat="42.3934900" lon="9.2500300">
        <ele>0.0</ele>
      </trkpt>
      <trkpt lat="42.3936000" lon="9.2500000">
        <ele>0.0</ele>
      </trkpt>
      <trkpt lat="42.3937300" lon="9.2499100">
        <ele>0.0</ele>
      </trkpt>
      <trkpt lat="42.3940200" lon="9.2497400">
        <ele>0.0</ele>
      </trkpt>
      <trkpt lat="42.3940700" lon="9.2497300">
        <ele>0.0</ele>
      </trkpt>
      <trkpt lat="42.3941800" lon="9.2497600">
        <ele>0.0</ele>
      </trkpt>
      <trkpt lat="42.3942500" lon="9.2498300">
        <ele>0.0</ele>
      </trkpt>
      <trkpt lat="42.3943200" lon="9.2499100">
        <ele>0.0</ele>
      </trkpt>
      <trkpt lat="42.3943800" lon="9.2499700">
        <ele>0.0</ele>
      </trkpt>
      <trkpt lat="42.3945600" lon="9.2499700">
        <ele>0.0</ele>
      </trkpt>
      <trkpt lat="42.3946700" lon="9.2499600">
        <ele>0.0</ele>
      </trkpt>
      <trkpt lat="42.3947900" lon="9.2499800">
        <ele>0.0</ele>
      </trkpt>
      <trkpt lat="42.3949200" lon="9.2500500">
        <ele>0.0</ele>
      </trkpt>
      <trkpt lat="42.3950300" lon="9.2501500">
        <ele>0.0</ele>
      </trkpt>
      <trkpt lat="42.3951200" lon="9.2503100">
        <ele>0.0</ele>
      </trkpt>
      <trkpt lat="42.3951900" lon="9.2504900">
        <ele>0.0</ele>
      </trkpt>
      <trkpt lat="42.3953400" lon="9.2508800">
        <ele>0.0</ele>
      </trkpt>
      <trkpt lat="42.3954200" lon="9.2509700">
        <ele>0.0</ele>
      </trkpt>
      <trkpt lat="42.3956400" lon="9.2511300">
        <ele>0.0</ele>
      </trkpt>
      <trkpt lat="42.3957300" lon="9.2512000">
        <ele>0.0</ele>
      </trkpt>
      <trkpt lat="42.3957600" lon="9.2512800">
        <ele>0.0</ele>
      </trkpt>
      <trkpt lat="42.3957600" lon="9.2516100">
        <ele>0.0</ele>
      </trkpt>
      <trkpt lat="42.3957700" lon="9.2517600">
        <ele>0.0</ele>
      </trkpt>
      <trkpt lat="42.3958000" lon="9.2518400">
        <ele>0.0</ele>
      </trkpt>
      <trkpt lat="42.3960800" lon="9.2520700">
        <ele>0.0</ele>
      </trkpt>
      <trkpt lat="42.3961500" lon="9.2522000">
        <ele>0.0</ele>
      </trkpt>
      <trkpt lat="42.3962300" lon="9.2524100">
        <ele>0.0</ele>
      </trkpt>
      <trkpt lat="42.3963000" lon="9.2526300">
        <ele>0.0</ele>
      </trkpt>
      <trkpt lat="42.3963300" lon="9.2528200">
        <ele>0.0</ele>
      </trkpt>
      <trkpt lat="42.3963300" lon="9.2529000">
        <ele>0.0</ele>
      </trkpt>
      <trkpt lat="42.3963200" lon="9.2529300">
        <ele>0.0</ele>
      </trkpt>
      <trkpt lat="42.3963000" lon="9.2529400">
        <ele>0.0</ele>
      </trkpt>
      <trkpt lat="42.3962700" lon="9.2529400">
        <ele>0.0</ele>
      </trkpt>
      <trkpt lat="42.3962400" lon="9.2529400">
        <ele>0.0</ele>
      </trkpt>
      <trkpt lat="42.3961200" lon="9.2528100">
        <ele>0.0</ele>
      </trkpt>
      <trkpt lat="42.3958600" lon="9.2526200">
        <ele>0.0</ele>
      </trkpt>
      <trkpt lat="42.3957100" lon="9.2525700">
        <ele>0.0</ele>
      </trkpt>
      <trkpt lat="42.3956300" lon="9.2525700">
        <ele>0.0</ele>
      </trkpt>
      <trkpt lat="42.3955400" lon="9.2525800">
        <ele>0.0</ele>
      </trkpt>
      <trkpt lat="42.3954800" lon="9.2525800">
        <ele>0.0</ele>
      </trkpt>
      <trkpt lat="42.3954300" lon="9.2525500">
        <ele>0.0</ele>
      </trkpt>
      <trkpt lat="42.3953900" lon="9.2524800">
        <ele>0.0</ele>
      </trkpt>
      <trkpt lat="42.3953200" lon="9.2522500">
        <ele>0.0</ele>
      </trkpt>
      <trkpt lat="42.3952700" lon="9.2520500">
        <ele>0.0</ele>
      </trkpt>
      <trkpt lat="42.3952400" lon="9.2519800">
        <ele>0.0</ele>
      </trkpt>
      <trkpt lat="42.3951900" lon="9.2519200">
        <ele>0.0</ele>
      </trkpt>
      <trkpt lat="42.3951100" lon="9.2518900">
        <ele>0.0</ele>
      </trkpt>
      <trkpt lat="42.3948900" lon="9.2518300">
        <ele>0.0</ele>
      </trkpt>
      <trkpt lat="42.3948500" lon="9.2518000">
        <ele>0.0</ele>
      </trkpt>
      <trkpt lat="42.3947700" lon="9.2517400">
        <ele>0.0</ele>
      </trkpt>
      <trkpt lat="42.3946400" lon="9.2515500">
        <ele>0.0</ele>
      </trkpt>
      <trkpt lat="42.3945900" lon="9.2515300">
        <ele>0.0</ele>
      </trkpt>
      <trkpt lat="42.3945300" lon="9.2515300">
        <ele>0.0</ele>
      </trkpt>
      <trkpt lat="42.3944400" lon="9.2515600">
        <ele>0.0</ele>
      </trkpt>
      <trkpt lat="42.3943000" lon="9.2516600">
        <ele>0.0</ele>
      </trkpt>
      <trkpt lat="42.3938600" lon="9.2520900">
        <ele>0.0</ele>
      </trkpt>
      <trkpt lat="42.3935300" lon="9.2523700">
        <ele>0.0</ele>
      </trkpt>
      <trkpt lat="42.3932900" lon="9.2525000">
        <ele>0.0</ele>
      </trkpt>
      <trkpt lat="42.3931700" lon="9.2525200">
        <ele>0.0</ele>
      </trkpt>
      <trkpt lat="42.3930200" lon="9.2525000">
        <ele>0.0</ele>
      </trkpt>
      <trkpt lat="42.3926200" lon="9.2523400">
        <ele>0.0</ele>
      </trkpt>
      <trkpt lat="42.3925200" lon="9.2523400">
        <ele>0.0</ele>
      </trkpt>
      <trkpt lat="42.3923500" lon="9.2523700">
        <ele>0.0</ele>
      </trkpt>
      <trkpt lat="42.3920700" lon="9.2523600">
        <ele>0.0</ele>
      </trkpt>
      <trkpt lat="42.3916700" lon="9.2524200">
        <ele>0.0</ele>
      </trkpt>
      <trkpt lat="42.3915800" lon="9.2524200">
        <ele>0.0</ele>
      </trkpt>
      <trkpt lat="42.3914800" lon="9.2523800">
        <ele>0.0</ele>
      </trkpt>
      <trkpt lat="42.3913400" lon="9.2522800">
        <ele>0.0</ele>
      </trkpt>
      <trkpt lat="42.3911800" lon="9.2521000">
        <ele>0.0</ele>
      </trkpt>
      <trkpt lat="42.3911500" lon="9.2520700">
        <ele>0.0</ele>
      </trkpt>
      <trkpt lat="42.3908300" lon="9.2516500">
        <ele>0.0</ele>
      </trkpt>
      <trkpt lat="42.3907400" lon="9.2516100">
        <ele>0.0</ele>
      </trkpt>
      <trkpt lat="42.3906900" lon="9.2516300">
        <ele>0.0</ele>
      </trkpt>
      <trkpt lat="42.3906200" lon="9.2517300">
        <ele>0.0</ele>
      </trkpt>
      <trkpt lat="42.3905900" lon="9.2518300">
        <ele>0.0</ele>
      </trkpt>
      <trkpt lat="42.3905900" lon="9.2519700">
        <ele>0.0</ele>
      </trkpt>
      <trkpt lat="42.3905600" lon="9.2530100">
        <ele>0.0</ele>
      </trkpt>
      <trkpt lat="42.3905800" lon="9.2533700">
        <ele>0.0</ele>
      </trkpt>
      <trkpt lat="42.3906300" lon="9.2537300">
        <ele>0.0</ele>
      </trkpt>
      <trkpt lat="42.3907400" lon="9.2540700">
        <ele>0.0</ele>
      </trkpt>
      <trkpt lat="42.3908200" lon="9.2542700">
        <ele>0.0</ele>
      </trkpt>
      <trkpt lat="42.3908600" lon="9.2544800">
        <ele>0.0</ele>
      </trkpt>
      <trkpt lat="42.3908600" lon="9.2545400">
        <ele>0.0</ele>
      </trkpt>
      <trkpt lat="42.3908500" lon="9.2547000">
        <ele>0.0</ele>
      </trkpt>
      <trkpt lat="42.3907000" lon="9.2549100">
        <ele>0.0</ele>
      </trkpt>
      <trkpt lat="42.3905800" lon="9.2550200">
        <ele>0.0</ele>
      </trkpt>
      <trkpt lat="42.3904300" lon="9.2551100">
        <ele>0.0</ele>
      </trkpt>
      <trkpt lat="42.3899400" lon="9.2551500">
        <ele>0.0</ele>
      </trkpt>
      <trkpt lat="42.3898600" lon="9.2552400">
        <ele>0.0</ele>
      </trkpt>
      <trkpt lat="42.3897800" lon="9.2554400">
        <ele>0.0</ele>
      </trkpt>
      <trkpt lat="42.3896000" lon="9.2558100">
        <ele>0.0</ele>
      </trkpt>
      <trkpt lat="42.3895200" lon="9.2559400">
        <ele>0.0</ele>
      </trkpt>
      <trkpt lat="42.3894500" lon="9.2560000">
        <ele>0.0</ele>
      </trkpt>
      <trkpt lat="42.3893100" lon="9.2560700">
        <ele>0.0</ele>
      </trkpt>
      <trkpt lat="42.3891900" lon="9.2561100">
        <ele>0.0</ele>
      </trkpt>
      <trkpt lat="42.3890700" lon="9.2561800">
        <ele>0.0</ele>
      </trkpt>
      <trkpt lat="42.3889700" lon="9.2562700">
        <ele>0.0</ele>
      </trkpt>
      <trkpt lat="42.3888400" lon="9.2564300">
        <ele>0.0</ele>
      </trkpt>
      <trkpt lat="42.3886800" lon="9.2565700">
        <ele>0.0</ele>
      </trkpt>
      <trkpt lat="42.3884200" lon="9.2566800">
        <ele>0.0</ele>
      </trkpt>
      <trkpt lat="42.3879500" lon="9.2569200">
        <ele>0.0</ele>
      </trkpt>
      <trkpt lat="42.3879800" lon="9.2569800">
        <ele>0.0</ele>
      </trkpt>
      <trkpt lat="42.3879800" lon="9.2570500">
        <ele>0.0</ele>
      </trkpt>
      <trkpt lat="42.3879400" lon="9.2571400">
        <ele>0.0</ele>
      </trkpt>
      <trkpt lat="42.3875400" lon="9.2576000">
        <ele>0.0</ele>
      </trkpt>
      <trkpt lat="42.3874500" lon="9.2577600">
        <ele>0.0</ele>
      </trkpt>
      <trkpt lat="42.3873900" lon="9.2578600">
        <ele>0.0</ele>
      </trkpt>
      <trkpt lat="42.3873300" lon="9.2581000">
        <ele>0.0</ele>
      </trkpt>
      <trkpt lat="42.3873200" lon="9.2581400">
        <ele>0.0</ele>
      </trkpt>
      <trkpt lat="42.3872900" lon="9.2583300">
        <ele>0.0</ele>
      </trkpt>
      <trkpt lat="42.3873000" lon="9.2583800">
        <ele>0.0</ele>
      </trkpt>
      <trkpt lat="42.3874200" lon="9.2586300">
        <ele>0.0</ele>
      </trkpt>
      <trkpt lat="42.3874600" lon="9.2587200">
        <ele>0.0</ele>
      </trkpt>
      <trkpt lat="42.3875700" lon="9.2589600">
        <ele>0.0</ele>
      </trkpt>
      <trkpt lat="42.3876200" lon="9.2590000">
        <ele>0.0</ele>
      </trkpt>
      <trkpt lat="42.3876700" lon="9.2590200">
        <ele>0.0</ele>
      </trkpt>
      <trkpt lat="42.3876900" lon="9.2590000">
        <ele>0.0</ele>
      </trkpt>
      <trkpt lat="42.3878100" lon="9.2588700">
        <ele>0.0</ele>
      </trkpt>
      <trkpt lat="42.3879700" lon="9.2586400">
        <ele>0.0</ele>
      </trkpt>
      <trkpt lat="42.3881300" lon="9.2584400">
        <ele>0.0</ele>
      </trkpt>
      <trkpt lat="42.3883700" lon="9.2583300">
        <ele>0.0</ele>
      </trkpt>
      <trkpt lat="42.3885600" lon="9.2583000">
        <ele>0.0</ele>
      </trkpt>
      <trkpt lat="42.3888300" lon="9.2583500">
        <ele>0.0</ele>
      </trkpt>
      <trkpt lat="42.3881900" lon="9.2589000">
        <ele>0.0</ele>
      </trkpt>
      <trkpt lat="42.3881100" lon="9.2590100">
        <ele>0.0</ele>
      </trkpt>
      <trkpt lat="42.3879100" lon="9.2593300">
        <ele>0.0</ele>
      </trkpt>
      <trkpt lat="42.3876900" lon="9.2596200">
        <ele>0.0</ele>
      </trkpt>
      <trkpt lat="42.3875600" lon="9.2597500">
        <ele>0.0</ele>
      </trkpt>
      <trkpt lat="42.3872500" lon="9.2599500">
        <ele>0.0</ele>
      </trkpt>
      <trkpt lat="42.3871000" lon="9.2600200">
        <ele>0.0</ele>
      </trkpt>
      <trkpt lat="42.3869800" lon="9.2601000">
        <ele>0.0</ele>
      </trkpt>
      <trkpt lat="42.3868700" lon="9.2602100">
        <ele>0.0</ele>
      </trkpt>
      <trkpt lat="42.3868000" lon="9.2602900">
        <ele>0.0</ele>
      </trkpt>
      <trkpt lat="42.3867300" lon="9.2603900">
        <ele>0.0</ele>
      </trkpt>
      <trkpt lat="42.3863600" lon="9.2609100">
        <ele>0.0</ele>
      </trkpt>
      <trkpt lat="42.3860800" lon="9.2614600">
        <ele>0.0</ele>
      </trkpt>
      <trkpt lat="42.3859200" lon="9.2618300">
        <ele>0.0</ele>
      </trkpt>
      <trkpt lat="42.3858500" lon="9.2620900">
        <ele>0.0</ele>
      </trkpt>
      <trkpt lat="42.3858400" lon="9.2621500">
        <ele>0.0</ele>
      </trkpt>
      <trkpt lat="42.3858300" lon="9.2622700">
        <ele>0.0</ele>
      </trkpt>
      <trkpt lat="42.3858500" lon="9.2626100">
        <ele>0.0</ele>
      </trkpt>
      <trkpt lat="42.3859100" lon="9.2630500">
        <ele>0.0</ele>
      </trkpt>
      <trkpt lat="42.3859400" lon="9.2635500">
        <ele>0.0</ele>
      </trkpt>
      <trkpt lat="42.3859600" lon="9.2640100">
        <ele>0.0</ele>
      </trkpt>
      <trkpt lat="42.3859500" lon="9.2641000">
        <ele>0.0</ele>
      </trkpt>
      <trkpt lat="42.3859600" lon="9.2643200">
        <ele>0.0</ele>
      </trkpt>
      <trkpt lat="42.3860000" lon="9.2644800">
        <ele>0.0</ele>
      </trkpt>
      <trkpt lat="42.3861900" lon="9.2648500">
        <ele>0.0</ele>
      </trkpt>
      <trkpt lat="42.3863900" lon="9.2653000">
        <ele>0.0</ele>
      </trkpt>
      <trkpt lat="42.3865000" lon="9.2655900">
        <ele>0.0</ele>
      </trkpt>
      <trkpt lat="42.3866000" lon="9.2659300">
        <ele>0.0</ele>
      </trkpt>
      <trkpt lat="42.3866900" lon="9.2662900">
        <ele>0.0</ele>
      </trkpt>
      <trkpt lat="42.3867600" lon="9.2664300">
        <ele>0.0</ele>
      </trkpt>
      <trkpt lat="42.3868400" lon="9.2665700">
        <ele>0.0</ele>
      </trkpt>
      <trkpt lat="42.3869400" lon="9.2667100">
        <ele>0.0</ele>
      </trkpt>
      <trkpt lat="42.3870100" lon="9.2668400">
        <ele>0.0</ele>
      </trkpt>
      <trkpt lat="42.3870800" lon="9.2673300">
        <ele>0.0</ele>
      </trkpt>
      <trkpt lat="42.3871800" lon="9.2678100">
        <ele>0.0</ele>
      </trkpt>
      <trkpt lat="42.3873200" lon="9.2682700">
        <ele>0.0</ele>
      </trkpt>
      <trkpt lat="42.3874300" lon="9.2687900">
        <ele>0.0</ele>
      </trkpt>
      <trkpt lat="42.3875300" lon="9.2692400">
        <ele>0.0</ele>
      </trkpt>
      <trkpt lat="42.3876200" lon="9.2697300">
        <ele>0.0</ele>
      </trkpt>
      <trkpt lat="42.3876300" lon="9.2698800">
        <ele>0.0</ele>
      </trkpt>
      <trkpt lat="42.3876800" lon="9.2699900">
        <ele>0.0</ele>
      </trkpt>
      <trkpt lat="42.3877500" lon="9.2700800">
        <ele>0.0</ele>
      </trkpt>
      <trkpt lat="42.3879400" lon="9.2702100">
        <ele>0.0</ele>
      </trkpt>
      <trkpt lat="42.3879900" lon="9.2702700">
        <ele>0.0</ele>
      </trkpt>
      <trkpt lat="42.3880300" lon="9.2703300">
        <ele>0.0</ele>
      </trkpt>
      <trkpt lat="42.3880500" lon="9.2704300">
        <ele>0.0</ele>
      </trkpt>
      <trkpt lat="42.3880300" lon="9.2705800">
        <ele>0.0</ele>
      </trkpt>
      <trkpt lat="42.3880200" lon="9.2707200">
        <ele>0.0</ele>
      </trkpt>
      <trkpt lat="42.3880200" lon="9.2712400">
        <ele>0.0</ele>
      </trkpt>
      <trkpt lat="42.3880100" lon="9.2713400">
        <ele>0.0</ele>
      </trkpt>
      <trkpt lat="42.3879600" lon="9.2714700">
        <ele>0.0</ele>
      </trkpt>
      <trkpt lat="42.3878700" lon="9.2716500">
        <ele>0.0</ele>
      </trkpt>
      <trkpt lat="42.3876000" lon="9.2720500">
        <ele>0.0</ele>
      </trkpt>
      <trkpt lat="42.3874100" lon="9.2723900">
        <ele>0.0</ele>
      </trkpt>
      <trkpt lat="42.3873600" lon="9.2724600">
        <ele>0.0</ele>
      </trkpt>
      <trkpt lat="42.3873200" lon="9.2725100">
        <ele>0.0</ele>
      </trkpt>
      <trkpt lat="42.3872300" lon="9.2725700">
        <ele>0.0</ele>
      </trkpt>
      <trkpt lat="42.3870800" lon="9.2725900">
        <ele>0.0</ele>
      </trkpt>
      <trkpt lat="42.3869400" lon="9.2725800">
        <ele>0.0</ele>
      </trkpt>
      <trkpt lat="42.3868700" lon="9.2726000">
        <ele>0.0</ele>
      </trkpt>
      <trkpt lat="42.3866600" lon="9.2727600">
        <ele>0.0</ele>
      </trkpt>
      <trkpt lat="42.3866300" lon="9.2728100">
        <ele>0.0</ele>
      </trkpt>
      <trkpt lat="42.3865700" lon="9.2729100">
        <ele>0.0</ele>
      </trkpt>
      <trkpt lat="42.3865400" lon="9.2730200">
        <ele>0.0</ele>
      </trkpt>
      <trkpt lat="42.3864800" lon="9.2732400">
        <ele>0.0</ele>
      </trkpt>
      <trkpt lat="42.3862800" lon="9.2738200">
        <ele>0.0</ele>
      </trkpt>
      <trkpt lat="42.3862200" lon="9.2739400">
        <ele>0.0</ele>
      </trkpt>
      <trkpt lat="42.3861600" lon="9.2740000">
        <ele>0.0</ele>
      </trkpt>
      <trkpt lat="42.3860700" lon="9.2740100">
        <ele>0.0</ele>
      </trkpt>
      <trkpt lat="42.3859100" lon="9.2740100">
        <ele>0.0</ele>
      </trkpt>
      <trkpt lat="42.3858200" lon="9.2740400">
        <ele>0.0</ele>
      </trkpt>
      <trkpt lat="42.3857300" lon="9.2741700">
        <ele>0.0</ele>
      </trkpt>
      <trkpt lat="42.3855300" lon="9.2745000">
        <ele>0.0</ele>
      </trkpt>
      <trkpt lat="42.3854600" lon="9.2745700">
        <ele>0.0</ele>
      </trkpt>
      <trkpt lat="42.3853700" lon="9.2746200">
        <ele>0.0</ele>
      </trkpt>
      <trkpt lat="42.3852500" lon="9.2746400">
        <ele>0.0</ele>
      </trkpt>
      <trkpt lat="42.3851200" lon="9.2746400">
        <ele>0.0</ele>
      </trkpt>
      <trkpt lat="42.3850200" lon="9.2746000">
        <ele>0.0</ele>
      </trkpt>
      <trkpt lat="42.3849100" lon="9.2745300">
        <ele>0.0</ele>
      </trkpt>
      <trkpt lat="42.3847600" lon="9.2743800">
        <ele>0.0</ele>
      </trkpt>
      <trkpt lat="42.3846800" lon="9.2743500">
        <ele>0.0</ele>
      </trkpt>
      <trkpt lat="42.3846000" lon="9.2743300">
        <ele>0.0</ele>
      </trkpt>
      <trkpt lat="42.3844600" lon="9.2743500">
        <ele>0.0</ele>
      </trkpt>
      <trkpt lat="42.3840900" lon="9.2744600">
        <ele>0.0</ele>
      </trkpt>
      <trkpt lat="42.3837100" lon="9.2746100">
        <ele>0.0</ele>
      </trkpt>
      <trkpt lat="42.3834800" lon="9.2747900">
        <ele>0.0</ele>
      </trkpt>
      <trkpt lat="42.3832300" lon="9.2752000">
        <ele>0.0</ele>
      </trkpt>
      <trkpt lat="42.3831600" lon="9.2753700">
        <ele>0.0</ele>
      </trkpt>
      <trkpt lat="42.3830300" lon="9.2758800">
        <ele>0.0</ele>
      </trkpt>
      <trkpt lat="42.3829400" lon="9.2761600">
        <ele>0.0</ele>
      </trkpt>
      <trkpt lat="42.3828400" lon="9.2763800">
        <ele>0.0</ele>
      </trkpt>
      <trkpt lat="42.3826200" lon="9.2766100">
        <ele>0.0</ele>
      </trkpt>
      <trkpt lat="42.3823200" lon="9.2768700">
        <ele>0.0</ele>
      </trkpt>
      <trkpt lat="42.3820900" lon="9.2771100">
        <ele>0.0</ele>
      </trkpt>
      <trkpt lat="42.3820200" lon="9.2772100">
        <ele>0.0</ele>
      </trkpt>
      <trkpt lat="42.3819900" lon="9.2773100">
        <ele>0.0</ele>
      </trkpt>
      <trkpt lat="42.3820100" lon="9.2774100">
        <ele>0.0</ele>
      </trkpt>
      <trkpt lat="42.3820500" lon="9.2776600">
        <ele>0.0</ele>
      </trkpt>
      <trkpt lat="42.3820600" lon="9.2778000">
        <ele>0.0</ele>
      </trkpt>
      <trkpt lat="42.3820300" lon="9.2779500">
        <ele>0.0</ele>
      </trkpt>
      <trkpt lat="42.3819400" lon="9.2781100">
        <ele>0.0</ele>
      </trkpt>
      <trkpt lat="42.3818500" lon="9.2783300">
        <ele>0.0</ele>
      </trkpt>
      <trkpt lat="42.3818200" lon="9.2784700">
        <ele>0.0</ele>
      </trkpt>
      <trkpt lat="42.3818000" lon="9.2787100">
        <ele>0.0</ele>
      </trkpt>
      <trkpt lat="42.3818700" lon="9.2790500">
        <ele>0.0</ele>
      </trkpt>
      <trkpt lat="42.3819200" lon="9.2792200">
        <ele>0.0</ele>
      </trkpt>
      <trkpt lat="42.3821200" lon="9.2795600">
        <ele>0.0</ele>
      </trkpt>
      <trkpt lat="42.3822100" lon="9.2797000">
        <ele>0.0</ele>
      </trkpt>
      <trkpt lat="42.3823300" lon="9.2799200">
        <ele>0.0</ele>
      </trkpt>
      <trkpt lat="42.3823600" lon="9.2800100">
        <ele>0.0</ele>
      </trkpt>
      <trkpt lat="42.3823800" lon="9.2800800">
        <ele>0.0</ele>
      </trkpt>
      <trkpt lat="42.3823900" lon="9.2801700">
        <ele>0.0</ele>
      </trkpt>
      <trkpt lat="42.3824100" lon="9.2802900">
        <ele>0.0</ele>
      </trkpt>
      <trkpt lat="42.3824600" lon="9.2817400">
        <ele>0.0</ele>
      </trkpt>
      <trkpt lat="42.3824900" lon="9.2820300">
        <ele>0.0</ele>
      </trkpt>
      <trkpt lat="42.3825500" lon="9.2823700">
        <ele>0.0</ele>
      </trkpt>
      <trkpt lat="42.3832900" lon="9.2844200">
        <ele>0.0</ele>
      </trkpt>
      <trkpt lat="42.3834800" lon="9.2849200">
        <ele>0.0</ele>
      </trkpt>
      <trkpt lat="42.3840200" lon="9.2860000">
        <ele>0.0</ele>
      </trkpt>
      <trkpt lat="42.3841000" lon="9.2861800">
        <ele>0.0</ele>
      </trkpt>
      <trkpt lat="42.3841600" lon="9.2863900">
        <ele>0.0</ele>
      </trkpt>
      <trkpt lat="42.3841800" lon="9.2865800">
        <ele>0.0</ele>
      </trkpt>
      <trkpt lat="42.3841800" lon="9.2870700">
        <ele>0.0</ele>
      </trkpt>
      <trkpt lat="42.3841700" lon="9.2873100">
        <ele>0.0</ele>
      </trkpt>
      <trkpt lat="42.3841200" lon="9.2873900">
        <ele>0.0</ele>
      </trkpt>
      <trkpt lat="42.3840800" lon="9.2874100">
        <ele>0.0</ele>
      </trkpt>
      <trkpt lat="42.3840500" lon="9.2874300">
        <ele>0.0</ele>
      </trkpt>
      <trkpt lat="42.3839700" lon="9.2874200">
        <ele>0.0</ele>
      </trkpt>
      <trkpt lat="42.3839400" lon="9.2873800">
        <ele>0.0</ele>
      </trkpt>
      <trkpt lat="42.3838700" lon="9.2873300">
        <ele>0.0</ele>
      </trkpt>
      <trkpt lat="42.3838100" lon="9.2872600">
        <ele>0.0</ele>
      </trkpt>
      <trkpt lat="42.3837300" lon="9.2871200">
        <ele>0.0</ele>
      </trkpt>
      <trkpt lat="42.3835800" lon="9.2869500">
        <ele>0.0</ele>
      </trkpt>
      <trkpt lat="42.3834800" lon="9.2868800">
        <ele>0.0</ele>
      </trkpt>
      <trkpt lat="42.3831200" lon="9.2866500">
        <ele>0.0</ele>
      </trkpt>
      <trkpt lat="42.3830200" lon="9.2866000">
        <ele>0.0</ele>
      </trkpt>
      <trkpt lat="42.3829400" lon="9.2865900">
        <ele>0.0</ele>
      </trkpt>
      <trkpt lat="42.3828700" lon="9.2866300">
        <ele>0.0</ele>
      </trkpt>
      <trkpt lat="42.3827900" lon="9.2867100">
        <ele>0.0</ele>
      </trkpt>
      <trkpt lat="42.3826700" lon="9.2868900">
        <ele>0.0</ele>
      </trkpt>
      <trkpt lat="42.3825000" lon="9.2872200">
        <ele>0.0</ele>
      </trkpt>
      <trkpt lat="42.3824000" lon="9.2873800">
        <ele>0.0</ele>
      </trkpt>
      <trkpt lat="42.3823800" lon="9.2874400">
        <ele>0.0</ele>
      </trkpt>
      <trkpt lat="42.3825100" lon="9.2873300">
        <ele>0.0</ele>
      </trkpt>
      <trkpt lat="42.3826300" lon="9.2872700">
        <ele>0.0</ele>
      </trkpt>
      <trkpt lat="42.3827400" lon="9.2872600">
        <ele>0.0</ele>
      </trkpt>
      <trkpt lat="42.3828600" lon="9.2873200">
        <ele>0.0</ele>
      </trkpt>
      <trkpt lat="42.3828800" lon="9.2873400">
        <ele>0.0</ele>
      </trkpt>
      <trkpt lat="42.3830000" lon="9.2874300">
        <ele>0.0</ele>
      </trkpt>
      <trkpt lat="42.3831100" lon="9.2874600">
        <ele>0.0</ele>
      </trkpt>
      <trkpt lat="42.3832400" lon="9.2874600">
        <ele>0.0</ele>
      </trkpt>
      <trkpt lat="42.3833200" lon="9.2874500">
        <ele>0.0</ele>
      </trkpt>
      <trkpt lat="42.3834300" lon="9.2874600">
        <ele>0.0</ele>
      </trkpt>
      <trkpt lat="42.3835900" lon="9.2875300">
        <ele>0.0</ele>
      </trkpt>
      <trkpt lat="42.3836900" lon="9.2875900">
        <ele>0.0</ele>
      </trkpt>
      <trkpt lat="42.3839000" lon="9.2878400">
        <ele>0.0</ele>
      </trkpt>
      <trkpt lat="42.3839900" lon="9.2879500">
        <ele>0.0</ele>
      </trkpt>
      <trkpt lat="42.3840800" lon="9.2880900">
        <ele>0.0</ele>
      </trkpt>
      <trkpt lat="42.3842000" lon="9.2882100">
        <ele>0.0</ele>
      </trkpt>
      <trkpt lat="42.3847100" lon="9.2885000">
        <ele>0.0</ele>
      </trkpt>
      <trkpt lat="42.3852500" lon="9.2887400">
        <ele>0.0</ele>
      </trkpt>
      <trkpt lat="42.3853500" lon="9.2887800">
        <ele>0.0</ele>
      </trkpt>
      <trkpt lat="42.3857900" lon="9.2888900">
        <ele>0.0</ele>
      </trkpt>
      <trkpt lat="42.3858400" lon="9.2889300">
        <ele>0.0</ele>
      </trkpt>
      <trkpt lat="42.3858800" lon="9.2889700">
        <ele>0.0</ele>
      </trkpt>
      <trkpt lat="42.3858800" lon="9.2890500">
        <ele>0.0</ele>
      </trkpt>
      <trkpt lat="42.3858500" lon="9.2891000">
        <ele>0.0</ele>
      </trkpt>
      <trkpt lat="42.3857900" lon="9.2891000">
        <ele>0.0</ele>
      </trkpt>
      <trkpt lat="42.3854700" lon="9.2889800">
        <ele>0.0</ele>
      </trkpt>
      <trkpt lat="42.3852500" lon="9.2889400">
        <ele>0.0</ele>
      </trkpt>
      <trkpt lat="42.3851400" lon="9.2889100">
        <ele>0.0</ele>
      </trkpt>
      <trkpt lat="42.3846700" lon="9.2888400">
        <ele>0.0</ele>
      </trkpt>
      <trkpt lat="42.3841700" lon="9.2887800">
        <ele>0.0</ele>
      </trkpt>
      <trkpt lat="42.3840800" lon="9.2888100">
        <ele>0.0</ele>
      </trkpt>
      <trkpt lat="42.3840400" lon="9.2888500">
        <ele>0.0</ele>
      </trkpt>
      <trkpt lat="42.3839800" lon="9.2889500">
        <ele>0.0</ele>
      </trkpt>
      <trkpt lat="42.3839800" lon="9.2889900">
        <ele>0.0</ele>
      </trkpt>
      <trkpt lat="42.3839900" lon="9.2890200">
        <ele>0.0</ele>
      </trkpt>
      <trkpt lat="42.3840200" lon="9.2890600">
        <ele>0.0</ele>
      </trkpt>
      <trkpt lat="42.3840800" lon="9.2890800">
        <ele>0.0</ele>
      </trkpt>
      <trkpt lat="42.3842400" lon="9.2890400">
        <ele>0.0</ele>
      </trkpt>
      <trkpt lat="42.3842900" lon="9.2890400">
        <ele>0.0</ele>
      </trkpt>
      <trkpt lat="42.3844800" lon="9.2890300">
        <ele>0.0</ele>
      </trkpt>
      <trkpt lat="42.3847000" lon="9.2891100">
        <ele>0.0</ele>
      </trkpt>
      <trkpt lat="42.3852500" lon="9.2893600">
        <ele>0.0</ele>
      </trkpt>
      <trkpt lat="42.3857800" lon="9.2895100">
        <ele>0.0</ele>
      </trkpt>
      <trkpt lat="42.3860700" lon="9.2895600">
        <ele>0.0</ele>
      </trkpt>
      <trkpt lat="42.3861600" lon="9.2896000">
        <ele>0.0</ele>
      </trkpt>
      <trkpt lat="42.3862200" lon="9.2896300">
        <ele>0.0</ele>
      </trkpt>
      <trkpt lat="42.3862400" lon="9.2896700">
        <ele>0.0</ele>
      </trkpt>
      <trkpt lat="42.3862400" lon="9.2897200">
        <ele>0.0</ele>
      </trkpt>
      <trkpt lat="42.3862100" lon="9.2897500">
        <ele>0.0</ele>
      </trkpt>
      <trkpt lat="42.3861700" lon="9.2897500">
        <ele>0.0</ele>
      </trkpt>
      <trkpt lat="42.3856600" lon="9.2896500">
        <ele>0.0</ele>
      </trkpt>
      <trkpt lat="42.3852500" lon="9.2895500">
        <ele>0.0</ele>
      </trkpt>
      <trkpt lat="42.3850800" lon="9.2895100">
        <ele>0.0</ele>
      </trkpt>
      <trkpt lat="42.3847400" lon="9.2894800">
        <ele>0.0</ele>
      </trkpt>
      <trkpt lat="42.3845700" lon="9.2895000">
        <ele>0.0</ele>
      </trkpt>
      <trkpt lat="42.3844900" lon="9.2895000">
        <ele>0.0</ele>
      </trkpt>
      <trkpt lat="42.3844500" lon="9.2895100">
        <ele>0.0</ele>
      </trkpt>
      <trkpt lat="42.3844400" lon="9.2895400">
        <ele>0.0</ele>
      </trkpt>
      <trkpt lat="42.3844400" lon="9.2895800">
        <ele>0.0</ele>
      </trkpt>
      <trkpt lat="42.3844500" lon="9.2896200">
        <ele>0.0</ele>
      </trkpt>
      <trkpt lat="42.3844900" lon="9.2896400">
        <ele>0.0</ele>
      </trkpt>
      <trkpt lat="42.3845800" lon="9.2896300">
        <ele>0.0</ele>
      </trkpt>
      <trkpt lat="42.3849000" lon="9.2896200">
        <ele>0.0</ele>
      </trkpt>
      <trkpt lat="42.3851400" lon="9.2896500">
        <ele>0.0</ele>
      </trkpt>
      <trkpt lat="42.3852500" lon="9.2896800">
        <ele>0.0</ele>
      </trkpt>
      <trkpt lat="42.3856100" lon="9.2897900">
        <ele>0.0</ele>
      </trkpt>
      <trkpt lat="42.3857700" lon="9.2898300">
        <ele>0.0</ele>
      </trkpt>
      <trkpt lat="42.3860100" lon="9.2899000">
        <ele>0.0</ele>
      </trkpt>
      <trkpt lat="42.3862500" lon="9.2899200">
        <ele>0.0</ele>
      </trkpt>
      <trkpt lat="42.3866400" lon="9.2899000">
        <ele>0.0</ele>
      </trkpt>
      <trkpt lat="42.3875500" lon="9.2899800">
        <ele>0.0</ele>
      </trkpt>
      <trkpt lat="42.3877100" lon="9.2899900">
        <ele>0.0</ele>
      </trkpt>
      <trkpt lat="42.3878300" lon="9.2900100">
        <ele>0.0</ele>
      </trkpt>
      <trkpt lat="42.3879700" lon="9.2900000">
        <ele>0.0</ele>
      </trkpt>
      <trkpt lat="42.3880600" lon="9.2899700">
        <ele>0.0</ele>
      </trkpt>
      <trkpt lat="42.3881200" lon="9.2898900">
        <ele>0.0</ele>
      </trkpt>
      <trkpt lat="42.3881500" lon="9.2898000">
        <ele>0.0</ele>
      </trkpt>
      <trkpt lat="42.3881600" lon="9.2896700">
        <ele>0.0</ele>
      </trkpt>
      <trkpt lat="42.3881600" lon="9.2894900">
        <ele>0.0</ele>
      </trkpt>
      <trkpt lat="42.3881500" lon="9.2893000">
        <ele>0.0</ele>
      </trkpt>
      <trkpt lat="42.3880400" lon="9.2888300">
        <ele>0.0</ele>
      </trkpt>
      <trkpt lat="42.3880000" lon="9.2885900">
        <ele>0.0</ele>
      </trkpt>
      <trkpt lat="42.3880000" lon="9.2883000">
        <ele>0.0</ele>
      </trkpt>
      <trkpt lat="42.3880100" lon="9.2880600">
        <ele>0.0</ele>
      </trkpt>
      <trkpt lat="42.3880400" lon="9.2878900">
        <ele>0.0</ele>
      </trkpt>
      <trkpt lat="42.3880700" lon="9.2877100">
        <ele>0.0</ele>
      </trkpt>
      <trkpt lat="42.3881200" lon="9.2875600">
        <ele>0.0</ele>
      </trkpt>
      <trkpt lat="42.3881700" lon="9.2874500">
        <ele>0.0</ele>
      </trkpt>
      <trkpt lat="42.3884500" lon="9.2869800">
        <ele>0.0</ele>
      </trkpt>
      <trkpt lat="42.3884600" lon="9.2868700">
        <ele>0.0</ele>
      </trkpt>
      <trkpt lat="42.3884600" lon="9.2867800">
        <ele>0.0</ele>
      </trkpt>
      <trkpt lat="42.3884300" lon="9.2866600">
        <ele>0.0</ele>
      </trkpt>
      <trkpt lat="42.3883600" lon="9.2865200">
        <ele>0.0</ele>
      </trkpt>
      <trkpt lat="42.3882500" lon="9.2862600">
        <ele>0.0</ele>
      </trkpt>
      <trkpt lat="42.3881300" lon="9.2860500">
        <ele>0.0</ele>
      </trkpt>
      <trkpt lat="42.3877100" lon="9.2854500">
        <ele>0.0</ele>
      </trkpt>
      <trkpt lat="42.3875800" lon="9.2852300">
        <ele>0.0</ele>
      </trkpt>
      <trkpt lat="42.3874000" lon="9.2848200">
        <ele>0.0</ele>
      </trkpt>
      <trkpt lat="42.3873400" lon="9.2846600">
        <ele>0.0</ele>
      </trkpt>
      <trkpt lat="42.3873300" lon="9.2845200">
        <ele>0.0</ele>
      </trkpt>
      <trkpt lat="42.3873900" lon="9.2843000">
        <ele>0.0</ele>
      </trkpt>
      <trkpt lat="42.3875500" lon="9.2838400">
        <ele>0.0</ele>
      </trkpt>
      <trkpt lat="42.3877200" lon="9.2834900">
        <ele>0.0</ele>
      </trkpt>
      <trkpt lat="42.3879000" lon="9.2832900">
        <ele>0.0</ele>
      </trkpt>
      <trkpt lat="42.3879500" lon="9.2832800">
        <ele>0.0</ele>
      </trkpt>
      <trkpt lat="42.3881300" lon="9.2832100">
        <ele>0.0</ele>
      </trkpt>
      <trkpt lat="42.3884500" lon="9.2833400">
        <ele>0.0</ele>
      </trkpt>
      <trkpt lat="42.3886000" lon="9.2833600">
        <ele>0.0</ele>
      </trkpt>
      <trkpt lat="42.3887700" lon="9.2833500">
        <ele>0.0</ele>
      </trkpt>
      <trkpt lat="42.3890700" lon="9.2832000">
        <ele>0.0</ele>
      </trkpt>
      <trkpt lat="42.3894200" lon="9.2830800">
        <ele>0.0</ele>
      </trkpt>
      <trkpt lat="42.3895000" lon="9.2830200">
        <ele>0.0</ele>
      </trkpt>
      <trkpt lat="42.3899000" lon="9.2825300">
        <ele>0.0</ele>
      </trkpt>
      <trkpt lat="42.3900200" lon="9.2824000">
        <ele>0.0</ele>
      </trkpt>
      <trkpt lat="42.3901200" lon="9.2823500">
        <ele>0.0</ele>
      </trkpt>
      <trkpt lat="42.3902400" lon="9.2823300">
        <ele>0.0</ele>
      </trkpt>
      <trkpt lat="42.3905300" lon="9.2824000">
        <ele>0.0</ele>
      </trkpt>
      <trkpt lat="42.3906900" lon="9.2824200">
        <ele>0.0</ele>
      </trkpt>
      <trkpt lat="42.3908000" lon="9.2823800">
        <ele>0.0</ele>
      </trkpt>
      <trkpt lat="42.3909100" lon="9.2823100">
        <ele>0.0</ele>
      </trkpt>
      <trkpt lat="42.3911400" lon="9.2820600">
        <ele>0.0</ele>
      </trkpt>
      <trkpt lat="42.3912500" lon="9.2820000">
        <ele>0.0</ele>
      </trkpt>
      <trkpt lat="42.3916500" lon="9.2818800">
        <ele>0.0</ele>
      </trkpt>
      <trkpt lat="42.3917700" lon="9.2818100">
        <ele>0.0</ele>
      </trkpt>
      <trkpt lat="42.3919400" lon="9.2816900">
        <ele>0.0</ele>
      </trkpt>
      <trkpt lat="42.3921700" lon="9.2814800">
        <ele>0.0</ele>
      </trkpt>
      <trkpt lat="42.3924900" lon="9.2812400">
        <ele>0.0</ele>
      </trkpt>
      <trkpt lat="42.3926200" lon="9.2811800">
        <ele>0.0</ele>
      </trkpt>
      <trkpt lat="42.3927200" lon="9.2811500">
        <ele>0.0</ele>
      </trkpt>
      <trkpt lat="42.3928200" lon="9.2811600">
        <ele>0.0</ele>
      </trkpt>
      <trkpt lat="42.3930200" lon="9.2812000">
        <ele>0.0</ele>
      </trkpt>
      <trkpt lat="42.3931300" lon="9.2811800">
        <ele>0.0</ele>
      </trkpt>
      <trkpt lat="42.3932900" lon="9.2811100">
        <ele>0.0</ele>
      </trkpt>
      <trkpt lat="42.3933100" lon="9.2810900">
        <ele>0.0</ele>
      </trkpt>
      <trkpt lat="42.3934200" lon="9.2810400">
        <ele>0.0</ele>
      </trkpt>
      <trkpt lat="42.3935600" lon="9.2810200">
        <ele>0.0</ele>
      </trkpt>
      <trkpt lat="42.3937100" lon="9.2810300">
        <ele>0.0</ele>
      </trkpt>
      <trkpt lat="42.3944200" lon="9.2812400">
        <ele>0.0</ele>
      </trkpt>
      <trkpt lat="42.3946200" lon="9.2812300">
        <ele>0.0</ele>
      </trkpt>
      <trkpt lat="42.3946900" lon="9.2812300">
        <ele>0.0</ele>
      </trkpt>
      <trkpt lat="42.3948100" lon="9.2811800">
        <ele>0.0</ele>
      </trkpt>
      <trkpt lat="42.3953600" lon="9.2808600">
        <ele>0.0</ele>
      </trkpt>
      <trkpt lat="42.3955100" lon="9.2806900">
        <ele>0.0</ele>
      </trkpt>
      <trkpt lat="42.3955900" lon="9.2805800">
        <ele>0.0</ele>
      </trkpt>
      <trkpt lat="42.3956500" lon="9.2804200">
        <ele>0.0</ele>
      </trkpt>
      <trkpt lat="42.3957200" lon="9.2801200">
        <ele>0.0</ele>
      </trkpt>
      <trkpt lat="42.3957700" lon="9.2800500">
        <ele>0.0</ele>
      </trkpt>
      <trkpt lat="42.3959600" lon="9.2798500">
        <ele>0.0</ele>
      </trkpt>
      <trkpt lat="42.3960400" lon="9.2796500">
        <ele>0.0</ele>
      </trkpt>
      <trkpt lat="42.3960500" lon="9.2795000">
        <ele>0.0</ele>
      </trkpt>
      <trkpt lat="42.3960500" lon="9.2792700">
        <ele>0.0</ele>
      </trkpt>
      <trkpt lat="42.3960000" lon="9.2789400">
        <ele>0.0</ele>
      </trkpt>
      <trkpt lat="42.3959500" lon="9.2787200">
        <ele>0.0</ele>
      </trkpt>
      <trkpt lat="42.3959600" lon="9.2786400">
        <ele>0.0</ele>
      </trkpt>
      <trkpt lat="42.3960000" lon="9.2785900">
        <ele>0.0</ele>
      </trkpt>
      <trkpt lat="42.3960700" lon="9.2785800">
        <ele>0.0</ele>
      </trkpt>
      <trkpt lat="42.3961100" lon="9.2786000">
        <ele>0.0</ele>
      </trkpt>
      <trkpt lat="42.3961500" lon="9.2787300">
        <ele>0.0</ele>
      </trkpt>
      <trkpt lat="42.3961600" lon="9.2788400">
        <ele>0.0</ele>
      </trkpt>
      <trkpt lat="42.3961700" lon="9.2789800">
        <ele>0.0</ele>
      </trkpt>
      <trkpt lat="42.3961900" lon="9.2790500">
        <ele>0.0</ele>
      </trkpt>
      <trkpt lat="42.3963900" lon="9.2794600">
        <ele>0.0</ele>
      </trkpt>
      <trkpt lat="42.3964900" lon="9.2797100">
        <ele>0.0</ele>
      </trkpt>
      <trkpt lat="42.3965200" lon="9.2798600">
        <ele>0.0</ele>
      </trkpt>
      <trkpt lat="42.3965300" lon="9.2800200">
        <ele>0.0</ele>
      </trkpt>
      <trkpt lat="42.3965100" lon="9.2804300">
        <ele>0.0</ele>
      </trkpt>
      <trkpt lat="42.3965500" lon="9.2804900">
        <ele>0.0</ele>
      </trkpt>
      <trkpt lat="42.3966100" lon="9.2805000">
        <ele>0.0</ele>
      </trkpt>
      <trkpt lat="42.3966600" lon="9.2804900">
        <ele>0.0</ele>
      </trkpt>
      <trkpt lat="42.3967400" lon="9.2803700">
        <ele>0.0</ele>
      </trkpt>
      <trkpt lat="42.3968000" lon="9.2802600">
        <ele>0.0</ele>
      </trkpt>
      <trkpt lat="42.3968500" lon="9.2801200">
        <ele>0.0</ele>
      </trkpt>
      <trkpt lat="42.3968700" lon="9.2799700">
        <ele>0.0</ele>
      </trkpt>
      <trkpt lat="42.3968900" lon="9.2798000">
        <ele>0.0</ele>
      </trkpt>
      <trkpt lat="42.3968000" lon="9.2793700">
        <ele>0.0</ele>
      </trkpt>
      <trkpt lat="42.3968000" lon="9.2793000">
        <ele>0.0</ele>
      </trkpt>
      <trkpt lat="42.3968500" lon="9.2792500">
        <ele>0.0</ele>
      </trkpt>
      <trkpt lat="42.3969300" lon="9.2792500">
        <ele>0.0</ele>
      </trkpt>
      <trkpt lat="42.3969900" lon="9.2793100">
        <ele>0.0</ele>
      </trkpt>
      <trkpt lat="42.3970600" lon="9.2794300">
        <ele>0.0</ele>
      </trkpt>
      <trkpt lat="42.3973700" lon="9.2800200">
        <ele>0.0</ele>
      </trkpt>
      <trkpt lat="42.3974000" lon="9.2801600">
        <ele>0.0</ele>
      </trkpt>
      <trkpt lat="42.3974000" lon="9.2803100">
        <ele>0.0</ele>
      </trkpt>
      <trkpt lat="42.3973900" lon="9.2803800">
        <ele>0.0</ele>
      </trkpt>
      <trkpt lat="42.3972700" lon="9.2808900">
        <ele>0.0</ele>
      </trkpt>
      <trkpt lat="42.3972700" lon="9.2809300">
        <ele>0.0</ele>
      </trkpt>
      <trkpt lat="42.3972600" lon="9.2809600">
        <ele>0.0</ele>
      </trkpt>
      <trkpt lat="42.3972900" lon="9.2810000">
        <ele>0.0</ele>
      </trkpt>
      <trkpt lat="42.3973400" lon="9.2810100">
        <ele>0.0</ele>
      </trkpt>
      <trkpt lat="42.3973800" lon="9.2809700">
        <ele>0.0</ele>
      </trkpt>
      <trkpt lat="42.3974100" lon="9.2809100">
        <ele>0.0</ele>
      </trkpt>
      <trkpt lat="42.3974400" lon="9.2808000">
        <ele>0.0</ele>
      </trkpt>
      <trkpt lat="42.3975900" lon="9.2805000">
        <ele>0.0</ele>
      </trkpt>
      <trkpt lat="42.3979300" lon="9.2800500">
        <ele>0.0</ele>
      </trkpt>
      <trkpt lat="42.3983400" lon="9.2796900">
        <ele>0.0</ele>
      </trkpt>
      <trkpt lat="42.3983900" lon="9.2796900">
        <ele>0.0</ele>
      </trkpt>
      <trkpt lat="42.3984200" lon="9.2797100">
        <ele>0.0</ele>
      </trkpt>
      <trkpt lat="42.3984900" lon="9.2797500">
        <ele>0.0</ele>
      </trkpt>
      <trkpt lat="42.3986400" lon="9.2799100">
        <ele>0.0</ele>
      </trkpt>
      <trkpt lat="42.3987800" lon="9.2800000">
        <ele>0.0</ele>
      </trkpt>
      <trkpt lat="42.3989500" lon="9.2800900">
        <ele>0.0</ele>
      </trkpt>
      <trkpt lat="42.3993100" lon="9.2801900">
        <ele>0.0</ele>
      </trkpt>
      <trkpt lat="42.3996100" lon="9.2802800">
        <ele>0.0</ele>
      </trkpt>
      <trkpt lat="42.3997400" lon="9.2802900">
        <ele>0.0</ele>
      </trkpt>
      <trkpt lat="42.3999100" lon="9.2803100">
        <ele>0.0</ele>
      </trkpt>
      <trkpt lat="42.4001800" lon="9.2803900">
        <ele>0.0</ele>
      </trkpt>
      <trkpt lat="42.4004800" lon="9.2805100">
        <ele>0.0</ele>
      </trkpt>
      <trkpt lat="42.4005300" lon="9.2805300">
        <ele>0.0</ele>
      </trkpt>
      <trkpt lat="42.4005900" lon="9.2805900">
        <ele>0.0</ele>
      </trkpt>
      <trkpt lat="42.4006100" lon="9.2806300">
        <ele>0.0</ele>
      </trkpt>
      <trkpt lat="42.4006200" lon="9.2807000">
        <ele>0.0</ele>
      </trkpt>
      <trkpt lat="42.4006300" lon="9.2808100">
        <ele>0.0</ele>
      </trkpt>
      <trkpt lat="42.4006600" lon="9.2809100">
        <ele>0.0</ele>
      </trkpt>
      <trkpt lat="42.4006800" lon="9.2809700">
        <ele>0.0</ele>
      </trkpt>
      <trkpt lat="42.4007400" lon="9.2810700">
        <ele>0.0</ele>
      </trkpt>
      <trkpt lat="42.4008200" lon="9.2811700">
        <ele>0.0</ele>
      </trkpt>
      <trkpt lat="42.4008500" lon="9.2812200">
        <ele>0.0</ele>
      </trkpt>
      <trkpt lat="42.4008600" lon="9.2812800">
        <ele>0.0</ele>
      </trkpt>
      <trkpt lat="42.4008600" lon="9.2813300">
        <ele>0.0</ele>
      </trkpt>
      <trkpt lat="42.4008300" lon="9.2814000">
        <ele>0.0</ele>
      </trkpt>
      <trkpt lat="42.4007600" lon="9.2815000">
        <ele>0.0</ele>
      </trkpt>
      <trkpt lat="42.4006400" lon="9.2816400">
        <ele>0.0</ele>
      </trkpt>
      <trkpt lat="42.4005900" lon="9.2817200">
        <ele>0.0</ele>
      </trkpt>
      <trkpt lat="42.4005600" lon="9.2818100">
        <ele>0.0</ele>
      </trkpt>
      <trkpt lat="42.4005100" lon="9.2819700">
        <ele>0.0</ele>
      </trkpt>
      <trkpt lat="42.4004800" lon="9.2822000">
        <ele>0.0</ele>
      </trkpt>
      <trkpt lat="42.4004800" lon="9.2823300">
        <ele>0.0</ele>
      </trkpt>
      <trkpt lat="42.4004400" lon="9.2825000">
        <ele>0.0</ele>
      </trkpt>
      <trkpt lat="42.4003800" lon="9.2826700">
        <ele>0.0</ele>
      </trkpt>
      <trkpt lat="42.4001200" lon="9.2831600">
        <ele>0.0</ele>
      </trkpt>
      <trkpt lat="42.4000800" lon="9.2833600">
        <ele>0.0</ele>
      </trkpt>
      <trkpt lat="42.4000600" lon="9.2836500">
        <ele>0.0</ele>
      </trkpt>
      <trkpt lat="42.4000200" lon="9.2837700">
        <ele>0.0</ele>
      </trkpt>
      <trkpt lat="42.3998100" lon="9.2840900">
        <ele>0.0</ele>
      </trkpt>
      <trkpt lat="42.3995800" lon="9.2844600">
        <ele>0.0</ele>
      </trkpt>
      <trkpt lat="42.3994900" lon="9.2846600">
        <ele>0.0</ele>
      </trkpt>
      <trkpt lat="42.3994000" lon="9.2849000">
        <ele>0.0</ele>
      </trkpt>
      <trkpt lat="42.3992800" lon="9.2854000">
        <ele>0.0</ele>
      </trkpt>
      <trkpt lat="42.3992500" lon="9.2857200">
        <ele>0.0</ele>
      </trkpt>
      <trkpt lat="42.3992800" lon="9.2859700">
        <ele>0.0</ele>
      </trkpt>
      <trkpt lat="42.3993200" lon="9.2861600">
        <ele>0.0</ele>
      </trkpt>
      <trkpt lat="42.3993500" lon="9.2864000">
        <ele>0.0</ele>
      </trkpt>
      <trkpt lat="42.3993500" lon="9.2866300">
        <ele>0.0</ele>
      </trkpt>
      <trkpt lat="42.3994200" lon="9.2878500">
        <ele>0.0</ele>
      </trkpt>
      <trkpt lat="42.3995400" lon="9.2886100">
        <ele>0.0</ele>
      </trkpt>
      <trkpt lat="42.3995800" lon="9.2890500">
        <ele>0.0</ele>
      </trkpt>
      <trkpt lat="42.3996500" lon="9.2893800">
        <ele>0.0</ele>
      </trkpt>
      <trkpt lat="42.3996400" lon="9.2896000">
        <ele>0.0</ele>
      </trkpt>
      <trkpt lat="42.3996100" lon="9.2898000">
        <ele>0.0</ele>
      </trkpt>
      <trkpt lat="42.3995600" lon="9.2905500">
        <ele>0.0</ele>
      </trkpt>
      <trkpt lat="42.3995200" lon="9.2907800">
        <ele>0.0</ele>
      </trkpt>
      <trkpt lat="42.3994300" lon="9.2909000">
        <ele>0.0</ele>
      </trkpt>
      <trkpt lat="42.3991100" lon="9.2911500">
        <ele>0.0</ele>
      </trkpt>
      <trkpt lat="42.3989200" lon="9.2913600">
        <ele>0.0</ele>
      </trkpt>
      <trkpt lat="42.3988300" lon="9.2915600">
        <ele>0.0</ele>
      </trkpt>
      <trkpt lat="42.3987700" lon="9.2917200">
        <ele>0.0</ele>
      </trkpt>
      <trkpt lat="42.3987300" lon="9.2919800">
        <ele>0.0</ele>
      </trkpt>
      <trkpt lat="42.3986600" lon="9.2920900">
        <ele>0.0</ele>
      </trkpt>
      <trkpt lat="42.3985700" lon="9.2921600">
        <ele>0.0</ele>
      </trkpt>
      <trkpt lat="42.3983300" lon="9.2922600">
        <ele>0.0</ele>
      </trkpt>
      <trkpt lat="42.3982200" lon="9.2923500">
        <ele>0.0</ele>
      </trkpt>
      <trkpt lat="42.3980500" lon="9.2925800">
        <ele>0.0</ele>
      </trkpt>
      <trkpt lat="42.3978600" lon="9.2929000">
        <ele>0.0</ele>
      </trkpt>
      <trkpt lat="42.3978300" lon="9.2930100">
        <ele>0.0</ele>
      </trkpt>
      <trkpt lat="42.3978400" lon="9.2931200">
        <ele>0.0</ele>
      </trkpt>
      <trkpt lat="42.3978500" lon="9.2931900">
        <ele>0.0</ele>
      </trkpt>
      <trkpt lat="42.3978800" lon="9.2932700">
        <ele>0.0</ele>
      </trkpt>
      <trkpt lat="42.3979100" lon="9.2933400">
        <ele>0.0</ele>
      </trkpt>
      <trkpt lat="42.3979500" lon="9.2934300">
        <ele>0.0</ele>
      </trkpt>
      <trkpt lat="42.3981300" lon="9.2937000">
        <ele>0.0</ele>
      </trkpt>
      <trkpt lat="42.3983500" lon="9.2939900">
        <ele>0.0</ele>
      </trkpt>
      <trkpt lat="42.3984200" lon="9.2941400">
        <ele>0.0</ele>
      </trkpt>
      <trkpt lat="42.3984600" lon="9.2942700">
        <ele>0.0</ele>
      </trkpt>
      <trkpt lat="42.3985000" lon="9.2943700">
        <ele>0.0</ele>
      </trkpt>
      <trkpt lat="42.3985400" lon="9.2944300">
        <ele>0.0</ele>
      </trkpt>
      <trkpt lat="42.3988300" lon="9.2947200">
        <ele>0.0</ele>
      </trkpt>
      <trkpt lat="42.3988600" lon="9.2947700">
        <ele>0.0</ele>
      </trkpt>
      <trkpt lat="42.3988900" lon="9.2948400">
        <ele>0.0</ele>
      </trkpt>
      <trkpt lat="42.3989000" lon="9.2949000">
        <ele>0.0</ele>
      </trkpt>
      <trkpt lat="42.3988800" lon="9.2949900">
        <ele>0.0</ele>
      </trkpt>
      <trkpt lat="42.3988600" lon="9.2950400">
        <ele>0.0</ele>
      </trkpt>
      <trkpt lat="42.3988100" lon="9.2951100">
        <ele>0.0</ele>
      </trkpt>
      <trkpt lat="42.3987300" lon="9.2952400">
        <ele>0.0</ele>
      </trkpt>
      <trkpt lat="42.3985700" lon="9.2955500">
        <ele>0.0</ele>
      </trkpt>
      <trkpt lat="42.3985300" lon="9.2956500">
        <ele>0.0</ele>
      </trkpt>
      <trkpt lat="42.3985200" lon="9.2956800">
        <ele>0.0</ele>
      </trkpt>
      <trkpt lat="42.3985100" lon="9.2957300">
        <ele>0.0</ele>
      </trkpt>
      <trkpt lat="42.3985100" lon="9.2957900">
        <ele>0.0</ele>
      </trkpt>
      <trkpt lat="42.3985200" lon="9.2958200">
        <ele>0.0</ele>
      </trkpt>
      <trkpt lat="42.3985600" lon="9.2958800">
        <ele>0.0</ele>
      </trkpt>
      <trkpt lat="42.3986000" lon="9.2959200">
        <ele>0.0</ele>
      </trkpt>
      <trkpt lat="42.3986400" lon="9.2959400">
        <ele>0.0</ele>
      </trkpt>
      <trkpt lat="42.3986900" lon="9.2959200">
        <ele>0.0</ele>
      </trkpt>
      <trkpt lat="42.3989200" lon="9.2957900">
        <ele>0.0</ele>
      </trkpt>
      <trkpt lat="42.3989800" lon="9.2957700">
        <ele>0.0</ele>
      </trkpt>
      <trkpt lat="42.3995700" lon="9.2958800">
        <ele>0.0</ele>
      </trkpt>
      <trkpt lat="42.3997800" lon="9.2958700">
        <ele>0.0</ele>
      </trkpt>
      <trkpt lat="42.3998800" lon="9.2958900">
        <ele>0.0</ele>
      </trkpt>
      <trkpt lat="42.3999600" lon="9.2959200">
        <ele>0.0</ele>
      </trkpt>
      <trkpt lat="42.4000500" lon="9.2959500">
        <ele>0.0</ele>
      </trkpt>
      <trkpt lat="42.4001900" lon="9.2960100">
        <ele>0.0</ele>
      </trkpt>
      <trkpt lat="42.4002200" lon="9.2960000">
        <ele>0.0</ele>
      </trkpt>
      <trkpt lat="42.4002500" lon="9.2959900">
        <ele>0.0</ele>
      </trkpt>
      <trkpt lat="42.4004100" lon="9.2958400">
        <ele>0.0</ele>
      </trkpt>
      <trkpt lat="42.4004300" lon="9.2957900">
        <ele>0.0</ele>
      </trkpt>
      <trkpt lat="42.4004400" lon="9.2957100">
        <ele>0.0</ele>
      </trkpt>
      <trkpt lat="42.4004400" lon="9.2955500">
        <ele>0.0</ele>
      </trkpt>
      <trkpt lat="42.4004400" lon="9.2954900">
        <ele>0.0</ele>
      </trkpt>
      <trkpt lat="42.4004500" lon="9.2954300">
        <ele>0.0</ele>
      </trkpt>
      <trkpt lat="42.4004800" lon="9.2953500">
        <ele>0.0</ele>
      </trkpt>
      <trkpt lat="42.4005300" lon="9.2952600">
        <ele>0.0</ele>
      </trkpt>
      <trkpt lat="42.4005400" lon="9.2951900">
        <ele>0.0</ele>
      </trkpt>
      <trkpt lat="42.4005500" lon="9.2951100">
        <ele>0.0</ele>
      </trkpt>
      <trkpt lat="42.4005300" lon="9.2947200">
        <ele>0.0</ele>
      </trkpt>
      <trkpt lat="42.4005400" lon="9.2944300">
        <ele>0.0</ele>
      </trkpt>
      <trkpt lat="42.4005500" lon="9.2942600">
        <ele>0.0</ele>
      </trkpt>
      <trkpt lat="42.4005800" lon="9.2941100">
        <ele>0.0</ele>
      </trkpt>
      <trkpt lat="42.4006300" lon="9.2939800">
        <ele>0.0</ele>
      </trkpt>
      <trkpt lat="42.4007200" lon="9.2938200">
        <ele>0.0</ele>
      </trkpt>
      <trkpt lat="42.4008800" lon="9.2936100">
        <ele>0.0</ele>
      </trkpt>
      <trkpt lat="42.4010800" lon="9.2930900">
        <ele>0.0</ele>
      </trkpt>
      <trkpt lat="42.4013200" lon="9.2926600">
        <ele>0.0</ele>
      </trkpt>
      <trkpt lat="42.4014100" lon="9.2925600">
        <ele>0.0</ele>
      </trkpt>
      <trkpt lat="42.4015100" lon="9.2924900">
        <ele>0.0</ele>
      </trkpt>
      <trkpt lat="42.4018400" lon="9.2922600">
        <ele>0.0</ele>
      </trkpt>
      <trkpt lat="42.4020200" lon="9.2921600">
        <ele>0.0</ele>
      </trkpt>
      <trkpt lat="42.4021900" lon="9.2919600">
        <ele>0.0</ele>
      </trkpt>
      <trkpt lat="42.4027800" lon="9.2912200">
        <ele>0.0</ele>
      </trkpt>
      <trkpt lat="42.4034900" lon="9.2904100">
        <ele>0.0</ele>
      </trkpt>
      <trkpt lat="42.4040900" lon="9.2897900">
        <ele>0.0</ele>
      </trkpt>
      <trkpt lat="42.4043000" lon="9.2895500">
        <ele>0.0</ele>
      </trkpt>
      <trkpt lat="42.4044400" lon="9.2893700">
        <ele>0.0</ele>
      </trkpt>
      <trkpt lat="42.4045400" lon="9.2891500">
        <ele>0.0</ele>
      </trkpt>
      <trkpt lat="42.4045800" lon="9.2890200">
        <ele>0.0</ele>
      </trkpt>
      <trkpt lat="42.4046700" lon="9.2887300">
        <ele>0.0</ele>
      </trkpt>
      <trkpt lat="42.4047200" lon="9.2886300">
        <ele>0.0</ele>
      </trkpt>
      <trkpt lat="42.4052200" lon="9.2880500">
        <ele>0.0</ele>
      </trkpt>
      <trkpt lat="42.4053500" lon="9.2879000">
        <ele>0.0</ele>
      </trkpt>
      <trkpt lat="42.4057700" lon="9.2873200">
        <ele>0.0</ele>
      </trkpt>
      <trkpt lat="42.4062200" lon="9.2867500">
        <ele>0.0</ele>
      </trkpt>
      <trkpt lat="42.4065600" lon="9.2862400">
        <ele>0.0</ele>
      </trkpt>
      <trkpt lat="42.4069700" lon="9.2859000">
        <ele>0.0</ele>
      </trkpt>
      <trkpt lat="42.4071800" lon="9.2857700">
        <ele>0.0</ele>
      </trkpt>
      <trkpt lat="42.4072300" lon="9.2857500">
        <ele>0.0</ele>
      </trkpt>
      <trkpt lat="42.4076100" lon="9.2855600">
        <ele>0.0</ele>
      </trkpt>
      <trkpt lat="42.4079200" lon="9.2853800">
        <ele>0.0</ele>
      </trkpt>
      <trkpt lat="42.4082900" lon="9.2851300">
        <ele>0.0</ele>
      </trkpt>
      <trkpt lat="42.4084900" lon="9.2849300">
        <ele>0.0</ele>
      </trkpt>
      <trkpt lat="42.4086000" lon="9.2848300">
        <ele>0.0</ele>
      </trkpt>
      <trkpt lat="42.4086600" lon="9.2847500">
        <ele>0.0</ele>
      </trkpt>
      <trkpt lat="42.4088200" lon="9.2846400">
        <ele>0.0</ele>
      </trkpt>
      <trkpt lat="42.4090800" lon="9.2844200">
        <ele>0.0</ele>
      </trkpt>
      <trkpt lat="42.4093900" lon="9.2840300">
        <ele>0.0</ele>
      </trkpt>
      <trkpt lat="42.4095600" lon="9.2838700">
        <ele>0.0</ele>
      </trkpt>
      <trkpt lat="42.4097300" lon="9.2837700">
        <ele>0.0</ele>
      </trkpt>
      <trkpt lat="42.4100300" lon="9.2836100">
        <ele>0.0</ele>
      </trkpt>
      <trkpt lat="42.4104900" lon="9.2834200">
        <ele>0.0</ele>
      </trkpt>
      <trkpt lat="42.4106900" lon="9.2833100">
        <ele>0.0</ele>
      </trkpt>
      <trkpt lat="42.4109200" lon="9.2831600">
        <ele>0.0</ele>
      </trkpt>
      <trkpt lat="42.4110900" lon="9.2830400">
        <ele>0.0</ele>
      </trkpt>
      <trkpt lat="42.4112400" lon="9.2829100">
        <ele>0.0</ele>
      </trkpt>
      <trkpt lat="42.4113100" lon="9.2828200">
        <ele>0.0</ele>
      </trkpt>
      <trkpt lat="42.4115200" lon="9.2824400">
        <ele>0.0</ele>
      </trkpt>
      <trkpt lat="42.4115800" lon="9.2823600">
        <ele>0.0</ele>
      </trkpt>
      <trkpt lat="42.4116400" lon="9.2823300">
        <ele>0.0</ele>
      </trkpt>
      <trkpt lat="42.4116900" lon="9.2823200">
        <ele>0.0</ele>
      </trkpt>
      <trkpt lat="42.4117800" lon="9.2823200">
        <ele>0.0</ele>
      </trkpt>
      <trkpt lat="42.4118500" lon="9.2823300">
        <ele>0.0</ele>
      </trkpt>
      <trkpt lat="42.4119300" lon="9.2823500">
        <ele>0.0</ele>
      </trkpt>
      <trkpt lat="42.4119800" lon="9.2823700">
        <ele>0.0</ele>
      </trkpt>
      <trkpt lat="42.4120100" lon="9.2823900">
        <ele>0.0</ele>
      </trkpt>
      <trkpt lat="42.4120000" lon="9.2824400">
        <ele>0.0</ele>
      </trkpt>
      <trkpt lat="42.4120000" lon="9.2825100">
        <ele>0.0</ele>
      </trkpt>
      <trkpt lat="42.4122100" lon="9.2829100">
        <ele>0.0</ele>
      </trkpt>
      <trkpt lat="42.4123500" lon="9.2832200">
        <ele>0.0</ele>
      </trkpt>
      <trkpt lat="42.4124800" lon="9.2835800">
        <ele>0.0</ele>
      </trkpt>
      <trkpt lat="42.4126400" lon="9.2838400">
        <ele>0.0</ele>
      </trkpt>
      <trkpt lat="42.4128100" lon="9.2840600">
        <ele>0.0</ele>
      </trkpt>
      <trkpt lat="42.4129100" lon="9.2841700">
        <ele>0.0</ele>
      </trkpt>
      <trkpt lat="42.4130600" lon="9.2843000">
        <ele>0.0</ele>
      </trkpt>
      <trkpt lat="42.4131600" lon="9.2844200">
        <ele>0.0</ele>
      </trkpt>
      <trkpt lat="42.4133700" lon="9.2846800">
        <ele>0.0</ele>
      </trkpt>
      <trkpt lat="42.4134500" lon="9.2848100">
        <ele>0.0</ele>
      </trkpt>
      <trkpt lat="42.4135500" lon="9.2849300">
        <ele>0.0</ele>
      </trkpt>
      <trkpt lat="42.4135800" lon="9.2849500">
        <ele>0.0</ele>
      </trkpt>
      <trkpt lat="42.4137200" lon="9.2849800">
        <ele>0.0</ele>
      </trkpt>
      <trkpt lat="42.4138900" lon="9.2849900">
        <ele>0.0</ele>
      </trkpt>
      <trkpt lat="42.4139600" lon="9.2850100">
        <ele>0.0</ele>
      </trkpt>
      <trkpt lat="42.4140300" lon="9.2850600">
        <ele>0.0</ele>
      </trkpt>
      <trkpt lat="42.4140800" lon="9.2851200">
        <ele>0.0</ele>
      </trkpt>
      <trkpt lat="42.4141100" lon="9.2852100">
        <ele>0.0</ele>
      </trkpt>
      <trkpt lat="42.4142200" lon="9.2853700">
        <ele>0.0</ele>
      </trkpt>
      <trkpt lat="42.4145000" lon="9.2856000">
        <ele>0.0</ele>
      </trkpt>
      <trkpt lat="42.4146100" lon="9.2856400">
        <ele>0.0</ele>
      </trkpt>
      <trkpt lat="42.4151100" lon="9.2857300">
        <ele>0.0</ele>
      </trkpt>
      <trkpt lat="42.4151900" lon="9.2857500">
        <ele>0.0</ele>
      </trkpt>
      <trkpt lat="42.4152400" lon="9.2857900">
        <ele>0.0</ele>
      </trkpt>
      <trkpt lat="42.4153100" lon="9.2858700">
        <ele>0.0</ele>
      </trkpt>
      <trkpt lat="42.4154300" lon="9.2860900">
        <ele>0.0</ele>
      </trkpt>
      <trkpt lat="42.4155000" lon="9.2862600">
        <ele>0.0</ele>
      </trkpt>
      <trkpt lat="42.4155700" lon="9.2864600">
        <ele>0.0</ele>
      </trkpt>
      <trkpt lat="42.4156400" lon="9.2867200">
        <ele>0.0</ele>
      </trkpt>
      <trkpt lat="42.4156400" lon="9.2868300">
        <ele>0.0</ele>
      </trkpt>
      <trkpt lat="42.4156000" lon="9.2870200">
        <ele>0.0</ele>
      </trkpt>
      <trkpt lat="42.4155100" lon="9.2871900">
        <ele>0.0</ele>
      </trkpt>
      <trkpt lat="42.4154900" lon="9.2872600">
        <ele>0.0</ele>
      </trkpt>
      <trkpt lat="42.4154800" lon="9.2873600">
        <ele>0.0</ele>
      </trkpt>
      <trkpt lat="42.4155000" lon="9.2874300">
        <ele>0.0</ele>
      </trkpt>
      <trkpt lat="42.4155400" lon="9.2874800">
        <ele>0.0</ele>
      </trkpt>
      <trkpt lat="42.4155800" lon="9.2875100">
        <ele>0.0</ele>
      </trkpt>
      <trkpt lat="42.4156300" lon="9.2875300">
        <ele>0.0</ele>
      </trkpt>
      <trkpt lat="42.4157000" lon="9.2875300">
        <ele>0.0</ele>
      </trkpt>
      <trkpt lat="42.4158800" lon="9.2874900">
        <ele>0.0</ele>
      </trkpt>
      <trkpt lat="42.4160700" lon="9.2874300">
        <ele>0.0</ele>
      </trkpt>
      <trkpt lat="42.4161400" lon="9.2874000">
        <ele>0.0</ele>
      </trkpt>
      <trkpt lat="42.4163800" lon="9.2872600">
        <ele>0.0</ele>
      </trkpt>
      <trkpt lat="42.4165300" lon="9.2871800">
        <ele>0.0</ele>
      </trkpt>
      <trkpt lat="42.4165800" lon="9.2871600">
        <ele>0.0</ele>
      </trkpt>
      <trkpt lat="42.4168600" lon="9.2871200">
        <ele>0.0</ele>
      </trkpt>
      <trkpt lat="42.4170000" lon="9.2871200">
        <ele>0.0</ele>
      </trkpt>
      <trkpt lat="42.4173400" lon="9.2871700">
        <ele>0.0</ele>
      </trkpt>
      <trkpt lat="42.4176000" lon="9.2871900">
        <ele>0.0</ele>
      </trkpt>
      <trkpt lat="42.4177700" lon="9.2871700">
        <ele>0.0</ele>
      </trkpt>
      <trkpt lat="42.4179200" lon="9.2871300">
        <ele>0.0</ele>
      </trkpt>
      <trkpt lat="42.4181700" lon="9.2870300">
        <ele>0.0</ele>
      </trkpt>
      <trkpt lat="42.4183200" lon="9.2869700">
        <ele>0.0</ele>
      </trkpt>
      <trkpt lat="42.4183900" lon="9.2869900">
        <ele>0.0</ele>
      </trkpt>
      <trkpt lat="42.4187700" lon="9.2871600">
        <ele>0.0</ele>
      </trkpt>
      <trkpt lat="42.4190400" lon="9.2871800">
        <ele>0.0</ele>
      </trkpt>
      <trkpt lat="42.4191500" lon="9.2872000">
        <ele>0.0</ele>
      </trkpt>
      <trkpt lat="42.4192300" lon="9.2872600">
        <ele>0.0</ele>
      </trkpt>
      <trkpt lat="42.4193200" lon="9.2873300">
        <ele>0.0</ele>
      </trkpt>
      <trkpt lat="42.4193900" lon="9.2874000">
        <ele>0.0</ele>
      </trkpt>
      <trkpt lat="42.4195200" lon="9.2875900">
        <ele>0.0</ele>
      </trkpt>
      <trkpt lat="42.4195900" lon="9.2877800">
        <ele>0.0</ele>
      </trkpt>
      <trkpt lat="42.4196100" lon="9.2878600">
        <ele>0.0</ele>
      </trkpt>
      <trkpt lat="42.4196500" lon="9.2881000">
        <ele>0.0</ele>
      </trkpt>
      <trkpt lat="42.4196500" lon="9.2882500">
        <ele>0.0</ele>
      </trkpt>
      <trkpt lat="42.4195900" lon="9.2884800">
        <ele>0.0</ele>
      </trkpt>
      <trkpt lat="42.4195200" lon="9.2885700">
        <ele>0.0</ele>
      </trkpt>
      <trkpt lat="42.4194700" lon="9.2886500">
        <ele>0.0</ele>
      </trkpt>
      <trkpt lat="42.4193400" lon="9.2888000">
        <ele>0.0</ele>
      </trkpt>
      <trkpt lat="42.4191900" lon="9.2889400">
        <ele>0.0</ele>
      </trkpt>
      <trkpt lat="42.4190500" lon="9.2891000">
        <ele>0.0</ele>
      </trkpt>
      <trkpt lat="42.4188800" lon="9.2893400">
        <ele>0.0</ele>
      </trkpt>
      <trkpt lat="42.4188500" lon="9.2894100">
        <ele>0.0</ele>
      </trkpt>
      <trkpt lat="42.4188300" lon="9.2894400">
        <ele>0.0</ele>
      </trkpt>
      <trkpt lat="42.4188100" lon="9.2895400">
        <ele>0.0</ele>
      </trkpt>
      <trkpt lat="42.4188100" lon="9.2896100">
        <ele>0.0</ele>
      </trkpt>
      <trkpt lat="42.4188100" lon="9.2896800">
        <ele>0.0</ele>
      </trkpt>
      <trkpt lat="42.4188200" lon="9.2897700">
        <ele>0.0</ele>
      </trkpt>
      <trkpt lat="42.4189600" lon="9.2903300">
        <ele>0.0</ele>
      </trkpt>
      <trkpt lat="42.4190000" lon="9.2906000">
        <ele>0.0</ele>
      </trkpt>
      <trkpt lat="42.4190400" lon="9.2907700">
        <ele>0.0</ele>
      </trkpt>
      <trkpt lat="42.4190200" lon="9.2909400">
        <ele>0.0</ele>
      </trkpt>
      <trkpt lat="42.4189900" lon="9.2910300">
        <ele>0.0</ele>
      </trkpt>
      <trkpt lat="42.4183800" lon="9.2918700">
        <ele>0.0</ele>
      </trkpt>
      <trkpt lat="42.4181100" lon="9.2921600">
        <ele>0.0</ele>
      </trkpt>
      <trkpt lat="42.4179400" lon="9.2922400">
        <ele>0.0</ele>
      </trkpt>
      <trkpt lat="42.4179100" lon="9.2922600">
        <ele>0.0</ele>
      </trkpt>
      <trkpt lat="42.4177800" lon="9.2923500">
        <ele>0.0</ele>
      </trkpt>
      <trkpt lat="42.4175800" lon="9.2926300">
        <ele>0.0</ele>
      </trkpt>
      <trkpt lat="42.4175200" lon="9.2927400">
        <ele>0.0</ele>
      </trkpt>
      <trkpt lat="42.4174400" lon="9.2928800">
        <ele>0.0</ele>
      </trkpt>
      <trkpt lat="42.4173600" lon="9.2930500">
        <ele>0.0</ele>
      </trkpt>
      <trkpt lat="42.4173600" lon="9.2931100">
        <ele>0.0</ele>
      </trkpt>
      <trkpt lat="42.4174500" lon="9.2932500">
        <ele>0.0</ele>
      </trkpt>
      <trkpt lat="42.4178500" lon="9.2934800">
        <ele>0.0</ele>
      </trkpt>
      <trkpt lat="42.4179600" lon="9.2935800">
        <ele>0.0</ele>
      </trkpt>
      <trkpt lat="42.4182400" lon="9.2937700">
        <ele>0.0</ele>
      </trkpt>
      <trkpt lat="42.4183400" lon="9.2938200">
        <ele>0.0</ele>
      </trkpt>
      <trkpt lat="42.4187100" lon="9.2939100">
        <ele>0.0</ele>
      </trkpt>
      <trkpt lat="42.4189500" lon="9.2938900">
        <ele>0.0</ele>
      </trkpt>
      <trkpt lat="42.4192000" lon="9.2938500">
        <ele>0.0</ele>
      </trkpt>
      <trkpt lat="42.4194000" lon="9.2938500">
        <ele>0.0</ele>
      </trkpt>
      <trkpt lat="42.4194600" lon="9.2938700">
        <ele>0.0</ele>
      </trkpt>
      <trkpt lat="42.4195200" lon="9.2939200">
        <ele>0.0</ele>
      </trkpt>
      <trkpt lat="42.4195200" lon="9.2940600">
        <ele>0.0</ele>
      </trkpt>
      <trkpt lat="42.4194500" lon="9.2942700">
        <ele>0.0</ele>
      </trkpt>
      <trkpt lat="42.4193700" lon="9.2944300">
        <ele>0.0</ele>
      </trkpt>
      <trkpt lat="42.4192400" lon="9.2947200">
        <ele>0.0</ele>
      </trkpt>
      <trkpt lat="42.4190100" lon="9.2953900">
        <ele>0.0</ele>
      </trkpt>
      <trkpt lat="42.4187100" lon="9.2960600">
        <ele>0.0</ele>
      </trkpt>
      <trkpt lat="42.4182900" lon="9.2967100">
        <ele>0.0</ele>
      </trkpt>
      <trkpt lat="42.4182100" lon="9.2968700">
        <ele>0.0</ele>
      </trkpt>
      <trkpt lat="42.4181300" lon="9.2970700">
        <ele>0.0</ele>
      </trkpt>
      <trkpt lat="42.4181200" lon="9.2972100">
        <ele>0.0</ele>
      </trkpt>
      <trkpt lat="42.4181500" lon="9.2972900">
        <ele>0.0</ele>
      </trkpt>
      <trkpt lat="42.4183700" lon="9.2975300">
        <ele>0.0</ele>
      </trkpt>
      <trkpt lat="42.4184300" lon="9.2976700">
        <ele>0.0</ele>
      </trkpt>
      <trkpt lat="42.4184600" lon="9.2982200">
        <ele>0.0</ele>
      </trkpt>
      <trkpt lat="42.4185200" lon="9.2987200">
        <ele>0.0</ele>
      </trkpt>
      <trkpt lat="42.4185300" lon="9.2989300">
        <ele>0.0</ele>
      </trkpt>
      <trkpt lat="42.4185900" lon="9.2991700">
        <ele>0.0</ele>
      </trkpt>
      <trkpt lat="42.4187100" lon="9.2994400">
        <ele>0.0</ele>
      </trkpt>
      <trkpt lat="42.4188000" lon="9.2995600">
        <ele>0.0</ele>
      </trkpt>
      <trkpt lat="42.4189300" lon="9.2996900">
        <ele>0.0</ele>
      </trkpt>
      <trkpt lat="42.4190000" lon="9.2997800">
        <ele>0.0</ele>
      </trkpt>
      <trkpt lat="42.4190500" lon="9.2998200">
        <ele>0.0</ele>
      </trkpt>
      <trkpt lat="42.4191200" lon="9.2998600">
        <ele>0.0</ele>
      </trkpt>
      <trkpt lat="42.4191500" lon="9.2998600">
        <ele>0.0</ele>
      </trkpt>
      <trkpt lat="42.4191900" lon="9.2998700">
        <ele>0.0</ele>
      </trkpt>
      <trkpt lat="42.4192500" lon="9.2998500">
        <ele>0.0</ele>
      </trkpt>
      <trkpt lat="42.4193200" lon="9.2997600">
        <ele>0.0</ele>
      </trkpt>
      <trkpt lat="42.4194400" lon="9.2994400">
        <ele>0.0</ele>
      </trkpt>
      <trkpt lat="42.4194600" lon="9.2992800">
        <ele>0.0</ele>
      </trkpt>
      <trkpt lat="42.4194600" lon="9.2988900">
        <ele>0.0</ele>
      </trkpt>
      <trkpt lat="42.4195100" lon="9.2986200">
        <ele>0.0</ele>
      </trkpt>
      <trkpt lat="42.4195700" lon="9.2984700">
        <ele>0.0</ele>
      </trkpt>
      <trkpt lat="42.4196300" lon="9.2983800">
        <ele>0.0</ele>
      </trkpt>
      <trkpt lat="42.4196800" lon="9.2983400">
        <ele>0.0</ele>
      </trkpt>
      <trkpt lat="42.4198300" lon="9.2982700">
        <ele>0.0</ele>
      </trkpt>
      <trkpt lat="42.4200700" lon="9.2982200">
        <ele>0.0</ele>
      </trkpt>
      <trkpt lat="42.4201800" lon="9.2982500">
        <ele>0.0</ele>
      </trkpt>
      <trkpt lat="42.4202700" lon="9.2982900">
        <ele>0.0</ele>
      </trkpt>
      <trkpt lat="42.4204300" lon="9.2984100">
        <ele>0.0</ele>
      </trkpt>
      <trkpt lat="42.4206200" lon="9.2985900">
        <ele>0.0</ele>
      </trkpt>
      <trkpt lat="42.4207300" lon="9.2986400">
        <ele>0.0</ele>
      </trkpt>
      <trkpt lat="42.4208500" lon="9.2986800">
        <ele>0.0</ele>
      </trkpt>
      <trkpt lat="42.4209300" lon="9.2986900">
        <ele>0.0</ele>
      </trkpt>
      <trkpt lat="42.4209800" lon="9.2986700">
        <ele>0.0</ele>
      </trkpt>
      <trkpt lat="42.4210200" lon="9.2986200">
        <ele>0.0</ele>
      </trkpt>
      <trkpt lat="42.4210300" lon="9.2985400">
        <ele>0.0</ele>
      </trkpt>
      <trkpt lat="42.4210300" lon="9.2984300">
        <ele>0.0</ele>
      </trkpt>
      <trkpt lat="42.4210000" lon="9.2982500">
        <ele>0.0</ele>
      </trkpt>
      <trkpt lat="42.4209900" lon="9.2979700">
        <ele>0.0</ele>
      </trkpt>
      <trkpt lat="42.4210100" lon="9.2978400">
        <ele>0.0</ele>
      </trkpt>
      <trkpt lat="42.4210500" lon="9.2976600">
        <ele>0.0</ele>
      </trkpt>
      <trkpt lat="42.4211100" lon="9.2975300">
        <ele>0.0</ele>
      </trkpt>
      <trkpt lat="42.4211900" lon="9.2974200">
        <ele>0.0</ele>
      </trkpt>
      <trkpt lat="42.4212900" lon="9.2973300">
        <ele>0.0</ele>
      </trkpt>
      <trkpt lat="42.4214400" lon="9.2972400">
        <ele>0.0</ele>
      </trkpt>
      <trkpt lat="42.4216900" lon="9.2971300">
        <ele>0.0</ele>
      </trkpt>
      <trkpt lat="42.4217400" lon="9.2971100">
        <ele>0.0</ele>
      </trkpt>
      <trkpt lat="42.4217600" lon="9.2970900">
        <ele>0.0</ele>
      </trkpt>
      <trkpt lat="42.4218600" lon="9.2969000">
        <ele>0.0</ele>
      </trkpt>
      <trkpt lat="42.4220000" lon="9.2965600">
        <ele>0.0</ele>
      </trkpt>
      <trkpt lat="42.4220800" lon="9.2964400">
        <ele>0.0</ele>
      </trkpt>
      <trkpt lat="42.4221900" lon="9.2963200">
        <ele>0.0</ele>
      </trkpt>
      <trkpt lat="42.4223500" lon="9.2962300">
        <ele>0.0</ele>
      </trkpt>
      <trkpt lat="42.4224200" lon="9.2962100">
        <ele>0.0</ele>
      </trkpt>
      <trkpt lat="42.4224900" lon="9.2962200">
        <ele>0.0</ele>
      </trkpt>
      <trkpt lat="42.4228500" lon="9.2962500">
        <ele>0.0</ele>
      </trkpt>
      <trkpt lat="42.4229000" lon="9.2962400">
        <ele>0.0</ele>
      </trkpt>
      <trkpt lat="42.4229600" lon="9.2962200">
        <ele>0.0</ele>
      </trkpt>
      <trkpt lat="42.4230900" lon="9.2961200">
        <ele>0.0</ele>
      </trkpt>
      <trkpt lat="42.4232000" lon="9.2960600">
        <ele>0.0</ele>
      </trkpt>
      <trkpt lat="42.4232400" lon="9.2960500">
        <ele>0.0</ele>
      </trkpt>
      <trkpt lat="42.4232800" lon="9.2960500">
        <ele>0.0</ele>
      </trkpt>
      <trkpt lat="42.4233000" lon="9.2960600">
        <ele>0.0</ele>
      </trkpt>
      <trkpt lat="42.4233200" lon="9.2960800">
        <ele>0.0</ele>
      </trkpt>
      <trkpt lat="42.4233500" lon="9.2961200">
        <ele>0.0</ele>
      </trkpt>
      <trkpt lat="42.4233700" lon="9.2961900">
        <ele>0.0</ele>
      </trkpt>
      <trkpt lat="42.4234300" lon="9.2965200">
        <ele>0.0</ele>
      </trkpt>
      <trkpt lat="42.4235700" lon="9.2971700">
        <ele>0.0</ele>
      </trkpt>
      <trkpt lat="42.4236300" lon="9.2972900">
        <ele>0.0</ele>
      </trkpt>
      <trkpt lat="42.4236600" lon="9.2973300">
        <ele>0.0</ele>
      </trkpt>
      <trkpt lat="42.4236900" lon="9.2973400">
        <ele>0.0</ele>
      </trkpt>
      <trkpt lat="42.4237200" lon="9.2973500">
        <ele>0.0</ele>
      </trkpt>
      <trkpt lat="42.4238100" lon="9.2973600">
        <ele>0.0</ele>
      </trkpt>
      <trkpt lat="42.4238500" lon="9.2973500">
        <ele>0.0</ele>
      </trkpt>
      <trkpt lat="42.4238900" lon="9.2973400">
        <ele>0.0</ele>
      </trkpt>
      <trkpt lat="42.4239200" lon="9.2973200">
        <ele>0.0</ele>
      </trkpt>
      <trkpt lat="42.4242200" lon="9.2970900">
        <ele>0.0</ele>
      </trkpt>
      <trkpt lat="42.4243500" lon="9.2970200">
        <ele>0.0</ele>
      </trkpt>
      <trkpt lat="42.4244000" lon="9.2970200">
        <ele>0.0</ele>
      </trkpt>
      <trkpt lat="42.4244500" lon="9.2970200">
        <ele>0.0</ele>
      </trkpt>
      <trkpt lat="42.4244800" lon="9.2970400">
        <ele>0.0</ele>
      </trkpt>
      <trkpt lat="42.4245700" lon="9.2971400">
        <ele>0.0</ele>
      </trkpt>
      <trkpt lat="42.4247300" lon="9.2972900">
        <ele>0.0</ele>
      </trkpt>
      <trkpt lat="42.4247800" lon="9.2973400">
        <ele>0.0</ele>
      </trkpt>
      <trkpt lat="42.4248200" lon="9.2973600">
        <ele>0.0</ele>
      </trkpt>
      <trkpt lat="42.4249600" lon="9.2974500">
        <ele>0.0</ele>
      </trkpt>
      <trkpt lat="42.4250000" lon="9.2974800">
        <ele>0.0</ele>
      </trkpt>
      <trkpt lat="42.4250400" lon="9.2975200">
        <ele>0.0</ele>
      </trkpt>
      <trkpt lat="42.4250700" lon="9.2975700">
        <ele>0.0</ele>
      </trkpt>
      <trkpt lat="42.4250900" lon="9.2976000">
        <ele>0.0</ele>
      </trkpt>
      <trkpt lat="42.4251100" lon="9.2976500">
        <ele>0.0</ele>
      </trkpt>
      <trkpt lat="42.4251100" lon="9.2977100">
        <ele>0.0</ele>
      </trkpt>
      <trkpt lat="42.4251100" lon="9.2978300">
        <ele>0.0</ele>
      </trkpt>
      <trkpt lat="42.4250600" lon="9.2979900">
        <ele>0.0</ele>
      </trkpt>
      <trkpt lat="42.4249500" lon="9.2985900">
        <ele>0.0</ele>
      </trkpt>
      <trkpt lat="42.4249000" lon="9.2988500">
        <ele>0.0</ele>
      </trkpt>
      <trkpt lat="42.4247100" lon="9.2993500">
        <ele>0.0</ele>
      </trkpt>
      <trkpt lat="42.4245800" lon="9.2996500">
        <ele>0.0</ele>
      </trkpt>
      <trkpt lat="42.4245400" lon="9.2998100">
        <ele>0.0</ele>
      </trkpt>
      <trkpt lat="42.4245100" lon="9.3001500">
        <ele>0.0</ele>
      </trkpt>
      <trkpt lat="42.4245200" lon="9.3004000">
        <ele>0.0</ele>
      </trkpt>
      <trkpt lat="42.4245600" lon="9.3006900">
        <ele>0.0</ele>
      </trkpt>
      <trkpt lat="42.4246700" lon="9.3010600">
        <ele>0.0</ele>
      </trkpt>
      <trkpt lat="42.4247400" lon="9.3012500">
        <ele>0.0</ele>
      </trkpt>
      <trkpt lat="42.4247800" lon="9.3013900">
        <ele>0.0</ele>
      </trkpt>
      <trkpt lat="42.4248500" lon="9.3018900">
        <ele>0.0</ele>
      </trkpt>
      <trkpt lat="42.4249300" lon="9.3020200">
        <ele>0.0</ele>
      </trkpt>
      <trkpt lat="42.4251900" lon="9.3022300">
        <ele>0.0</ele>
      </trkpt>
      <trkpt lat="42.4252900" lon="9.3023000">
        <ele>0.0</ele>
      </trkpt>
      <trkpt lat="42.4254300" lon="9.3024700">
        <ele>0.0</ele>
      </trkpt>
      <trkpt lat="42.4255600" lon="9.3026300">
        <ele>0.0</ele>
      </trkpt>
      <trkpt lat="42.4256900" lon="9.3027400">
        <ele>0.0</ele>
      </trkpt>
      <trkpt lat="42.4257200" lon="9.3027600">
        <ele>0.0</ele>
      </trkpt>
      <trkpt lat="42.4259100" lon="9.3028200">
        <ele>0.0</ele>
      </trkpt>
      <trkpt lat="42.4262500" lon="9.3028200">
        <ele>0.0</ele>
      </trkpt>
      <trkpt lat="42.4265500" lon="9.3027200">
        <ele>0.0</ele>
      </trkpt>
      <trkpt lat="42.4266900" lon="9.3027200">
        <ele>0.0</ele>
      </trkpt>
      <trkpt lat="42.4267900" lon="9.3027500">
        <ele>0.0</ele>
      </trkpt>
      <trkpt lat="42.4268500" lon="9.3027800">
        <ele>0.0</ele>
      </trkpt>
      <trkpt lat="42.4269600" lon="9.3028800">
        <ele>0.0</ele>
      </trkpt>
      <trkpt lat="42.4270900" lon="9.3031500">
        <ele>0.0</ele>
      </trkpt>
      <trkpt lat="42.4272300" lon="9.3034800">
        <ele>0.0</ele>
      </trkpt>
      <trkpt lat="42.4272600" lon="9.3037700">
        <ele>0.0</ele>
      </trkpt>
      <trkpt lat="42.4273400" lon="9.3040400">
        <ele>0.0</ele>
      </trkpt>
      <trkpt lat="42.4274000" lon="9.3041800">
        <ele>0.0</ele>
      </trkpt>
      <trkpt lat="42.4274800" lon="9.3042900">
        <ele>0.0</ele>
      </trkpt>
      <trkpt lat="42.4276100" lon="9.3044000">
        <ele>0.0</ele>
      </trkpt>
      <trkpt lat="42.4278400" lon="9.3045400">
        <ele>0.0</ele>
      </trkpt>
      <trkpt lat="42.4280100" lon="9.3046200">
        <ele>0.0</ele>
      </trkpt>
      <trkpt lat="42.4285100" lon="9.3049300">
        <ele>0.0</ele>
      </trkpt>
      <trkpt lat="42.4287800" lon="9.3049600">
        <ele>0.0</ele>
      </trkpt>
      <trkpt lat="42.4291100" lon="9.3049800">
        <ele>0.0</ele>
      </trkpt>
      <trkpt lat="42.4292000" lon="9.3049700">
        <ele>0.0</ele>
      </trkpt>
      <trkpt lat="42.4296100" lon="9.3049500">
        <ele>0.0</ele>
      </trkpt>
      <trkpt lat="42.4298000" lon="9.3049500">
        <ele>0.0</ele>
      </trkpt>
      <trkpt lat="42.4299200" lon="9.3049800">
        <ele>0.0</ele>
      </trkpt>
      <trkpt lat="42.4300300" lon="9.3050600">
        <ele>0.0</ele>
      </trkpt>
      <trkpt lat="42.4302300" lon="9.3052600">
        <ele>0.0</ele>
      </trkpt>
      <trkpt lat="42.4303000" lon="9.3054200">
        <ele>0.0</ele>
      </trkpt>
      <trkpt lat="42.4302900" lon="9.3055100">
        <ele>0.0</ele>
      </trkpt>
      <trkpt lat="42.4302900" lon="9.3056100">
        <ele>0.0</ele>
      </trkpt>
      <trkpt lat="42.4302500" lon="9.3058400">
        <ele>0.0</ele>
      </trkpt>
      <trkpt lat="42.4301600" lon="9.3060700">
        <ele>0.0</ele>
      </trkpt>
      <trkpt lat="42.4300400" lon="9.3062500">
        <ele>0.0</ele>
      </trkpt>
      <trkpt lat="42.4299000" lon="9.3063900">
        <ele>0.0</ele>
      </trkpt>
      <trkpt lat="42.4296000" lon="9.3066100">
        <ele>0.0</ele>
      </trkpt>
      <trkpt lat="42.4294500" lon="9.3066600">
        <ele>0.0</ele>
      </trkpt>
      <trkpt lat="42.4292000" lon="9.3067000">
        <ele>0.0</ele>
      </trkpt>
      <trkpt lat="42.4291700" lon="9.3067100">
        <ele>0.0</ele>
      </trkpt>
      <trkpt lat="42.4288100" lon="9.3068000">
        <ele>0.0</ele>
      </trkpt>
      <trkpt lat="42.4286000" lon="9.3069100">
        <ele>0.0</ele>
      </trkpt>
      <trkpt lat="42.4284000" lon="9.3070300">
        <ele>0.0</ele>
      </trkpt>
      <trkpt lat="42.4281600" lon="9.3072500">
        <ele>0.0</ele>
      </trkpt>
      <trkpt lat="42.4278000" lon="9.3074600">
        <ele>0.0</ele>
      </trkpt>
      <trkpt lat="42.4275000" lon="9.3076800">
        <ele>0.0</ele>
      </trkpt>
      <trkpt lat="42.4273100" lon="9.3077900">
        <ele>0.0</ele>
      </trkpt>
      <trkpt lat="42.4271400" lon="9.3078600">
        <ele>0.0</ele>
      </trkpt>
      <trkpt lat="42.4270300" lon="9.3079100">
        <ele>0.0</ele>
      </trkpt>
      <trkpt lat="42.4269700" lon="9.3079900">
        <ele>0.0</ele>
      </trkpt>
      <trkpt lat="42.4269200" lon="9.3080800">
        <ele>0.0</ele>
      </trkpt>
      <trkpt lat="42.4269000" lon="9.3082800">
        <ele>0.0</ele>
      </trkpt>
      <trkpt lat="42.4269200" lon="9.3084800">
        <ele>0.0</ele>
      </trkpt>
      <trkpt lat="42.4269400" lon="9.3086000">
        <ele>0.0</ele>
      </trkpt>
      <trkpt lat="42.4270800" lon="9.3091600">
        <ele>0.0</ele>
      </trkpt>
      <trkpt lat="42.4271400" lon="9.3093400">
        <ele>0.0</ele>
      </trkpt>
      <trkpt lat="42.4271800" lon="9.3094200">
        <ele>0.0</ele>
      </trkpt>
      <trkpt lat="42.4272400" lon="9.3094900">
        <ele>0.0</ele>
      </trkpt>
      <trkpt lat="42.4273100" lon="9.3095600">
        <ele>0.0</ele>
      </trkpt>
      <trkpt lat="42.4276000" lon="9.3097100">
        <ele>0.0</ele>
      </trkpt>
      <trkpt lat="42.4277200" lon="9.3097500">
        <ele>0.0</ele>
      </trkpt>
      <trkpt lat="42.4278100" lon="9.3098100">
        <ele>0.0</ele>
      </trkpt>
      <trkpt lat="42.4278700" lon="9.3098700">
        <ele>0.0</ele>
      </trkpt>
      <trkpt lat="42.4279300" lon="9.3099500">
        <ele>0.0</ele>
      </trkpt>
      <trkpt lat="42.4279700" lon="9.3100300">
        <ele>0.0</ele>
      </trkpt>
      <trkpt lat="42.4281300" lon="9.3104400">
        <ele>0.0</ele>
      </trkpt>
      <trkpt lat="42.4281700" lon="9.3105000">
        <ele>0.0</ele>
      </trkpt>
      <trkpt lat="42.4282500" lon="9.3106400">
        <ele>0.0</ele>
      </trkpt>
      <trkpt lat="42.4283000" lon="9.3108000">
        <ele>0.0</ele>
      </trkpt>
      <trkpt lat="42.4283400" lon="9.3110600">
        <ele>0.0</ele>
      </trkpt>
      <trkpt lat="42.4283500" lon="9.3118800">
        <ele>0.0</ele>
      </trkpt>
      <trkpt lat="42.4283200" lon="9.3122900">
        <ele>0.0</ele>
      </trkpt>
      <trkpt lat="42.4282800" lon="9.3125000">
        <ele>0.0</ele>
      </trkpt>
      <trkpt lat="42.4282700" lon="9.3126700">
        <ele>0.0</ele>
      </trkpt>
      <trkpt lat="42.4282800" lon="9.3128100">
        <ele>0.0</ele>
      </trkpt>
      <trkpt lat="42.4283100" lon="9.3129700">
        <ele>0.0</ele>
      </trkpt>
      <trkpt lat="42.4283700" lon="9.3130900">
        <ele>0.0</ele>
      </trkpt>
      <trkpt lat="42.4284300" lon="9.3131600">
        <ele>0.0</ele>
      </trkpt>
      <trkpt lat="42.4284800" lon="9.3132000">
        <ele>0.0</ele>
      </trkpt>
      <trkpt lat="42.4285100" lon="9.3132100">
        <ele>0.0</ele>
      </trkpt>
      <trkpt lat="42.4286200" lon="9.3132200">
        <ele>0.0</ele>
      </trkpt>
      <trkpt lat="42.4286700" lon="9.3132100">
        <ele>0.0</ele>
      </trkpt>
      <trkpt lat="42.4287300" lon="9.3132100">
        <ele>0.0</ele>
      </trkpt>
      <trkpt lat="42.4287700" lon="9.3131900">
        <ele>0.0</ele>
      </trkpt>
      <trkpt lat="42.4287900" lon="9.3131800">
        <ele>0.0</ele>
      </trkpt>
      <trkpt lat="42.4288100" lon="9.3131500">
        <ele>0.0</ele>
      </trkpt>
      <trkpt lat="42.4288300" lon="9.3131100">
        <ele>0.0</ele>
      </trkpt>
      <trkpt lat="42.4288700" lon="9.3130000">
        <ele>0.0</ele>
      </trkpt>
      <trkpt lat="42.4289200" lon="9.3128000">
        <ele>0.0</ele>
      </trkpt>
      <trkpt lat="42.4289900" lon="9.3124700">
        <ele>0.0</ele>
      </trkpt>
      <trkpt lat="42.4290200" lon="9.3122700">
        <ele>0.0</ele>
      </trkpt>
      <trkpt lat="42.4290400" lon="9.3117700">
        <ele>0.0</ele>
      </trkpt>
      <trkpt lat="42.4290900" lon="9.3115200">
        <ele>0.0</ele>
      </trkpt>
      <trkpt lat="42.4291600" lon="9.3113100">
        <ele>0.0</ele>
      </trkpt>
      <trkpt lat="42.4292000" lon="9.3112100">
        <ele>0.0</ele>
      </trkpt>
      <trkpt lat="42.4294800" lon="9.3105800">
        <ele>0.0</ele>
      </trkpt>
      <trkpt lat="42.4295900" lon="9.3102600">
        <ele>0.0</ele>
      </trkpt>
      <trkpt lat="42.4296900" lon="9.3100700">
        <ele>0.0</ele>
      </trkpt>
      <trkpt lat="42.4297300" lon="9.3100200">
        <ele>0.0</ele>
      </trkpt>
      <trkpt lat="42.4298100" lon="9.3099800">
        <ele>0.0</ele>
      </trkpt>
      <trkpt lat="42.4298600" lon="9.3099700">
        <ele>0.0</ele>
      </trkpt>
      <trkpt lat="42.4298900" lon="9.3099700">
        <ele>0.0</ele>
      </trkpt>
      <trkpt lat="42.4301400" lon="9.3100000">
        <ele>0.0</ele>
      </trkpt>
      <trkpt lat="42.4304400" lon="9.3100800">
        <ele>0.0</ele>
      </trkpt>
      <trkpt lat="42.4307300" lon="9.3101900">
        <ele>0.0</ele>
      </trkpt>
      <trkpt lat="42.4308400" lon="9.3102500">
        <ele>0.0</ele>
      </trkpt>
      <trkpt lat="42.4309100" lon="9.3103500">
        <ele>0.0</ele>
      </trkpt>
      <trkpt lat="42.4310700" lon="9.3106200">
        <ele>0.0</ele>
      </trkpt>
      <trkpt lat="42.4313000" lon="9.3109800">
        <ele>0.0</ele>
      </trkpt>
      <trkpt lat="42.4314500" lon="9.3111600">
        <ele>0.0</ele>
      </trkpt>
      <trkpt lat="42.4315200" lon="9.3112000">
        <ele>0.0</ele>
      </trkpt>
      <trkpt lat="42.4315900" lon="9.3112100">
        <ele>0.0</ele>
      </trkpt>
      <trkpt lat="42.4316400" lon="9.3112100">
        <ele>0.0</ele>
      </trkpt>
      <trkpt lat="42.4317100" lon="9.3111800">
        <ele>0.0</ele>
      </trkpt>
      <trkpt lat="42.4318200" lon="9.3111100">
        <ele>0.0</ele>
      </trkpt>
      <trkpt lat="42.4320900" lon="9.3107800">
        <ele>0.0</ele>
      </trkpt>
      <trkpt lat="42.4321600" lon="9.3107100">
        <ele>0.0</ele>
      </trkpt>
      <trkpt lat="42.4322200" lon="9.3106800">
        <ele>0.0</ele>
      </trkpt>
      <trkpt lat="42.4326900" lon="9.3106800">
        <ele>0.0</ele>
      </trkpt>
      <trkpt lat="42.4329100" lon="9.3106400">
        <ele>0.0</ele>
      </trkpt>
      <trkpt lat="42.4329700" lon="9.3106000">
        <ele>0.0</ele>
      </trkpt>
      <trkpt lat="42.4330200" lon="9.3105300">
        <ele>0.0</ele>
      </trkpt>
      <trkpt lat="42.4330800" lon="9.3104500">
        <ele>0.0</ele>
      </trkpt>
      <trkpt lat="42.4331200" lon="9.3103600">
        <ele>0.0</ele>
      </trkpt>
      <trkpt lat="42.4331500" lon="9.3102400">
        <ele>0.0</ele>
      </trkpt>
      <trkpt lat="42.4331500" lon="9.3101400">
        <ele>0.0</ele>
      </trkpt>
      <trkpt lat="42.4331200" lon="9.3097200">
        <ele>0.0</ele>
      </trkpt>
      <trkpt lat="42.4331200" lon="9.3096500">
        <ele>0.0</ele>
      </trkpt>
      <trkpt lat="42.4331300" lon="9.3096000">
        <ele>0.0</ele>
      </trkpt>
      <trkpt lat="42.4331600" lon="9.3095700">
        <ele>0.0</ele>
      </trkpt>
      <trkpt lat="42.4331900" lon="9.3095400">
        <ele>0.0</ele>
      </trkpt>
      <trkpt lat="42.4332200" lon="9.3095400">
        <ele>0.0</ele>
      </trkpt>
      <trkpt lat="42.4332600" lon="9.3095600">
        <ele>0.0</ele>
      </trkpt>
      <trkpt lat="42.4336300" lon="9.3097300">
        <ele>0.0</ele>
      </trkpt>
      <trkpt lat="42.4337200" lon="9.3097800">
        <ele>0.0</ele>
      </trkpt>
      <trkpt lat="42.4340900" lon="9.3099600">
        <ele>0.0</ele>
      </trkpt>
      <trkpt lat="42.4343700" lon="9.3100900">
        <ele>0.0</ele>
      </trkpt>
      <trkpt lat="42.4345400" lon="9.3101100">
        <ele>0.0</ele>
      </trkpt>
      <trkpt lat="42.4345900" lon="9.3101100">
        <ele>0.0</ele>
      </trkpt>
      <trkpt lat="42.4346300" lon="9.3100900">
        <ele>0.0</ele>
      </trkpt>
      <trkpt lat="42.4346800" lon="9.3100500">
        <ele>0.0</ele>
      </trkpt>
      <trkpt lat="42.4347200" lon="9.3100000">
        <ele>0.0</ele>
      </trkpt>
      <trkpt lat="42.4347500" lon="9.3099500">
        <ele>0.0</ele>
      </trkpt>
      <trkpt lat="42.4347900" lon="9.3098500">
        <ele>0.0</ele>
      </trkpt>
      <trkpt lat="42.4348200" lon="9.3097800">
        <ele>0.0</ele>
      </trkpt>
      <trkpt lat="42.4348500" lon="9.3096600">
        <ele>0.0</ele>
      </trkpt>
      <trkpt lat="42.4348800" lon="9.3093800">
        <ele>0.0</ele>
      </trkpt>
      <trkpt lat="42.4348500" lon="9.3087900">
        <ele>0.0</ele>
      </trkpt>
      <trkpt lat="42.4348600" lon="9.3087200">
        <ele>0.0</ele>
      </trkpt>
      <trkpt lat="42.4348800" lon="9.3086400">
        <ele>0.0</ele>
      </trkpt>
      <trkpt lat="42.4349000" lon="9.3085900">
        <ele>0.0</ele>
      </trkpt>
      <trkpt lat="42.4349300" lon="9.3085300">
        <ele>0.0</ele>
      </trkpt>
      <trkpt lat="42.4349600" lon="9.3084900">
        <ele>0.0</ele>
      </trkpt>
      <trkpt lat="42.4349900" lon="9.3084600">
        <ele>0.0</ele>
      </trkpt>
      <trkpt lat="42.4350500" lon="9.3084200">
        <ele>0.0</ele>
      </trkpt>
      <trkpt lat="42.4351300" lon="9.3083900">
        <ele>0.0</ele>
      </trkpt>
      <trkpt lat="42.4353800" lon="9.3083000">
        <ele>0.0</ele>
      </trkpt>
      <trkpt lat="42.4354800" lon="9.3082600">
        <ele>0.0</ele>
      </trkpt>
      <trkpt lat="42.4356900" lon="9.3082300">
        <ele>0.0</ele>
      </trkpt>
      <trkpt lat="42.4358400" lon="9.3082600">
        <ele>0.0</ele>
      </trkpt>
      <trkpt lat="42.4360100" lon="9.3083400">
        <ele>0.0</ele>
      </trkpt>
      <trkpt lat="42.4361500" lon="9.3084500">
        <ele>0.0</ele>
      </trkpt>
      <trkpt lat="42.4362900" lon="9.3085900">
        <ele>0.0</ele>
      </trkpt>
      <trkpt lat="42.4363800" lon="9.3086600">
        <ele>0.0</ele>
      </trkpt>
      <trkpt lat="42.4365200" lon="9.3087200">
        <ele>0.0</ele>
      </trkpt>
      <trkpt lat="42.4365900" lon="9.3087000">
        <ele>0.0</ele>
      </trkpt>
      <trkpt lat="42.4366300" lon="9.3086900">
        <ele>0.0</ele>
      </trkpt>
      <trkpt lat="42.4366700" lon="9.3086400">
        <ele>0.0</ele>
      </trkpt>
      <trkpt lat="42.4366900" lon="9.3086200">
        <ele>0.0</ele>
      </trkpt>
      <trkpt lat="42.4367000" lon="9.3085700">
        <ele>0.0</ele>
      </trkpt>
      <trkpt lat="42.4367200" lon="9.3084900">
        <ele>0.0</ele>
      </trkpt>
      <trkpt lat="42.4367000" lon="9.3083100">
        <ele>0.0</ele>
      </trkpt>
      <trkpt lat="42.4366300" lon="9.3079800">
        <ele>0.0</ele>
      </trkpt>
      <trkpt lat="42.4366300" lon="9.3079000">
        <ele>0.0</ele>
      </trkpt>
      <trkpt lat="42.4366600" lon="9.3078000">
        <ele>0.0</ele>
      </trkpt>
      <trkpt lat="42.4367000" lon="9.3077100">
        <ele>0.0</ele>
      </trkpt>
      <trkpt lat="42.4367700" lon="9.3076400">
        <ele>0.0</ele>
      </trkpt>
      <trkpt lat="42.4368600" lon="9.3076000">
        <ele>0.0</ele>
      </trkpt>
      <trkpt lat="42.4370100" lon="9.3075800">
        <ele>0.0</ele>
      </trkpt>
      <trkpt lat="42.4372300" lon="9.3075700">
        <ele>0.0</ele>
      </trkpt>
      <trkpt lat="42.4374000" lon="9.3075700">
        <ele>0.0</ele>
      </trkpt>
      <trkpt lat="42.4375300" lon="9.3076000">
        <ele>0.0</ele>
      </trkpt>
      <trkpt lat="42.4377400" lon="9.3076900">
        <ele>0.0</ele>
      </trkpt>
      <trkpt lat="42.4378700" lon="9.3077700">
        <ele>0.0</ele>
      </trkpt>
      <trkpt lat="42.4380200" lon="9.3078700">
        <ele>0.0</ele>
      </trkpt>
      <trkpt lat="42.4380500" lon="9.3078900">
        <ele>0.0</ele>
      </trkpt>
      <trkpt lat="42.4381000" lon="9.3079000">
        <ele>0.0</ele>
      </trkpt>
      <trkpt lat="42.4381300" lon="9.3079000">
        <ele>0.0</ele>
      </trkpt>
      <trkpt lat="42.4381600" lon="9.3078900">
        <ele>0.0</ele>
      </trkpt>
      <trkpt lat="42.4381900" lon="9.3078700">
        <ele>0.0</ele>
      </trkpt>
      <trkpt lat="42.4382100" lon="9.3078400">
        <ele>0.0</ele>
      </trkpt>
      <trkpt lat="42.4382400" lon="9.3077600">
        <ele>0.0</ele>
      </trkpt>
      <trkpt lat="42.4382500" lon="9.3077000">
        <ele>0.0</ele>
      </trkpt>
      <trkpt lat="42.4382500" lon="9.3076200">
        <ele>0.0</ele>
      </trkpt>
      <trkpt lat="42.4382400" lon="9.3074900">
        <ele>0.0</ele>
      </trkpt>
      <trkpt lat="42.4381300" lon="9.3069400">
        <ele>0.0</ele>
      </trkpt>
      <trkpt lat="42.4380200" lon="9.3067300">
        <ele>0.0</ele>
      </trkpt>
      <trkpt lat="42.4378800" lon="9.3065100">
        <ele>0.0</ele>
      </trkpt>
      <trkpt lat="42.4377300" lon="9.3063400">
        <ele>0.0</ele>
      </trkpt>
      <trkpt lat="42.4373800" lon="9.3058700">
        <ele>0.0</ele>
      </trkpt>
      <trkpt lat="42.4372200" lon="9.3056900">
        <ele>0.0</ele>
      </trkpt>
      <trkpt lat="42.4371200" lon="9.3054900">
        <ele>0.0</ele>
      </trkpt>
      <trkpt lat="42.4370800" lon="9.3053400">
        <ele>0.0</ele>
      </trkpt>
      <trkpt lat="42.4370700" lon="9.3051700">
        <ele>0.0</ele>
      </trkpt>
      <trkpt lat="42.4369800" lon="9.3044900">
        <ele>0.0</ele>
      </trkpt>
      <trkpt lat="42.4369000" lon="9.3040500">
        <ele>0.0</ele>
      </trkpt>
      <trkpt lat="42.4368700" lon="9.3037800">
        <ele>0.0</ele>
      </trkpt>
      <trkpt lat="42.4368000" lon="9.3035600">
        <ele>0.0</ele>
      </trkpt>
      <trkpt lat="42.4367600" lon="9.3034700">
        <ele>0.0</ele>
      </trkpt>
      <trkpt lat="42.4363800" lon="9.3030100">
        <ele>0.0</ele>
      </trkpt>
      <trkpt lat="42.4362600" lon="9.3028400">
        <ele>0.0</ele>
      </trkpt>
      <trkpt lat="42.4362300" lon="9.3027800">
        <ele>0.0</ele>
      </trkpt>
      <trkpt lat="42.4361700" lon="9.3026500">
        <ele>0.0</ele>
      </trkpt>
      <trkpt lat="42.4361200" lon="9.3024500">
        <ele>0.0</ele>
      </trkpt>
      <trkpt lat="42.4360300" lon="9.3022200">
        <ele>0.0</ele>
      </trkpt>
      <trkpt lat="42.4359900" lon="9.3021600">
        <ele>0.0</ele>
      </trkpt>
      <trkpt lat="42.4359600" lon="9.3021200">
        <ele>0.0</ele>
      </trkpt>
      <trkpt lat="42.4359200" lon="9.3020800">
        <ele>0.0</ele>
      </trkpt>
      <trkpt lat="42.4358000" lon="9.3020300">
        <ele>0.0</ele>
      </trkpt>
      <trkpt lat="42.4356700" lon="9.3019900">
        <ele>0.0</ele>
      </trkpt>
      <trkpt lat="42.4354800" lon="9.3019100">
        <ele>0.0</ele>
      </trkpt>
      <trkpt lat="42.4354100" lon="9.3018700">
        <ele>0.0</ele>
      </trkpt>
      <trkpt lat="42.4353700" lon="9.3018300">
        <ele>0.0</ele>
      </trkpt>
      <trkpt lat="42.4353400" lon="9.3017600">
        <ele>0.0</ele>
      </trkpt>
      <trkpt lat="42.4353000" lon="9.3017100">
        <ele>0.0</ele>
      </trkpt>
      <trkpt lat="42.4352500" lon="9.3016200">
        <ele>0.0</ele>
      </trkpt>
      <trkpt lat="42.4352300" lon="9.3015900">
        <ele>0.0</ele>
      </trkpt>
      <trkpt lat="42.4351800" lon="9.3014700">
        <ele>0.0</ele>
      </trkpt>
      <trkpt lat="42.4351400" lon="9.3013200">
        <ele>0.0</ele>
      </trkpt>
      <trkpt lat="42.4351100" lon="9.3011100">
        <ele>0.0</ele>
      </trkpt>
      <trkpt lat="42.4350900" lon="9.3002600">
        <ele>0.0</ele>
      </trkpt>
      <trkpt lat="42.4351000" lon="9.3000200">
        <ele>0.0</ele>
      </trkpt>
      <trkpt lat="42.4351900" lon="9.2995500">
        <ele>0.0</ele>
      </trkpt>
      <trkpt lat="42.4352000" lon="9.2993700">
        <ele>0.0</ele>
      </trkpt>
      <trkpt lat="42.4352000" lon="9.2992200">
        <ele>0.0</ele>
      </trkpt>
      <trkpt lat="42.4351600" lon="9.2989300">
        <ele>0.0</ele>
      </trkpt>
      <trkpt lat="42.4350300" lon="9.2979600">
        <ele>0.0</ele>
      </trkpt>
      <trkpt lat="42.4350000" lon="9.2974800">
        <ele>0.0</ele>
      </trkpt>
      <trkpt lat="42.4349600" lon="9.2973400">
        <ele>0.0</ele>
      </trkpt>
      <trkpt lat="42.4349100" lon="9.2972500">
        <ele>0.0</ele>
      </trkpt>
      <trkpt lat="42.4348500" lon="9.2971700">
        <ele>0.0</ele>
      </trkpt>
      <trkpt lat="42.4347900" lon="9.2971200">
        <ele>0.0</ele>
      </trkpt>
      <trkpt lat="42.4347400" lon="9.2970700">
        <ele>0.0</ele>
      </trkpt>
      <trkpt lat="42.4346300" lon="9.2970000">
        <ele>0.0</ele>
      </trkpt>
      <trkpt lat="42.4342800" lon="9.2969000">
        <ele>0.0</ele>
      </trkpt>
      <trkpt lat="42.4340100" lon="9.2968200">
        <ele>0.0</ele>
      </trkpt>
      <trkpt lat="42.4339500" lon="9.2967900">
        <ele>0.0</ele>
      </trkpt>
      <trkpt lat="42.4339000" lon="9.2967200">
        <ele>0.0</ele>
      </trkpt>
      <trkpt lat="42.4338800" lon="9.2966700">
        <ele>0.0</ele>
      </trkpt>
      <trkpt lat="42.4338800" lon="9.2965900">
        <ele>0.0</ele>
      </trkpt>
      <trkpt lat="42.4338900" lon="9.2963100">
        <ele>0.0</ele>
      </trkpt>
      <trkpt lat="42.4338700" lon="9.2962300">
        <ele>0.0</ele>
      </trkpt>
      <trkpt lat="42.4338600" lon="9.2961600">
        <ele>0.0</ele>
      </trkpt>
      <trkpt lat="42.4338300" lon="9.2960300">
        <ele>0.0</ele>
      </trkpt>
      <trkpt lat="42.4336700" lon="9.2956400">
        <ele>0.0</ele>
      </trkpt>
      <trkpt lat="42.4336500" lon="9.2955100">
        <ele>0.0</ele>
      </trkpt>
      <trkpt lat="42.4336600" lon="9.2954000">
        <ele>0.0</ele>
      </trkpt>
      <trkpt lat="42.4336900" lon="9.2953000">
        <ele>0.0</ele>
      </trkpt>
      <trkpt lat="42.4338000" lon="9.2950900">
        <ele>0.0</ele>
      </trkpt>
      <trkpt lat="42.4341000" lon="9.2946500">
        <ele>0.0</ele>
      </trkpt>
      <trkpt lat="42.4341500" lon="9.2945600">
        <ele>0.0</ele>
      </trkpt>
      <trkpt lat="42.4341600" lon="9.2945000">
        <ele>0.0</ele>
      </trkpt>
      <trkpt lat="42.4341700" lon="9.2944300">
        <ele>0.0</ele>
      </trkpt>
      <trkpt lat="42.4341700" lon="9.2943200">
        <ele>0.0</ele>
      </trkpt>
      <trkpt lat="42.4341300" lon="9.2941600">
        <ele>0.0</ele>
      </trkpt>
      <trkpt lat="42.4340800" lon="9.2940300">
        <ele>0.0</ele>
      </trkpt>
      <trkpt lat="42.4340000" lon="9.2938400">
        <ele>0.0</ele>
      </trkpt>
      <trkpt lat="42.4338900" lon="9.2936600">
        <ele>0.0</ele>
      </trkpt>
      <trkpt lat="42.4336100" lon="9.2933600">
        <ele>0.0</ele>
      </trkpt>
      <trkpt lat="42.4333900" lon="9.2931800">
        <ele>0.0</ele>
      </trkpt>
      <trkpt lat="42.4333400" lon="9.2931200">
        <ele>0.0</ele>
      </trkpt>
      <trkpt lat="42.4331600" lon="9.2928300">
        <ele>0.0</ele>
      </trkpt>
      <trkpt lat="42.4331500" lon="9.2927800">
        <ele>0.0</ele>
      </trkpt>
      <trkpt lat="42.4331500" lon="9.2926800">
        <ele>0.0</ele>
      </trkpt>
      <trkpt lat="42.4332500" lon="9.2922400">
        <ele>0.0</ele>
      </trkpt>
      <trkpt lat="42.4332700" lon="9.2921900">
        <ele>0.0</ele>
      </trkpt>
      <trkpt lat="42.4333600" lon="9.2920900">
        <ele>0.0</ele>
      </trkpt>
      <trkpt lat="42.4333900" lon="9.2920300">
        <ele>0.0</ele>
      </trkpt>
      <trkpt lat="42.4334200" lon="9.2919800">
        <ele>0.0</ele>
      </trkpt>
      <trkpt lat="42.4334700" lon="9.2918500">
        <ele>0.0</ele>
      </trkpt>
      <trkpt lat="42.4335100" lon="9.2917000">
        <ele>0.0</ele>
      </trkpt>
      <trkpt lat="42.4335900" lon="9.2914600">
        <ele>0.0</ele>
      </trkpt>
      <trkpt lat="42.4336800" lon="9.2912900">
        <ele>0.0</ele>
      </trkpt>
      <trkpt lat="42.4338000" lon="9.2912200">
        <ele>0.0</ele>
      </trkpt>
      <trkpt lat="42.4339700" lon="9.2911700">
        <ele>0.0</ele>
      </trkpt>
      <trkpt lat="42.4346800" lon="9.2911500">
        <ele>0.0</ele>
      </trkpt>
      <trkpt lat="42.4348900" lon="9.2911200">
        <ele>0.0</ele>
      </trkpt>
      <trkpt lat="42.4350900" lon="9.2909700">
        <ele>0.0</ele>
      </trkpt>
      <trkpt lat="42.4351200" lon="9.2908700">
        <ele>0.0</ele>
      </trkpt>
      <trkpt lat="42.4351600" lon="9.2906600">
        <ele>0.0</ele>
      </trkpt>
      <trkpt lat="42.4351600" lon="9.2904000">
        <ele>0.0</ele>
      </trkpt>
      <trkpt lat="42.4351100" lon="9.2901500">
        <ele>0.0</ele>
      </trkpt>
      <trkpt lat="42.4349500" lon="9.2897100">
        <ele>0.0</ele>
      </trkpt>
      <trkpt lat="42.4349300" lon="9.2896000">
        <ele>0.0</ele>
      </trkpt>
      <trkpt lat="42.4349100" lon="9.2893500">
        <ele>0.0</ele>
      </trkpt>
      <trkpt lat="42.4349300" lon="9.2892400">
        <ele>0.0</ele>
      </trkpt>
      <trkpt lat="42.4350000" lon="9.2890400">
        <ele>0.0</ele>
      </trkpt>
      <trkpt lat="42.4350500" lon="9.2889600">
        <ele>0.0</ele>
      </trkpt>
      <trkpt lat="42.4351000" lon="9.2888800">
        <ele>0.0</ele>
      </trkpt>
      <trkpt lat="42.4353100" lon="9.2886400">
        <ele>0.0</ele>
      </trkpt>
      <trkpt lat="42.4355500" lon="9.2884300">
        <ele>0.0</ele>
      </trkpt>
      <trkpt lat="42.4357700" lon="9.2883000">
        <ele>0.0</ele>
      </trkpt>
      <trkpt lat="42.4360100" lon="9.2881900">
        <ele>0.0</ele>
      </trkpt>
      <trkpt lat="42.4362000" lon="9.2881200">
        <ele>0.0</ele>
      </trkpt>
      <trkpt lat="42.4362800" lon="9.2881200">
        <ele>0.0</ele>
      </trkpt>
      <trkpt lat="42.4364200" lon="9.2881500">
        <ele>0.0</ele>
      </trkpt>
      <trkpt lat="42.4365600" lon="9.2882300">
        <ele>0.0</ele>
      </trkpt>
      <trkpt lat="42.4367200" lon="9.2884100">
        <ele>0.0</ele>
      </trkpt>
      <trkpt lat="42.4368800" lon="9.2886700">
        <ele>0.0</ele>
      </trkpt>
      <trkpt lat="42.4372100" lon="9.2892800">
        <ele>0.0</ele>
      </trkpt>
      <trkpt lat="42.4373300" lon="9.2895800">
        <ele>0.0</ele>
      </trkpt>
      <trkpt lat="42.4373900" lon="9.2896900">
        <ele>0.0</ele>
      </trkpt>
      <trkpt lat="42.4374300" lon="9.2897600">
        <ele>0.0</ele>
      </trkpt>
      <trkpt lat="42.4374700" lon="9.2898200">
        <ele>0.0</ele>
      </trkpt>
      <trkpt lat="42.4375200" lon="9.2898400">
        <ele>0.0</ele>
      </trkpt>
      <trkpt lat="42.4375700" lon="9.2898400">
        <ele>0.0</ele>
      </trkpt>
      <trkpt lat="42.4376300" lon="9.2898200">
        <ele>0.0</ele>
      </trkpt>
      <trkpt lat="42.4376700" lon="9.2897700">
        <ele>0.0</ele>
      </trkpt>
      <trkpt lat="42.4377500" lon="9.2896100">
        <ele>0.0</ele>
      </trkpt>
      <trkpt lat="42.4377900" lon="9.2894700">
        <ele>0.0</ele>
      </trkpt>
      <trkpt lat="42.4378100" lon="9.2893300">
        <ele>0.0</ele>
      </trkpt>
      <trkpt lat="42.4378300" lon="9.2892200">
        <ele>0.0</ele>
      </trkpt>
      <trkpt lat="42.4378400" lon="9.2887800">
        <ele>0.0</ele>
      </trkpt>
      <trkpt lat="42.4378900" lon="9.2884900">
        <ele>0.0</ele>
      </trkpt>
      <trkpt lat="42.4379500" lon="9.2883000">
        <ele>0.0</ele>
      </trkpt>
      <trkpt lat="42.4380500" lon="9.2881000">
        <ele>0.0</ele>
      </trkpt>
      <trkpt lat="42.4381700" lon="9.2878600">
        <ele>0.0</ele>
      </trkpt>
      <trkpt lat="42.4382800" lon="9.2876900">
        <ele>0.0</ele>
      </trkpt>
      <trkpt lat="42.4384000" lon="9.2875700">
        <ele>0.0</ele>
      </trkpt>
      <trkpt lat="42.4384800" lon="9.2875000">
        <ele>0.0</ele>
      </trkpt>
      <trkpt lat="42.4386100" lon="9.2874200">
        <ele>0.0</ele>
      </trkpt>
      <trkpt lat="42.4386700" lon="9.2873900">
        <ele>0.0</ele>
      </trkpt>
      <trkpt lat="42.4388100" lon="9.2873400">
        <ele>0.0</ele>
      </trkpt>
      <trkpt lat="42.4392000" lon="9.2873000">
        <ele>0.0</ele>
      </trkpt>
      <trkpt lat="42.4393000" lon="9.2872700">
        <ele>0.0</ele>
      </trkpt>
      <trkpt lat="42.4393400" lon="9.2872700">
        <ele>0.0</ele>
      </trkpt>
      <trkpt lat="42.4395000" lon="9.2872100">
        <ele>0.0</ele>
      </trkpt>
      <trkpt lat="42.4397700" lon="9.2870700">
        <ele>0.0</ele>
      </trkpt>
      <trkpt lat="42.4400200" lon="9.2870100">
        <ele>0.0</ele>
      </trkpt>
      <trkpt lat="42.4402000" lon="9.2869700">
        <ele>0.0</ele>
      </trkpt>
      <trkpt lat="42.4402800" lon="9.2869200">
        <ele>0.0</ele>
      </trkpt>
      <trkpt lat="42.4403300" lon="9.2868900">
        <ele>0.0</ele>
      </trkpt>
      <trkpt lat="42.4403600" lon="9.2868500">
        <ele>0.0</ele>
      </trkpt>
      <trkpt lat="42.4403700" lon="9.2868200">
        <ele>0.0</ele>
      </trkpt>
      <trkpt lat="42.4404000" lon="9.2867200">
        <ele>0.0</ele>
      </trkpt>
      <trkpt lat="42.4404000" lon="9.2866800">
        <ele>0.0</ele>
      </trkpt>
      <trkpt lat="42.4403600" lon="9.2864600">
        <ele>0.0</ele>
      </trkpt>
      <trkpt lat="42.4402400" lon="9.2857900">
        <ele>0.0</ele>
      </trkpt>
      <trkpt lat="42.4402300" lon="9.2856800">
        <ele>0.0</ele>
      </trkpt>
      <trkpt lat="42.4401900" lon="9.2854300">
        <ele>0.0</ele>
      </trkpt>
      <trkpt lat="42.4401700" lon="9.2851800">
        <ele>0.0</ele>
      </trkpt>
      <trkpt lat="42.4401700" lon="9.2850100">
        <ele>0.0</ele>
      </trkpt>
      <trkpt lat="42.4402200" lon="9.2848000">
        <ele>0.0</ele>
      </trkpt>
      <trkpt lat="42.4403000" lon="9.2845100">
        <ele>0.0</ele>
      </trkpt>
      <trkpt lat="42.4403800" lon="9.2843600">
        <ele>0.0</ele>
      </trkpt>
      <trkpt lat="42.4404500" lon="9.2842800">
        <ele>0.0</ele>
      </trkpt>
      <trkpt lat="42.4405300" lon="9.2842400">
        <ele>0.0</ele>
      </trkpt>
      <trkpt lat="42.4406200" lon="9.2842500">
        <ele>0.0</ele>
      </trkpt>
      <trkpt lat="42.4407100" lon="9.2843100">
        <ele>0.0</ele>
      </trkpt>
      <trkpt lat="42.4408500" lon="9.2844400">
        <ele>0.0</ele>
      </trkpt>
      <trkpt lat="42.4411200" lon="9.2847500">
        <ele>0.0</ele>
      </trkpt>
      <trkpt lat="42.4411800" lon="9.2848200">
        <ele>0.0</ele>
      </trkpt>
      <trkpt lat="42.4412400" lon="9.2848600">
        <ele>0.0</ele>
      </trkpt>
      <trkpt lat="42.4412900" lon="9.2848600">
        <ele>0.0</ele>
      </trkpt>
      <trkpt lat="42.4414800" lon="9.2847600">
        <ele>0.0</ele>
      </trkpt>
      <trkpt lat="42.4418900" lon="9.2844700">
        <ele>0.0</ele>
      </trkpt>
      <trkpt lat="42.4419300" lon="9.2844300">
        <ele>0.0</ele>
      </trkpt>
      <trkpt lat="42.4419600" lon="9.2843600">
        <ele>0.0</ele>
      </trkpt>
      <trkpt lat="42.4419500" lon="9.2842400">
        <ele>0.0</ele>
      </trkpt>
      <trkpt lat="42.4418600" lon="9.2839000">
        <ele>0.0</ele>
      </trkpt>
      <trkpt lat="42.4418400" lon="9.2837400">
        <ele>0.0</ele>
      </trkpt>
      <trkpt lat="42.4418500" lon="9.2835800">
        <ele>0.0</ele>
      </trkpt>
      <trkpt lat="42.4419200" lon="9.2832600">
        <ele>0.0</ele>
      </trkpt>
      <trkpt lat="42.4419200" lon="9.2831400">
        <ele>0.0</ele>
      </trkpt>
      <trkpt lat="42.4418800" lon="9.2828700">
        <ele>0.0</ele>
      </trkpt>
      <trkpt lat="42.4418800" lon="9.2827400">
        <ele>0.0</ele>
      </trkpt>
      <trkpt lat="42.4419100" lon="9.2826400">
        <ele>0.0</ele>
      </trkpt>
      <trkpt lat="42.4419700" lon="9.2824800">
        <ele>0.0</ele>
      </trkpt>
      <trkpt lat="42.4420700" lon="9.2823200">
        <ele>0.0</ele>
      </trkpt>
      <trkpt lat="42.4424200" lon="9.2819700">
        <ele>0.0</ele>
      </trkpt>
      <trkpt lat="42.4424900" lon="9.2819300">
        <ele>0.0</ele>
      </trkpt>
      <trkpt lat="42.4425700" lon="9.2819200">
        <ele>0.0</ele>
      </trkpt>
      <trkpt lat="42.4427300" lon="9.2819400">
        <ele>0.0</ele>
      </trkpt>
      <trkpt lat="42.4429200" lon="9.2820100">
        <ele>0.0</ele>
      </trkpt>
      <trkpt lat="42.4430300" lon="9.2820000">
        <ele>0.0</ele>
      </trkpt>
      <trkpt lat="42.4430900" lon="9.2819600">
        <ele>0.0</ele>
      </trkpt>
      <trkpt lat="42.4431700" lon="9.2817900">
        <ele>0.0</ele>
      </trkpt>
      <trkpt lat="42.4431800" lon="9.2817100">
        <ele>0.0</ele>
      </trkpt>
      <trkpt lat="42.4432100" lon="9.2813600">
        <ele>0.0</ele>
      </trkpt>
      <trkpt lat="42.4432600" lon="9.2812400">
        <ele>0.0</ele>
      </trkpt>
      <trkpt lat="42.4432900" lon="9.2811900">
        <ele>0.0</ele>
      </trkpt>
      <trkpt lat="42.4433300" lon="9.2811200">
        <ele>0.0</ele>
      </trkpt>
      <trkpt lat="42.4433900" lon="9.2809800">
        <ele>0.0</ele>
      </trkpt>
      <trkpt lat="42.4434200" lon="9.2809000">
        <ele>0.0</ele>
      </trkpt>
      <trkpt lat="42.4434200" lon="9.2808100">
        <ele>0.0</ele>
      </trkpt>
      <trkpt lat="42.4433700" lon="9.2806400">
        <ele>0.0</ele>
      </trkpt>
      <trkpt lat="42.4432200" lon="9.2801900">
        <ele>0.0</ele>
      </trkpt>
      <trkpt lat="42.4431500" lon="9.2799100">
        <ele>0.0</ele>
      </trkpt>
      <trkpt lat="42.4431100" lon="9.2796900">
        <ele>0.0</ele>
      </trkpt>
      <trkpt lat="42.4430900" lon="9.2793700">
        <ele>0.0</ele>
      </trkpt>
      <trkpt lat="42.4431100" lon="9.2792000">
        <ele>0.0</ele>
      </trkpt>
      <trkpt lat="42.4431900" lon="9.2789500">
        <ele>0.0</ele>
      </trkpt>
      <trkpt lat="42.4432900" lon="9.2787200">
        <ele>0.0</ele>
      </trkpt>
      <trkpt lat="42.4433900" lon="9.2785500">
        <ele>0.0</ele>
      </trkpt>
      <trkpt lat="42.4435200" lon="9.2782300">
        <ele>0.0</ele>
      </trkpt>
      <trkpt lat="42.4435800" lon="9.2780400">
        <ele>0.0</ele>
      </trkpt>
      <trkpt lat="42.4437800" lon="9.2775300">
        <ele>0.0</ele>
      </trkpt>
      <trkpt lat="42.4438400" lon="9.2774100">
        <ele>0.0</ele>
      </trkpt>
      <trkpt lat="42.4438900" lon="9.2772800">
        <ele>0.0</ele>
      </trkpt>
      <trkpt lat="42.4439700" lon="9.2768400">
        <ele>0.0</ele>
      </trkpt>
      <trkpt lat="42.4440700" lon="9.2765300">
        <ele>0.0</ele>
      </trkpt>
      <trkpt lat="42.4443300" lon="9.2760500">
        <ele>0.0</ele>
      </trkpt>
      <trkpt lat="42.4443500" lon="9.2760300">
        <ele>0.0</ele>
      </trkpt>
      <trkpt lat="42.4444600" lon="9.2758100">
        <ele>0.0</ele>
      </trkpt>
      <trkpt lat="42.4447200" lon="9.2750700">
        <ele>0.0</ele>
      </trkpt>
      <trkpt lat="42.4448200" lon="9.2747700">
        <ele>0.0</ele>
      </trkpt>
      <trkpt lat="42.4448500" lon="9.2747000">
        <ele>0.0</ele>
      </trkpt>
      <trkpt lat="42.4449400" lon="9.2744300">
        <ele>0.0</ele>
      </trkpt>
      <trkpt lat="42.4450500" lon="9.2741900">
        <ele>0.0</ele>
      </trkpt>
      <trkpt lat="42.4451700" lon="9.2740100">
        <ele>0.0</ele>
      </trkpt>
      <trkpt lat="42.4454700" lon="9.2737800">
        <ele>0.0</ele>
      </trkpt>
      <trkpt lat="42.4456600" lon="9.2735900">
        <ele>0.0</ele>
      </trkpt>
      <trkpt lat="42.4457800" lon="9.2734200">
        <ele>0.0</ele>
      </trkpt>
      <trkpt lat="42.4458000" lon="9.2733600">
        <ele>0.0</ele>
      </trkpt>
      <trkpt lat="42.4458400" lon="9.2732800">
        <ele>0.0</ele>
      </trkpt>
      <trkpt lat="42.4458700" lon="9.2731700">
        <ele>0.0</ele>
      </trkpt>
      <trkpt lat="42.4459300" lon="9.2728900">
        <ele>0.0</ele>
      </trkpt>
      <trkpt lat="42.4459800" lon="9.2725000">
        <ele>0.0</ele>
      </trkpt>
      <trkpt lat="42.4459900" lon="9.2724600">
        <ele>0.0</ele>
      </trkpt>
      <trkpt lat="42.4460400" lon="9.2722500">
        <ele>0.0</ele>
      </trkpt>
      <trkpt lat="42.4460900" lon="9.2720600">
        <ele>0.0</ele>
      </trkpt>
      <trkpt lat="42.4462400" lon="9.2717700">
        <ele>0.0</ele>
      </trkpt>
      <trkpt lat="42.4464400" lon="9.2713400">
        <ele>0.0</ele>
      </trkpt>
      <trkpt lat="42.4464800" lon="9.2712200">
        <ele>0.0</ele>
      </trkpt>
      <trkpt lat="42.4465000" lon="9.2710300">
        <ele>0.0</ele>
      </trkpt>
      <trkpt lat="42.4465400" lon="9.2705100">
        <ele>0.0</ele>
      </trkpt>
      <trkpt lat="42.4465900" lon="9.2700700">
        <ele>0.0</ele>
      </trkpt>
      <trkpt lat="42.4466800" lon="9.2696200">
        <ele>0.0</ele>
      </trkpt>
      <trkpt lat="42.4467100" lon="9.2692800">
        <ele>0.0</ele>
      </trkpt>
      <trkpt lat="42.4467000" lon="9.2691700">
        <ele>0.0</ele>
      </trkpt>
      <trkpt lat="42.4466800" lon="9.2691200">
        <ele>0.0</ele>
      </trkpt>
      <trkpt lat="42.4466400" lon="9.2690700">
        <ele>0.0</ele>
      </trkpt>
      <trkpt lat="42.4465500" lon="9.2690200">
        <ele>0.0</ele>
      </trkpt>
      <trkpt lat="42.4464800" lon="9.2689800">
        <ele>0.0</ele>
      </trkpt>
      <trkpt lat="42.4463900" lon="9.2689500">
        <ele>0.0</ele>
      </trkpt>
      <trkpt lat="42.4463300" lon="9.2689200">
        <ele>0.0</ele>
      </trkpt>
      <trkpt lat="42.4461400" lon="9.2688600">
        <ele>0.0</ele>
      </trkpt>
      <trkpt lat="42.4459100" lon="9.2688500">
        <ele>0.0</ele>
      </trkpt>
      <trkpt lat="42.4453600" lon="9.2689700">
        <ele>0.0</ele>
      </trkpt>
      <trkpt lat="42.4451300" lon="9.2689900">
        <ele>0.0</ele>
      </trkpt>
      <trkpt lat="42.4449800" lon="9.2689800">
        <ele>0.0</ele>
      </trkpt>
      <trkpt lat="42.4448900" lon="9.2689700">
        <ele>0.0</ele>
      </trkpt>
      <trkpt lat="42.4447800" lon="9.2689500">
        <ele>0.0</ele>
      </trkpt>
      <trkpt lat="42.4447600" lon="9.2689400">
        <ele>0.0</ele>
      </trkpt>
      <trkpt lat="42.4447100" lon="9.2688900">
        <ele>0.0</ele>
      </trkpt>
      <trkpt lat="42.4446900" lon="9.2688500">
        <ele>0.0</ele>
      </trkpt>
      <trkpt lat="42.4446800" lon="9.2687700">
        <ele>0.0</ele>
      </trkpt>
      <trkpt lat="42.4446800" lon="9.2687000">
        <ele>0.0</ele>
      </trkpt>
      <trkpt lat="42.4446900" lon="9.2686600">
        <ele>0.0</ele>
      </trkpt>
      <trkpt lat="42.4447000" lon="9.2686200">
        <ele>0.0</ele>
      </trkpt>
      <trkpt lat="42.4447200" lon="9.2685900">
        <ele>0.0</ele>
      </trkpt>
      <trkpt lat="42.4447600" lon="9.2685600">
        <ele>0.0</ele>
      </trkpt>
      <trkpt lat="42.4449900" lon="9.2684200">
        <ele>0.0</ele>
      </trkpt>
      <trkpt lat="42.4450500" lon="9.2683800">
        <ele>0.0</ele>
      </trkpt>
      <trkpt lat="42.4452200" lon="9.2682500">
        <ele>0.0</ele>
      </trkpt>
      <trkpt lat="42.4453200" lon="9.2681400">
        <ele>0.0</ele>
      </trkpt>
      <trkpt lat="42.4460000" lon="9.2675300">
        <ele>0.0</ele>
      </trkpt>
      <trkpt lat="42.4461500" lon="9.2674400">
        <ele>0.0</ele>
      </trkpt>
      <trkpt lat="42.4462600" lon="9.2674000">
        <ele>0.0</ele>
      </trkpt>
      <trkpt lat="42.4465700" lon="9.2673600">
        <ele>0.0</ele>
      </trkpt>
      <trkpt lat="42.4469100" lon="9.2673500">
        <ele>0.0</ele>
      </trkpt>
      <trkpt lat="42.4475100" lon="9.2672600">
        <ele>0.0</ele>
      </trkpt>
      <trkpt lat="42.4479100" lon="9.2671600">
        <ele>0.0</ele>
      </trkpt>
      <trkpt lat="42.4480300" lon="9.2671100">
        <ele>0.0</ele>
      </trkpt>
      <trkpt lat="42.4480500" lon="9.2671000">
        <ele>0.0</ele>
      </trkpt>
      <trkpt lat="42.4480700" lon="9.2670900">
        <ele>0.0</ele>
      </trkpt>
      <trkpt lat="42.4481500" lon="9.2670300">
        <ele>0.0</ele>
      </trkpt>
      <trkpt lat="42.4484600" lon="9.2667800">
        <ele>0.0</ele>
      </trkpt>
      <trkpt lat="42.4486200" lon="9.2666000">
        <ele>0.0</ele>
      </trkpt>
      <trkpt lat="42.4488000" lon="9.2663800">
        <ele>0.0</ele>
      </trkpt>
      <trkpt lat="42.4489100" lon="9.2661900">
        <ele>0.0</ele>
      </trkpt>
      <trkpt lat="42.4489800" lon="9.2660300">
        <ele>0.0</ele>
      </trkpt>
      <trkpt lat="42.4490400" lon="9.2658000">
        <ele>0.0</ele>
      </trkpt>
      <trkpt lat="42.4490900" lon="9.2655400">
        <ele>0.0</ele>
      </trkpt>
      <trkpt lat="42.4490900" lon="9.2652600">
        <ele>0.0</ele>
      </trkpt>
      <trkpt lat="42.4490700" lon="9.2650300">
        <ele>0.0</ele>
      </trkpt>
      <trkpt lat="42.4490300" lon="9.2647100">
        <ele>0.0</ele>
      </trkpt>
      <trkpt lat="42.4488900" lon="9.2640100">
        <ele>0.0</ele>
      </trkpt>
      <trkpt lat="42.4488300" lon="9.2638300">
        <ele>0.0</ele>
      </trkpt>
      <trkpt lat="42.4487300" lon="9.2636000">
        <ele>0.0</ele>
      </trkpt>
      <trkpt lat="42.4486300" lon="9.2634600">
        <ele>0.0</ele>
      </trkpt>
      <trkpt lat="42.4482800" lon="9.2628500">
        <ele>0.0</ele>
      </trkpt>
      <trkpt lat="42.4481400" lon="9.2625700">
        <ele>0.0</ele>
      </trkpt>
      <trkpt lat="42.4481200" lon="9.2625100">
        <ele>0.0</ele>
      </trkpt>
      <trkpt lat="42.4481200" lon="9.2624800">
        <ele>0.0</ele>
      </trkpt>
      <trkpt lat="42.4481400" lon="9.2624000">
        <ele>0.0</ele>
      </trkpt>
      <trkpt lat="42.4481600" lon="9.2623600">
        <ele>0.0</ele>
      </trkpt>
      <trkpt lat="42.4481800" lon="9.2623400">
        <ele>0.0</ele>
      </trkpt>
      <trkpt lat="42.4482800" lon="9.2622500">
        <ele>0.0</ele>
      </trkpt>
      <trkpt lat="42.4489600" lon="9.2617600">
        <ele>0.0</ele>
      </trkpt>
      <trkpt lat="42.4491100" lon="9.2616300">
        <ele>0.0</ele>
      </trkpt>
      <trkpt lat="42.4491700" lon="9.2615500">
        <ele>0.0</ele>
      </trkpt>
      <trkpt lat="42.4492000" lon="9.2615000">
        <ele>0.0</ele>
      </trkpt>
      <trkpt lat="42.4492200" lon="9.2614400">
        <ele>0.0</ele>
      </trkpt>
      <trkpt lat="42.4492300" lon="9.2613800">
        <ele>0.0</ele>
      </trkpt>
      <trkpt lat="42.4492500" lon="9.2612500">
        <ele>0.0</ele>
      </trkpt>
      <trkpt lat="42.4492500" lon="9.2612200">
        <ele>0.0</ele>
      </trkpt>
      <trkpt lat="42.4492400" lon="9.2611000">
        <ele>0.0</ele>
      </trkpt>
      <trkpt lat="42.4491800" lon="9.2608100">
        <ele>0.0</ele>
      </trkpt>
      <trkpt lat="42.4490900" lon="9.2605000">
        <ele>0.0</ele>
      </trkpt>
      <trkpt lat="42.4490500" lon="9.2602800">
        <ele>0.0</ele>
      </trkpt>
      <trkpt lat="42.4489800" lon="9.2598000">
        <ele>0.0</ele>
      </trkpt>
      <trkpt lat="42.4489700" lon="9.2592200">
        <ele>0.0</ele>
      </trkpt>
      <trkpt lat="42.4489900" lon="9.2590400">
        <ele>0.0</ele>
      </trkpt>
      <trkpt lat="42.4490200" lon="9.2588600">
        <ele>0.0</ele>
      </trkpt>
      <trkpt lat="42.4490400" lon="9.2588000">
        <ele>0.0</ele>
      </trkpt>
      <trkpt lat="42.4490600" lon="9.2587500">
        <ele>0.0</ele>
      </trkpt>
      <trkpt lat="42.4490900" lon="9.2587000">
        <ele>0.0</ele>
      </trkpt>
      <trkpt lat="42.4492700" lon="9.2584400">
        <ele>0.0</ele>
      </trkpt>
      <trkpt lat="42.4495700" lon="9.2579100">
        <ele>0.0</ele>
      </trkpt>
      <trkpt lat="42.4497600" lon="9.2575300">
        <ele>0.0</ele>
      </trkpt>
      <trkpt lat="42.4500100" lon="9.2569300">
        <ele>0.0</ele>
      </trkpt>
      <trkpt lat="42.4500400" lon="9.2568000">
        <ele>0.0</ele>
      </trkpt>
      <trkpt lat="42.4500400" lon="9.2567600">
        <ele>0.0</ele>
      </trkpt>
      <trkpt lat="42.4500400" lon="9.2566800">
        <ele>0.0</ele>
      </trkpt>
      <trkpt lat="42.4500300" lon="9.2565500">
        <ele>0.0</ele>
      </trkpt>
      <trkpt lat="42.4500300" lon="9.2564400">
        <ele>0.0</ele>
      </trkpt>
      <trkpt lat="42.4500500" lon="9.2563800">
        <ele>0.0</ele>
      </trkpt>
      <trkpt lat="42.4501000" lon="9.2563100">
        <ele>0.0</ele>
      </trkpt>
      <trkpt lat="42.4501400" lon="9.2562700">
        <ele>0.0</ele>
      </trkpt>
      <trkpt lat="42.4502400" lon="9.2562000">
        <ele>0.0</ele>
      </trkpt>
      <trkpt lat="42.4502800" lon="9.2561500">
        <ele>0.0</ele>
      </trkpt>
      <trkpt lat="42.4503400" lon="9.2560800">
        <ele>0.0</ele>
      </trkpt>
      <trkpt lat="42.4504000" lon="9.2559200">
        <ele>0.0</ele>
      </trkpt>
      <trkpt lat="42.4504400" lon="9.2557800">
        <ele>0.0</ele>
      </trkpt>
      <trkpt lat="42.4504600" lon="9.2556000">
        <ele>0.0</ele>
      </trkpt>
      <trkpt lat="42.4504600" lon="9.2553700">
        <ele>0.0</ele>
      </trkpt>
      <trkpt lat="42.4503800" lon="9.2549100">
        <ele>0.0</ele>
      </trkpt>
      <trkpt lat="42.4503800" lon="9.2547400">
        <ele>0.0</ele>
      </trkpt>
      <trkpt lat="42.4504400" lon="9.2544200">
        <ele>0.0</ele>
      </trkpt>
      <trkpt lat="42.4504600" lon="9.2542200">
        <ele>0.0</ele>
      </trkpt>
      <trkpt lat="42.4504400" lon="9.2539100">
        <ele>0.0</ele>
      </trkpt>
      <trkpt lat="42.4504100" lon="9.2535900">
        <ele>0.0</ele>
      </trkpt>
      <trkpt lat="42.4503500" lon="9.2533800">
        <ele>0.0</ele>
      </trkpt>
      <trkpt lat="42.4503300" lon="9.2533400">
        <ele>0.0</ele>
      </trkpt>
      <trkpt lat="42.4502700" lon="9.2532300">
        <ele>0.0</ele>
      </trkpt>
      <trkpt lat="42.4500100" lon="9.2530400">
        <ele>0.0</ele>
      </trkpt>
      <trkpt lat="42.4497300" lon="9.2529000">
        <ele>0.0</ele>
      </trkpt>
      <trkpt lat="42.4495900" lon="9.2528000">
        <ele>0.0</ele>
      </trkpt>
      <trkpt lat="42.4494700" lon="9.2526700">
        <ele>0.0</ele>
      </trkpt>
      <trkpt lat="42.4493700" lon="9.2526100">
        <ele>0.0</ele>
      </trkpt>
      <trkpt lat="42.4493000" lon="9.2526000">
        <ele>0.0</ele>
      </trkpt>
      <trkpt lat="42.4491400" lon="9.2526200">
        <ele>0.0</ele>
      </trkpt>
      <trkpt lat="42.4490100" lon="9.2527000">
        <ele>0.0</ele>
      </trkpt>
      <trkpt lat="42.4487000" lon="9.2528800">
        <ele>0.0</ele>
      </trkpt>
      <trkpt lat="42.4479800" lon="9.2533000">
        <ele>0.0</ele>
      </trkpt>
      <trkpt lat="42.4477500" lon="9.2534100">
        <ele>0.0</ele>
      </trkpt>
      <trkpt lat="42.4475900" lon="9.2534100">
        <ele>0.0</ele>
      </trkpt>
      <trkpt lat="42.4475000" lon="9.2533800">
        <ele>0.0</ele>
      </trkpt>
      <trkpt lat="42.4473800" lon="9.2533300">
        <ele>0.0</ele>
      </trkpt>
      <trkpt lat="42.4472500" lon="9.2532100">
        <ele>0.0</ele>
      </trkpt>
      <trkpt lat="42.4471900" lon="9.2531400">
        <ele>0.0</ele>
      </trkpt>
      <trkpt lat="42.4470900" lon="9.2530200">
        <ele>0.0</ele>
      </trkpt>
      <trkpt lat="42.4469200" lon="9.2527400">
        <ele>0.0</ele>
      </trkpt>
      <trkpt lat="42.4468000" lon="9.2524900">
        <ele>0.0</ele>
      </trkpt>
      <trkpt lat="42.4467300" lon="9.2523200">
        <ele>0.0</ele>
      </trkpt>
      <trkpt lat="42.4464900" lon="9.2520300">
        <ele>0.0</ele>
      </trkpt>
      <trkpt lat="42.4460400" lon="9.2517200">
        <ele>0.0</ele>
      </trkpt>
      <trkpt lat="42.4460000" lon="9.2516900">
        <ele>0.0</ele>
      </trkpt>
      <trkpt lat="42.4459000" lon="9.2515900">
        <ele>0.0</ele>
      </trkpt>
      <trkpt lat="42.4458300" lon="9.2514500">
        <ele>0.0</ele>
      </trkpt>
      <trkpt lat="42.4458000" lon="9.2511500">
        <ele>0.0</ele>
      </trkpt>
      <trkpt lat="42.4458200" lon="9.2508000">
        <ele>0.0</ele>
      </trkpt>
      <trkpt lat="42.4458800" lon="9.2504900">
        <ele>0.0</ele>
      </trkpt>
      <trkpt lat="42.4458800" lon="9.2504600">
        <ele>0.0</ele>
      </trkpt>
      <trkpt lat="42.4459600" lon="9.2502100">
        <ele>0.0</ele>
      </trkpt>
      <trkpt lat="42.4461800" lon="9.2497600">
        <ele>0.0</ele>
      </trkpt>
      <trkpt lat="42.4462400" lon="9.2495800">
        <ele>0.0</ele>
      </trkpt>
      <trkpt lat="42.4463500" lon="9.2490300">
        <ele>0.0</ele>
      </trkpt>
      <trkpt lat="42.4467200" lon="9.2480000">
        <ele>0.0</ele>
      </trkpt>
      <trkpt lat="42.4467200" lon="9.2478700">
        <ele>0.0</ele>
      </trkpt>
      <trkpt lat="42.4466800" lon="9.2478200">
        <ele>0.0</ele>
      </trkpt>
      <trkpt lat="42.4466400" lon="9.2477800">
        <ele>0.0</ele>
      </trkpt>
      <trkpt lat="42.4465900" lon="9.2477500">
        <ele>0.0</ele>
      </trkpt>
      <trkpt lat="42.4464600" lon="9.2477200">
        <ele>0.0</ele>
      </trkpt>
      <trkpt lat="42.4462700" lon="9.2477400">
        <ele>0.0</ele>
      </trkpt>
      <trkpt lat="42.4461500" lon="9.2477700">
        <ele>0.0</ele>
      </trkpt>
      <trkpt lat="42.4461000" lon="9.2477900">
        <ele>0.0</ele>
      </trkpt>
      <trkpt lat="42.4459200" lon="9.2478800">
        <ele>0.0</ele>
      </trkpt>
      <trkpt lat="42.4458400" lon="9.2479500">
        <ele>0.0</ele>
      </trkpt>
      <trkpt lat="42.4457100" lon="9.2480600">
        <ele>0.0</ele>
      </trkpt>
      <trkpt lat="42.4455100" lon="9.2481700">
        <ele>0.0</ele>
      </trkpt>
      <trkpt lat="42.4453700" lon="9.2481900">
        <ele>0.0</ele>
      </trkpt>
      <trkpt lat="42.4452300" lon="9.2481500">
        <ele>0.0</ele>
      </trkpt>
      <trkpt lat="42.4450000" lon="9.2480000">
        <ele>0.0</ele>
      </trkpt>
      <trkpt lat="42.4447900" lon="9.2478500">
        <ele>0.0</ele>
      </trkpt>
      <trkpt lat="42.4446600" lon="9.2476800">
        <ele>0.0</ele>
      </trkpt>
      <trkpt lat="42.4446300" lon="9.2476200">
        <ele>0.0</ele>
      </trkpt>
      <trkpt lat="42.4446000" lon="9.2475200">
        <ele>0.0</ele>
      </trkpt>
      <trkpt lat="42.4445400" lon="9.2472900">
        <ele>0.0</ele>
      </trkpt>
      <trkpt lat="42.4444800" lon="9.2468800">
        <ele>0.0</ele>
      </trkpt>
      <trkpt lat="42.4443300" lon="9.2454800">
        <ele>0.0</ele>
      </trkpt>
      <trkpt lat="42.4443200" lon="9.2451200">
        <ele>0.0</ele>
      </trkpt>
      <trkpt lat="42.4443500" lon="9.2449100">
        <ele>0.0</ele>
      </trkpt>
      <trkpt lat="42.4444100" lon="9.2447800">
        <ele>0.0</ele>
      </trkpt>
      <trkpt lat="42.4444800" lon="9.2447000">
        <ele>0.0</ele>
      </trkpt>
      <trkpt lat="42.4445900" lon="9.2446200">
        <ele>0.0</ele>
      </trkpt>
      <trkpt lat="42.4446500" lon="9.2445600">
        <ele>0.0</ele>
      </trkpt>
      <trkpt lat="42.4448900" lon="9.2442400">
        <ele>0.0</ele>
      </trkpt>
      <trkpt lat="42.4449500" lon="9.2441900">
        <ele>0.0</ele>
      </trkpt>
      <trkpt lat="42.4450400" lon="9.2441300">
        <ele>0.0</ele>
      </trkpt>
      <trkpt lat="42.4451600" lon="9.2441200">
        <ele>0.0</ele>
      </trkpt>
      <trkpt lat="42.4452900" lon="9.2441200">
        <ele>0.0</ele>
      </trkpt>
      <trkpt lat="42.4455300" lon="9.2441600">
        <ele>0.0</ele>
      </trkpt>
      <trkpt lat="42.4455900" lon="9.2441700">
        <ele>0.0</ele>
      </trkpt>
      <trkpt lat="42.4457100" lon="9.2442500">
        <ele>0.0</ele>
      </trkpt>
      <trkpt lat="42.4458400" lon="9.2444300">
        <ele>0.0</ele>
      </trkpt>
      <trkpt lat="42.4459300" lon="9.2446700">
        <ele>0.0</ele>
      </trkpt>
      <trkpt lat="42.4459400" lon="9.2447900">
        <ele>0.0</ele>
      </trkpt>
      <trkpt lat="42.4459900" lon="9.2449200">
        <ele>0.0</ele>
      </trkpt>
      <trkpt lat="42.4460100" lon="9.2450100">
        <ele>0.0</ele>
      </trkpt>
      <trkpt lat="42.4460800" lon="9.2451600">
        <ele>0.0</ele>
      </trkpt>
      <trkpt lat="42.4461200" lon="9.2452100">
        <ele>0.0</ele>
      </trkpt>
      <trkpt lat="42.4461900" lon="9.2452500">
        <ele>0.0</ele>
      </trkpt>
      <trkpt lat="42.4463100" lon="9.2452800">
        <ele>0.0</ele>
      </trkpt>
      <trkpt lat="42.4465000" lon="9.2452600">
        <ele>0.0</ele>
      </trkpt>
      <trkpt lat="42.4465600" lon="9.2452000">
        <ele>0.0</ele>
      </trkpt>
      <trkpt lat="42.4466000" lon="9.2451300">
        <ele>0.0</ele>
      </trkpt>
      <trkpt lat="42.4466300" lon="9.2450100">
        <ele>0.0</ele>
      </trkpt>
      <trkpt lat="42.4467000" lon="9.2448500">
        <ele>0.0</ele>
      </trkpt>
      <trkpt lat="42.4468200" lon="9.2446900">
        <ele>0.0</ele>
      </trkpt>
      <trkpt lat="42.4469000" lon="9.2446600">
        <ele>0.0</ele>
      </trkpt>
      <trkpt lat="42.4469800" lon="9.2446500">
        <ele>0.0</ele>
      </trkpt>
      <trkpt lat="42.4470800" lon="9.2447100">
        <ele>0.0</ele>
      </trkpt>
      <trkpt lat="42.4471600" lon="9.2447900">
        <ele>0.0</ele>
      </trkpt>
      <trkpt lat="42.4474600" lon="9.2452000">
        <ele>0.0</ele>
      </trkpt>
      <trkpt lat="42.4475600" lon="9.2453700">
        <ele>0.0</ele>
      </trkpt>
      <trkpt lat="42.4475900" lon="9.2454000">
        <ele>0.0</ele>
      </trkpt>
      <trkpt lat="42.4476200" lon="9.2454400">
        <ele>0.0</ele>
      </trkpt>
      <trkpt lat="42.4476600" lon="9.2454700">
        <ele>0.0</ele>
      </trkpt>
      <trkpt lat="42.4477400" lon="9.2455000">
        <ele>0.0</ele>
      </trkpt>
      <trkpt lat="42.4478200" lon="9.2454900">
        <ele>0.0</ele>
      </trkpt>
      <trkpt lat="42.4478800" lon="9.2454600">
        <ele>0.0</ele>
      </trkpt>
      <trkpt lat="42.4479800" lon="9.2453600">
        <ele>0.0</ele>
      </trkpt>
      <trkpt lat="42.4486100" lon="9.2448000">
        <ele>0.0</ele>
      </trkpt>
      <trkpt lat="42.4486900" lon="9.2446700">
        <ele>0.0</ele>
      </trkpt>
      <trkpt lat="42.4487100" lon="9.2445800">
        <ele>0.0</ele>
      </trkpt>
      <trkpt lat="42.4487100" lon="9.2444700">
        <ele>0.0</ele>
      </trkpt>
      <trkpt lat="42.4486000" lon="9.2440500">
        <ele>0.0</ele>
      </trkpt>
      <trkpt lat="42.4485900" lon="9.2439600">
        <ele>0.0</ele>
      </trkpt>
      <trkpt lat="42.4486100" lon="9.2438800">
        <ele>0.0</ele>
      </trkpt>
      <trkpt lat="42.4486400" lon="9.2438000">
        <ele>0.0</ele>
      </trkpt>
      <trkpt lat="42.4487900" lon="9.2435500">
        <ele>0.0</ele>
      </trkpt>
      <trkpt lat="42.4488500" lon="9.2434900">
        <ele>0.0</ele>
      </trkpt>
      <trkpt lat="42.4489000" lon="9.2434500">
        <ele>0.0</ele>
      </trkpt>
      <trkpt lat="42.4489600" lon="9.2434200">
        <ele>0.0</ele>
      </trkpt>
      <trkpt lat="42.4490700" lon="9.2433900">
        <ele>0.0</ele>
      </trkpt>
      <trkpt lat="42.4491800" lon="9.2433400">
        <ele>0.0</ele>
      </trkpt>
      <trkpt lat="42.4492600" lon="9.2432700">
        <ele>0.0</ele>
      </trkpt>
      <trkpt lat="42.4492800" lon="9.2432100">
        <ele>0.0</ele>
      </trkpt>
      <trkpt lat="42.4492800" lon="9.2431000">
        <ele>0.0</ele>
      </trkpt>
      <trkpt lat="42.4492300" lon="9.2430000">
        <ele>0.0</ele>
      </trkpt>
      <trkpt lat="42.4492100" lon="9.2429600">
        <ele>0.0</ele>
      </trkpt>
      <trkpt lat="42.4491800" lon="9.2429400">
        <ele>0.0</ele>
      </trkpt>
      <trkpt lat="42.4490100" lon="9.2428000">
        <ele>0.0</ele>
      </trkpt>
      <trkpt lat="42.4486500" lon="9.2425800">
        <ele>0.0</ele>
      </trkpt>
      <trkpt lat="42.4485200" lon="9.2425200">
        <ele>0.0</ele>
      </trkpt>
      <trkpt lat="42.4481300" lon="9.2424900">
        <ele>0.0</ele>
      </trkpt>
      <trkpt lat="42.4480500" lon="9.2424700">
        <ele>0.0</ele>
      </trkpt>
      <trkpt lat="42.4480000" lon="9.2424400">
        <ele>0.0</ele>
      </trkpt>
      <trkpt lat="42.4479700" lon="9.2424100">
        <ele>0.0</ele>
      </trkpt>
      <trkpt lat="42.4479100" lon="9.2422700">
        <ele>0.0</ele>
      </trkpt>
      <trkpt lat="42.4478800" lon="9.2421300">
        <ele>0.0</ele>
      </trkpt>
      <trkpt lat="42.4478400" lon="9.2420200">
        <ele>0.0</ele>
      </trkpt>
      <trkpt lat="42.4477700" lon="9.2419200">
        <ele>0.0</ele>
      </trkpt>
      <trkpt lat="42.4477100" lon="9.2418600">
        <ele>0.0</ele>
      </trkpt>
      <trkpt lat="42.4476600" lon="9.2418400">
        <ele>0.0</ele>
      </trkpt>
      <trkpt lat="42.4474500" lon="9.2417500">
        <ele>0.0</ele>
      </trkpt>
      <trkpt lat="42.4473900" lon="9.2417100">
        <ele>0.0</ele>
      </trkpt>
      <trkpt lat="42.4473600" lon="9.2416600">
        <ele>0.0</ele>
      </trkpt>
      <trkpt lat="42.4472800" lon="9.2414200">
        <ele>0.0</ele>
      </trkpt>
      <trkpt lat="42.4472200" lon="9.2413000">
        <ele>0.0</ele>
      </trkpt>
      <trkpt lat="42.4471700" lon="9.2412300">
        <ele>0.0</ele>
      </trkpt>
      <trkpt lat="42.4470300" lon="9.2410900">
        <ele>0.0</ele>
      </trkpt>
      <trkpt lat="42.4470000" lon="9.2410500">
        <ele>0.0</ele>
      </trkpt>
      <trkpt lat="42.4469700" lon="9.2409500">
        <ele>0.0</ele>
      </trkpt>
      <trkpt lat="42.4469400" lon="9.2408600">
        <ele>0.0</ele>
      </trkpt>
      <trkpt lat="42.4469000" lon="9.2407500">
        <ele>0.0</ele>
      </trkpt>
      <trkpt lat="42.4468600" lon="9.2406900">
        <ele>0.0</ele>
      </trkpt>
      <trkpt lat="42.4467400" lon="9.2405800">
        <ele>0.0</ele>
      </trkpt>
      <trkpt lat="42.4466900" lon="9.2405300">
        <ele>0.0</ele>
      </trkpt>
      <trkpt lat="42.4466600" lon="9.2404900">
        <ele>0.0</ele>
      </trkpt>
      <trkpt lat="42.4463900" lon="9.2399000">
        <ele>0.0</ele>
      </trkpt>
      <trkpt lat="42.4462600" lon="9.2395700">
        <ele>0.0</ele>
      </trkpt>
      <trkpt lat="42.4462500" lon="9.2395300">
        <ele>0.0</ele>
      </trkpt>
      <trkpt lat="42.4462400" lon="9.2394700">
        <ele>0.0</ele>
      </trkpt>
      <trkpt lat="42.4462200" lon="9.2393400">
        <ele>0.0</ele>
      </trkpt>
      <trkpt lat="42.4462300" lon="9.2391000">
        <ele>0.0</ele>
      </trkpt>
      <trkpt lat="42.4462600" lon="9.2387800">
        <ele>0.0</ele>
      </trkpt>
      <trkpt lat="42.4462600" lon="9.2386800">
        <ele>0.0</ele>
      </trkpt>
      <trkpt lat="42.4462300" lon="9.2385600">
        <ele>0.0</ele>
      </trkpt>
      <trkpt lat="42.4461900" lon="9.2384700">
        <ele>0.0</ele>
      </trkpt>
      <trkpt lat="42.4461500" lon="9.2384000">
        <ele>0.0</ele>
      </trkpt>
      <trkpt lat="42.4460800" lon="9.2383700">
        <ele>0.0</ele>
      </trkpt>
      <trkpt lat="42.4457900" lon="9.2383100">
        <ele>0.0</ele>
      </trkpt>
      <trkpt lat="42.4457000" lon="9.2382800">
        <ele>0.0</ele>
      </trkpt>
      <trkpt lat="42.4456000" lon="9.2382100">
        <ele>0.0</ele>
      </trkpt>
      <trkpt lat="42.4455300" lon="9.2381300">
        <ele>0.0</ele>
      </trkpt>
      <trkpt lat="42.4454900" lon="9.2380600">
        <ele>0.0</ele>
      </trkpt>
      <trkpt lat="42.4454500" lon="9.2379400">
        <ele>0.0</ele>
      </trkpt>
      <trkpt lat="42.4454300" lon="9.2378600">
        <ele>0.0</ele>
      </trkpt>
      <trkpt lat="42.4454400" lon="9.2377600">
        <ele>0.0</ele>
      </trkpt>
      <trkpt lat="42.4454500" lon="9.2376900">
        <ele>0.0</ele>
      </trkpt>
      <trkpt lat="42.4454900" lon="9.2375900">
        <ele>0.0</ele>
      </trkpt>
      <trkpt lat="42.4456300" lon="9.2373400">
        <ele>0.0</ele>
      </trkpt>
      <trkpt lat="42.4456700" lon="9.2372400">
        <ele>0.0</ele>
      </trkpt>
      <trkpt lat="42.4456700" lon="9.2371800">
        <ele>0.0</ele>
      </trkpt>
      <trkpt lat="42.4456500" lon="9.2371300">
        <ele>0.0</ele>
      </trkpt>
      <trkpt lat="42.4456100" lon="9.2370900">
        <ele>0.0</ele>
      </trkpt>
      <trkpt lat="42.4455700" lon="9.2370700">
        <ele>0.0</ele>
      </trkpt>
      <trkpt lat="42.4454600" lon="9.2370700">
        <ele>0.0</ele>
      </trkpt>
      <trkpt lat="42.4451200" lon="9.2371100">
        <ele>0.0</ele>
      </trkpt>
      <trkpt lat="42.4449600" lon="9.2371000">
        <ele>0.0</ele>
      </trkpt>
      <trkpt lat="42.4447400" lon="9.2370200">
        <ele>0.0</ele>
      </trkpt>
      <trkpt lat="42.4446700" lon="9.2369600">
        <ele>0.0</ele>
      </trkpt>
      <trkpt lat="42.4446200" lon="9.2369000">
        <ele>0.0</ele>
      </trkpt>
      <trkpt lat="42.4446000" lon="9.2368500">
        <ele>0.0</ele>
      </trkpt>
      <trkpt lat="42.4445800" lon="9.2367900">
        <ele>0.0</ele>
      </trkpt>
      <trkpt lat="42.4445700" lon="9.2367300">
        <ele>0.0</ele>
      </trkpt>
      <trkpt lat="42.4445600" lon="9.2365700">
        <ele>0.0</ele>
      </trkpt>
      <trkpt lat="42.4445600" lon="9.2363600">
        <ele>0.0</ele>
      </trkpt>
      <trkpt lat="42.4445600" lon="9.2362900">
        <ele>0.0</ele>
      </trkpt>
      <trkpt lat="42.4445700" lon="9.2360800">
        <ele>0.0</ele>
      </trkpt>
      <trkpt lat="42.4446100" lon="9.2357000">
        <ele>0.0</ele>
      </trkpt>
      <trkpt lat="42.4446500" lon="9.2355500">
        <ele>0.0</ele>
      </trkpt>
      <trkpt lat="42.4446800" lon="9.2354700">
        <ele>0.0</ele>
      </trkpt>
      <trkpt lat="42.4447600" lon="9.2352900">
        <ele>0.0</ele>
      </trkpt>
      <trkpt lat="42.4448300" lon="9.2351800">
        <ele>0.0</ele>
      </trkpt>
      <trkpt lat="42.4449200" lon="9.2350700">
        <ele>0.0</ele>
      </trkpt>
      <trkpt lat="42.4450000" lon="9.2349400">
        <ele>0.0</ele>
      </trkpt>
      <trkpt lat="42.4451100" lon="9.2348100">
        <ele>0.0</ele>
      </trkpt>
      <trkpt lat="42.4451800" lon="9.2347800">
        <ele>0.0</ele>
      </trkpt>
      <trkpt lat="42.4452200" lon="9.2347600">
        <ele>0.0</ele>
      </trkpt>
      <trkpt lat="42.4452700" lon="9.2347800">
        <ele>0.0</ele>
      </trkpt>
      <trkpt lat="42.4453000" lon="9.2348000">
        <ele>0.0</ele>
      </trkpt>
      <trkpt lat="42.4453200" lon="9.2348300">
        <ele>0.0</ele>
      </trkpt>
      <trkpt lat="42.4453400" lon="9.2349000">
        <ele>0.0</ele>
      </trkpt>
      <trkpt lat="42.4453600" lon="9.2350400">
        <ele>0.0</ele>
      </trkpt>
      <trkpt lat="42.4453800" lon="9.2353600">
        <ele>0.0</ele>
      </trkpt>
      <trkpt lat="42.4454100" lon="9.2356600">
        <ele>0.0</ele>
      </trkpt>
      <trkpt lat="42.4454300" lon="9.2357200">
        <ele>0.0</ele>
      </trkpt>
      <trkpt lat="42.4454600" lon="9.2357700">
        <ele>0.0</ele>
      </trkpt>
      <trkpt lat="42.4454900" lon="9.2358000">
        <ele>0.0</ele>
      </trkpt>
      <trkpt lat="42.4455300" lon="9.2358000">
        <ele>0.0</ele>
      </trkpt>
      <trkpt lat="42.4455700" lon="9.2357900">
        <ele>0.0</ele>
      </trkpt>
      <trkpt lat="42.4456000" lon="9.2357700">
        <ele>0.0</ele>
      </trkpt>
      <trkpt lat="42.4456700" lon="9.2357000">
        <ele>0.0</ele>
      </trkpt>
      <trkpt lat="42.4457700" lon="9.2355300">
        <ele>0.0</ele>
      </trkpt>
      <trkpt lat="42.4458600" lon="9.2353500">
        <ele>0.0</ele>
      </trkpt>
      <trkpt lat="42.4459700" lon="9.2349400">
        <ele>0.0</ele>
      </trkpt>
      <trkpt lat="42.4460000" lon="9.2348900">
        <ele>0.0</ele>
      </trkpt>
      <trkpt lat="42.4461600" lon="9.2347200">
        <ele>0.0</ele>
      </trkpt>
      <trkpt lat="42.4462000" lon="9.2346400">
        <ele>0.0</ele>
      </trkpt>
      <trkpt lat="42.4462600" lon="9.2344900">
        <ele>0.0</ele>
      </trkpt>
      <trkpt lat="42.4463000" lon="9.2343000">
        <ele>0.0</ele>
      </trkpt>
      <trkpt lat="42.4463500" lon="9.2341300">
        <ele>0.0</ele>
      </trkpt>
      <trkpt lat="42.4463700" lon="9.2340700">
        <ele>0.0</ele>
      </trkpt>
      <trkpt lat="42.4464100" lon="9.2339800">
        <ele>0.0</ele>
      </trkpt>
      <trkpt lat="42.4465600" lon="9.2338200">
        <ele>0.0</ele>
      </trkpt>
      <trkpt lat="42.4466900" lon="9.2337100">
        <ele>0.0</ele>
      </trkpt>
      <trkpt lat="42.4467100" lon="9.2336800">
        <ele>0.0</ele>
      </trkpt>
      <trkpt lat="42.4467700" lon="9.2336700">
        <ele>0.0</ele>
      </trkpt>
      <trkpt lat="42.4468100" lon="9.2336700">
        <ele>0.0</ele>
      </trkpt>
      <trkpt lat="42.4468400" lon="9.2336900">
        <ele>0.0</ele>
      </trkpt>
      <trkpt lat="42.4468800" lon="9.2337400">
        <ele>0.0</ele>
      </trkpt>
      <trkpt lat="42.4469100" lon="9.2338100">
        <ele>0.0</ele>
      </trkpt>
      <trkpt lat="42.4469900" lon="9.2341200">
        <ele>0.0</ele>
      </trkpt>
      <trkpt lat="42.4471200" lon="9.2345400">
        <ele>0.0</ele>
      </trkpt>
      <trkpt lat="42.4472300" lon="9.2348400">
        <ele>0.0</ele>
      </trkpt>
      <trkpt lat="42.4473800" lon="9.2351100">
        <ele>0.0</ele>
      </trkpt>
      <trkpt lat="42.4474300" lon="9.2351700">
        <ele>0.0</ele>
      </trkpt>
      <trkpt lat="42.4475000" lon="9.2352200">
        <ele>0.0</ele>
      </trkpt>
      <trkpt lat="42.4475600" lon="9.2353000">
        <ele>0.0</ele>
      </trkpt>
      <trkpt lat="42.4477000" lon="9.2355500">
        <ele>0.0</ele>
      </trkpt>
      <trkpt lat="42.4477700" lon="9.2357700">
        <ele>0.0</ele>
      </trkpt>
      <trkpt lat="42.4478200" lon="9.2360300">
        <ele>0.0</ele>
      </trkpt>
      <trkpt lat="42.4478200" lon="9.2361300">
        <ele>0.0</ele>
      </trkpt>
      <trkpt lat="42.4478100" lon="9.2362500">
        <ele>0.0</ele>
      </trkpt>
      <trkpt lat="42.4476700" lon="9.2367000">
        <ele>0.0</ele>
      </trkpt>
      <trkpt lat="42.4476200" lon="9.2369000">
        <ele>0.0</ele>
      </trkpt>
      <trkpt lat="42.4476100" lon="9.2369900">
        <ele>0.0</ele>
      </trkpt>
      <trkpt lat="42.4476100" lon="9.2370700">
        <ele>0.0</ele>
      </trkpt>
      <trkpt lat="42.4476400" lon="9.2372900">
        <ele>0.0</ele>
      </trkpt>
      <trkpt lat="42.4477500" lon="9.2376700">
        <ele>0.0</ele>
      </trkpt>
      <trkpt lat="42.4477800" lon="9.2377900">
        <ele>0.0</ele>
      </trkpt>
      <trkpt lat="42.4478600" lon="9.2379500">
        <ele>0.0</ele>
      </trkpt>
      <trkpt lat="42.4479500" lon="9.2379800">
        <ele>0.0</ele>
      </trkpt>
      <trkpt lat="42.4482200" lon="9.2380400">
        <ele>0.0</ele>
      </trkpt>
      <trkpt lat="42.4483200" lon="9.2381000">
        <ele>0.0</ele>
      </trkpt>
      <trkpt lat="42.4484100" lon="9.2381400">
        <ele>0.0</ele>
      </trkpt>
      <trkpt lat="42.4484800" lon="9.2381500">
        <ele>0.0</ele>
      </trkpt>
      <trkpt lat="42.4485600" lon="9.2381300">
        <ele>0.0</ele>
      </trkpt>
      <trkpt lat="42.4486200" lon="9.2380900">
        <ele>0.0</ele>
      </trkpt>
      <trkpt lat="42.4486500" lon="9.2380500">
        <ele>0.0</ele>
      </trkpt>
      <trkpt lat="42.4486500" lon="9.2379800">
        <ele>0.0</ele>
      </trkpt>
      <trkpt lat="42.4486500" lon="9.2379100">
        <ele>0.0</ele>
      </trkpt>
      <trkpt lat="42.4486100" lon="9.2378300">
        <ele>0.0</ele>
      </trkpt>
      <trkpt lat="42.4484500" lon="9.2375500">
        <ele>0.0</ele>
      </trkpt>
      <trkpt lat="42.4484300" lon="9.2374400">
        <ele>0.0</ele>
      </trkpt>
      <trkpt lat="42.4484300" lon="9.2373300">
        <ele>0.0</ele>
      </trkpt>
      <trkpt lat="42.4484500" lon="9.2372800">
        <ele>0.0</ele>
      </trkpt>
      <trkpt lat="42.4485100" lon="9.2371900">
        <ele>0.0</ele>
      </trkpt>
      <trkpt lat="42.4485800" lon="9.2371400">
        <ele>0.0</ele>
      </trkpt>
      <trkpt lat="42.4489300" lon="9.2369100">
        <ele>0.0</ele>
      </trkpt>
      <trkpt lat="42.4491400" lon="9.2367000">
        <ele>0.0</ele>
      </trkpt>
      <trkpt lat="42.4492300" lon="9.2365500">
        <ele>0.0</ele>
      </trkpt>
      <trkpt lat="42.4492500" lon="9.2364700">
        <ele>0.0</ele>
      </trkpt>
      <trkpt lat="42.4492500" lon="9.2364100">
        <ele>0.0</ele>
      </trkpt>
      <trkpt lat="42.4492300" lon="9.2363600">
        <ele>0.0</ele>
      </trkpt>
      <trkpt lat="42.4491500" lon="9.2362500">
        <ele>0.0</ele>
      </trkpt>
      <trkpt lat="42.4491000" lon="9.2362000">
        <ele>0.0</ele>
      </trkpt>
      <trkpt lat="42.4490300" lon="9.2361600">
        <ele>0.0</ele>
      </trkpt>
      <trkpt lat="42.4489900" lon="9.2361000">
        <ele>0.0</ele>
      </trkpt>
      <trkpt lat="42.4489600" lon="9.2360400">
        <ele>0.0</ele>
      </trkpt>
      <trkpt lat="42.4489400" lon="9.2359700">
        <ele>0.0</ele>
      </trkpt>
      <trkpt lat="42.4489300" lon="9.2357000">
        <ele>0.0</ele>
      </trkpt>
      <trkpt lat="42.4489400" lon="9.2356000">
        <ele>0.0</ele>
      </trkpt>
      <trkpt lat="42.4490300" lon="9.2353200">
        <ele>0.0</ele>
      </trkpt>
      <trkpt lat="42.4490600" lon="9.2351600">
        <ele>0.0</ele>
      </trkpt>
      <trkpt lat="42.4490500" lon="9.2351100">
        <ele>0.0</ele>
      </trkpt>
      <trkpt lat="42.4489200" lon="9.2347900">
        <ele>0.0</ele>
      </trkpt>
      <trkpt lat="42.4488600" lon="9.2345200">
        <ele>0.0</ele>
      </trkpt>
      <trkpt lat="42.4488700" lon="9.2341700">
        <ele>0.0</ele>
      </trkpt>
      <trkpt lat="42.4488900" lon="9.2340900">
        <ele>0.0</ele>
      </trkpt>
      <trkpt lat="42.4489300" lon="9.2340300">
        <ele>0.0</ele>
      </trkpt>
      <trkpt lat="42.4490000" lon="9.2339600">
        <ele>0.0</ele>
      </trkpt>
      <trkpt lat="42.4492000" lon="9.2338300">
        <ele>0.0</ele>
      </trkpt>
      <trkpt lat="42.4492500" lon="9.2337700">
        <ele>0.0</ele>
      </trkpt>
      <trkpt lat="42.4492700" lon="9.2337200">
        <ele>0.0</ele>
      </trkpt>
      <trkpt lat="42.4492800" lon="9.2336400">
        <ele>0.0</ele>
      </trkpt>
      <trkpt lat="42.4492800" lon="9.2335600">
        <ele>0.0</ele>
      </trkpt>
      <trkpt lat="42.4492500" lon="9.2332200">
        <ele>0.0</ele>
      </trkpt>
      <trkpt lat="42.4492400" lon="9.2329200">
        <ele>0.0</ele>
      </trkpt>
      <trkpt lat="42.4492400" lon="9.2328600">
        <ele>0.0</ele>
      </trkpt>
      <trkpt lat="42.4492600" lon="9.2328000">
        <ele>0.0</ele>
      </trkpt>
      <trkpt lat="42.4493000" lon="9.2327700">
        <ele>0.0</ele>
      </trkpt>
      <trkpt lat="42.4495100" lon="9.2327400">
        <ele>0.0</ele>
      </trkpt>
      <trkpt lat="42.4497900" lon="9.2327200">
        <ele>0.0</ele>
      </trkpt>
      <trkpt lat="42.4498700" lon="9.2326900">
        <ele>0.0</ele>
      </trkpt>
      <trkpt lat="42.4499100" lon="9.2326300">
        <ele>0.0</ele>
      </trkpt>
      <trkpt lat="42.4499500" lon="9.2325300">
        <ele>0.0</ele>
      </trkpt>
      <trkpt lat="42.4499700" lon="9.2324400">
        <ele>0.0</ele>
      </trkpt>
      <trkpt lat="42.4499600" lon="9.2315500">
        <ele>0.0</ele>
      </trkpt>
      <trkpt lat="42.4499900" lon="9.2311200">
        <ele>0.0</ele>
      </trkpt>
      <trkpt lat="42.4500300" lon="9.2306300">
        <ele>0.0</ele>
      </trkpt>
      <trkpt lat="42.4501400" lon="9.2298800">
        <ele>0.0</ele>
      </trkpt>
      <trkpt lat="42.4502500" lon="9.2294000">
        <ele>0.0</ele>
      </trkpt>
      <trkpt lat="42.4504400" lon="9.2288200">
        <ele>0.0</ele>
      </trkpt>
      <trkpt lat="42.4505200" lon="9.2286500">
        <ele>0.0</ele>
      </trkpt>
      <trkpt lat="42.4506000" lon="9.2285200">
        <ele>0.0</ele>
      </trkpt>
      <trkpt lat="42.4506800" lon="9.2283700">
        <ele>0.0</ele>
      </trkpt>
      <trkpt lat="42.4507300" lon="9.2283300">
        <ele>0.0</ele>
      </trkpt>
      <trkpt lat="42.4507500" lon="9.2283100">
        <ele>0.0</ele>
      </trkpt>
      <trkpt lat="42.4508000" lon="9.2283000">
        <ele>0.0</ele>
      </trkpt>
      <trkpt lat="42.4511700" lon="9.2284100">
        <ele>0.0</ele>
      </trkpt>
      <trkpt lat="42.4515400" lon="9.2285100">
        <ele>0.0</ele>
      </trkpt>
      <trkpt lat="42.4516300" lon="9.2285100">
        <ele>0.0</ele>
      </trkpt>
      <trkpt lat="42.4517100" lon="9.2284800">
        <ele>0.0</ele>
      </trkpt>
      <trkpt lat="42.4518200" lon="9.2283700">
        <ele>0.0</ele>
      </trkpt>
      <trkpt lat="42.4518600" lon="9.2282900">
        <ele>0.0</ele>
      </trkpt>
      <trkpt lat="42.4518700" lon="9.2282000">
        <ele>0.0</ele>
      </trkpt>
      <trkpt lat="42.4518700" lon="9.2280700">
        <ele>0.0</ele>
      </trkpt>
      <trkpt lat="42.4517500" lon="9.2277100">
        <ele>0.0</ele>
      </trkpt>
      <trkpt lat="42.4517300" lon="9.2275700">
        <ele>0.0</ele>
      </trkpt>
      <trkpt lat="42.4517300" lon="9.2275100">
        <ele>0.0</ele>
      </trkpt>
      <trkpt lat="42.4518200" lon="9.2273800">
        <ele>0.0</ele>
      </trkpt>
      <trkpt lat="42.4519700" lon="9.2272200">
        <ele>0.0</ele>
      </trkpt>
      <trkpt lat="42.4521800" lon="9.2269300">
        <ele>0.0</ele>
      </trkpt>
      <trkpt lat="42.4523700" lon="9.2267400">
        <ele>0.0</ele>
      </trkpt>
      <trkpt lat="42.4524300" lon="9.2267100">
        <ele>0.0</ele>
      </trkpt>
      <trkpt lat="42.4525200" lon="9.2267000">
        <ele>0.0</ele>
      </trkpt>
      <trkpt lat="42.4527400" lon="9.2267000">
        <ele>0.0</ele>
      </trkpt>
      <trkpt lat="42.4530900" lon="9.2267500">
        <ele>0.0</ele>
      </trkpt>
      <trkpt lat="42.4531300" lon="9.2267600">
        <ele>0.0</ele>
      </trkpt>
      <trkpt lat="42.4532500" lon="9.2267600">
        <ele>0.0</ele>
      </trkpt>
      <trkpt lat="42.4533200" lon="9.2267400">
        <ele>0.0</ele>
      </trkpt>
      <trkpt lat="42.4533500" lon="9.2267100">
        <ele>0.0</ele>
      </trkpt>
      <trkpt lat="42.4533900" lon="9.2266600">
        <ele>0.0</ele>
      </trkpt>
      <trkpt lat="42.4534100" lon="9.2266000">
        <ele>0.0</ele>
      </trkpt>
      <trkpt lat="42.4534100" lon="9.2265500">
        <ele>0.0</ele>
      </trkpt>
      <trkpt lat="42.4534100" lon="9.2265100">
        <ele>0.0</ele>
      </trkpt>
      <trkpt lat="42.4534000" lon="9.2264700">
        <ele>0.0</ele>
      </trkpt>
      <trkpt lat="42.4529900" lon="9.2256400">
        <ele>0.0</ele>
      </trkpt>
      <trkpt lat="42.4529200" lon="9.2254300">
        <ele>0.0</ele>
      </trkpt>
      <trkpt lat="42.4529100" lon="9.2253100">
        <ele>0.0</ele>
      </trkpt>
      <trkpt lat="42.4529200" lon="9.2252400">
        <ele>0.0</ele>
      </trkpt>
      <trkpt lat="42.4529400" lon="9.2251900">
        <ele>0.0</ele>
      </trkpt>
      <trkpt lat="42.4530000" lon="9.2251200">
        <ele>0.0</ele>
      </trkpt>
      <trkpt lat="42.4532200" lon="9.2249200">
        <ele>0.0</ele>
      </trkpt>
      <trkpt lat="42.4532900" lon="9.2248500">
        <ele>0.0</ele>
      </trkpt>
      <trkpt lat="42.4533400" lon="9.2247800">
        <ele>0.0</ele>
      </trkpt>
      <trkpt lat="42.4533800" lon="9.2246800">
        <ele>0.0</ele>
      </trkpt>
      <trkpt lat="42.4533900" lon="9.2246100">
        <ele>0.0</ele>
      </trkpt>
      <trkpt lat="42.4533800" lon="9.2245300">
        <ele>0.0</ele>
      </trkpt>
      <trkpt lat="42.4532800" lon="9.2241800">
        <ele>0.0</ele>
      </trkpt>
      <trkpt lat="42.4532600" lon="9.2240200">
        <ele>0.0</ele>
      </trkpt>
      <trkpt lat="42.4532800" lon="9.2237300">
        <ele>0.0</ele>
      </trkpt>
      <trkpt lat="42.4533400" lon="9.2234500">
        <ele>0.0</ele>
      </trkpt>
      <trkpt lat="42.4533800" lon="9.2233200">
        <ele>0.0</ele>
      </trkpt>
      <trkpt lat="42.4534900" lon="9.2229800">
        <ele>0.0</ele>
      </trkpt>
      <trkpt lat="42.4535700" lon="9.2227200">
        <ele>0.0</ele>
      </trkpt>
      <trkpt lat="42.4535800" lon="9.2225600">
        <ele>0.0</ele>
      </trkpt>
      <trkpt lat="42.4535000" lon="9.2218600">
        <ele>0.0</ele>
      </trkpt>
      <trkpt lat="42.4534500" lon="9.2216400">
        <ele>0.0</ele>
      </trkpt>
      <trkpt lat="42.4533100" lon="9.2213100">
        <ele>0.0</ele>
      </trkpt>
      <trkpt lat="42.4532800" lon="9.2211400">
        <ele>0.0</ele>
      </trkpt>
      <trkpt lat="42.4532600" lon="9.2209900">
        <ele>0.0</ele>
      </trkpt>
      <trkpt lat="42.4532500" lon="9.2206000">
        <ele>0.0</ele>
      </trkpt>
      <trkpt lat="42.4532700" lon="9.2203400">
        <ele>0.0</ele>
      </trkpt>
      <trkpt lat="42.4532900" lon="9.2202000">
        <ele>0.0</ele>
      </trkpt>
      <trkpt lat="42.4533400" lon="9.2200000">
        <ele>0.0</ele>
      </trkpt>
      <trkpt lat="42.4534700" lon="9.2196900">
        <ele>0.0</ele>
      </trkpt>
      <trkpt lat="42.4535400" lon="9.2195800">
        <ele>0.0</ele>
      </trkpt>
      <trkpt lat="42.4537000" lon="9.2194200">
        <ele>0.0</ele>
      </trkpt>
      <trkpt lat="42.4539100" lon="9.2192500">
        <ele>0.0</ele>
      </trkpt>
      <trkpt lat="42.4540200" lon="9.2191900">
        <ele>0.0</ele>
      </trkpt>
      <trkpt lat="42.4541500" lon="9.2191600">
        <ele>0.0</ele>
      </trkpt>
      <trkpt lat="42.4542100" lon="9.2191600">
        <ele>0.0</ele>
      </trkpt>
      <trkpt lat="42.4542900" lon="9.2191800">
        <ele>0.0</ele>
      </trkpt>
      <trkpt lat="42.4543700" lon="9.2192200">
        <ele>0.0</ele>
      </trkpt>
      <trkpt lat="42.4546100" lon="9.2194000">
        <ele>0.0</ele>
      </trkpt>
      <trkpt lat="42.4546500" lon="9.2194200">
        <ele>0.0</ele>
      </trkpt>
      <trkpt lat="42.4546800" lon="9.2194200">
        <ele>0.0</ele>
      </trkpt>
      <trkpt lat="42.4547300" lon="9.2194100">
        <ele>0.0</ele>
      </trkpt>
      <trkpt lat="42.4547500" lon="9.2193900">
        <ele>0.0</ele>
      </trkpt>
      <trkpt lat="42.4547800" lon="9.2193300">
        <ele>0.0</ele>
      </trkpt>
      <trkpt lat="42.4548100" lon="9.2191700">
        <ele>0.0</ele>
      </trkpt>
      <trkpt lat="42.4548700" lon="9.2187700">
        <ele>0.0</ele>
      </trkpt>
      <trkpt lat="42.4549000" lon="9.2186200">
        <ele>0.0</ele>
      </trkpt>
      <trkpt lat="42.4550200" lon="9.2182800">
        <ele>0.0</ele>
      </trkpt>
      <trkpt lat="42.4551700" lon="9.2180600">
        <ele>0.0</ele>
      </trkpt>
      <trkpt lat="42.4553100" lon="9.2179100">
        <ele>0.0</ele>
      </trkpt>
      <trkpt lat="42.4553900" lon="9.2178500">
        <ele>0.0</ele>
      </trkpt>
      <trkpt lat="42.4554700" lon="9.2178100">
        <ele>0.0</ele>
      </trkpt>
      <trkpt lat="42.4557500" lon="9.2177000">
        <ele>0.0</ele>
      </trkpt>
      <trkpt lat="42.4561200" lon="9.2176100">
        <ele>0.0</ele>
      </trkpt>
      <trkpt lat="42.4562000" lon="9.2175600">
        <ele>0.0</ele>
      </trkpt>
      <trkpt lat="42.4562500" lon="9.2175000">
        <ele>0.0</ele>
      </trkpt>
      <trkpt lat="42.4562800" lon="9.2174300">
        <ele>0.0</ele>
      </trkpt>
      <trkpt lat="42.4562900" lon="9.2173800">
        <ele>0.0</ele>
      </trkpt>
      <trkpt lat="42.4562800" lon="9.2173000">
        <ele>0.0</ele>
      </trkpt>
      <trkpt lat="42.4562700" lon="9.2172300">
        <ele>0.0</ele>
      </trkpt>
      <trkpt lat="42.4561400" lon="9.2168800">
        <ele>0.0</ele>
      </trkpt>
      <trkpt lat="42.4561200" lon="9.2167800">
        <ele>0.0</ele>
      </trkpt>
      <trkpt lat="42.4561100" lon="9.2166700">
        <ele>0.0</ele>
      </trkpt>
      <trkpt lat="42.4561300" lon="9.2165500">
        <ele>0.0</ele>
      </trkpt>
      <trkpt lat="42.4561400" lon="9.2164700">
        <ele>0.0</ele>
      </trkpt>
      <trkpt lat="42.4562000" lon="9.2162700">
        <ele>0.0</ele>
      </trkpt>
      <trkpt lat="42.4562100" lon="9.2161200">
        <ele>0.0</ele>
      </trkpt>
      <trkpt lat="42.4562000" lon="9.2159900">
        <ele>0.0</ele>
      </trkpt>
      <trkpt lat="42.4561900" lon="9.2156500">
        <ele>0.0</ele>
      </trkpt>
      <trkpt lat="42.4562200" lon="9.2154500">
        <ele>0.0</ele>
      </trkpt>
      <trkpt lat="42.4562400" lon="9.2154200">
        <ele>0.0</ele>
      </trkpt>
      <trkpt lat="42.4562800" lon="9.2153800">
        <ele>0.0</ele>
      </trkpt>
      <trkpt lat="42.4563800" lon="9.2152800">
        <ele>0.0</ele>
      </trkpt>
      <trkpt lat="42.4566200" lon="9.2151400">
        <ele>0.0</ele>
      </trkpt>
      <trkpt lat="42.4570800" lon="9.2148700">
        <ele>0.0</ele>
      </trkpt>
      <trkpt lat="42.4575000" lon="9.2146500">
        <ele>0.0</ele>
      </trkpt>
      <trkpt lat="42.4577600" lon="9.2145600">
        <ele>0.0</ele>
      </trkpt>
      <trkpt lat="42.4579700" lon="9.2144300">
        <ele>0.0</ele>
      </trkpt>
      <trkpt lat="42.4580300" lon="9.2143500">
        <ele>0.0</ele>
      </trkpt>
      <trkpt lat="42.4580700" lon="9.2142800">
        <ele>0.0</ele>
      </trkpt>
      <trkpt lat="42.4582000" lon="9.2140900">
        <ele>0.0</ele>
      </trkpt>
      <trkpt lat="42.4582800" lon="9.2140300">
        <ele>0.0</ele>
      </trkpt>
      <trkpt lat="42.4583000" lon="9.2140100">
        <ele>0.0</ele>
      </trkpt>
      <trkpt lat="42.4583400" lon="9.2139900">
        <ele>0.0</ele>
      </trkpt>
      <trkpt lat="42.4583900" lon="9.2139900">
        <ele>0.0</ele>
      </trkpt>
      <trkpt lat="42.4584500" lon="9.2139900">
        <ele>0.0</ele>
      </trkpt>
      <trkpt lat="42.4584900" lon="9.2140000">
        <ele>0.0</ele>
      </trkpt>
      <trkpt lat="42.4585300" lon="9.2140300">
        <ele>0.0</ele>
      </trkpt>
      <trkpt lat="42.4585700" lon="9.2140600">
        <ele>0.0</ele>
      </trkpt>
      <trkpt lat="42.4589300" lon="9.2144500">
        <ele>0.0</ele>
      </trkpt>
      <trkpt lat="42.4589700" lon="9.2144700">
        <ele>0.0</ele>
      </trkpt>
      <trkpt lat="42.4590000" lon="9.2144700">
        <ele>0.0</ele>
      </trkpt>
      <trkpt lat="42.4590400" lon="9.2144700">
        <ele>0.0</ele>
      </trkpt>
      <trkpt lat="42.4590700" lon="9.2144600">
        <ele>0.0</ele>
      </trkpt>
      <trkpt lat="42.4591000" lon="9.2144400">
        <ele>0.0</ele>
      </trkpt>
      <trkpt lat="42.4591400" lon="9.2144100">
        <ele>0.0</ele>
      </trkpt>
      <trkpt lat="42.4595400" lon="9.2140500">
        <ele>0.0</ele>
      </trkpt>
      <trkpt lat="42.4596600" lon="9.2138900">
        <ele>0.0</ele>
      </trkpt>
      <trkpt lat="42.4597000" lon="9.2138100">
        <ele>0.0</ele>
      </trkpt>
      <trkpt lat="42.4597100" lon="9.2137100">
        <ele>0.0</ele>
      </trkpt>
      <trkpt lat="42.4597100" lon="9.2136000">
        <ele>0.0</ele>
      </trkpt>
      <trkpt lat="42.4596900" lon="9.2134000">
        <ele>0.0</ele>
      </trkpt>
      <trkpt lat="42.4596700" lon="9.2132900">
        <ele>0.0</ele>
      </trkpt>
      <trkpt lat="42.4596700" lon="9.2130700">
        <ele>0.0</ele>
      </trkpt>
      <trkpt lat="42.4596900" lon="9.2129900">
        <ele>0.0</ele>
      </trkpt>
      <trkpt lat="42.4597700" lon="9.2128300">
        <ele>0.0</ele>
      </trkpt>
      <trkpt lat="42.4598300" lon="9.2126900">
        <ele>0.0</ele>
      </trkpt>
      <trkpt lat="42.4598700" lon="9.2125800">
        <ele>0.0</ele>
      </trkpt>
      <trkpt lat="42.4598900" lon="9.2124800">
        <ele>0.0</ele>
      </trkpt>
      <trkpt lat="42.4598900" lon="9.2123000">
        <ele>0.0</ele>
      </trkpt>
      <trkpt lat="42.4598700" lon="9.2121300">
        <ele>0.0</ele>
      </trkpt>
      <trkpt lat="42.4598300" lon="9.2120200">
        <ele>0.0</ele>
      </trkpt>
      <trkpt lat="42.4597600" lon="9.2119000">
        <ele>0.0</ele>
      </trkpt>
      <trkpt lat="42.4595800" lon="9.2116700">
        <ele>0.0</ele>
      </trkpt>
      <trkpt lat="42.4595300" lon="9.2116000">
        <ele>0.0</ele>
      </trkpt>
      <trkpt lat="42.4595100" lon="9.2115400">
        <ele>0.0</ele>
      </trkpt>
      <trkpt lat="42.4595000" lon="9.2114900">
        <ele>0.0</ele>
      </trkpt>
      <trkpt lat="42.4595100" lon="9.2114400">
        <ele>0.0</ele>
      </trkpt>
      <trkpt lat="42.4595300" lon="9.2114000">
        <ele>0.0</ele>
      </trkpt>
      <trkpt lat="42.4595800" lon="9.2113700">
        <ele>0.0</ele>
      </trkpt>
      <trkpt lat="42.4596200" lon="9.2113400">
        <ele>0.0</ele>
      </trkpt>
      <trkpt lat="42.4597600" lon="9.2113100">
        <ele>0.0</ele>
      </trkpt>
      <trkpt lat="42.4600600" lon="9.2112400">
        <ele>0.0</ele>
      </trkpt>
      <trkpt lat="42.4601400" lon="9.2112000">
        <ele>0.0</ele>
      </trkpt>
      <trkpt lat="42.4603700" lon="9.2110400">
        <ele>0.0</ele>
      </trkpt>
      <trkpt lat="42.4605100" lon="9.2109900">
        <ele>0.0</ele>
      </trkpt>
      <trkpt lat="42.4605900" lon="9.2109800">
        <ele>0.0</ele>
      </trkpt>
      <trkpt lat="42.4607500" lon="9.2110100">
        <ele>0.0</ele>
      </trkpt>
      <trkpt lat="42.4610000" lon="9.2109700">
        <ele>0.0</ele>
      </trkpt>
      <trkpt lat="42.4611800" lon="9.2109400">
        <ele>0.0</ele>
      </trkpt>
      <trkpt lat="42.4612200" lon="9.2109100">
        <ele>0.0</ele>
      </trkpt>
      <trkpt lat="42.4612500" lon="9.2108700">
        <ele>0.0</ele>
      </trkpt>
      <trkpt lat="42.4613400" lon="9.2106100">
        <ele>0.0</ele>
      </trkpt>
      <trkpt lat="42.4613600" lon="9.2104900">
        <ele>0.0</ele>
      </trkpt>
      <trkpt lat="42.4614400" lon="9.2102700">
        <ele>0.0</ele>
      </trkpt>
      <trkpt lat="42.4615600" lon="9.2101100">
        <ele>0.0</ele>
      </trkpt>
      <trkpt lat="42.4618900" lon="9.2098200">
        <ele>0.0</ele>
      </trkpt>
      <trkpt lat="42.4621100" lon="9.2095900">
        <ele>0.0</ele>
      </trkpt>
      <trkpt lat="42.4622200" lon="9.2094500">
        <ele>0.0</ele>
      </trkpt>
      <trkpt lat="42.4624200" lon="9.2091600">
        <ele>0.0</ele>
      </trkpt>
      <trkpt lat="42.4624500" lon="9.2091000">
        <ele>0.0</ele>
      </trkpt>
      <trkpt lat="42.4625700" lon="9.2088500">
        <ele>0.0</ele>
      </trkpt>
      <trkpt lat="42.4627800" lon="9.2083200">
        <ele>0.0</ele>
      </trkpt>
      <trkpt lat="42.4629800" lon="9.2078100">
        <ele>0.0</ele>
      </trkpt>
      <trkpt lat="42.4631400" lon="9.2071100">
        <ele>0.0</ele>
      </trkpt>
      <trkpt lat="42.4631000" lon="9.2071000">
        <ele>0.0</ele>
      </trkpt>
      <trkpt lat="42.4630600" lon="9.2070700">
        <ele>0.0</ele>
      </trkpt>
      <trkpt lat="42.4630000" lon="9.2069900">
        <ele>0.0</ele>
      </trkpt>
      <trkpt lat="42.4629700" lon="9.2069700">
        <ele>0.0</ele>
      </trkpt>
      <trkpt lat="42.4629100" lon="9.2068900">
        <ele>0.0</ele>
      </trkpt>
      <trkpt lat="42.4627800" lon="9.2067300">
        <ele>0.0</ele>
      </trkpt>
      <trkpt lat="42.4626400" lon="9.2065700">
        <ele>0.0</ele>
      </trkpt>
      <trkpt lat="42.4626100" lon="9.2065500">
        <ele>0.0</ele>
      </trkpt>
      <trkpt lat="42.4625400" lon="9.2065000">
        <ele>0.0</ele>
      </trkpt>
      <trkpt lat="42.4625000" lon="9.2064800">
        <ele>0.0</ele>
      </trkpt>
      <trkpt lat="42.4622800" lon="9.2064000">
        <ele>0.0</ele>
      </trkpt>
      <trkpt lat="42.4622800" lon="9.2063700">
        <ele>0.0</ele>
      </trkpt>
      <trkpt lat="42.4622900" lon="9.2063200">
        <ele>0.0</ele>
      </trkpt>
      <trkpt lat="42.4622800" lon="9.2062900">
        <ele>0.0</ele>
      </trkpt>
      <trkpt lat="42.4622800" lon="9.2062600">
        <ele>0.0</ele>
      </trkpt>
      <trkpt lat="42.4622700" lon="9.2062300">
        <ele>0.0</ele>
      </trkpt>
      <trkpt lat="42.4622500" lon="9.2062200">
        <ele>0.0</ele>
      </trkpt>
      <trkpt lat="42.4622300" lon="9.2061900">
        <ele>0.0</ele>
      </trkpt>
      <trkpt lat="42.4622100" lon="9.2061800">
        <ele>0.0</ele>
      </trkpt>
      <trkpt lat="42.4621700" lon="9.2061700">
        <ele>0.0</ele>
      </trkpt>
      <trkpt lat="42.4621400" lon="9.2061700">
        <ele>0.0</ele>
      </trkpt>
      <trkpt lat="42.4621100" lon="9.2061800">
        <ele>0.0</ele>
      </trkpt>
      <trkpt lat="42.4620800" lon="9.2062000">
        <ele>0.0</ele>
      </trkpt>
      <trkpt lat="42.4620600" lon="9.2062300">
        <ele>0.0</ele>
      </trkpt>
      <trkpt lat="42.4620400" lon="9.2062700">
        <ele>0.0</ele>
      </trkpt>
      <trkpt lat="42.4620300" lon="9.2063200">
        <ele>0.0</ele>
      </trkpt>
      <trkpt lat="42.4620300" lon="9.2063700">
        <ele>0.0</ele>
      </trkpt>
      <trkpt lat="42.4620400" lon="9.2064000">
        <ele>0.0</ele>
      </trkpt>
      <trkpt lat="42.4620600" lon="9.2064400">
        <ele>0.0</ele>
      </trkpt>
      <trkpt lat="42.4620900" lon="9.2064600">
        <ele>0.0</ele>
      </trkpt>
      <trkpt lat="42.4621200" lon="9.2064800">
        <ele>0.0</ele>
      </trkpt>
      <trkpt lat="42.4621400" lon="9.2064800">
        <ele>0.0</ele>
      </trkpt>
      <trkpt lat="42.4621600" lon="9.2064800">
        <ele>0.0</ele>
      </trkpt>
      <trkpt lat="42.4621800" lon="9.2064800">
        <ele>0.0</ele>
      </trkpt>
      <trkpt lat="42.4622000" lon="9.2064800">
        <ele>0.0</ele>
      </trkpt>
      <trkpt lat="42.4622300" lon="9.2064600">
        <ele>0.0</ele>
      </trkpt>
      <trkpt lat="42.4622600" lon="9.2064200">
        <ele>0.0</ele>
      </trkpt>
      <trkpt lat="42.4622800" lon="9.2064000">
        <ele>0.0</ele>
      </trkpt>
      <trkpt lat="42.4622800" lon="9.2063700">
        <ele>0.0</ele>
      </trkpt>
      <trkpt lat="42.4622900" lon="9.2063200">
        <ele>0.0</ele>
      </trkpt>
      <trkpt lat="42.4622800" lon="9.2062900">
        <ele>0.0</ele>
      </trkpt>
      <trkpt lat="42.4622800" lon="9.2062600">
        <ele>0.0</ele>
      </trkpt>
      <trkpt lat="42.4622700" lon="9.2062300">
        <ele>0.0</ele>
      </trkpt>
      <trkpt lat="42.4622500" lon="9.2062200">
        <ele>0.0</ele>
      </trkpt>
      <trkpt lat="42.4622300" lon="9.2061900">
        <ele>0.0</ele>
      </trkpt>
      <trkpt lat="42.4622800" lon="9.2061200">
        <ele>0.0</ele>
      </trkpt>
      <trkpt lat="42.4623400" lon="9.2060700">
        <ele>0.0</ele>
      </trkpt>
      <trkpt lat="42.4623700" lon="9.2060500">
        <ele>0.0</ele>
      </trkpt>
      <trkpt lat="42.4623900" lon="9.2060400">
        <ele>0.0</ele>
      </trkpt>
      <trkpt lat="42.4625600" lon="9.2059900">
        <ele>0.0</ele>
      </trkpt>
      <trkpt lat="42.4625900" lon="9.2059800">
        <ele>0.0</ele>
      </trkpt>
      <trkpt lat="42.4626300" lon="9.2059600">
        <ele>0.0</ele>
      </trkpt>
      <trkpt lat="42.4626600" lon="9.2059400">
        <ele>0.0</ele>
      </trkpt>
      <trkpt lat="42.4626800" lon="9.2059200">
        <ele>0.0</ele>
      </trkpt>
      <trkpt lat="42.4627000" lon="9.2059000">
        <ele>0.0</ele>
      </trkpt>
      <trkpt lat="42.4628900" lon="9.2056900">
        <ele>0.0</ele>
      </trkpt>
      <trkpt lat="42.4631900" lon="9.2053800">
        <ele>0.0</ele>
      </trkpt>
      <trkpt lat="42.4634300" lon="9.2051200">
        <ele>0.0</ele>
      </trkpt>
      <trkpt lat="42.4637400" lon="9.2048000">
        <ele>0.0</ele>
      </trkpt>
      <trkpt lat="42.4638600" lon="9.2047400">
        <ele>0.0</ele>
      </trkpt>
      <trkpt lat="42.4639300" lon="9.2047000">
        <ele>0.0</ele>
      </trkpt>
      <trkpt lat="42.4640100" lon="9.2046800">
        <ele>0.0</ele>
      </trkpt>
      <trkpt lat="42.4641100" lon="9.2046600">
        <ele>0.0</ele>
      </trkpt>
      <trkpt lat="42.4646500" lon="9.2046400">
        <ele>0.0</ele>
      </trkpt>
      <trkpt lat="42.4652500" lon="9.2046200">
        <ele>0.0</ele>
      </trkpt>
      <trkpt lat="42.4659200" lon="9.2045900">
        <ele>0.0</ele>
      </trkpt>
      <trkpt lat="42.4688400" lon="9.2045200">
        <ele>0.0</ele>
      </trkpt>
      <trkpt lat="42.4697800" lon="9.2044900">
        <ele>0.0</ele>
      </trkpt>
      <trkpt lat="42.4699500" lon="9.2044900">
        <ele>0.0</ele>
      </trkpt>
      <trkpt lat="42.4700000" lon="9.2044900">
        <ele>0.0</ele>
      </trkpt>
      <trkpt lat="42.4707900" lon="9.2044700">
        <ele>0.0</ele>
      </trkpt>
      <trkpt lat="42.4712000" lon="9.2044600">
        <ele>0.0</ele>
      </trkpt>
      <trkpt lat="42.4714100" lon="9.2044300">
        <ele>0.0</ele>
      </trkpt>
      <trkpt lat="42.4715500" lon="9.2044100">
        <ele>0.0</ele>
      </trkpt>
      <trkpt lat="42.4717000" lon="9.2043600">
        <ele>0.0</ele>
      </trkpt>
      <trkpt lat="42.4719300" lon="9.2042600">
        <ele>0.0</ele>
      </trkpt>
      <trkpt lat="42.4724900" lon="9.2039100">
        <ele>0.0</ele>
      </trkpt>
      <trkpt lat="42.4731400" lon="9.2035000">
        <ele>0.0</ele>
      </trkpt>
      <trkpt lat="42.4751300" lon="9.2022400">
        <ele>0.0</ele>
      </trkpt>
      <trkpt lat="42.4757500" lon="9.2018400">
        <ele>0.0</ele>
      </trkpt>
      <trkpt lat="42.4771100" lon="9.2009700">
        <ele>0.0</ele>
      </trkpt>
      <trkpt lat="42.4776400" lon="9.2006400">
        <ele>0.0</ele>
      </trkpt>
      <trkpt lat="42.4779900" lon="9.2004000">
        <ele>0.0</ele>
      </trkpt>
      <trkpt lat="42.4780800" lon="9.2003000">
        <ele>0.0</ele>
      </trkpt>
      <trkpt lat="42.4781300" lon="9.2002400">
        <ele>0.0</ele>
      </trkpt>
      <trkpt lat="42.4782900" lon="9.1999800">
        <ele>0.0</ele>
      </trkpt>
      <trkpt lat="42.4783300" lon="9.1998900">
        <ele>0.0</ele>
      </trkpt>
      <trkpt lat="42.4788600" lon="9.1988000">
        <ele>0.0</ele>
      </trkpt>
      <trkpt lat="42.4789400" lon="9.1986900">
        <ele>0.0</ele>
      </trkpt>
      <trkpt lat="42.4794500" lon="9.1976200">
        <ele>0.0</ele>
      </trkpt>
      <trkpt lat="42.4794700" lon="9.1975800">
        <ele>0.0</ele>
      </trkpt>
      <trkpt lat="42.4796000" lon="9.1973900">
        <ele>0.0</ele>
      </trkpt>
      <trkpt lat="42.4796900" lon="9.1972900">
        <ele>0.0</ele>
      </trkpt>
      <trkpt lat="42.4797400" lon="9.1972500">
        <ele>0.0</ele>
      </trkpt>
      <trkpt lat="42.4799200" lon="9.1971300">
        <ele>0.0</ele>
      </trkpt>
      <trkpt lat="42.4799800" lon="9.1971000">
        <ele>0.0</ele>
      </trkpt>
      <trkpt lat="42.4801100" lon="9.1970700">
        <ele>0.0</ele>
      </trkpt>
      <trkpt lat="42.4809300" lon="9.1970200">
        <ele>0.0</ele>
      </trkpt>
      <trkpt lat="42.4810500" lon="9.1969900">
        <ele>0.0</ele>
      </trkpt>
      <trkpt lat="42.4812700" lon="9.1970200">
        <ele>0.0</ele>
      </trkpt>
      <trkpt lat="42.4813100" lon="9.1970300">
        <ele>0.0</ele>
      </trkpt>
      <trkpt lat="42.4814600" lon="9.1970900">
        <ele>0.0</ele>
      </trkpt>
      <trkpt lat="42.4817400" lon="9.1972700">
        <ele>0.0</ele>
      </trkpt>
      <trkpt lat="42.4820900" lon="9.1975400">
        <ele>0.0</ele>
      </trkpt>
      <trkpt lat="42.4822700" lon="9.1976800">
        <ele>0.0</ele>
      </trkpt>
      <trkpt lat="42.4824400" lon="9.1977900">
        <ele>0.0</ele>
      </trkpt>
      <trkpt lat="42.4825500" lon="9.1978100">
        <ele>0.0</ele>
      </trkpt>
      <trkpt lat="42.4825900" lon="9.1978100">
        <ele>0.0</ele>
      </trkpt>
      <trkpt lat="42.4826300" lon="9.1978000">
        <ele>0.0</ele>
      </trkpt>
      <trkpt lat="42.4827000" lon="9.1979200">
        <ele>0.0</ele>
      </trkpt>
      <trkpt lat="42.4827300" lon="9.1979800">
        <ele>0.0</ele>
      </trkpt>
      <trkpt lat="42.4827500" lon="9.1980500">
        <ele>0.0</ele>
      </trkpt>
      <trkpt lat="42.4827500" lon="9.1981500">
        <ele>0.0</ele>
      </trkpt>
      <trkpt lat="42.4827500" lon="9.1982400">
        <ele>0.0</ele>
      </trkpt>
      <trkpt lat="42.4827200" lon="9.1983400">
        <ele>0.0</ele>
      </trkpt>
      <trkpt lat="42.4826900" lon="9.1983900">
        <ele>0.0</ele>
      </trkpt>
      <trkpt lat="42.4825500" lon="9.1984700">
        <ele>0.0</ele>
      </trkpt>
      <trkpt lat="42.4825200" lon="9.1985300">
        <ele>0.0</ele>
      </trkpt>
      <trkpt lat="42.4825000" lon="9.1986000">
        <ele>0.0</ele>
      </trkpt>
      <trkpt lat="42.4825000" lon="9.1986900">
        <ele>0.0</ele>
      </trkpt>
      <trkpt lat="42.4825300" lon="9.1987900">
        <ele>0.0</ele>
      </trkpt>
      <trkpt lat="42.4825700" lon="9.1989000">
        <ele>0.0</ele>
      </trkpt>
      <trkpt lat="42.4826600" lon="9.1990200">
        <ele>0.0</ele>
      </trkpt>
      <trkpt lat="42.4826800" lon="9.1990800">
        <ele>0.0</ele>
      </trkpt>
      <trkpt lat="42.4827000" lon="9.1991400">
        <ele>0.0</ele>
      </trkpt>
      <trkpt lat="42.4827100" lon="9.1992000">
        <ele>0.0</ele>
      </trkpt>
      <trkpt lat="42.4827100" lon="9.1992600">
        <ele>0.0</ele>
      </trkpt>
      <trkpt lat="42.4827100" lon="9.1993300">
        <ele>0.0</ele>
      </trkpt>
      <trkpt lat="42.4826900" lon="9.1994600">
        <ele>0.0</ele>
      </trkpt>
      <trkpt lat="42.4826800" lon="9.1995300">
        <ele>0.0</ele>
      </trkpt>
      <trkpt lat="42.4827000" lon="9.1996100">
        <ele>0.0</ele>
      </trkpt>
      <trkpt lat="42.4827100" lon="9.1996900">
        <ele>0.0</ele>
      </trkpt>
      <trkpt lat="42.4827600" lon="9.1997700">
        <ele>0.0</ele>
      </trkpt>
      <trkpt lat="42.4829400" lon="9.1999100">
        <ele>0.0</ele>
      </trkpt>
      <trkpt lat="42.4829900" lon="9.1999600">
        <ele>0.0</ele>
      </trkpt>
      <trkpt lat="42.4830500" lon="9.2000500">
        <ele>0.0</ele>
      </trkpt>
      <trkpt lat="42.4830700" lon="9.2001300">
        <ele>0.0</ele>
      </trkpt>
      <trkpt lat="42.4830800" lon="9.2002300">
        <ele>0.0</ele>
      </trkpt>
      <trkpt lat="42.4830500" lon="9.2003500">
        <ele>0.0</ele>
      </trkpt>
      <trkpt lat="42.4830000" lon="9.2004800">
        <ele>0.0</ele>
      </trkpt>
      <trkpt lat="42.4829700" lon="9.2005500">
        <ele>0.0</ele>
      </trkpt>
      <trkpt lat="42.4829400" lon="9.2006000">
        <ele>0.0</ele>
      </trkpt>
      <trkpt lat="42.4829000" lon="9.2006300">
        <ele>0.0</ele>
      </trkpt>
      <trkpt lat="42.4828400" lon="9.2006600">
        <ele>0.0</ele>
      </trkpt>
      <trkpt lat="42.4826800" lon="9.2006900">
        <ele>0.0</ele>
      </trkpt>
      <trkpt lat="42.4826200" lon="9.2007200">
        <ele>0.0</ele>
      </trkpt>
      <trkpt lat="42.4825800" lon="9.2007600">
        <ele>0.0</ele>
      </trkpt>
      <trkpt lat="42.4825400" lon="9.2008400">
        <ele>0.0</ele>
      </trkpt>
      <trkpt lat="42.4825100" lon="9.2009800">
        <ele>0.0</ele>
      </trkpt>
      <trkpt lat="42.4825000" lon="9.2011900">
        <ele>0.0</ele>
      </trkpt>
      <trkpt lat="42.4825300" lon="9.2013800">
        <ele>0.0</ele>
      </trkpt>
      <trkpt lat="42.4825700" lon="9.2017100">
        <ele>0.0</ele>
      </trkpt>
      <trkpt lat="42.4825600" lon="9.2018000">
        <ele>0.0</ele>
      </trkpt>
      <trkpt lat="42.4825600" lon="9.2018600">
        <ele>0.0</ele>
      </trkpt>
      <trkpt lat="42.4825300" lon="9.2019100">
        <ele>0.0</ele>
      </trkpt>
      <trkpt lat="42.4824900" lon="9.2019400">
        <ele>0.0</ele>
      </trkpt>
      <trkpt lat="42.4824500" lon="9.2019500">
        <ele>0.0</ele>
      </trkpt>
      <trkpt lat="42.4823200" lon="9.2019500">
        <ele>0.0</ele>
      </trkpt>
      <trkpt lat="42.4822500" lon="9.2019700">
        <ele>0.0</ele>
      </trkpt>
      <trkpt lat="42.4821900" lon="9.2020100">
        <ele>0.0</ele>
      </trkpt>
      <trkpt lat="42.4821300" lon="9.2021000">
        <ele>0.0</ele>
      </trkpt>
      <trkpt lat="42.4820900" lon="9.2022000">
        <ele>0.0</ele>
      </trkpt>
      <trkpt lat="42.4820300" lon="9.2025000">
        <ele>0.0</ele>
      </trkpt>
      <trkpt lat="42.4819900" lon="9.2025700">
        <ele>0.0</ele>
      </trkpt>
      <trkpt lat="42.4819300" lon="9.2026100">
        <ele>0.0</ele>
      </trkpt>
      <trkpt lat="42.4818700" lon="9.2026200">
        <ele>0.0</ele>
      </trkpt>
      <trkpt lat="42.4815100" lon="9.2025000">
        <ele>0.0</ele>
      </trkpt>
      <trkpt lat="42.4814300" lon="9.2025000">
        <ele>0.0</ele>
      </trkpt>
      <trkpt lat="42.4813200" lon="9.2025700">
        <ele>0.0</ele>
      </trkpt>
      <trkpt lat="42.4812700" lon="9.2026200">
        <ele>0.0</ele>
      </trkpt>
      <trkpt lat="42.4812400" lon="9.2027000">
        <ele>0.0</ele>
      </trkpt>
      <trkpt lat="42.4812300" lon="9.2027800">
        <ele>0.0</ele>
      </trkpt>
      <trkpt lat="42.4812700" lon="9.2029700">
        <ele>0.0</ele>
      </trkpt>
      <trkpt lat="42.4812700" lon="9.2030300">
        <ele>0.0</ele>
      </trkpt>
      <trkpt lat="42.4812500" lon="9.2031000">
        <ele>0.0</ele>
      </trkpt>
      <trkpt lat="42.4811900" lon="9.2031700">
        <ele>0.0</ele>
      </trkpt>
      <trkpt lat="42.4808100" lon="9.2037400">
        <ele>0.0</ele>
      </trkpt>
      <trkpt lat="42.4806800" lon="9.2038700">
        <ele>0.0</ele>
      </trkpt>
      <trkpt lat="42.4802300" lon="9.2041000">
        <ele>0.0</ele>
      </trkpt>
      <trkpt lat="42.4800300" lon="9.2042100">
        <ele>0.0</ele>
      </trkpt>
      <trkpt lat="42.4798700" lon="9.2043600">
        <ele>0.0</ele>
      </trkpt>
      <trkpt lat="42.4797500" lon="9.2045000">
        <ele>0.0</ele>
      </trkpt>
      <trkpt lat="42.4796900" lon="9.2046300">
        <ele>0.0</ele>
      </trkpt>
      <trkpt lat="42.4796700" lon="9.2047300">
        <ele>0.0</ele>
      </trkpt>
      <trkpt lat="42.4796700" lon="9.2048500">
        <ele>0.0</ele>
      </trkpt>
      <trkpt lat="42.4796800" lon="9.2049300">
        <ele>0.0</ele>
      </trkpt>
      <trkpt lat="42.4797200" lon="9.2050500">
        <ele>0.0</ele>
      </trkpt>
      <trkpt lat="42.4797700" lon="9.2051300">
        <ele>0.0</ele>
      </trkpt>
      <trkpt lat="42.4798300" lon="9.2051700">
        <ele>0.0</ele>
      </trkpt>
      <trkpt lat="42.4800600" lon="9.2052400">
        <ele>0.0</ele>
      </trkpt>
      <trkpt lat="42.4802000" lon="9.2053300">
        <ele>0.0</ele>
      </trkpt>
      <trkpt lat="42.4803400" lon="9.2054900">
        <ele>0.0</ele>
      </trkpt>
      <trkpt lat="42.4804600" lon="9.2056300">
        <ele>0.0</ele>
      </trkpt>
      <trkpt lat="42.4805000" lon="9.2056500">
        <ele>0.0</ele>
      </trkpt>
      <trkpt lat="42.4805700" lon="9.2056600">
        <ele>0.0</ele>
      </trkpt>
      <trkpt lat="42.4807700" lon="9.2056400">
        <ele>0.0</ele>
      </trkpt>
      <trkpt lat="42.4808400" lon="9.2056600">
        <ele>0.0</ele>
      </trkpt>
      <trkpt lat="42.4809000" lon="9.2056800">
        <ele>0.0</ele>
      </trkpt>
      <trkpt lat="42.4813100" lon="9.2059800">
        <ele>0.0</ele>
      </trkpt>
      <trkpt lat="42.4813900" lon="9.2060700">
        <ele>0.0</ele>
      </trkpt>
      <trkpt lat="42.4814100" lon="9.2061400">
        <ele>0.0</ele>
      </trkpt>
      <trkpt lat="42.4814100" lon="9.2062100">
        <ele>0.0</ele>
      </trkpt>
      <trkpt lat="42.4813900" lon="9.2062900">
        <ele>0.0</ele>
      </trkpt>
      <trkpt lat="42.4813200" lon="9.2063700">
        <ele>0.0</ele>
      </trkpt>
      <trkpt lat="42.4812300" lon="9.2064400">
        <ele>0.0</ele>
      </trkpt>
      <trkpt lat="42.4810000" lon="9.2065400">
        <ele>0.0</ele>
      </trkpt>
      <trkpt lat="42.4809400" lon="9.2065600">
        <ele>0.0</ele>
      </trkpt>
      <trkpt lat="42.4808500" lon="9.2066700">
        <ele>0.0</ele>
      </trkpt>
      <trkpt lat="42.4807600" lon="9.2068300">
        <ele>0.0</ele>
      </trkpt>
      <trkpt lat="42.4805600" lon="9.2071000">
        <ele>0.0</ele>
      </trkpt>
      <trkpt lat="42.4804400" lon="9.2071900">
        <ele>0.0</ele>
      </trkpt>
      <trkpt lat="42.4803800" lon="9.2072200">
        <ele>0.0</ele>
      </trkpt>
      <trkpt lat="42.4803200" lon="9.2072200">
        <ele>0.0</ele>
      </trkpt>
      <trkpt lat="42.4802000" lon="9.2071200">
        <ele>0.0</ele>
      </trkpt>
      <trkpt lat="42.4800400" lon="9.2069600">
        <ele>0.0</ele>
      </trkpt>
      <trkpt lat="42.4799800" lon="9.2068900">
        <ele>0.0</ele>
      </trkpt>
      <trkpt lat="42.4798300" lon="9.2066900">
        <ele>0.0</ele>
      </trkpt>
      <trkpt lat="42.4796700" lon="9.2065900">
        <ele>0.0</ele>
      </trkpt>
      <trkpt lat="42.4795600" lon="9.2065400">
        <ele>0.0</ele>
      </trkpt>
      <trkpt lat="42.4795300" lon="9.2065300">
        <ele>0.0</ele>
      </trkpt>
      <trkpt lat="42.4794100" lon="9.2065400">
        <ele>0.0</ele>
      </trkpt>
      <trkpt lat="42.4793700" lon="9.2065500">
        <ele>0.0</ele>
      </trkpt>
      <trkpt lat="42.4791700" lon="9.2066500">
        <ele>0.0</ele>
      </trkpt>
      <trkpt lat="42.4789000" lon="9.2068400">
        <ele>0.0</ele>
      </trkpt>
      <trkpt lat="42.4786900" lon="9.2070900">
        <ele>0.0</ele>
      </trkpt>
      <trkpt lat="42.4785900" lon="9.2072200">
        <ele>0.0</ele>
      </trkpt>
      <trkpt lat="42.4781400" lon="9.2075000">
        <ele>0.0</ele>
      </trkpt>
      <trkpt lat="42.4779300" lon="9.2076000">
        <ele>0.0</ele>
      </trkpt>
      <trkpt lat="42.4777700" lon="9.2077200">
        <ele>0.0</ele>
      </trkpt>
      <trkpt lat="42.4776000" lon="9.2079700">
        <ele>0.0</ele>
      </trkpt>
      <trkpt lat="42.4775100" lon="9.2082800">
        <ele>0.0</ele>
      </trkpt>
      <trkpt lat="42.4774800" lon="9.2084500">
        <ele>0.0</ele>
      </trkpt>
      <trkpt lat="42.4775000" lon="9.2086600">
        <ele>0.0</ele>
      </trkpt>
      <trkpt lat="42.4775800" lon="9.2088500">
        <ele>0.0</ele>
      </trkpt>
      <trkpt lat="42.4778500" lon="9.2091700">
        <ele>0.0</ele>
      </trkpt>
      <trkpt lat="42.4779800" lon="9.2093300">
        <ele>0.0</ele>
      </trkpt>
      <trkpt lat="42.4781100" lon="9.2094500">
        <ele>0.0</ele>
      </trkpt>
      <trkpt lat="42.4782000" lon="9.2095100">
        <ele>0.0</ele>
      </trkpt>
      <trkpt lat="42.4782500" lon="9.2095600">
        <ele>0.0</ele>
      </trkpt>
      <trkpt lat="42.4784000" lon="9.2097300">
        <ele>0.0</ele>
      </trkpt>
      <trkpt lat="42.4784400" lon="9.2097900">
        <ele>0.0</ele>
      </trkpt>
      <trkpt lat="42.4785700" lon="9.2101600">
        <ele>0.0</ele>
      </trkpt>
      <trkpt lat="42.4786200" lon="9.2103400">
        <ele>0.0</ele>
      </trkpt>
      <trkpt lat="42.4786800" lon="9.2104700">
        <ele>0.0</ele>
      </trkpt>
      <trkpt lat="42.4787100" lon="9.2105100">
        <ele>0.0</ele>
      </trkpt>
      <trkpt lat="42.4787400" lon="9.2105700">
        <ele>0.0</ele>
      </trkpt>
      <trkpt lat="42.4788000" lon="9.2106600">
        <ele>0.0</ele>
      </trkpt>
      <trkpt lat="42.4788500" lon="9.2108200">
        <ele>0.0</ele>
      </trkpt>
      <trkpt lat="42.4789000" lon="9.2110100">
        <ele>0.0</ele>
      </trkpt>
      <trkpt lat="42.4789200" lon="9.2110800">
        <ele>0.0</ele>
      </trkpt>
      <trkpt lat="42.4789800" lon="9.2111800">
        <ele>0.0</ele>
      </trkpt>
      <trkpt lat="42.4790100" lon="9.2112100">
        <ele>0.0</ele>
      </trkpt>
      <trkpt lat="42.4790900" lon="9.2112600">
        <ele>0.0</ele>
      </trkpt>
      <trkpt lat="42.4793800" lon="9.2114200">
        <ele>0.0</ele>
      </trkpt>
      <trkpt lat="42.4794100" lon="9.2114700">
        <ele>0.0</ele>
      </trkpt>
      <trkpt lat="42.4794200" lon="9.2115300">
        <ele>0.0</ele>
      </trkpt>
      <trkpt lat="42.4793900" lon="9.2115900">
        <ele>0.0</ele>
      </trkpt>
      <trkpt lat="42.4793500" lon="9.2116500">
        <ele>0.0</ele>
      </trkpt>
      <trkpt lat="42.4792800" lon="9.2117000">
        <ele>0.0</ele>
      </trkpt>
      <trkpt lat="42.4789600" lon="9.2119700">
        <ele>0.0</ele>
      </trkpt>
      <trkpt lat="42.4787400" lon="9.2122100">
        <ele>0.0</ele>
      </trkpt>
      <trkpt lat="42.4785000" lon="9.2124000">
        <ele>0.0</ele>
      </trkpt>
      <trkpt lat="42.4783000" lon="9.2125000">
        <ele>0.0</ele>
      </trkpt>
      <trkpt lat="42.4782000" lon="9.2126100">
        <ele>0.0</ele>
      </trkpt>
      <trkpt lat="42.4780700" lon="9.2128700">
        <ele>0.0</ele>
      </trkpt>
      <trkpt lat="42.4779400" lon="9.2132800">
        <ele>0.0</ele>
      </trkpt>
      <trkpt lat="42.4777000" lon="9.2138700">
        <ele>0.0</ele>
      </trkpt>
      <trkpt lat="42.4775100" lon="9.2142700">
        <ele>0.0</ele>
      </trkpt>
      <trkpt lat="42.4775000" lon="9.2148100">
        <ele>0.0</ele>
      </trkpt>
      <trkpt lat="42.4775500" lon="9.2154300">
        <ele>0.0</ele>
      </trkpt>
      <trkpt lat="42.4776000" lon="9.2157400">
        <ele>0.0</ele>
      </trkpt>
      <trkpt lat="42.4776900" lon="9.2159700">
        <ele>0.0</ele>
      </trkpt>
      <trkpt lat="42.4778400" lon="9.2162600">
        <ele>0.0</ele>
      </trkpt>
      <trkpt lat="42.4781500" lon="9.2166700">
        <ele>0.0</ele>
      </trkpt>
      <trkpt lat="42.4782800" lon="9.2167900">
        <ele>0.0</ele>
      </trkpt>
      <trkpt lat="42.4784900" lon="9.2169100">
        <ele>0.0</ele>
      </trkpt>
      <trkpt lat="42.4788300" lon="9.2170100">
        <ele>0.0</ele>
      </trkpt>
      <trkpt lat="42.4791700" lon="9.2172000">
        <ele>0.0</ele>
      </trkpt>
      <trkpt lat="42.4793200" lon="9.2173000">
        <ele>0.0</ele>
      </trkpt>
      <trkpt lat="42.4795000" lon="9.2174600">
        <ele>0.0</ele>
      </trkpt>
      <trkpt lat="42.4795900" lon="9.2175600">
        <ele>0.0</ele>
      </trkpt>
      <trkpt lat="42.4796400" lon="9.2176600">
        <ele>0.0</ele>
      </trkpt>
      <trkpt lat="42.4796400" lon="9.2177800">
        <ele>0.0</ele>
      </trkpt>
      <trkpt lat="42.4796000" lon="9.2178500">
        <ele>0.0</ele>
      </trkpt>
      <trkpt lat="42.4793100" lon="9.2178800">
        <ele>0.0</ele>
      </trkpt>
      <trkpt lat="42.4788600" lon="9.2180000">
        <ele>0.0</ele>
      </trkpt>
      <trkpt lat="42.4785900" lon="9.2181500">
        <ele>0.0</ele>
      </trkpt>
      <trkpt lat="42.4783800" lon="9.2183700">
        <ele>0.0</ele>
      </trkpt>
      <trkpt lat="42.4782500" lon="9.2185700">
        <ele>0.0</ele>
      </trkpt>
      <trkpt lat="42.4781700" lon="9.2189500">
        <ele>0.0</ele>
      </trkpt>
      <trkpt lat="42.4781400" lon="9.2191600">
        <ele>0.0</ele>
      </trkpt>
      <trkpt lat="42.4780900" lon="9.2192800">
        <ele>0.0</ele>
      </trkpt>
      <trkpt lat="42.4780000" lon="9.2193700">
        <ele>0.0</ele>
      </trkpt>
      <trkpt lat="42.4773500" lon="9.2197300">
        <ele>0.0</ele>
      </trkpt>
      <trkpt lat="42.4772400" lon="9.2198600">
        <ele>0.0</ele>
      </trkpt>
      <trkpt lat="42.4768400" lon="9.2195900">
        <ele>0.0</ele>
      </trkpt>
      <trkpt lat="42.4767400" lon="9.2195800">
        <ele>0.0</ele>
      </trkpt>
      <trkpt lat="42.4767100" lon="9.2195900">
        <ele>0.0</ele>
      </trkpt>
      <trkpt lat="42.4767000" lon="9.2196500">
        <ele>0.0</ele>
      </trkpt>
      <trkpt lat="42.4767100" lon="9.2198700">
        <ele>0.0</ele>
      </trkpt>
      <trkpt lat="42.4767000" lon="9.2196500">
        <ele>0.0</ele>
      </trkpt>
      <trkpt lat="42.4767100" lon="9.2195900">
        <ele>0.0</ele>
      </trkpt>
      <trkpt lat="42.4767400" lon="9.2195800">
        <ele>0.0</ele>
      </trkpt>
      <trkpt lat="42.4768400" lon="9.2195900">
        <ele>0.0</ele>
      </trkpt>
      <trkpt lat="42.4772400" lon="9.2198600">
        <ele>0.0</ele>
      </trkpt>
      <trkpt lat="42.4773500" lon="9.2197300">
        <ele>0.0</ele>
      </trkpt>
      <trkpt lat="42.4780000" lon="9.2193700">
        <ele>0.0</ele>
      </trkpt>
      <trkpt lat="42.4780900" lon="9.2192800">
        <ele>0.0</ele>
      </trkpt>
      <trkpt lat="42.4781400" lon="9.2191600">
        <ele>0.0</ele>
      </trkpt>
      <trkpt lat="42.4781700" lon="9.2189500">
        <ele>0.0</ele>
      </trkpt>
      <trkpt lat="42.4782500" lon="9.2185700">
        <ele>0.0</ele>
      </trkpt>
      <trkpt lat="42.4783800" lon="9.2183700">
        <ele>0.0</ele>
      </trkpt>
      <trkpt lat="42.4785900" lon="9.2181500">
        <ele>0.0</ele>
      </trkpt>
      <trkpt lat="42.4788600" lon="9.2180000">
        <ele>0.0</ele>
      </trkpt>
      <trkpt lat="42.4793100" lon="9.2178800">
        <ele>0.0</ele>
      </trkpt>
      <trkpt lat="42.4796000" lon="9.2178500">
        <ele>0.0</ele>
      </trkpt>
      <trkpt lat="42.4796400" lon="9.2177800">
        <ele>0.0</ele>
      </trkpt>
      <trkpt lat="42.4796400" lon="9.2176600">
        <ele>0.0</ele>
      </trkpt>
      <trkpt lat="42.4795900" lon="9.2175600">
        <ele>0.0</ele>
      </trkpt>
      <trkpt lat="42.4795000" lon="9.2174600">
        <ele>0.0</ele>
      </trkpt>
      <trkpt lat="42.4793200" lon="9.2173000">
        <ele>0.0</ele>
      </trkpt>
      <trkpt lat="42.4791700" lon="9.2172000">
        <ele>0.0</ele>
      </trkpt>
      <trkpt lat="42.4788300" lon="9.2170100">
        <ele>0.0</ele>
      </trkpt>
      <trkpt lat="42.4784900" lon="9.2169100">
        <ele>0.0</ele>
      </trkpt>
      <trkpt lat="42.4782800" lon="9.2167900">
        <ele>0.0</ele>
      </trkpt>
      <trkpt lat="42.4781500" lon="9.2166700">
        <ele>0.0</ele>
      </trkpt>
      <trkpt lat="42.4778400" lon="9.2162600">
        <ele>0.0</ele>
      </trkpt>
      <trkpt lat="42.4776900" lon="9.2159700">
        <ele>0.0</ele>
      </trkpt>
      <trkpt lat="42.4776000" lon="9.2157400">
        <ele>0.0</ele>
      </trkpt>
      <trkpt lat="42.4775500" lon="9.2154300">
        <ele>0.0</ele>
      </trkpt>
      <trkpt lat="42.4775000" lon="9.2148100">
        <ele>0.0</ele>
      </trkpt>
      <trkpt lat="42.4775100" lon="9.2142700">
        <ele>0.0</ele>
      </trkpt>
      <trkpt lat="42.4777000" lon="9.2138700">
        <ele>0.0</ele>
      </trkpt>
      <trkpt lat="42.4779400" lon="9.2132800">
        <ele>0.0</ele>
      </trkpt>
      <trkpt lat="42.4780700" lon="9.2128700">
        <ele>0.0</ele>
      </trkpt>
      <trkpt lat="42.4782000" lon="9.2126100">
        <ele>0.0</ele>
      </trkpt>
      <trkpt lat="42.4783000" lon="9.2125000">
        <ele>0.0</ele>
      </trkpt>
      <trkpt lat="42.4785000" lon="9.2124000">
        <ele>0.0</ele>
      </trkpt>
      <trkpt lat="42.4787400" lon="9.2122100">
        <ele>0.0</ele>
      </trkpt>
      <trkpt lat="42.4789600" lon="9.2119700">
        <ele>0.0</ele>
      </trkpt>
      <trkpt lat="42.4792800" lon="9.2117000">
        <ele>0.0</ele>
      </trkpt>
      <trkpt lat="42.4793500" lon="9.2116500">
        <ele>0.0</ele>
      </trkpt>
      <trkpt lat="42.4793900" lon="9.2115900">
        <ele>0.0</ele>
      </trkpt>
      <trkpt lat="42.4794200" lon="9.2115300">
        <ele>0.0</ele>
      </trkpt>
      <trkpt lat="42.4794100" lon="9.2114700">
        <ele>0.0</ele>
      </trkpt>
      <trkpt lat="42.4793800" lon="9.2114200">
        <ele>0.0</ele>
      </trkpt>
      <trkpt lat="42.4790900" lon="9.2112600">
        <ele>0.0</ele>
      </trkpt>
      <trkpt lat="42.4790100" lon="9.2112100">
        <ele>0.0</ele>
      </trkpt>
      <trkpt lat="42.4789800" lon="9.2111800">
        <ele>0.0</ele>
      </trkpt>
      <trkpt lat="42.4789200" lon="9.2110800">
        <ele>0.0</ele>
      </trkpt>
      <trkpt lat="42.4789000" lon="9.2110100">
        <ele>0.0</ele>
      </trkpt>
      <trkpt lat="42.4788500" lon="9.2108200">
        <ele>0.0</ele>
      </trkpt>
      <trkpt lat="42.4788000" lon="9.2106600">
        <ele>0.0</ele>
      </trkpt>
      <trkpt lat="42.4787400" lon="9.2105700">
        <ele>0.0</ele>
      </trkpt>
      <trkpt lat="42.4787100" lon="9.2105100">
        <ele>0.0</ele>
      </trkpt>
      <trkpt lat="42.4786800" lon="9.2104700">
        <ele>0.0</ele>
      </trkpt>
      <trkpt lat="42.4786200" lon="9.2103400">
        <ele>0.0</ele>
      </trkpt>
      <trkpt lat="42.4785700" lon="9.2101600">
        <ele>0.0</ele>
      </trkpt>
      <trkpt lat="42.4784400" lon="9.2097900">
        <ele>0.0</ele>
      </trkpt>
      <trkpt lat="42.4784000" lon="9.2097300">
        <ele>0.0</ele>
      </trkpt>
      <trkpt lat="42.4782500" lon="9.2095600">
        <ele>0.0</ele>
      </trkpt>
      <trkpt lat="42.4782000" lon="9.2095100">
        <ele>0.0</ele>
      </trkpt>
      <trkpt lat="42.4781100" lon="9.2094500">
        <ele>0.0</ele>
      </trkpt>
      <trkpt lat="42.4779800" lon="9.2093300">
        <ele>0.0</ele>
      </trkpt>
      <trkpt lat="42.4778500" lon="9.2091700">
        <ele>0.0</ele>
      </trkpt>
      <trkpt lat="42.4775800" lon="9.2088500">
        <ele>0.0</ele>
      </trkpt>
      <trkpt lat="42.4775000" lon="9.2086600">
        <ele>0.0</ele>
      </trkpt>
      <trkpt lat="42.4774800" lon="9.2084500">
        <ele>0.0</ele>
      </trkpt>
      <trkpt lat="42.4775100" lon="9.2082800">
        <ele>0.0</ele>
      </trkpt>
      <trkpt lat="42.4776000" lon="9.2079700">
        <ele>0.0</ele>
      </trkpt>
      <trkpt lat="42.4777700" lon="9.2077200">
        <ele>0.0</ele>
      </trkpt>
      <trkpt lat="42.4779300" lon="9.2076000">
        <ele>0.0</ele>
      </trkpt>
      <trkpt lat="42.4781400" lon="9.2075000">
        <ele>0.0</ele>
      </trkpt>
      <trkpt lat="42.4785900" lon="9.2072200">
        <ele>0.0</ele>
      </trkpt>
      <trkpt lat="42.4786900" lon="9.2070900">
        <ele>0.0</ele>
      </trkpt>
      <trkpt lat="42.4789000" lon="9.2068400">
        <ele>0.0</ele>
      </trkpt>
      <trkpt lat="42.4791700" lon="9.2066500">
        <ele>0.0</ele>
      </trkpt>
      <trkpt lat="42.4793700" lon="9.2065500">
        <ele>0.0</ele>
      </trkpt>
      <trkpt lat="42.4794100" lon="9.2065400">
        <ele>0.0</ele>
      </trkpt>
      <trkpt lat="42.4795300" lon="9.2065300">
        <ele>0.0</ele>
      </trkpt>
      <trkpt lat="42.4795600" lon="9.2065400">
        <ele>0.0</ele>
      </trkpt>
      <trkpt lat="42.4796700" lon="9.2065900">
        <ele>0.0</ele>
      </trkpt>
      <trkpt lat="42.4798300" lon="9.2066900">
        <ele>0.0</ele>
      </trkpt>
      <trkpt lat="42.4799800" lon="9.2068900">
        <ele>0.0</ele>
      </trkpt>
      <trkpt lat="42.4800400" lon="9.2069600">
        <ele>0.0</ele>
      </trkpt>
      <trkpt lat="42.4802000" lon="9.2071200">
        <ele>0.0</ele>
      </trkpt>
      <trkpt lat="42.4803200" lon="9.2072200">
        <ele>0.0</ele>
      </trkpt>
      <trkpt lat="42.4803800" lon="9.2072200">
        <ele>0.0</ele>
      </trkpt>
      <trkpt lat="42.4804400" lon="9.2071900">
        <ele>0.0</ele>
      </trkpt>
      <trkpt lat="42.4805600" lon="9.2071000">
        <ele>0.0</ele>
      </trkpt>
      <trkpt lat="42.4807600" lon="9.2068300">
        <ele>0.0</ele>
      </trkpt>
      <trkpt lat="42.4808500" lon="9.2066700">
        <ele>0.0</ele>
      </trkpt>
      <trkpt lat="42.4809400" lon="9.2065600">
        <ele>0.0</ele>
      </trkpt>
      <trkpt lat="42.4810000" lon="9.2065400">
        <ele>0.0</ele>
      </trkpt>
      <trkpt lat="42.4812300" lon="9.2064400">
        <ele>0.0</ele>
      </trkpt>
      <trkpt lat="42.4813200" lon="9.2063700">
        <ele>0.0</ele>
      </trkpt>
      <trkpt lat="42.4813900" lon="9.2062900">
        <ele>0.0</ele>
      </trkpt>
      <trkpt lat="42.4814100" lon="9.2062100">
        <ele>0.0</ele>
      </trkpt>
      <trkpt lat="42.4814100" lon="9.2061400">
        <ele>0.0</ele>
      </trkpt>
      <trkpt lat="42.4813900" lon="9.2060700">
        <ele>0.0</ele>
      </trkpt>
      <trkpt lat="42.4813100" lon="9.2059800">
        <ele>0.0</ele>
      </trkpt>
      <trkpt lat="42.4809000" lon="9.2056800">
        <ele>0.0</ele>
      </trkpt>
      <trkpt lat="42.4808400" lon="9.2056600">
        <ele>0.0</ele>
      </trkpt>
      <trkpt lat="42.4807700" lon="9.2056400">
        <ele>0.0</ele>
      </trkpt>
      <trkpt lat="42.4805700" lon="9.2056600">
        <ele>0.0</ele>
      </trkpt>
      <trkpt lat="42.4805000" lon="9.2056500">
        <ele>0.0</ele>
      </trkpt>
      <trkpt lat="42.4804600" lon="9.2056300">
        <ele>0.0</ele>
      </trkpt>
      <trkpt lat="42.4803400" lon="9.2054900">
        <ele>0.0</ele>
      </trkpt>
      <trkpt lat="42.4802000" lon="9.2053300">
        <ele>0.0</ele>
      </trkpt>
      <trkpt lat="42.4800600" lon="9.2052400">
        <ele>0.0</ele>
      </trkpt>
      <trkpt lat="42.4798300" lon="9.2051700">
        <ele>0.0</ele>
      </trkpt>
      <trkpt lat="42.4797700" lon="9.2051300">
        <ele>0.0</ele>
      </trkpt>
      <trkpt lat="42.4797200" lon="9.2050500">
        <ele>0.0</ele>
      </trkpt>
      <trkpt lat="42.4796800" lon="9.2049300">
        <ele>0.0</ele>
      </trkpt>
      <trkpt lat="42.4796700" lon="9.2048500">
        <ele>0.0</ele>
      </trkpt>
      <trkpt lat="42.4796700" lon="9.2047300">
        <ele>0.0</ele>
      </trkpt>
      <trkpt lat="42.4796900" lon="9.2046300">
        <ele>0.0</ele>
      </trkpt>
      <trkpt lat="42.4797500" lon="9.2045000">
        <ele>0.0</ele>
      </trkpt>
      <trkpt lat="42.4798700" lon="9.2043600">
        <ele>0.0</ele>
      </trkpt>
      <trkpt lat="42.4800300" lon="9.2042100">
        <ele>0.0</ele>
      </trkpt>
      <trkpt lat="42.4802300" lon="9.2041000">
        <ele>0.0</ele>
      </trkpt>
      <trkpt lat="42.4806800" lon="9.2038700">
        <ele>0.0</ele>
      </trkpt>
      <trkpt lat="42.4808100" lon="9.2037400">
        <ele>0.0</ele>
      </trkpt>
      <trkpt lat="42.4811900" lon="9.2031700">
        <ele>0.0</ele>
      </trkpt>
      <trkpt lat="42.4812500" lon="9.2031000">
        <ele>0.0</ele>
      </trkpt>
      <trkpt lat="42.4812700" lon="9.2030300">
        <ele>0.0</ele>
      </trkpt>
      <trkpt lat="42.4812700" lon="9.2029700">
        <ele>0.0</ele>
      </trkpt>
      <trkpt lat="42.4812300" lon="9.2027800">
        <ele>0.0</ele>
      </trkpt>
      <trkpt lat="42.4812400" lon="9.2027000">
        <ele>0.0</ele>
      </trkpt>
      <trkpt lat="42.4812700" lon="9.2026200">
        <ele>0.0</ele>
      </trkpt>
      <trkpt lat="42.4813200" lon="9.2025700">
        <ele>0.0</ele>
      </trkpt>
      <trkpt lat="42.4814300" lon="9.2025000">
        <ele>0.0</ele>
      </trkpt>
      <trkpt lat="42.4815100" lon="9.2025000">
        <ele>0.0</ele>
      </trkpt>
      <trkpt lat="42.4818700" lon="9.2026200">
        <ele>0.0</ele>
      </trkpt>
      <trkpt lat="42.4819300" lon="9.2026100">
        <ele>0.0</ele>
      </trkpt>
      <trkpt lat="42.4819900" lon="9.2025700">
        <ele>0.0</ele>
      </trkpt>
      <trkpt lat="42.4820300" lon="9.2025000">
        <ele>0.0</ele>
      </trkpt>
      <trkpt lat="42.4820900" lon="9.2022000">
        <ele>0.0</ele>
      </trkpt>
      <trkpt lat="42.4821300" lon="9.2021000">
        <ele>0.0</ele>
      </trkpt>
      <trkpt lat="42.4821900" lon="9.2020100">
        <ele>0.0</ele>
      </trkpt>
      <trkpt lat="42.4822500" lon="9.2019700">
        <ele>0.0</ele>
      </trkpt>
      <trkpt lat="42.4823200" lon="9.2019500">
        <ele>0.0</ele>
      </trkpt>
      <trkpt lat="42.4824500" lon="9.2019500">
        <ele>0.0</ele>
      </trkpt>
      <trkpt lat="42.4824900" lon="9.2019400">
        <ele>0.0</ele>
      </trkpt>
      <trkpt lat="42.4825300" lon="9.2019100">
        <ele>0.0</ele>
      </trkpt>
      <trkpt lat="42.4825600" lon="9.2018600">
        <ele>0.0</ele>
      </trkpt>
      <trkpt lat="42.4825600" lon="9.2018000">
        <ele>0.0</ele>
      </trkpt>
      <trkpt lat="42.4825700" lon="9.2017100">
        <ele>0.0</ele>
      </trkpt>
      <trkpt lat="42.4825300" lon="9.2013800">
        <ele>0.0</ele>
      </trkpt>
      <trkpt lat="42.4825000" lon="9.2011900">
        <ele>0.0</ele>
      </trkpt>
      <trkpt lat="42.4825100" lon="9.2009800">
        <ele>0.0</ele>
      </trkpt>
      <trkpt lat="42.4825400" lon="9.2008400">
        <ele>0.0</ele>
      </trkpt>
      <trkpt lat="42.4825800" lon="9.2007600">
        <ele>0.0</ele>
      </trkpt>
      <trkpt lat="42.4826200" lon="9.2007200">
        <ele>0.0</ele>
      </trkpt>
      <trkpt lat="42.4826800" lon="9.2006900">
        <ele>0.0</ele>
      </trkpt>
      <trkpt lat="42.4828400" lon="9.2006600">
        <ele>0.0</ele>
      </trkpt>
      <trkpt lat="42.4829000" lon="9.2006300">
        <ele>0.0</ele>
      </trkpt>
      <trkpt lat="42.4829400" lon="9.2006000">
        <ele>0.0</ele>
      </trkpt>
      <trkpt lat="42.4829700" lon="9.2005500">
        <ele>0.0</ele>
      </trkpt>
      <trkpt lat="42.4830000" lon="9.2004800">
        <ele>0.0</ele>
      </trkpt>
      <trkpt lat="42.4830500" lon="9.2003500">
        <ele>0.0</ele>
      </trkpt>
      <trkpt lat="42.4830800" lon="9.2002300">
        <ele>0.0</ele>
      </trkpt>
      <trkpt lat="42.4830700" lon="9.2001300">
        <ele>0.0</ele>
      </trkpt>
      <trkpt lat="42.4830500" lon="9.2000500">
        <ele>0.0</ele>
      </trkpt>
      <trkpt lat="42.4829900" lon="9.1999600">
        <ele>0.0</ele>
      </trkpt>
      <trkpt lat="42.4829400" lon="9.1999100">
        <ele>0.0</ele>
      </trkpt>
      <trkpt lat="42.4827600" lon="9.1997700">
        <ele>0.0</ele>
      </trkpt>
      <trkpt lat="42.4827100" lon="9.1996900">
        <ele>0.0</ele>
      </trkpt>
      <trkpt lat="42.4827000" lon="9.1996100">
        <ele>0.0</ele>
      </trkpt>
      <trkpt lat="42.4826800" lon="9.1995300">
        <ele>0.0</ele>
      </trkpt>
      <trkpt lat="42.4826900" lon="9.1994600">
        <ele>0.0</ele>
      </trkpt>
      <trkpt lat="42.4827100" lon="9.1993300">
        <ele>0.0</ele>
      </trkpt>
      <trkpt lat="42.4827100" lon="9.1992600">
        <ele>0.0</ele>
      </trkpt>
      <trkpt lat="42.4827100" lon="9.1992000">
        <ele>0.0</ele>
      </trkpt>
      <trkpt lat="42.4827000" lon="9.1991400">
        <ele>0.0</ele>
      </trkpt>
      <trkpt lat="42.4826800" lon="9.1990800">
        <ele>0.0</ele>
      </trkpt>
      <trkpt lat="42.4826600" lon="9.1990200">
        <ele>0.0</ele>
      </trkpt>
      <trkpt lat="42.4825700" lon="9.1989000">
        <ele>0.0</ele>
      </trkpt>
      <trkpt lat="42.4825300" lon="9.1987900">
        <ele>0.0</ele>
      </trkpt>
      <trkpt lat="42.4825000" lon="9.1986900">
        <ele>0.0</ele>
      </trkpt>
      <trkpt lat="42.4825000" lon="9.1986000">
        <ele>0.0</ele>
      </trkpt>
      <trkpt lat="42.4825200" lon="9.1985300">
        <ele>0.0</ele>
      </trkpt>
      <trkpt lat="42.4825500" lon="9.1984700">
        <ele>0.0</ele>
      </trkpt>
      <trkpt lat="42.4826900" lon="9.1983900">
        <ele>0.0</ele>
      </trkpt>
      <trkpt lat="42.4827200" lon="9.1983400">
        <ele>0.0</ele>
      </trkpt>
      <trkpt lat="42.4827500" lon="9.1982400">
        <ele>0.0</ele>
      </trkpt>
      <trkpt lat="42.4827500" lon="9.1981500">
        <ele>0.0</ele>
      </trkpt>
      <trkpt lat="42.4827500" lon="9.1980500">
        <ele>0.0</ele>
      </trkpt>
      <trkpt lat="42.4827300" lon="9.1979800">
        <ele>0.0</ele>
      </trkpt>
      <trkpt lat="42.4827000" lon="9.1979200">
        <ele>0.0</ele>
      </trkpt>
      <trkpt lat="42.4826300" lon="9.1978000">
        <ele>0.0</ele>
      </trkpt>
      <trkpt lat="42.4825900" lon="9.1978100">
        <ele>0.0</ele>
      </trkpt>
      <trkpt lat="42.4825500" lon="9.1978100">
        <ele>0.0</ele>
      </trkpt>
      <trkpt lat="42.4824400" lon="9.1977900">
        <ele>0.0</ele>
      </trkpt>
      <trkpt lat="42.4822700" lon="9.1976800">
        <ele>0.0</ele>
      </trkpt>
      <trkpt lat="42.4820900" lon="9.1975400">
        <ele>0.0</ele>
      </trkpt>
      <trkpt lat="42.4817400" lon="9.1972700">
        <ele>0.0</ele>
      </trkpt>
      <trkpt lat="42.4814600" lon="9.1970900">
        <ele>0.0</ele>
      </trkpt>
      <trkpt lat="42.4813100" lon="9.1970300">
        <ele>0.0</ele>
      </trkpt>
      <trkpt lat="42.4812700" lon="9.1970200">
        <ele>0.0</ele>
      </trkpt>
      <trkpt lat="42.4810500" lon="9.1969900">
        <ele>0.0</ele>
      </trkpt>
      <trkpt lat="42.4809400" lon="9.1969700">
        <ele>0.0</ele>
      </trkpt>
      <trkpt lat="42.4805100" lon="9.1969600">
        <ele>0.0</ele>
      </trkpt>
      <trkpt lat="42.4800500" lon="9.1969700">
        <ele>0.0</ele>
      </trkpt>
      <trkpt lat="42.4800000" lon="9.1969800">
        <ele>0.0</ele>
      </trkpt>
      <trkpt lat="42.4799200" lon="9.1970200">
        <ele>0.0</ele>
      </trkpt>
      <trkpt lat="42.4799100" lon="9.1968000">
        <ele>0.0</ele>
      </trkpt>
      <trkpt lat="42.4799300" lon="9.1966600">
        <ele>0.0</ele>
      </trkpt>
      <trkpt lat="42.4799400" lon="9.1965900">
        <ele>0.0</ele>
      </trkpt>
      <trkpt lat="42.4800300" lon="9.1963900">
        <ele>0.0</ele>
      </trkpt>
      <trkpt lat="42.4802800" lon="9.1959300">
        <ele>0.0</ele>
      </trkpt>
      <trkpt lat="42.4803100" lon="9.1958400">
        <ele>0.0</ele>
      </trkpt>
      <trkpt lat="42.4803200" lon="9.1958000">
        <ele>0.0</ele>
      </trkpt>
      <trkpt lat="42.4803200" lon="9.1957700">
        <ele>0.0</ele>
      </trkpt>
      <trkpt lat="42.4803200" lon="9.1957200">
        <ele>0.0</ele>
      </trkpt>
      <trkpt lat="42.4803200" lon="9.1956900">
        <ele>0.0</ele>
      </trkpt>
      <trkpt lat="42.4803100" lon="9.1956300">
        <ele>0.0</ele>
      </trkpt>
      <trkpt lat="42.4802900" lon="9.1955400">
        <ele>0.0</ele>
      </trkpt>
      <trkpt lat="42.4801400" lon="9.1950100">
        <ele>0.0</ele>
      </trkpt>
      <trkpt lat="42.4798800" lon="9.1942900">
        <ele>0.0</ele>
      </trkpt>
      <trkpt lat="42.4793900" lon="9.1928500">
        <ele>0.0</ele>
      </trkpt>
      <trkpt lat="42.4791200" lon="9.1920200">
        <ele>0.0</ele>
      </trkpt>
      <trkpt lat="42.4789900" lon="9.1916400">
        <ele>0.0</ele>
      </trkpt>
      <trkpt lat="42.4785800" lon="9.1904800">
        <ele>0.0</ele>
      </trkpt>
      <trkpt lat="42.4784000" lon="9.1899500">
        <ele>0.0</ele>
      </trkpt>
      <trkpt lat="42.4782000" lon="9.1891200">
        <ele>0.0</ele>
      </trkpt>
      <trkpt lat="42.4781600" lon="9.1887100">
        <ele>0.0</ele>
      </trkpt>
      <trkpt lat="42.4780400" lon="9.1877700">
        <ele>0.0</ele>
      </trkpt>
      <trkpt lat="42.4778900" lon="9.1873900">
        <ele>0.0</ele>
      </trkpt>
      <trkpt lat="42.4776700" lon="9.1868300">
        <ele>0.0</ele>
      </trkpt>
      <trkpt lat="42.4773400" lon="9.1860900">
        <ele>0.0</ele>
      </trkpt>
      <trkpt lat="42.4770100" lon="9.1851600">
        <ele>0.0</ele>
      </trkpt>
      <trkpt lat="42.4767100" lon="9.1845700">
        <ele>0.0</ele>
      </trkpt>
      <trkpt lat="42.4766100" lon="9.1843700">
        <ele>0.0</ele>
      </trkpt>
      <trkpt lat="42.4765100" lon="9.1840300">
        <ele>0.0</ele>
      </trkpt>
      <trkpt lat="42.4762900" lon="9.1834500">
        <ele>0.0</ele>
      </trkpt>
      <trkpt lat="42.4761100" lon="9.1827500">
        <ele>0.0</ele>
      </trkpt>
      <trkpt lat="42.4759600" lon="9.1822200">
        <ele>0.0</ele>
      </trkpt>
      <trkpt lat="42.4758100" lon="9.1818000">
        <ele>0.0</ele>
      </trkpt>
      <trkpt lat="42.4756900" lon="9.1813400">
        <ele>0.0</ele>
      </trkpt>
      <trkpt lat="42.4756700" lon="9.1811100">
        <ele>0.0</ele>
      </trkpt>
      <trkpt lat="42.4756700" lon="9.1808600">
        <ele>0.0</ele>
      </trkpt>
      <trkpt lat="42.4756400" lon="9.1804100">
        <ele>0.0</ele>
      </trkpt>
      <trkpt lat="42.4755300" lon="9.1799800">
        <ele>0.0</ele>
      </trkpt>
      <trkpt lat="42.4753200" lon="9.1794900">
        <ele>0.0</ele>
      </trkpt>
      <trkpt lat="42.4750700" lon="9.1788700">
        <ele>0.0</ele>
      </trkpt>
      <trkpt lat="42.4748000" lon="9.1782600">
        <ele>0.0</ele>
      </trkpt>
      <trkpt lat="42.4745800" lon="9.1776900">
        <ele>0.0</ele>
      </trkpt>
      <trkpt lat="42.4745800" lon="9.1776000">
        <ele>0.0</ele>
      </trkpt>
      <trkpt lat="42.4745900" lon="9.1775200">
        <ele>0.0</ele>
      </trkpt>
      <trkpt lat="42.4746000" lon="9.1774400">
        <ele>0.0</ele>
      </trkpt>
      <trkpt lat="42.4746200" lon="9.1773700">
        <ele>0.0</ele>
      </trkpt>
      <trkpt lat="42.4746300" lon="9.1773400">
        <ele>0.0</ele>
      </trkpt>
      <trkpt lat="42.4747000" lon="9.1772100">
        <ele>0.0</ele>
      </trkpt>
      <trkpt lat="42.4747400" lon="9.1771600">
        <ele>0.0</ele>
      </trkpt>
      <trkpt lat="42.4748000" lon="9.1771300">
        <ele>0.0</ele>
      </trkpt>
      <trkpt lat="42.4748600" lon="9.1771000">
        <ele>0.0</ele>
      </trkpt>
      <trkpt lat="42.4750000" lon="9.1771000">
        <ele>0.0</ele>
      </trkpt>
      <trkpt lat="42.4751500" lon="9.1770700">
        <ele>0.0</ele>
      </trkpt>
      <trkpt lat="42.4752000" lon="9.1770500">
        <ele>0.0</ele>
      </trkpt>
      <trkpt lat="42.4752200" lon="9.1770200">
        <ele>0.0</ele>
      </trkpt>
      <trkpt lat="42.4752700" lon="9.1769400">
        <ele>0.0</ele>
      </trkpt>
      <trkpt lat="42.4752900" lon="9.1768900">
        <ele>0.0</ele>
      </trkpt>
      <trkpt lat="42.4753100" lon="9.1768200">
        <ele>0.0</ele>
      </trkpt>
      <trkpt lat="42.4753200" lon="9.1767400">
        <ele>0.0</ele>
      </trkpt>
      <trkpt lat="42.4753300" lon="9.1766200">
        <ele>0.0</ele>
      </trkpt>
      <trkpt lat="42.4753100" lon="9.1760800">
        <ele>0.0</ele>
      </trkpt>
      <trkpt lat="42.4753000" lon="9.1757100">
        <ele>0.0</ele>
      </trkpt>
      <trkpt lat="42.4754200" lon="9.1753000">
        <ele>0.0</ele>
      </trkpt>
      <trkpt lat="42.4756200" lon="9.1749900">
        <ele>0.0</ele>
      </trkpt>
      <trkpt lat="42.4757400" lon="9.1748100">
        <ele>0.0</ele>
      </trkpt>
      <trkpt lat="42.4758100" lon="9.1746400">
        <ele>0.0</ele>
      </trkpt>
      <trkpt lat="42.4758200" lon="9.1744500">
        <ele>0.0</ele>
      </trkpt>
      <trkpt lat="42.4757500" lon="9.1740000">
        <ele>0.0</ele>
      </trkpt>
      <trkpt lat="42.4757000" lon="9.1738500">
        <ele>0.0</ele>
      </trkpt>
      <trkpt lat="42.4756800" lon="9.1736300">
        <ele>0.0</ele>
      </trkpt>
      <trkpt lat="42.4757000" lon="9.1732700">
        <ele>0.0</ele>
      </trkpt>
      <trkpt lat="42.4758000" lon="9.1726200">
        <ele>0.0</ele>
      </trkpt>
      <trkpt lat="42.4759400" lon="9.1709100">
        <ele>0.0</ele>
      </trkpt>
      <trkpt lat="42.4761100" lon="9.1689400">
        <ele>0.0</ele>
      </trkpt>
      <trkpt lat="42.4762600" lon="9.1670700">
        <ele>0.0</ele>
      </trkpt>
      <trkpt lat="42.4763300" lon="9.1662800">
        <ele>0.0</ele>
      </trkpt>
      <trkpt lat="42.4764100" lon="9.1656400">
        <ele>0.0</ele>
      </trkpt>
      <trkpt lat="42.4765600" lon="9.1638300">
        <ele>0.0</ele>
      </trkpt>
      <trkpt lat="42.4766000" lon="9.1634000">
        <ele>0.0</ele>
      </trkpt>
      <trkpt lat="42.4766600" lon="9.1626100">
        <ele>0.0</ele>
      </trkpt>
      <trkpt lat="42.4766900" lon="9.1621400">
        <ele>0.0</ele>
      </trkpt>
      <trkpt lat="42.4767500" lon="9.1612700">
        <ele>0.0</ele>
      </trkpt>
      <trkpt lat="42.4767400" lon="9.1580600">
        <ele>0.0</ele>
      </trkpt>
      <trkpt lat="42.4767500" lon="9.1550200">
        <ele>0.0</ele>
      </trkpt>
      <trkpt lat="42.4767300" lon="9.1523200">
        <ele>0.0</ele>
      </trkpt>
      <trkpt lat="42.4767000" lon="9.1519400">
        <ele>0.0</ele>
      </trkpt>
      <trkpt lat="42.4766800" lon="9.1506100">
        <ele>0.0</ele>
      </trkpt>
      <trkpt lat="42.4767000" lon="9.1491900">
        <ele>0.0</ele>
      </trkpt>
      <trkpt lat="42.4767400" lon="9.1487300">
        <ele>0.0</ele>
      </trkpt>
      <trkpt lat="42.4768300" lon="9.1480500">
        <ele>0.0</ele>
      </trkpt>
      <trkpt lat="42.4768500" lon="9.1478600">
        <ele>0.0</ele>
      </trkpt>
      <trkpt lat="42.4770000" lon="9.1471900">
        <ele>0.0</ele>
      </trkpt>
      <trkpt lat="42.4773000" lon="9.1456600">
        <ele>0.0</ele>
      </trkpt>
      <trkpt lat="42.4774300" lon="9.1449200">
        <ele>0.0</ele>
      </trkpt>
      <trkpt lat="42.4774700" lon="9.1442400">
        <ele>0.0</ele>
      </trkpt>
      <trkpt lat="42.4774800" lon="9.1425000">
        <ele>0.0</ele>
      </trkpt>
      <trkpt lat="42.4774800" lon="9.1423400">
        <ele>0.0</ele>
      </trkpt>
      <trkpt lat="42.4774800" lon="9.1423100">
        <ele>0.0</ele>
      </trkpt>
      <trkpt lat="42.4775000" lon="9.1406300">
        <ele>0.0</ele>
      </trkpt>
      <trkpt lat="42.4775000" lon="9.1402400">
        <ele>0.0</ele>
      </trkpt>
      <trkpt lat="42.4774400" lon="9.1391700">
        <ele>0.0</ele>
      </trkpt>
      <trkpt lat="42.4772300" lon="9.1388800">
        <ele>0.0</ele>
      </trkpt>
      <trkpt lat="42.4770000" lon="9.1386600">
        <ele>0.0</ele>
      </trkpt>
      <trkpt lat="42.4767800" lon="9.1385100">
        <ele>0.0</ele>
      </trkpt>
      <trkpt lat="42.4766000" lon="9.1384100">
        <ele>0.0</ele>
      </trkpt>
      <trkpt lat="42.4763300" lon="9.1381900">
        <ele>0.0</ele>
      </trkpt>
      <trkpt lat="42.4762700" lon="9.1381500">
        <ele>0.0</ele>
      </trkpt>
      <trkpt lat="42.4761700" lon="9.1380200">
        <ele>0.0</ele>
      </trkpt>
      <trkpt lat="42.4760700" lon="9.1377200">
        <ele>0.0</ele>
      </trkpt>
      <trkpt lat="42.4760300" lon="9.1374800">
        <ele>0.0</ele>
      </trkpt>
      <trkpt lat="42.4759600" lon="9.1372900">
        <ele>0.0</ele>
      </trkpt>
      <trkpt lat="42.4758800" lon="9.1368500">
        <ele>0.0</ele>
      </trkpt>
      <trkpt lat="42.4757600" lon="9.1364000">
        <ele>0.0</ele>
      </trkpt>
      <trkpt lat="42.4756600" lon="9.1359500">
        <ele>0.0</ele>
      </trkpt>
      <trkpt lat="42.4756500" lon="9.1358600">
        <ele>0.0</ele>
      </trkpt>
      <trkpt lat="42.4755900" lon="9.1355300">
        <ele>0.0</ele>
      </trkpt>
      <trkpt lat="42.4754500" lon="9.1348700">
        <ele>0.0</ele>
      </trkpt>
      <trkpt lat="42.4753900" lon="9.1347200">
        <ele>0.0</ele>
      </trkpt>
      <trkpt lat="42.4753100" lon="9.1345700">
        <ele>0.0</ele>
      </trkpt>
      <trkpt lat="42.4749400" lon="9.1341600">
        <ele>0.0</ele>
      </trkpt>
      <trkpt lat="42.4741900" lon="9.1333800">
        <ele>0.0</ele>
      </trkpt>
      <trkpt lat="42.4740400" lon="9.1331400">
        <ele>0.0</ele>
      </trkpt>
      <trkpt lat="42.4739200" lon="9.1329100">
        <ele>0.0</ele>
      </trkpt>
      <trkpt lat="42.4737800" lon="9.1325900">
        <ele>0.0</ele>
      </trkpt>
      <trkpt lat="42.4736300" lon="9.1321700">
        <ele>0.0</ele>
      </trkpt>
      <trkpt lat="42.4734700" lon="9.1317400">
        <ele>0.0</ele>
      </trkpt>
      <trkpt lat="42.4733600" lon="9.1314200">
        <ele>0.0</ele>
      </trkpt>
      <trkpt lat="42.4732700" lon="9.1312200">
        <ele>0.0</ele>
      </trkpt>
      <trkpt lat="42.4731400" lon="9.1308900">
        <ele>0.0</ele>
      </trkpt>
      <trkpt lat="42.4730300" lon="9.1305900">
        <ele>0.0</ele>
      </trkpt>
      <trkpt lat="42.4729500" lon="9.1302500">
        <ele>0.0</ele>
      </trkpt>
      <trkpt lat="42.4728200" lon="9.1295000">
        <ele>0.0</ele>
      </trkpt>
      <trkpt lat="42.4727800" lon="9.1289100">
        <ele>0.0</ele>
      </trkpt>
      <trkpt lat="42.4727700" lon="9.1287700">
        <ele>0.0</ele>
      </trkpt>
      <trkpt lat="42.4727200" lon="9.1284400">
        <ele>0.0</ele>
      </trkpt>
      <trkpt lat="42.4725800" lon="9.1277700">
        <ele>0.0</ele>
      </trkpt>
      <trkpt lat="42.4724800" lon="9.1273500">
        <ele>0.0</ele>
      </trkpt>
      <trkpt lat="42.4724300" lon="9.1272000">
        <ele>0.0</ele>
      </trkpt>
      <trkpt lat="42.4720000" lon="9.1260900">
        <ele>0.0</ele>
      </trkpt>
      <trkpt lat="42.4717000" lon="9.1255200">
        <ele>0.0</ele>
      </trkpt>
      <trkpt lat="42.4715100" lon="9.1251000">
        <ele>0.0</ele>
      </trkpt>
      <trkpt lat="42.4713400" lon="9.1245600">
        <ele>0.0</ele>
      </trkpt>
      <trkpt lat="42.4712500" lon="9.1242200">
        <ele>0.0</ele>
      </trkpt>
      <trkpt lat="42.4710100" lon="9.1234500">
        <ele>0.0</ele>
      </trkpt>
      <trkpt lat="42.4707000" lon="9.1225700">
        <ele>0.0</ele>
      </trkpt>
      <trkpt lat="42.4700400" lon="9.1213400">
        <ele>0.0</ele>
      </trkpt>
      <trkpt lat="42.4699400" lon="9.1211900">
        <ele>0.0</ele>
      </trkpt>
      <trkpt lat="42.4694300" lon="9.1202500">
        <ele>0.0</ele>
      </trkpt>
      <trkpt lat="42.4693700" lon="9.1200900">
        <ele>0.0</ele>
      </trkpt>
      <trkpt lat="42.4693500" lon="9.1199000">
        <ele>0.0</ele>
      </trkpt>
      <trkpt lat="42.4693500" lon="9.1197800">
        <ele>0.0</ele>
      </trkpt>
      <trkpt lat="42.4693900" lon="9.1196200">
        <ele>0.0</ele>
      </trkpt>
      <trkpt lat="42.4694300" lon="9.1195100">
        <ele>0.0</ele>
      </trkpt>
      <trkpt lat="42.4694500" lon="9.1193800">
        <ele>0.0</ele>
      </trkpt>
      <trkpt lat="42.4694400" lon="9.1192700">
        <ele>0.0</ele>
      </trkpt>
      <trkpt lat="42.4694300" lon="9.1192100">
        <ele>0.0</ele>
      </trkpt>
      <trkpt lat="42.4694200" lon="9.1191600">
        <ele>0.0</ele>
      </trkpt>
      <trkpt lat="42.4693800" lon="9.1190500">
        <ele>0.0</ele>
      </trkpt>
      <trkpt lat="42.4692600" lon="9.1187600">
        <ele>0.0</ele>
      </trkpt>
      <trkpt lat="42.4692200" lon="9.1186500">
        <ele>0.0</ele>
      </trkpt>
      <trkpt lat="42.4691800" lon="9.1185600">
        <ele>0.0</ele>
      </trkpt>
      <trkpt lat="42.4690400" lon="9.1180800">
        <ele>0.0</ele>
      </trkpt>
      <trkpt lat="42.4688100" lon="9.1172200">
        <ele>0.0</ele>
      </trkpt>
      <trkpt lat="42.4686000" lon="9.1163600">
        <ele>0.0</ele>
      </trkpt>
      <trkpt lat="42.4685400" lon="9.1161300">
        <ele>0.0</ele>
      </trkpt>
      <trkpt lat="42.4683900" lon="9.1151900">
        <ele>0.0</ele>
      </trkpt>
      <trkpt lat="42.4683000" lon="9.1145300">
        <ele>0.0</ele>
      </trkpt>
      <trkpt lat="42.4681700" lon="9.1137800">
        <ele>0.0</ele>
      </trkpt>
      <trkpt lat="42.4679800" lon="9.1132500">
        <ele>0.0</ele>
      </trkpt>
      <trkpt lat="42.4678900" lon="9.1130100">
        <ele>0.0</ele>
      </trkpt>
      <trkpt lat="42.4675800" lon="9.1119700">
        <ele>0.0</ele>
      </trkpt>
      <trkpt lat="42.4673600" lon="9.1113200">
        <ele>0.0</ele>
      </trkpt>
      <trkpt lat="42.4672300" lon="9.1106900">
        <ele>0.0</ele>
      </trkpt>
      <trkpt lat="42.4671500" lon="9.1104600">
        <ele>0.0</ele>
      </trkpt>
      <trkpt lat="42.4670600" lon="9.1102800">
        <ele>0.0</ele>
      </trkpt>
      <trkpt lat="42.4670300" lon="9.1101900">
        <ele>0.0</ele>
      </trkpt>
      <trkpt lat="42.4669200" lon="9.1099000">
        <ele>0.0</ele>
      </trkpt>
      <trkpt lat="42.4668900" lon="9.1096100">
        <ele>0.0</ele>
      </trkpt>
      <trkpt lat="42.4669200" lon="9.1093600">
        <ele>0.0</ele>
      </trkpt>
      <trkpt lat="42.4670400" lon="9.1090400">
        <ele>0.0</ele>
      </trkpt>
      <trkpt lat="42.4671500" lon="9.1088400">
        <ele>0.0</ele>
      </trkpt>
      <trkpt lat="42.4673200" lon="9.1086300">
        <ele>0.0</ele>
      </trkpt>
      <trkpt lat="42.4676100" lon="9.1084100">
        <ele>0.0</ele>
      </trkpt>
      <trkpt lat="42.4679100" lon="9.1082200">
        <ele>0.0</ele>
      </trkpt>
      <trkpt lat="42.4680300" lon="9.1081200">
        <ele>0.0</ele>
      </trkpt>
      <trkpt lat="42.4681200" lon="9.1079900">
        <ele>0.0</ele>
      </trkpt>
      <trkpt lat="42.4681700" lon="9.1078000">
        <ele>0.0</ele>
      </trkpt>
      <trkpt lat="42.4681700" lon="9.1076400">
        <ele>0.0</ele>
      </trkpt>
      <trkpt lat="42.4681200" lon="9.1074500">
        <ele>0.0</ele>
      </trkpt>
      <trkpt lat="42.4679100" lon="9.1070500">
        <ele>0.0</ele>
      </trkpt>
      <trkpt lat="42.4678600" lon="9.1069500">
        <ele>0.0</ele>
      </trkpt>
      <trkpt lat="42.4678500" lon="9.1068800">
        <ele>0.0</ele>
      </trkpt>
      <trkpt lat="42.4678600" lon="9.1068200">
        <ele>0.0</ele>
      </trkpt>
      <trkpt lat="42.4678900" lon="9.1067500">
        <ele>0.0</ele>
      </trkpt>
      <trkpt lat="42.4679200" lon="9.1066900">
        <ele>0.0</ele>
      </trkpt>
      <trkpt lat="42.4680600" lon="9.1065700">
        <ele>0.0</ele>
      </trkpt>
      <trkpt lat="42.4681800" lon="9.1064800">
        <ele>0.0</ele>
      </trkpt>
      <trkpt lat="42.4682100" lon="9.1064300">
        <ele>0.0</ele>
      </trkpt>
      <trkpt lat="42.4682400" lon="9.1063900">
        <ele>0.0</ele>
      </trkpt>
      <trkpt lat="42.4682500" lon="9.1063300">
        <ele>0.0</ele>
      </trkpt>
      <trkpt lat="42.4682400" lon="9.1062600">
        <ele>0.0</ele>
      </trkpt>
      <trkpt lat="42.4682100" lon="9.1061400">
        <ele>0.0</ele>
      </trkpt>
      <trkpt lat="42.4680800" lon="9.1057900">
        <ele>0.0</ele>
      </trkpt>
      <trkpt lat="42.4679800" lon="9.1053800">
        <ele>0.0</ele>
      </trkpt>
      <trkpt lat="42.4679300" lon="9.1050900">
        <ele>0.0</ele>
      </trkpt>
      <trkpt lat="42.4679100" lon="9.1047900">
        <ele>0.0</ele>
      </trkpt>
      <trkpt lat="42.4678000" lon="9.1044600">
        <ele>0.0</ele>
      </trkpt>
      <trkpt lat="42.4677600" lon="9.1043800">
        <ele>0.0</ele>
      </trkpt>
      <trkpt lat="42.4677100" lon="9.1042900">
        <ele>0.0</ele>
      </trkpt>
      <trkpt lat="42.4674900" lon="9.1040800">
        <ele>0.0</ele>
      </trkpt>
      <trkpt lat="42.4669100" lon="9.1037000">
        <ele>0.0</ele>
      </trkpt>
      <trkpt lat="42.4665100" lon="9.1032900">
        <ele>0.0</ele>
      </trkpt>
      <trkpt lat="42.4663300" lon="9.1030400">
        <ele>0.0</ele>
      </trkpt>
      <trkpt lat="42.4661100" lon="9.1027900">
        <ele>0.0</ele>
      </trkpt>
      <trkpt lat="42.4657200" lon="9.1024500">
        <ele>0.0</ele>
      </trkpt>
      <trkpt lat="42.4653200" lon="9.1021600">
        <ele>0.0</ele>
      </trkpt>
      <trkpt lat="42.4651100" lon="9.1020300">
        <ele>0.0</ele>
      </trkpt>
      <trkpt lat="42.4647300" lon="9.1018800">
        <ele>0.0</ele>
      </trkpt>
      <trkpt lat="42.4645800" lon="9.1018500">
        <ele>0.0</ele>
      </trkpt>
      <trkpt lat="42.4644300" lon="9.1016700">
        <ele>0.0</ele>
      </trkpt>
      <trkpt lat="42.4643800" lon="9.1014900">
        <ele>0.0</ele>
      </trkpt>
      <trkpt lat="42.4643600" lon="9.1013300">
        <ele>0.0</ele>
      </trkpt>
      <trkpt lat="42.4644300" lon="9.1011800">
        <ele>0.0</ele>
      </trkpt>
      <trkpt lat="42.4646400" lon="9.1009800">
        <ele>0.0</ele>
      </trkpt>
      <trkpt lat="42.4648700" lon="9.1007800">
        <ele>0.0</ele>
      </trkpt>
      <trkpt lat="42.4649500" lon="9.1006700">
        <ele>0.0</ele>
      </trkpt>
      <trkpt lat="42.4649600" lon="9.1005300">
        <ele>0.0</ele>
      </trkpt>
      <trkpt lat="42.4649400" lon="9.1002700">
        <ele>0.0</ele>
      </trkpt>
      <trkpt lat="42.4648700" lon="9.1001000">
        <ele>0.0</ele>
      </trkpt>
      <trkpt lat="42.4647200" lon="9.0997900">
        <ele>0.0</ele>
      </trkpt>
      <trkpt lat="42.4644300" lon="9.0993400">
        <ele>0.0</ele>
      </trkpt>
      <trkpt lat="42.4640100" lon="9.0988500">
        <ele>0.0</ele>
      </trkpt>
      <trkpt lat="42.4638300" lon="9.0987700">
        <ele>0.0</ele>
      </trkpt>
      <trkpt lat="42.4636000" lon="9.0985700">
        <ele>0.0</ele>
      </trkpt>
      <trkpt lat="42.4633200" lon="9.0982600">
        <ele>0.0</ele>
      </trkpt>
      <trkpt lat="42.4629600" lon="9.0978100">
        <ele>0.0</ele>
      </trkpt>
      <trkpt lat="42.4626500" lon="9.0973500">
        <ele>0.0</ele>
      </trkpt>
      <trkpt lat="42.4621400" lon="9.0966800">
        <ele>0.0</ele>
      </trkpt>
      <trkpt lat="42.4619600" lon="9.0964400">
        <ele>0.0</ele>
      </trkpt>
      <trkpt lat="42.4616400" lon="9.0959300">
        <ele>0.0</ele>
      </trkpt>
      <trkpt lat="42.4614000" lon="9.0953700">
        <ele>0.0</ele>
      </trkpt>
      <trkpt lat="42.4613300" lon="9.0952200">
        <ele>0.0</ele>
      </trkpt>
      <trkpt lat="42.4612500" lon="9.0951100">
        <ele>0.0</ele>
      </trkpt>
      <trkpt lat="42.4611000" lon="9.0948000">
        <ele>0.0</ele>
      </trkpt>
      <trkpt lat="42.4610900" lon="9.0947700">
        <ele>0.0</ele>
      </trkpt>
      <trkpt lat="42.4609500" lon="9.0943600">
        <ele>0.0</ele>
      </trkpt>
      <trkpt lat="42.4608100" lon="9.0939200">
        <ele>0.0</ele>
      </trkpt>
      <trkpt lat="42.4607800" lon="9.0936200">
        <ele>0.0</ele>
      </trkpt>
      <trkpt lat="42.4607100" lon="9.0930900">
        <ele>0.0</ele>
      </trkpt>
      <trkpt lat="42.4605000" lon="9.0925700">
        <ele>0.0</ele>
      </trkpt>
      <trkpt lat="42.4603000" lon="9.0923300">
        <ele>0.0</ele>
      </trkpt>
      <trkpt lat="42.4598600" lon="9.0919600">
        <ele>0.0</ele>
      </trkpt>
      <trkpt lat="42.4594300" lon="9.0916000">
        <ele>0.0</ele>
      </trkpt>
      <trkpt lat="42.4592200" lon="9.0914400">
        <ele>0.0</ele>
      </trkpt>
      <trkpt lat="42.4590900" lon="9.0911800">
        <ele>0.0</ele>
      </trkpt>
      <trkpt lat="42.4590200" lon="9.0909700">
        <ele>0.0</ele>
      </trkpt>
      <trkpt lat="42.4588500" lon="9.0903100">
        <ele>0.0</ele>
      </trkpt>
      <trkpt lat="42.4588000" lon="9.0899900">
        <ele>0.0</ele>
      </trkpt>
      <trkpt lat="42.4588300" lon="9.0889300">
        <ele>0.0</ele>
      </trkpt>
      <trkpt lat="42.4588600" lon="9.0885500">
        <ele>0.0</ele>
      </trkpt>
      <trkpt lat="42.4589400" lon="9.0873900">
        <ele>0.0</ele>
      </trkpt>
      <trkpt lat="42.4590300" lon="9.0869100">
        <ele>0.0</ele>
      </trkpt>
      <trkpt lat="42.4590500" lon="9.0866400">
        <ele>0.0</ele>
      </trkpt>
      <trkpt lat="42.4590400" lon="9.0860500">
        <ele>0.0</ele>
      </trkpt>
      <trkpt lat="42.4589900" lon="9.0857700">
        <ele>0.0</ele>
      </trkpt>
      <trkpt lat="42.4587700" lon="9.0850300">
        <ele>0.0</ele>
      </trkpt>
      <trkpt lat="42.4586300" lon="9.0848500">
        <ele>0.0</ele>
      </trkpt>
      <trkpt lat="42.4584500" lon="9.0846800">
        <ele>0.0</ele>
      </trkpt>
      <trkpt lat="42.4583000" lon="9.0844600">
        <ele>0.0</ele>
      </trkpt>
      <trkpt lat="42.4581300" lon="9.0841700">
        <ele>0.0</ele>
      </trkpt>
      <trkpt lat="42.4579400" lon="9.0835600">
        <ele>0.0</ele>
      </trkpt>
      <trkpt lat="42.4579100" lon="9.0833200">
        <ele>0.0</ele>
      </trkpt>
      <trkpt lat="42.4579500" lon="9.0830600">
        <ele>0.0</ele>
      </trkpt>
      <trkpt lat="42.4580800" lon="9.0827700">
        <ele>0.0</ele>
      </trkpt>
      <trkpt lat="42.4583000" lon="9.0824400">
        <ele>0.0</ele>
      </trkpt>
      <trkpt lat="42.4583800" lon="9.0823500">
        <ele>0.0</ele>
      </trkpt>
      <trkpt lat="42.4585000" lon="9.0821700">
        <ele>0.0</ele>
      </trkpt>
      <trkpt lat="42.4585900" lon="9.0819900">
        <ele>0.0</ele>
      </trkpt>
      <trkpt lat="42.4586700" lon="9.0818100">
        <ele>0.0</ele>
      </trkpt>
      <trkpt lat="42.4587200" lon="9.0816300">
        <ele>0.0</ele>
      </trkpt>
      <trkpt lat="42.4587400" lon="9.0813600">
        <ele>0.0</ele>
      </trkpt>
      <trkpt lat="42.4586800" lon="9.0810500">
        <ele>0.0</ele>
      </trkpt>
      <trkpt lat="42.4585500" lon="9.0807000">
        <ele>0.0</ele>
      </trkpt>
      <trkpt lat="42.4584300" lon="9.0804800">
        <ele>0.0</ele>
      </trkpt>
      <trkpt lat="42.4582700" lon="9.0802500">
        <ele>0.0</ele>
      </trkpt>
      <trkpt lat="42.4581300" lon="9.0801000">
        <ele>0.0</ele>
      </trkpt>
      <trkpt lat="42.4578600" lon="9.0799600">
        <ele>0.0</ele>
      </trkpt>
      <trkpt lat="42.4575100" lon="9.0798900">
        <ele>0.0</ele>
      </trkpt>
      <trkpt lat="42.4572300" lon="9.0798500">
        <ele>0.0</ele>
      </trkpt>
      <trkpt lat="42.4567200" lon="9.0799500">
        <ele>0.0</ele>
      </trkpt>
      <trkpt lat="42.4564800" lon="9.0799500">
        <ele>0.0</ele>
      </trkpt>
      <trkpt lat="42.4563700" lon="9.0799100">
        <ele>0.0</ele>
      </trkpt>
      <trkpt lat="42.4563100" lon="9.0798600">
        <ele>0.0</ele>
      </trkpt>
      <trkpt lat="42.4562700" lon="9.0797800">
        <ele>0.0</ele>
      </trkpt>
      <trkpt lat="42.4562500" lon="9.0796900">
        <ele>0.0</ele>
      </trkpt>
      <trkpt lat="42.4563600" lon="9.0789900">
        <ele>0.0</ele>
      </trkpt>
      <trkpt lat="42.4564000" lon="9.0787800">
        <ele>0.0</ele>
      </trkpt>
      <trkpt lat="42.4564900" lon="9.0785400">
        <ele>0.0</ele>
      </trkpt>
      <trkpt lat="42.4565200" lon="9.0783000">
        <ele>0.0</ele>
      </trkpt>
      <trkpt lat="42.4565000" lon="9.0778500">
        <ele>0.0</ele>
      </trkpt>
      <trkpt lat="42.4564200" lon="9.0770000">
        <ele>0.0</ele>
      </trkpt>
      <trkpt lat="42.4563200" lon="9.0767200">
        <ele>0.0</ele>
      </trkpt>
      <trkpt lat="42.4560500" lon="9.0761600">
        <ele>0.0</ele>
      </trkpt>
      <trkpt lat="42.4557100" lon="9.0754600">
        <ele>0.0</ele>
      </trkpt>
      <trkpt lat="42.4555400" lon="9.0750900">
        <ele>0.0</ele>
      </trkpt>
      <trkpt lat="42.4551900" lon="9.0747100">
        <ele>0.0</ele>
      </trkpt>
      <trkpt lat="42.4551500" lon="9.0746600">
        <ele>0.0</ele>
      </trkpt>
      <trkpt lat="42.4550200" lon="9.0744500">
        <ele>0.0</ele>
      </trkpt>
      <trkpt lat="42.4549900" lon="9.0744000">
        <ele>0.0</ele>
      </trkpt>
      <trkpt lat="42.4549400" lon="9.0742700">
        <ele>0.0</ele>
      </trkpt>
      <trkpt lat="42.4549200" lon="9.0740200">
        <ele>0.0</ele>
      </trkpt>
      <trkpt lat="42.4549500" lon="9.0738100">
        <ele>0.0</ele>
      </trkpt>
      <trkpt lat="42.4550200" lon="9.0736200">
        <ele>0.0</ele>
      </trkpt>
      <trkpt lat="42.4551100" lon="9.0735500">
        <ele>0.0</ele>
      </trkpt>
      <trkpt lat="42.4552900" lon="9.0734900">
        <ele>0.0</ele>
      </trkpt>
      <trkpt lat="42.4554100" lon="9.0734800">
        <ele>0.0</ele>
      </trkpt>
      <trkpt lat="42.4556900" lon="9.0735100">
        <ele>0.0</ele>
      </trkpt>
      <trkpt lat="42.4558700" lon="9.0736100">
        <ele>0.0</ele>
      </trkpt>
      <trkpt lat="42.4559800" lon="9.0737200">
        <ele>0.0</ele>
      </trkpt>
      <trkpt lat="42.4560700" lon="9.0738400">
        <ele>0.0</ele>
      </trkpt>
      <trkpt lat="42.4561800" lon="9.0739100">
        <ele>0.0</ele>
      </trkpt>
      <trkpt lat="42.4562900" lon="9.0739000">
        <ele>0.0</ele>
      </trkpt>
      <trkpt lat="42.4564300" lon="9.0738400">
        <ele>0.0</ele>
      </trkpt>
      <trkpt lat="42.4565600" lon="9.0736700">
        <ele>0.0</ele>
      </trkpt>
      <trkpt lat="42.4566400" lon="9.0734700">
        <ele>0.0</ele>
      </trkpt>
      <trkpt lat="42.4566500" lon="9.0734400">
        <ele>0.0</ele>
      </trkpt>
      <trkpt lat="42.4566900" lon="9.0731500">
        <ele>0.0</ele>
      </trkpt>
      <trkpt lat="42.4567000" lon="9.0728500">
        <ele>0.0</ele>
      </trkpt>
      <trkpt lat="42.4567500" lon="9.0725000">
        <ele>0.0</ele>
      </trkpt>
      <trkpt lat="42.4567200" lon="9.0723000">
        <ele>0.0</ele>
      </trkpt>
      <trkpt lat="42.4566700" lon="9.0720500">
        <ele>0.0</ele>
      </trkpt>
      <trkpt lat="42.4566400" lon="9.0714800">
        <ele>0.0</ele>
      </trkpt>
      <trkpt lat="42.4566000" lon="9.0712000">
        <ele>0.0</ele>
      </trkpt>
      <trkpt lat="42.4564700" lon="9.0709100">
        <ele>0.0</ele>
      </trkpt>
      <trkpt lat="42.4563500" lon="9.0707300">
        <ele>0.0</ele>
      </trkpt>
      <trkpt lat="42.4562100" lon="9.0705400">
        <ele>0.0</ele>
      </trkpt>
      <trkpt lat="42.4560200" lon="9.0703200">
        <ele>0.0</ele>
      </trkpt>
      <trkpt lat="42.4553400" lon="9.0698400">
        <ele>0.0</ele>
      </trkpt>
      <trkpt lat="42.4552700" lon="9.0697200">
        <ele>0.0</ele>
      </trkpt>
      <trkpt lat="42.4552300" lon="9.0695500">
        <ele>0.0</ele>
      </trkpt>
      <trkpt lat="42.4551800" lon="9.0690200">
        <ele>0.0</ele>
      </trkpt>
      <trkpt lat="42.4551800" lon="9.0686300">
        <ele>0.0</ele>
      </trkpt>
      <trkpt lat="42.4552200" lon="9.0683700">
        <ele>0.0</ele>
      </trkpt>
      <trkpt lat="42.4552100" lon="9.0677200">
        <ele>0.0</ele>
      </trkpt>
      <trkpt lat="42.4551600" lon="9.0673900">
        <ele>0.0</ele>
      </trkpt>
      <trkpt lat="42.4550900" lon="9.0671100">
        <ele>0.0</ele>
      </trkpt>
      <trkpt lat="42.4549300" lon="9.0667300">
        <ele>0.0</ele>
      </trkpt>
      <trkpt lat="42.4547600" lon="9.0664000">
        <ele>0.0</ele>
      </trkpt>
      <trkpt lat="42.4545800" lon="9.0659500">
        <ele>0.0</ele>
      </trkpt>
      <trkpt lat="42.4544200" lon="9.0654900">
        <ele>0.0</ele>
      </trkpt>
      <trkpt lat="42.4543900" lon="9.0650600">
        <ele>0.0</ele>
      </trkpt>
      <trkpt lat="42.4544000" lon="9.0645500">
        <ele>0.0</ele>
      </trkpt>
      <trkpt lat="42.4544600" lon="9.0640600">
        <ele>0.0</ele>
      </trkpt>
      <trkpt lat="42.4545900" lon="9.0633700">
        <ele>0.0</ele>
      </trkpt>
      <trkpt lat="42.4546000" lon="9.0630300">
        <ele>0.0</ele>
      </trkpt>
      <trkpt lat="42.4545800" lon="9.0626900">
        <ele>0.0</ele>
      </trkpt>
      <trkpt lat="42.4543700" lon="9.0619600">
        <ele>0.0</ele>
      </trkpt>
      <trkpt lat="42.4540900" lon="9.0614500">
        <ele>0.0</ele>
      </trkpt>
      <trkpt lat="42.4537600" lon="9.0609300">
        <ele>0.0</ele>
      </trkpt>
      <trkpt lat="42.4536300" lon="9.0606900">
        <ele>0.0</ele>
      </trkpt>
      <trkpt lat="42.4535600" lon="9.0604300">
        <ele>0.0</ele>
      </trkpt>
      <trkpt lat="42.4535500" lon="9.0604000">
        <ele>0.0</ele>
      </trkpt>
      <trkpt lat="42.4535200" lon="9.0601900">
        <ele>0.0</ele>
      </trkpt>
      <trkpt lat="42.4536100" lon="9.0600300">
        <ele>0.0</ele>
      </trkpt>
      <trkpt lat="42.4538500" lon="9.0598200">
        <ele>0.0</ele>
      </trkpt>
      <trkpt lat="42.4540000" lon="9.0597200">
        <ele>0.0</ele>
      </trkpt>
      <trkpt lat="42.4541000" lon="9.0596300">
        <ele>0.0</ele>
      </trkpt>
      <trkpt lat="42.4542200" lon="9.0593600">
        <ele>0.0</ele>
      </trkpt>
      <trkpt lat="42.4543300" lon="9.0589700">
        <ele>0.0</ele>
      </trkpt>
      <trkpt lat="42.4543300" lon="9.0587000">
        <ele>0.0</ele>
      </trkpt>
      <trkpt lat="42.4543100" lon="9.0579800">
        <ele>0.0</ele>
      </trkpt>
      <trkpt lat="42.4542700" lon="9.0576800">
        <ele>0.0</ele>
      </trkpt>
      <trkpt lat="42.4543000" lon="9.0574800">
        <ele>0.0</ele>
      </trkpt>
      <trkpt lat="42.4543900" lon="9.0573600">
        <ele>0.0</ele>
      </trkpt>
      <trkpt lat="42.4547100" lon="9.0571100">
        <ele>0.0</ele>
      </trkpt>
      <trkpt lat="42.4548100" lon="9.0570200">
        <ele>0.0</ele>
      </trkpt>
      <trkpt lat="42.4550900" lon="9.0566700">
        <ele>0.0</ele>
      </trkpt>
      <trkpt lat="42.4554900" lon="9.0558400">
        <ele>0.0</ele>
      </trkpt>
      <trkpt lat="42.4558200" lon="9.0550000">
        <ele>0.0</ele>
      </trkpt>
      <trkpt lat="42.4559000" lon="9.0546100">
        <ele>0.0</ele>
      </trkpt>
      <trkpt lat="42.4559200" lon="9.0543100">
        <ele>0.0</ele>
      </trkpt>
      <trkpt lat="42.4558800" lon="9.0538100">
        <ele>0.0</ele>
      </trkpt>
      <trkpt lat="42.4557700" lon="9.0534200">
        <ele>0.0</ele>
      </trkpt>
      <trkpt lat="42.4555800" lon="9.0530300">
        <ele>0.0</ele>
      </trkpt>
      <trkpt lat="42.4553500" lon="9.0527500">
        <ele>0.0</ele>
      </trkpt>
      <trkpt lat="42.4551200" lon="9.0525400">
        <ele>0.0</ele>
      </trkpt>
      <trkpt lat="42.4542200" lon="9.0520300">
        <ele>0.0</ele>
      </trkpt>
      <trkpt lat="42.4539500" lon="9.0517800">
        <ele>0.0</ele>
      </trkpt>
      <trkpt lat="42.4537100" lon="9.0515600">
        <ele>0.0</ele>
      </trkpt>
      <trkpt lat="42.4535700" lon="9.0513800">
        <ele>0.0</ele>
      </trkpt>
      <trkpt lat="42.4535300" lon="9.0512700">
        <ele>0.0</ele>
      </trkpt>
      <trkpt lat="42.4535300" lon="9.0511700">
        <ele>0.0</ele>
      </trkpt>
      <trkpt lat="42.4535700" lon="9.0510900">
        <ele>0.0</ele>
      </trkpt>
      <trkpt lat="42.4536200" lon="9.0510400">
        <ele>0.0</ele>
      </trkpt>
      <trkpt lat="42.4537800" lon="9.0509300">
        <ele>0.0</ele>
      </trkpt>
      <trkpt lat="42.4539200" lon="9.0508700">
        <ele>0.0</ele>
      </trkpt>
      <trkpt lat="42.4541900" lon="9.0508100">
        <ele>0.0</ele>
      </trkpt>
      <trkpt lat="42.4545000" lon="9.0507800">
        <ele>0.0</ele>
      </trkpt>
      <trkpt lat="42.4547100" lon="9.0507100">
        <ele>0.0</ele>
      </trkpt>
      <trkpt lat="42.4548800" lon="9.0505800">
        <ele>0.0</ele>
      </trkpt>
      <trkpt lat="42.4549500" lon="9.0504500">
        <ele>0.0</ele>
      </trkpt>
      <trkpt lat="42.4549900" lon="9.0502000">
        <ele>0.0</ele>
      </trkpt>
      <trkpt lat="42.4549800" lon="9.0495200">
        <ele>0.0</ele>
      </trkpt>
      <trkpt lat="42.4549900" lon="9.0492300">
        <ele>0.0</ele>
      </trkpt>
      <trkpt lat="42.4550300" lon="9.0490800">
        <ele>0.0</ele>
      </trkpt>
      <trkpt lat="42.4551000" lon="9.0490200">
        <ele>0.0</ele>
      </trkpt>
      <trkpt lat="42.4554800" lon="9.0489200">
        <ele>0.0</ele>
      </trkpt>
      <trkpt lat="42.4556200" lon="9.0488600">
        <ele>0.0</ele>
      </trkpt>
      <trkpt lat="42.4557300" lon="9.0487700">
        <ele>0.0</ele>
      </trkpt>
      <trkpt lat="42.4559800" lon="9.0484600">
        <ele>0.0</ele>
      </trkpt>
      <trkpt lat="42.4561700" lon="9.0479000">
        <ele>0.0</ele>
      </trkpt>
      <trkpt lat="42.4561900" lon="9.0474000">
        <ele>0.0</ele>
      </trkpt>
      <trkpt lat="42.4561500" lon="9.0470600">
        <ele>0.0</ele>
      </trkpt>
      <trkpt lat="42.4561900" lon="9.0468900">
        <ele>0.0</ele>
      </trkpt>
      <trkpt lat="42.4565300" lon="9.0464000">
        <ele>0.0</ele>
      </trkpt>
      <trkpt lat="42.4567600" lon="9.0461200">
        <ele>0.0</ele>
      </trkpt>
      <trkpt lat="42.4568500" lon="9.0459600">
        <ele>0.0</ele>
      </trkpt>
      <trkpt lat="42.4568700" lon="9.0456900">
        <ele>0.0</ele>
      </trkpt>
      <trkpt lat="42.4568400" lon="9.0454100">
        <ele>0.0</ele>
      </trkpt>
      <trkpt lat="42.4568000" lon="9.0452200">
        <ele>0.0</ele>
      </trkpt>
      <trkpt lat="42.4567400" lon="9.0450400">
        <ele>0.0</ele>
      </trkpt>
      <trkpt lat="42.4567200" lon="9.0449100">
        <ele>0.0</ele>
      </trkpt>
      <trkpt lat="42.4567200" lon="9.0447400">
        <ele>0.0</ele>
      </trkpt>
      <trkpt lat="42.4567700" lon="9.0446300">
        <ele>0.0</ele>
      </trkpt>
      <trkpt lat="42.4569100" lon="9.0444300">
        <ele>0.0</ele>
      </trkpt>
      <trkpt lat="42.4572300" lon="9.0442300">
        <ele>0.0</ele>
      </trkpt>
      <trkpt lat="42.4575700" lon="9.0440000">
        <ele>0.0</ele>
      </trkpt>
      <trkpt lat="42.4577100" lon="9.0439000">
        <ele>0.0</ele>
      </trkpt>
      <trkpt lat="42.4578300" lon="9.0438400">
        <ele>0.0</ele>
      </trkpt>
      <trkpt lat="42.4579500" lon="9.0438300">
        <ele>0.0</ele>
      </trkpt>
      <trkpt lat="42.4581500" lon="9.0439100">
        <ele>0.0</ele>
      </trkpt>
      <trkpt lat="42.4584400" lon="9.0440400">
        <ele>0.0</ele>
      </trkpt>
      <trkpt lat="42.4587400" lon="9.0442600">
        <ele>0.0</ele>
      </trkpt>
      <trkpt lat="42.4588700" lon="9.0442900">
        <ele>0.0</ele>
      </trkpt>
      <trkpt lat="42.4589400" lon="9.0442700">
        <ele>0.0</ele>
      </trkpt>
      <trkpt lat="42.4590000" lon="9.0442500">
        <ele>0.0</ele>
      </trkpt>
      <trkpt lat="42.4590400" lon="9.0442100">
        <ele>0.0</ele>
      </trkpt>
      <trkpt lat="42.4590800" lon="9.0440900">
        <ele>0.0</ele>
      </trkpt>
      <trkpt lat="42.4590800" lon="9.0440100">
        <ele>0.0</ele>
      </trkpt>
      <trkpt lat="42.4590600" lon="9.0439600">
        <ele>0.0</ele>
      </trkpt>
      <trkpt lat="42.4590300" lon="9.0439400">
        <ele>0.0</ele>
      </trkpt>
      <trkpt lat="42.4589100" lon="9.0438200">
        <ele>0.0</ele>
      </trkpt>
      <trkpt lat="42.4587100" lon="9.0436700">
        <ele>0.0</ele>
      </trkpt>
      <trkpt lat="42.4583100" lon="9.0432100">
        <ele>0.0</ele>
      </trkpt>
      <trkpt lat="42.4581900" lon="9.0431200">
        <ele>0.0</ele>
      </trkpt>
      <trkpt lat="42.4579400" lon="9.0430600">
        <ele>0.0</ele>
      </trkpt>
      <trkpt lat="42.4574500" lon="9.0430600">
        <ele>0.0</ele>
      </trkpt>
      <trkpt lat="42.4571100" lon="9.0429700">
        <ele>0.0</ele>
      </trkpt>
      <trkpt lat="42.4568700" lon="9.0429500">
        <ele>0.0</ele>
      </trkpt>
      <trkpt lat="42.4566700" lon="9.0429100">
        <ele>0.0</ele>
      </trkpt>
      <trkpt lat="42.4565000" lon="9.0428000">
        <ele>0.0</ele>
      </trkpt>
      <trkpt lat="42.4563900" lon="9.0426600">
        <ele>0.0</ele>
      </trkpt>
      <trkpt lat="42.4561900" lon="9.0422400">
        <ele>0.0</ele>
      </trkpt>
      <trkpt lat="42.4560700" lon="9.0420500">
        <ele>0.0</ele>
      </trkpt>
      <trkpt lat="42.4559200" lon="9.0418400">
        <ele>0.0</ele>
      </trkpt>
      <trkpt lat="42.4555800" lon="9.0414900">
        <ele>0.0</ele>
      </trkpt>
      <trkpt lat="42.4554000" lon="9.0412500">
        <ele>0.0</ele>
      </trkpt>
      <trkpt lat="42.4553700" lon="9.0411900">
        <ele>0.0</ele>
      </trkpt>
      <trkpt lat="42.4552300" lon="9.0407800">
        <ele>0.0</ele>
      </trkpt>
      <trkpt lat="42.4551000" lon="9.0404200">
        <ele>0.0</ele>
      </trkpt>
      <trkpt lat="42.4549700" lon="9.0401800">
        <ele>0.0</ele>
      </trkpt>
      <trkpt lat="42.4546200" lon="9.0396700">
        <ele>0.0</ele>
      </trkpt>
      <trkpt lat="42.4541900" lon="9.0392400">
        <ele>0.0</ele>
      </trkpt>
      <trkpt lat="42.4541200" lon="9.0390900">
        <ele>0.0</ele>
      </trkpt>
      <trkpt lat="42.4541000" lon="9.0389600">
        <ele>0.0</ele>
      </trkpt>
      <trkpt lat="42.4541000" lon="9.0388900">
        <ele>0.0</ele>
      </trkpt>
      <trkpt lat="42.4541400" lon="9.0387200">
        <ele>0.0</ele>
      </trkpt>
      <trkpt lat="42.4541600" lon="9.0386700">
        <ele>0.0</ele>
      </trkpt>
      <trkpt lat="42.4542500" lon="9.0384900">
        <ele>0.0</ele>
      </trkpt>
      <trkpt lat="42.4543200" lon="9.0384100">
        <ele>0.0</ele>
      </trkpt>
      <trkpt lat="42.4543900" lon="9.0383200">
        <ele>0.0</ele>
      </trkpt>
      <trkpt lat="42.4544800" lon="9.0382500">
        <ele>0.0</ele>
      </trkpt>
      <trkpt lat="42.4545900" lon="9.0381700">
        <ele>0.0</ele>
      </trkpt>
      <trkpt lat="42.4546900" lon="9.0380800">
        <ele>0.0</ele>
      </trkpt>
      <trkpt lat="42.4548000" lon="9.0379000">
        <ele>0.0</ele>
      </trkpt>
      <trkpt lat="42.4550800" lon="9.0376400">
        <ele>0.0</ele>
      </trkpt>
      <trkpt lat="42.4552400" lon="9.0374500">
        <ele>0.0</ele>
      </trkpt>
      <trkpt lat="42.4553400" lon="9.0372800">
        <ele>0.0</ele>
      </trkpt>
      <trkpt lat="42.4553700" lon="9.0371700">
        <ele>0.0</ele>
      </trkpt>
      <trkpt lat="42.4554500" lon="9.0370000">
        <ele>0.0</ele>
      </trkpt>
      <trkpt lat="42.4555900" lon="9.0367900">
        <ele>0.0</ele>
      </trkpt>
      <trkpt lat="42.4557900" lon="9.0364100">
        <ele>0.0</ele>
      </trkpt>
      <trkpt lat="42.4561500" lon="9.0359500">
        <ele>0.0</ele>
      </trkpt>
      <trkpt lat="42.4562700" lon="9.0357300">
        <ele>0.0</ele>
      </trkpt>
      <trkpt lat="42.4562700" lon="9.0356800">
        <ele>0.0</ele>
      </trkpt>
      <trkpt lat="42.4563000" lon="9.0355300">
        <ele>0.0</ele>
      </trkpt>
      <trkpt lat="42.4562900" lon="9.0353100">
        <ele>0.0</ele>
      </trkpt>
      <trkpt lat="42.4563600" lon="9.0350300">
        <ele>0.0</ele>
      </trkpt>
      <trkpt lat="42.4564100" lon="9.0349200">
        <ele>0.0</ele>
      </trkpt>
      <trkpt lat="42.4564200" lon="9.0348400">
        <ele>0.0</ele>
      </trkpt>
      <trkpt lat="42.4564000" lon="9.0347700">
        <ele>0.0</ele>
      </trkpt>
      <trkpt lat="42.4563900" lon="9.0347100">
        <ele>0.0</ele>
      </trkpt>
      <trkpt lat="42.4563600" lon="9.0346600">
        <ele>0.0</ele>
      </trkpt>
      <trkpt lat="42.4563200" lon="9.0346100">
        <ele>0.0</ele>
      </trkpt>
      <trkpt lat="42.4562800" lon="9.0346000">
        <ele>0.0</ele>
      </trkpt>
      <trkpt lat="42.4561700" lon="9.0346300">
        <ele>0.0</ele>
      </trkpt>
      <trkpt lat="42.4561300" lon="9.0346800">
        <ele>0.0</ele>
      </trkpt>
      <trkpt lat="42.4560500" lon="9.0347600">
        <ele>0.0</ele>
      </trkpt>
      <trkpt lat="42.4557700" lon="9.0352000">
        <ele>0.0</ele>
      </trkpt>
      <trkpt lat="42.4556300" lon="9.0353100">
        <ele>0.0</ele>
      </trkpt>
      <trkpt lat="42.4551500" lon="9.0355200">
        <ele>0.0</ele>
      </trkpt>
      <trkpt lat="42.4551000" lon="9.0355300">
        <ele>0.0</ele>
      </trkpt>
      <trkpt lat="42.4552300" lon="9.0353400">
        <ele>0.0</ele>
      </trkpt>
      <trkpt lat="42.4552600" lon="9.0353000">
        <ele>0.0</ele>
      </trkpt>
      <trkpt lat="42.4555600" lon="9.0350900">
        <ele>0.0</ele>
      </trkpt>
      <trkpt lat="42.4555900" lon="9.0350700">
        <ele>0.0</ele>
      </trkpt>
      <trkpt lat="42.4556300" lon="9.0350300">
        <ele>0.0</ele>
      </trkpt>
      <trkpt lat="42.4556600" lon="9.0349700">
        <ele>0.0</ele>
      </trkpt>
      <trkpt lat="42.4557300" lon="9.0348100">
        <ele>0.0</ele>
      </trkpt>
      <trkpt lat="42.4558100" lon="9.0346500">
        <ele>0.0</ele>
      </trkpt>
      <trkpt lat="42.4559100" lon="9.0344900">
        <ele>0.0</ele>
      </trkpt>
      <trkpt lat="42.4560100" lon="9.0343000">
        <ele>0.0</ele>
      </trkpt>
      <trkpt lat="42.4561900" lon="9.0340800">
        <ele>0.0</ele>
      </trkpt>
      <trkpt lat="42.4563200" lon="9.0339600">
        <ele>0.0</ele>
      </trkpt>
      <trkpt lat="42.4566100" lon="9.0338400">
        <ele>0.0</ele>
      </trkpt>
      <trkpt lat="42.4566700" lon="9.0337900">
        <ele>0.0</ele>
      </trkpt>
      <trkpt lat="42.4567900" lon="9.0336700">
        <ele>0.0</ele>
      </trkpt>
      <trkpt lat="42.4570400" lon="9.0333500">
        <ele>0.0</ele>
      </trkpt>
      <trkpt lat="42.4571300" lon="9.0332700">
        <ele>0.0</ele>
      </trkpt>
      <trkpt lat="42.4571900" lon="9.0332500">
        <ele>0.0</ele>
      </trkpt>
      <trkpt lat="42.4574800" lon="9.0332100">
        <ele>0.0</ele>
      </trkpt>
      <trkpt lat="42.4578400" lon="9.0332100">
        <ele>0.0</ele>
      </trkpt>
      <trkpt lat="42.4578900" lon="9.0331900">
        <ele>0.0</ele>
      </trkpt>
      <trkpt lat="42.4579100" lon="9.0331500">
        <ele>0.0</ele>
      </trkpt>
      <trkpt lat="42.4579200" lon="9.0331000">
        <ele>0.0</ele>
      </trkpt>
      <trkpt lat="42.4579200" lon="9.0330500">
        <ele>0.0</ele>
      </trkpt>
      <trkpt lat="42.4578900" lon="9.0330100">
        <ele>0.0</ele>
      </trkpt>
      <trkpt lat="42.4578000" lon="9.0329900">
        <ele>0.0</ele>
      </trkpt>
      <trkpt lat="42.4575600" lon="9.0329500">
        <ele>0.0</ele>
      </trkpt>
      <trkpt lat="42.4574700" lon="9.0329500">
        <ele>0.0</ele>
      </trkpt>
      <trkpt lat="42.4572600" lon="9.0330000">
        <ele>0.0</ele>
      </trkpt>
      <trkpt lat="42.4568400" lon="9.0331800">
        <ele>0.0</ele>
      </trkpt>
      <trkpt lat="42.4565100" lon="9.0332600">
        <ele>0.0</ele>
      </trkpt>
      <trkpt lat="42.4563200" lon="9.0332800">
        <ele>0.0</ele>
      </trkpt>
      <trkpt lat="42.4561700" lon="9.0333300">
        <ele>0.0</ele>
      </trkpt>
      <trkpt lat="42.4561000" lon="9.0333600">
        <ele>0.0</ele>
      </trkpt>
      <trkpt lat="42.4558800" lon="9.0335000">
        <ele>0.0</ele>
      </trkpt>
      <trkpt lat="42.4556700" lon="9.0336600">
        <ele>0.0</ele>
      </trkpt>
      <trkpt lat="42.4555700" lon="9.0337800">
        <ele>0.0</ele>
      </trkpt>
      <trkpt lat="42.4553700" lon="9.0338900">
        <ele>0.0</ele>
      </trkpt>
      <trkpt lat="42.4551500" lon="9.0339400">
        <ele>0.0</ele>
      </trkpt>
      <trkpt lat="42.4550700" lon="9.0339600">
        <ele>0.0</ele>
      </trkpt>
      <trkpt lat="42.4549300" lon="9.0339700">
        <ele>0.0</ele>
      </trkpt>
      <trkpt lat="42.4548800" lon="9.0339700">
        <ele>0.0</ele>
      </trkpt>
      <trkpt lat="42.4548300" lon="9.0339600">
        <ele>0.0</ele>
      </trkpt>
      <trkpt lat="42.4547800" lon="9.0339200">
        <ele>0.0</ele>
      </trkpt>
      <trkpt lat="42.4547200" lon="9.0338700">
        <ele>0.0</ele>
      </trkpt>
      <trkpt lat="42.4546900" lon="9.0338100">
        <ele>0.0</ele>
      </trkpt>
      <trkpt lat="42.4546500" lon="9.0337500">
        <ele>0.0</ele>
      </trkpt>
      <trkpt lat="42.4546400" lon="9.0337100">
        <ele>0.0</ele>
      </trkpt>
      <trkpt lat="42.4545000" lon="9.0332200">
        <ele>0.0</ele>
      </trkpt>
      <trkpt lat="42.4543900" lon="9.0327700">
        <ele>0.0</ele>
      </trkpt>
      <trkpt lat="42.4542800" lon="9.0324400">
        <ele>0.0</ele>
      </trkpt>
      <trkpt lat="42.4541700" lon="9.0321500">
        <ele>0.0</ele>
      </trkpt>
      <trkpt lat="42.4538500" lon="9.0316300">
        <ele>0.0</ele>
      </trkpt>
      <trkpt lat="42.4537800" lon="9.0315000">
        <ele>0.0</ele>
      </trkpt>
      <trkpt lat="42.4537100" lon="9.0313700">
        <ele>0.0</ele>
      </trkpt>
      <trkpt lat="42.4536800" lon="9.0312700">
        <ele>0.0</ele>
      </trkpt>
      <trkpt lat="42.4536900" lon="9.0309200">
        <ele>0.0</ele>
      </trkpt>
      <trkpt lat="42.4536800" lon="9.0307600">
        <ele>0.0</ele>
      </trkpt>
      <trkpt lat="42.4536300" lon="9.0306500">
        <ele>0.0</ele>
      </trkpt>
      <trkpt lat="42.4534100" lon="9.0303600">
        <ele>0.0</ele>
      </trkpt>
      <trkpt lat="42.4533700" lon="9.0302300">
        <ele>0.0</ele>
      </trkpt>
      <trkpt lat="42.4533100" lon="9.0298400">
        <ele>0.0</ele>
      </trkpt>
      <trkpt lat="42.4532500" lon="9.0297400">
        <ele>0.0</ele>
      </trkpt>
      <trkpt lat="42.4532300" lon="9.0297300">
        <ele>0.0</ele>
      </trkpt>
      <trkpt lat="42.4530900" lon="9.0296300">
        <ele>0.0</ele>
      </trkpt>
      <trkpt lat="42.4527500" lon="9.0295200">
        <ele>0.0</ele>
      </trkpt>
      <trkpt lat="42.4525200" lon="9.0294100">
        <ele>0.0</ele>
      </trkpt>
      <trkpt lat="42.4522700" lon="9.0291700">
        <ele>0.0</ele>
      </trkpt>
      <trkpt lat="42.4520700" lon="9.0289100">
        <ele>0.0</ele>
      </trkpt>
      <trkpt lat="42.4518400" lon="9.0284500">
        <ele>0.0</ele>
      </trkpt>
      <trkpt lat="42.4517200" lon="9.0281400">
        <ele>0.0</ele>
      </trkpt>
      <trkpt lat="42.4516900" lon="9.0280800">
        <ele>0.0</ele>
      </trkpt>
      <trkpt lat="42.4516600" lon="9.0280600">
        <ele>0.0</ele>
      </trkpt>
      <trkpt lat="42.4516300" lon="9.0280400">
        <ele>0.0</ele>
      </trkpt>
      <trkpt lat="42.4515700" lon="9.0280400">
        <ele>0.0</ele>
      </trkpt>
      <trkpt lat="42.4515000" lon="9.0280600">
        <ele>0.0</ele>
      </trkpt>
      <trkpt lat="42.4514600" lon="9.0280700">
        <ele>0.0</ele>
      </trkpt>
      <trkpt lat="42.4514100" lon="9.0281100">
        <ele>0.0</ele>
      </trkpt>
      <trkpt lat="42.4513200" lon="9.0282000">
        <ele>0.0</ele>
      </trkpt>
      <trkpt lat="42.4511700" lon="9.0284000">
        <ele>0.0</ele>
      </trkpt>
      <trkpt lat="42.4511500" lon="9.0284300">
        <ele>0.0</ele>
      </trkpt>
      <trkpt lat="42.4509800" lon="9.0285600">
        <ele>0.0</ele>
      </trkpt>
      <trkpt lat="42.4508600" lon="9.0286800">
        <ele>0.0</ele>
      </trkpt>
      <trkpt lat="42.4508100" lon="9.0287700">
        <ele>0.0</ele>
      </trkpt>
      <trkpt lat="42.4506900" lon="9.0290700">
        <ele>0.0</ele>
      </trkpt>
      <trkpt lat="42.4505800" lon="9.0295000">
        <ele>0.0</ele>
      </trkpt>
      <trkpt lat="42.4505500" lon="9.0295600">
        <ele>0.0</ele>
      </trkpt>
      <trkpt lat="42.4505000" lon="9.0296100">
        <ele>0.0</ele>
      </trkpt>
      <trkpt lat="42.4504500" lon="9.0296400">
        <ele>0.0</ele>
      </trkpt>
      <trkpt lat="42.4503800" lon="9.0296500">
        <ele>0.0</ele>
      </trkpt>
      <trkpt lat="42.4502900" lon="9.0296600">
        <ele>0.0</ele>
      </trkpt>
      <trkpt lat="42.4501500" lon="9.0296100">
        <ele>0.0</ele>
      </trkpt>
      <trkpt lat="42.4499800" lon="9.0295200">
        <ele>0.0</ele>
      </trkpt>
      <trkpt lat="42.4494700" lon="9.0291600">
        <ele>0.0</ele>
      </trkpt>
      <trkpt lat="42.4493700" lon="9.0291200">
        <ele>0.0</ele>
      </trkpt>
      <trkpt lat="42.4492500" lon="9.0290900">
        <ele>0.0</ele>
      </trkpt>
      <trkpt lat="42.4492600" lon="9.0292100">
        <ele>0.0</ele>
      </trkpt>
      <trkpt lat="42.4494800" lon="9.0293300">
        <ele>0.0</ele>
      </trkpt>
      <trkpt lat="42.4495500" lon="9.0294000">
        <ele>0.0</ele>
      </trkpt>
      <trkpt lat="42.4497000" lon="9.0295900">
        <ele>0.0</ele>
      </trkpt>
      <trkpt lat="42.4499000" lon="9.0297700">
        <ele>0.0</ele>
      </trkpt>
      <trkpt lat="42.4500300" lon="9.0299400">
        <ele>0.0</ele>
      </trkpt>
      <trkpt lat="42.4501200" lon="9.0301100">
        <ele>0.0</ele>
      </trkpt>
      <trkpt lat="42.4501300" lon="9.0302000">
        <ele>0.0</ele>
      </trkpt>
      <trkpt lat="42.4501300" lon="9.0302600">
        <ele>0.0</ele>
      </trkpt>
      <trkpt lat="42.4502100" lon="9.0304000">
        <ele>0.0</ele>
      </trkpt>
      <trkpt lat="42.4503300" lon="9.0305400">
        <ele>0.0</ele>
      </trkpt>
      <trkpt lat="42.4503800" lon="9.0305700">
        <ele>0.0</ele>
      </trkpt>
      <trkpt lat="42.4504200" lon="9.0306000">
        <ele>0.0</ele>
      </trkpt>
      <trkpt lat="42.4506200" lon="9.0306100">
        <ele>0.0</ele>
      </trkpt>
      <trkpt lat="42.4507300" lon="9.0305800">
        <ele>0.0</ele>
      </trkpt>
      <trkpt lat="42.4508200" lon="9.0305300">
        <ele>0.0</ele>
      </trkpt>
      <trkpt lat="42.4509000" lon="9.0304500">
        <ele>0.0</ele>
      </trkpt>
      <trkpt lat="42.4510100" lon="9.0303200">
        <ele>0.0</ele>
      </trkpt>
      <trkpt lat="42.4511700" lon="9.0299800">
        <ele>0.0</ele>
      </trkpt>
      <trkpt lat="42.4512100" lon="9.0299100">
        <ele>0.0</ele>
      </trkpt>
      <trkpt lat="42.4512300" lon="9.0298700">
        <ele>0.0</ele>
      </trkpt>
      <trkpt lat="42.4512900" lon="9.0297600">
        <ele>0.0</ele>
      </trkpt>
      <trkpt lat="42.4514100" lon="9.0297000">
        <ele>0.0</ele>
      </trkpt>
      <trkpt lat="42.4514900" lon="9.0296900">
        <ele>0.0</ele>
      </trkpt>
      <trkpt lat="42.4515100" lon="9.0296900">
        <ele>0.0</ele>
      </trkpt>
      <trkpt lat="42.4516100" lon="9.0297600">
        <ele>0.0</ele>
      </trkpt>
      <trkpt lat="42.4516800" lon="9.0298700">
        <ele>0.0</ele>
      </trkpt>
      <trkpt lat="42.4517900" lon="9.0303300">
        <ele>0.0</ele>
      </trkpt>
      <trkpt lat="42.4516800" lon="9.0298700">
        <ele>0.0</ele>
      </trkpt>
      <trkpt lat="42.4516100" lon="9.0297600">
        <ele>0.0</ele>
      </trkpt>
      <trkpt lat="42.4515100" lon="9.0296900">
        <ele>0.0</ele>
      </trkpt>
      <trkpt lat="42.4514900" lon="9.0296900">
        <ele>0.0</ele>
      </trkpt>
      <trkpt lat="42.4514100" lon="9.0297000">
        <ele>0.0</ele>
      </trkpt>
      <trkpt lat="42.4512900" lon="9.0297600">
        <ele>0.0</ele>
      </trkpt>
      <trkpt lat="42.4512100" lon="9.0299100">
        <ele>0.0</ele>
      </trkpt>
      <trkpt lat="42.4511700" lon="9.0299800">
        <ele>0.0</ele>
      </trkpt>
      <trkpt lat="42.4510100" lon="9.0303200">
        <ele>0.0</ele>
      </trkpt>
      <trkpt lat="42.4509000" lon="9.0304500">
        <ele>0.0</ele>
      </trkpt>
      <trkpt lat="42.4508200" lon="9.0305300">
        <ele>0.0</ele>
      </trkpt>
      <trkpt lat="42.4507300" lon="9.0305800">
        <ele>0.0</ele>
      </trkpt>
      <trkpt lat="42.4506200" lon="9.0306100">
        <ele>0.0</ele>
      </trkpt>
      <trkpt lat="42.4504200" lon="9.0306000">
        <ele>0.0</ele>
      </trkpt>
      <trkpt lat="42.4503800" lon="9.0305700">
        <ele>0.0</ele>
      </trkpt>
      <trkpt lat="42.4503300" lon="9.0305400">
        <ele>0.0</ele>
      </trkpt>
      <trkpt lat="42.4502100" lon="9.0304000">
        <ele>0.0</ele>
      </trkpt>
      <trkpt lat="42.4501300" lon="9.0302800">
        <ele>0.0</ele>
      </trkpt>
      <trkpt lat="42.4501000" lon="9.0303100">
        <ele>0.0</ele>
      </trkpt>
      <trkpt lat="42.4500800" lon="9.0303000">
        <ele>0.0</ele>
      </trkpt>
      <trkpt lat="42.4500600" lon="9.0302800">
        <ele>0.0</ele>
      </trkpt>
      <trkpt lat="42.4500300" lon="9.0301600">
        <ele>0.0</ele>
      </trkpt>
      <trkpt lat="42.4499900" lon="9.0301100">
        <ele>0.0</ele>
      </trkpt>
      <trkpt lat="42.4499600" lon="9.0300700">
        <ele>0.0</ele>
      </trkpt>
      <trkpt lat="42.4498900" lon="9.0300000">
        <ele>0.0</ele>
      </trkpt>
      <trkpt lat="42.4497300" lon="9.0299000">
        <ele>0.0</ele>
      </trkpt>
      <trkpt lat="42.4495500" lon="9.0298300">
        <ele>0.0</ele>
      </trkpt>
      <trkpt lat="42.4492200" lon="9.0297700">
        <ele>0.0</ele>
      </trkpt>
      <trkpt lat="42.4488000" lon="9.0297700">
        <ele>0.0</ele>
      </trkpt>
      <trkpt lat="42.4486600" lon="9.0297900">
        <ele>0.0</ele>
      </trkpt>
      <trkpt lat="42.4486000" lon="9.0297900">
        <ele>0.0</ele>
      </trkpt>
      <trkpt lat="42.4485300" lon="9.0297700">
        <ele>0.0</ele>
      </trkpt>
      <trkpt lat="42.4484500" lon="9.0297300">
        <ele>0.0</ele>
      </trkpt>
      <trkpt lat="42.4483800" lon="9.0296900">
        <ele>0.0</ele>
      </trkpt>
      <trkpt lat="42.4483500" lon="9.0296800">
        <ele>0.0</ele>
      </trkpt>
      <trkpt lat="42.4483300" lon="9.0296900">
        <ele>0.0</ele>
      </trkpt>
      <trkpt lat="42.4483100" lon="9.0297200">
        <ele>0.0</ele>
      </trkpt>
      <trkpt lat="42.4483000" lon="9.0297700">
        <ele>0.0</ele>
      </trkpt>
      <trkpt lat="42.4483200" lon="9.0298000">
        <ele>0.0</ele>
      </trkpt>
      <trkpt lat="42.4486200" lon="9.0301600">
        <ele>0.0</ele>
      </trkpt>
      <trkpt lat="42.4486900" lon="9.0302200">
        <ele>0.0</ele>
      </trkpt>
      <trkpt lat="42.4490400" lon="9.0303900">
        <ele>0.0</ele>
      </trkpt>
      <trkpt lat="42.4491200" lon="9.0304400">
        <ele>0.0</ele>
      </trkpt>
      <trkpt lat="42.4492300" lon="9.0305500">
        <ele>0.0</ele>
      </trkpt>
      <trkpt lat="42.4492700" lon="9.0306100">
        <ele>0.0</ele>
      </trkpt>
      <trkpt lat="42.4493300" lon="9.0307600">
        <ele>0.0</ele>
      </trkpt>
      <trkpt lat="42.4493500" lon="9.0308000">
        <ele>0.0</ele>
      </trkpt>
      <trkpt lat="42.4496500" lon="9.0318400">
        <ele>0.0</ele>
      </trkpt>
      <trkpt lat="42.4498600" lon="9.0325100">
        <ele>0.0</ele>
      </trkpt>
      <trkpt lat="42.4498700" lon="9.0325400">
        <ele>0.0</ele>
      </trkpt>
      <trkpt lat="42.4498700" lon="9.0325800">
        <ele>0.0</ele>
      </trkpt>
      <trkpt lat="42.4498400" lon="9.0326100">
        <ele>0.0</ele>
      </trkpt>
      <trkpt lat="42.4498100" lon="9.0326100">
        <ele>0.0</ele>
      </trkpt>
      <trkpt lat="42.4497900" lon="9.0325900">
        <ele>0.0</ele>
      </trkpt>
      <trkpt lat="42.4497700" lon="9.0325600">
        <ele>0.0</ele>
      </trkpt>
      <trkpt lat="42.4495100" lon="9.0320500">
        <ele>0.0</ele>
      </trkpt>
      <trkpt lat="42.4493900" lon="9.0318500">
        <ele>0.0</ele>
      </trkpt>
      <trkpt lat="42.4491300" lon="9.0315500">
        <ele>0.0</ele>
      </trkpt>
      <trkpt lat="42.4490000" lon="9.0314300">
        <ele>0.0</ele>
      </trkpt>
      <trkpt lat="42.4488700" lon="9.0313400">
        <ele>0.0</ele>
      </trkpt>
      <trkpt lat="42.4487900" lon="9.0313000">
        <ele>0.0</ele>
      </trkpt>
      <trkpt lat="42.4486900" lon="9.0312700">
        <ele>0.0</ele>
      </trkpt>
      <trkpt lat="42.4486400" lon="9.0312700">
        <ele>0.0</ele>
      </trkpt>
      <trkpt lat="42.4485900" lon="9.0312700">
        <ele>0.0</ele>
      </trkpt>
      <trkpt lat="42.4484500" lon="9.0313100">
        <ele>0.0</ele>
      </trkpt>
      <trkpt lat="42.4476900" lon="9.0315800">
        <ele>0.0</ele>
      </trkpt>
      <trkpt lat="42.4475800" lon="9.0316400">
        <ele>0.0</ele>
      </trkpt>
      <trkpt lat="42.4474100" lon="9.0317500">
        <ele>0.0</ele>
      </trkpt>
      <trkpt lat="42.4473600" lon="9.0317600">
        <ele>0.0</ele>
      </trkpt>
      <trkpt lat="42.4473000" lon="9.0317700">
        <ele>0.0</ele>
      </trkpt>
      <trkpt lat="42.4472600" lon="9.0317700">
        <ele>0.0</ele>
      </trkpt>
      <trkpt lat="42.4473000" lon="9.0317700">
        <ele>0.0</ele>
      </trkpt>
      <trkpt lat="42.4473600" lon="9.0317600">
        <ele>0.0</ele>
      </trkpt>
      <trkpt lat="42.4474100" lon="9.0317500">
        <ele>0.0</ele>
      </trkpt>
      <trkpt lat="42.4476900" lon="9.0315800">
        <ele>0.0</ele>
      </trkpt>
      <trkpt lat="42.4484500" lon="9.0313100">
        <ele>0.0</ele>
      </trkpt>
      <trkpt lat="42.4485900" lon="9.0312700">
        <ele>0.0</ele>
      </trkpt>
      <trkpt lat="42.4486400" lon="9.0312700">
        <ele>0.0</ele>
      </trkpt>
      <trkpt lat="42.4486900" lon="9.0312700">
        <ele>0.0</ele>
      </trkpt>
      <trkpt lat="42.4487900" lon="9.0313000">
        <ele>0.0</ele>
      </trkpt>
      <trkpt lat="42.4488700" lon="9.0313400">
        <ele>0.0</ele>
      </trkpt>
      <trkpt lat="42.4490000" lon="9.0314300">
        <ele>0.0</ele>
      </trkpt>
      <trkpt lat="42.4491300" lon="9.0315500">
        <ele>0.0</ele>
      </trkpt>
      <trkpt lat="42.4493900" lon="9.0318500">
        <ele>0.0</ele>
      </trkpt>
      <trkpt lat="42.4495100" lon="9.0320500">
        <ele>0.0</ele>
      </trkpt>
      <trkpt lat="42.4497700" lon="9.0325600">
        <ele>0.0</ele>
      </trkpt>
      <trkpt lat="42.4497900" lon="9.0325900">
        <ele>0.0</ele>
      </trkpt>
      <trkpt lat="42.4498100" lon="9.0326100">
        <ele>0.0</ele>
      </trkpt>
      <trkpt lat="42.4498300" lon="9.0326100">
        <ele>0.0</ele>
      </trkpt>
      <trkpt lat="42.4498600" lon="9.0325900">
        <ele>0.0</ele>
      </trkpt>
      <trkpt lat="42.4498700" lon="9.0325600">
        <ele>0.0</ele>
      </trkpt>
      <trkpt lat="42.4498600" lon="9.0325100">
        <ele>0.0</ele>
      </trkpt>
      <trkpt lat="42.4496500" lon="9.0318400">
        <ele>0.0</ele>
      </trkpt>
      <trkpt lat="42.4493500" lon="9.0308000">
        <ele>0.0</ele>
      </trkpt>
      <trkpt lat="42.4493300" lon="9.0307600">
        <ele>0.0</ele>
      </trkpt>
      <trkpt lat="42.4492700" lon="9.0306100">
        <ele>0.0</ele>
      </trkpt>
      <trkpt lat="42.4492300" lon="9.0305500">
        <ele>0.0</ele>
      </trkpt>
      <trkpt lat="42.4491200" lon="9.0304400">
        <ele>0.0</ele>
      </trkpt>
      <trkpt lat="42.4490400" lon="9.0303900">
        <ele>0.0</ele>
      </trkpt>
      <trkpt lat="42.4486900" lon="9.0302200">
        <ele>0.0</ele>
      </trkpt>
      <trkpt lat="42.4486200" lon="9.0301600">
        <ele>0.0</ele>
      </trkpt>
      <trkpt lat="42.4483200" lon="9.0298000">
        <ele>0.0</ele>
      </trkpt>
      <trkpt lat="42.4483000" lon="9.0297700">
        <ele>0.0</ele>
      </trkpt>
      <trkpt lat="42.4483000" lon="9.0297400">
        <ele>0.0</ele>
      </trkpt>
      <trkpt lat="42.4483200" lon="9.0297000">
        <ele>0.0</ele>
      </trkpt>
      <trkpt lat="42.4483500" lon="9.0296800">
        <ele>0.0</ele>
      </trkpt>
      <trkpt lat="42.4483700" lon="9.0296800">
        <ele>0.0</ele>
      </trkpt>
      <trkpt lat="42.4484500" lon="9.0297300">
        <ele>0.0</ele>
      </trkpt>
      <trkpt lat="42.4485300" lon="9.0297700">
        <ele>0.0</ele>
      </trkpt>
      <trkpt lat="42.4486000" lon="9.0297900">
        <ele>0.0</ele>
      </trkpt>
      <trkpt lat="42.4486600" lon="9.0297900">
        <ele>0.0</ele>
      </trkpt>
      <trkpt lat="42.4488000" lon="9.0297700">
        <ele>0.0</ele>
      </trkpt>
      <trkpt lat="42.4492200" lon="9.0297700">
        <ele>0.0</ele>
      </trkpt>
      <trkpt lat="42.4495500" lon="9.0298300">
        <ele>0.0</ele>
      </trkpt>
      <trkpt lat="42.4497300" lon="9.0299000">
        <ele>0.0</ele>
      </trkpt>
      <trkpt lat="42.4498900" lon="9.0300000">
        <ele>0.0</ele>
      </trkpt>
      <trkpt lat="42.4499600" lon="9.0300700">
        <ele>0.0</ele>
      </trkpt>
      <trkpt lat="42.4499900" lon="9.0301100">
        <ele>0.0</ele>
      </trkpt>
      <trkpt lat="42.4500300" lon="9.0301600">
        <ele>0.0</ele>
      </trkpt>
      <trkpt lat="42.4500600" lon="9.0302800">
        <ele>0.0</ele>
      </trkpt>
      <trkpt lat="42.4500800" lon="9.0303000">
        <ele>0.0</ele>
      </trkpt>
      <trkpt lat="42.4501000" lon="9.0303100">
        <ele>0.0</ele>
      </trkpt>
      <trkpt lat="42.4501200" lon="9.0303000">
        <ele>0.0</ele>
      </trkpt>
      <trkpt lat="42.4501300" lon="9.0302600">
        <ele>0.0</ele>
      </trkpt>
      <trkpt lat="42.4501300" lon="9.0302000">
        <ele>0.0</ele>
      </trkpt>
      <trkpt lat="42.4501200" lon="9.0301100">
        <ele>0.0</ele>
      </trkpt>
      <trkpt lat="42.4500300" lon="9.0299400">
        <ele>0.0</ele>
      </trkpt>
      <trkpt lat="42.4499000" lon="9.0297700">
        <ele>0.0</ele>
      </trkpt>
      <trkpt lat="42.4497000" lon="9.0295900">
        <ele>0.0</ele>
      </trkpt>
      <trkpt lat="42.4495500" lon="9.0294000">
        <ele>0.0</ele>
      </trkpt>
      <trkpt lat="42.4494800" lon="9.0293300">
        <ele>0.0</ele>
      </trkpt>
      <trkpt lat="42.4492600" lon="9.0292100">
        <ele>0.0</ele>
      </trkpt>
      <trkpt lat="42.4492500" lon="9.0290900">
        <ele>0.0</ele>
      </trkpt>
      <trkpt lat="42.4491000" lon="9.0290300">
        <ele>0.0</ele>
      </trkpt>
      <trkpt lat="42.4488300" lon="9.0289100">
        <ele>0.0</ele>
      </trkpt>
      <trkpt lat="42.4486800" lon="9.0287700">
        <ele>0.0</ele>
      </trkpt>
      <trkpt lat="42.4486100" lon="9.0287000">
        <ele>0.0</ele>
      </trkpt>
      <trkpt lat="42.4484200" lon="9.0284200">
        <ele>0.0</ele>
      </trkpt>
      <trkpt lat="42.4481300" lon="9.0280400">
        <ele>0.0</ele>
      </trkpt>
      <trkpt lat="42.4478400" lon="9.0276800">
        <ele>0.0</ele>
      </trkpt>
      <trkpt lat="42.4477200" lon="9.0275100">
        <ele>0.0</ele>
      </trkpt>
      <trkpt lat="42.4476100" lon="9.0273300">
        <ele>0.0</ele>
      </trkpt>
      <trkpt lat="42.4473900" lon="9.0268400">
        <ele>0.0</ele>
      </trkpt>
      <trkpt lat="42.4470500" lon="9.0261000">
        <ele>0.0</ele>
      </trkpt>
      <trkpt lat="42.4467800" lon="9.0256400">
        <ele>0.0</ele>
      </trkpt>
      <trkpt lat="42.4465600" lon="9.0254700">
        <ele>0.0</ele>
      </trkpt>
      <trkpt lat="42.4463100" lon="9.0253000">
        <ele>0.0</ele>
      </trkpt>
      <trkpt lat="42.4462600" lon="9.0252700">
        <ele>0.0</ele>
      </trkpt>
      <trkpt lat="42.4460400" lon="9.0250600">
        <ele>0.0</ele>
      </trkpt>
      <trkpt lat="42.4459500" lon="9.0249100">
        <ele>0.0</ele>
      </trkpt>
      <trkpt lat="42.4459100" lon="9.0248400">
        <ele>0.0</ele>
      </trkpt>
      <trkpt lat="42.4459300" lon="9.0246100">
        <ele>0.0</ele>
      </trkpt>
      <trkpt lat="42.4459800" lon="9.0244600">
        <ele>0.0</ele>
      </trkpt>
      <trkpt lat="42.4460800" lon="9.0241800">
        <ele>0.0</ele>
      </trkpt>
      <trkpt lat="42.4461000" lon="9.0239900">
        <ele>0.0</ele>
      </trkpt>
      <trkpt lat="42.4460000" lon="9.0231500">
        <ele>0.0</ele>
      </trkpt>
      <trkpt lat="42.4459900" lon="9.0227200">
        <ele>0.0</ele>
      </trkpt>
      <trkpt lat="42.4460200" lon="9.0223000">
        <ele>0.0</ele>
      </trkpt>
      <trkpt lat="42.4459900" lon="9.0219400">
        <ele>0.0</ele>
      </trkpt>
      <trkpt lat="42.4459500" lon="9.0216800">
        <ele>0.0</ele>
      </trkpt>
      <trkpt lat="42.4459500" lon="9.0214700">
        <ele>0.0</ele>
      </trkpt>
      <trkpt lat="42.4459900" lon="9.0209900">
        <ele>0.0</ele>
      </trkpt>
      <trkpt lat="42.4460300" lon="9.0207500">
        <ele>0.0</ele>
      </trkpt>
      <trkpt lat="42.4461000" lon="9.0204200">
        <ele>0.0</ele>
      </trkpt>
      <trkpt lat="42.4461300" lon="9.0201100">
        <ele>0.0</ele>
      </trkpt>
      <trkpt lat="42.4461300" lon="9.0197800">
        <ele>0.0</ele>
      </trkpt>
      <trkpt lat="42.4461000" lon="9.0195800">
        <ele>0.0</ele>
      </trkpt>
      <trkpt lat="42.4460800" lon="9.0193100">
        <ele>0.0</ele>
      </trkpt>
      <trkpt lat="42.4460900" lon="9.0191100">
        <ele>0.0</ele>
      </trkpt>
      <trkpt lat="42.4460900" lon="9.0188300">
        <ele>0.0</ele>
      </trkpt>
      <trkpt lat="42.4460100" lon="9.0185500">
        <ele>0.0</ele>
      </trkpt>
      <trkpt lat="42.4459200" lon="9.0183300">
        <ele>0.0</ele>
      </trkpt>
      <trkpt lat="42.4458400" lon="9.0182100">
        <ele>0.0</ele>
      </trkpt>
      <trkpt lat="42.4456500" lon="9.0180300">
        <ele>0.0</ele>
      </trkpt>
      <trkpt lat="42.4455800" lon="9.0178800">
        <ele>0.0</ele>
      </trkpt>
      <trkpt lat="42.4455800" lon="9.0177100">
        <ele>0.0</ele>
      </trkpt>
      <trkpt lat="42.4456500" lon="9.0175800">
        <ele>0.0</ele>
      </trkpt>
      <trkpt lat="42.4458600" lon="9.0172800">
        <ele>0.0</ele>
      </trkpt>
      <trkpt lat="42.4459800" lon="9.0171000">
        <ele>0.0</ele>
      </trkpt>
      <trkpt lat="42.4460100" lon="9.0169300">
        <ele>0.0</ele>
      </trkpt>
      <trkpt lat="42.4458900" lon="9.0166500">
        <ele>0.0</ele>
      </trkpt>
      <trkpt lat="42.4456900" lon="9.0163300">
        <ele>0.0</ele>
      </trkpt>
      <trkpt lat="42.4455700" lon="9.0161900">
        <ele>0.0</ele>
      </trkpt>
      <trkpt lat="42.4454100" lon="9.0161200">
        <ele>0.0</ele>
      </trkpt>
      <trkpt lat="42.4451100" lon="9.0159400">
        <ele>0.0</ele>
      </trkpt>
      <trkpt lat="42.4449800" lon="9.0158500">
        <ele>0.0</ele>
      </trkpt>
      <trkpt lat="42.4448700" lon="9.0156800">
        <ele>0.0</ele>
      </trkpt>
      <trkpt lat="42.4446500" lon="9.0151200">
        <ele>0.0</ele>
      </trkpt>
      <trkpt lat="42.4445000" lon="9.0147000">
        <ele>0.0</ele>
      </trkpt>
      <trkpt lat="42.4442600" lon="9.0140500">
        <ele>0.0</ele>
      </trkpt>
      <trkpt lat="42.4442100" lon="9.0138200">
        <ele>0.0</ele>
      </trkpt>
      <trkpt lat="42.4442000" lon="9.0125900">
        <ele>0.0</ele>
      </trkpt>
      <trkpt lat="42.4441700" lon="9.0124400">
        <ele>0.0</ele>
      </trkpt>
      <trkpt lat="42.4441300" lon="9.0123500">
        <ele>0.0</ele>
      </trkpt>
      <trkpt lat="42.4438900" lon="9.0120400">
        <ele>0.0</ele>
      </trkpt>
      <trkpt lat="42.4436200" lon="9.0116400">
        <ele>0.0</ele>
      </trkpt>
      <trkpt lat="42.4433700" lon="9.0111700">
        <ele>0.0</ele>
      </trkpt>
      <trkpt lat="42.4432900" lon="9.0110700">
        <ele>0.0</ele>
      </trkpt>
      <trkpt lat="42.4431300" lon="9.0109800">
        <ele>0.0</ele>
      </trkpt>
      <trkpt lat="42.4429300" lon="9.0107500">
        <ele>0.0</ele>
      </trkpt>
      <trkpt lat="42.4428300" lon="9.0105100">
        <ele>0.0</ele>
      </trkpt>
      <trkpt lat="42.4428000" lon="9.0103100">
        <ele>0.0</ele>
      </trkpt>
      <trkpt lat="42.4428300" lon="9.0097100">
        <ele>0.0</ele>
      </trkpt>
      <trkpt lat="42.4428300" lon="9.0096400">
        <ele>0.0</ele>
      </trkpt>
      <trkpt lat="42.4427800" lon="9.0095700">
        <ele>0.0</ele>
      </trkpt>
      <trkpt lat="42.4422900" lon="9.0089800">
        <ele>0.0</ele>
      </trkpt>
      <trkpt lat="42.4422000" lon="9.0087900">
        <ele>0.0</ele>
      </trkpt>
      <trkpt lat="42.4420800" lon="9.0085500">
        <ele>0.0</ele>
      </trkpt>
      <trkpt lat="42.4420500" lon="9.0083900">
        <ele>0.0</ele>
      </trkpt>
      <trkpt lat="42.4420600" lon="9.0082300">
        <ele>0.0</ele>
      </trkpt>
      <trkpt lat="42.4422600" lon="9.0074500">
        <ele>0.0</ele>
      </trkpt>
      <trkpt lat="42.4424300" lon="9.0064300">
        <ele>0.0</ele>
      </trkpt>
      <trkpt lat="42.4425300" lon="9.0061900">
        <ele>0.0</ele>
      </trkpt>
      <trkpt lat="42.4426400" lon="9.0060100">
        <ele>0.0</ele>
      </trkpt>
      <trkpt lat="42.4426400" lon="9.0059300">
        <ele>0.0</ele>
      </trkpt>
      <trkpt lat="42.4425800" lon="9.0057700">
        <ele>0.0</ele>
      </trkpt>
      <trkpt lat="42.4424300" lon="9.0057200">
        <ele>0.0</ele>
      </trkpt>
      <trkpt lat="42.4421300" lon="9.0057600">
        <ele>0.0</ele>
      </trkpt>
      <trkpt lat="42.4419000" lon="9.0058100">
        <ele>0.0</ele>
      </trkpt>
      <trkpt lat="42.4417300" lon="9.0058300">
        <ele>0.0</ele>
      </trkpt>
      <trkpt lat="42.4415600" lon="9.0057800">
        <ele>0.0</ele>
      </trkpt>
      <trkpt lat="42.4414700" lon="9.0056800">
        <ele>0.0</ele>
      </trkpt>
      <trkpt lat="42.4414600" lon="9.0056500">
        <ele>0.0</ele>
      </trkpt>
      <trkpt lat="42.4414500" lon="9.0055900">
        <ele>0.0</ele>
      </trkpt>
      <trkpt lat="42.4414300" lon="9.0054200">
        <ele>0.0</ele>
      </trkpt>
      <trkpt lat="42.4414100" lon="9.0051200">
        <ele>0.0</ele>
      </trkpt>
      <trkpt lat="42.4413800" lon="9.0049100">
        <ele>0.0</ele>
      </trkpt>
      <trkpt lat="42.4412600" lon="9.0046800">
        <ele>0.0</ele>
      </trkpt>
      <trkpt lat="42.4409700" lon="9.0042700">
        <ele>0.0</ele>
      </trkpt>
      <trkpt lat="42.4406200" lon="9.0036400">
        <ele>0.0</ele>
      </trkpt>
      <trkpt lat="42.4404100" lon="9.0033100">
        <ele>0.0</ele>
      </trkpt>
      <trkpt lat="42.4402800" lon="9.0032200">
        <ele>0.0</ele>
      </trkpt>
      <trkpt lat="42.4401500" lon="9.0031500">
        <ele>0.0</ele>
      </trkpt>
      <trkpt lat="42.4399600" lon="9.0030300">
        <ele>0.0</ele>
      </trkpt>
      <trkpt lat="42.4395600" lon="9.0027100">
        <ele>0.0</ele>
      </trkpt>
      <trkpt lat="42.4394300" lon="9.0026500">
        <ele>0.0</ele>
      </trkpt>
      <trkpt lat="42.4389200" lon="9.0025500">
        <ele>0.0</ele>
      </trkpt>
      <trkpt lat="42.4384700" lon="9.0025000">
        <ele>0.0</ele>
      </trkpt>
      <trkpt lat="42.4383400" lon="9.0024300">
        <ele>0.0</ele>
      </trkpt>
      <trkpt lat="42.4381200" lon="9.0022700">
        <ele>0.0</ele>
      </trkpt>
      <trkpt lat="42.4379900" lon="9.0021000">
        <ele>0.0</ele>
      </trkpt>
      <trkpt lat="42.4379200" lon="9.0019100">
        <ele>0.0</ele>
      </trkpt>
      <trkpt lat="42.4378000" lon="9.0013900">
        <ele>0.0</ele>
      </trkpt>
      <trkpt lat="42.4376900" lon="9.0009400">
        <ele>0.0</ele>
      </trkpt>
      <trkpt lat="42.4375400" lon="9.0005800">
        <ele>0.0</ele>
      </trkpt>
      <trkpt lat="42.4375100" lon="9.0005100">
        <ele>0.0</ele>
      </trkpt>
      <trkpt lat="42.4369900" lon="8.9994800">
        <ele>0.0</ele>
      </trkpt>
      <trkpt lat="42.4369200" lon="8.9992900">
        <ele>0.0</ele>
      </trkpt>
      <trkpt lat="42.4368200" lon="8.9989200">
        <ele>0.0</ele>
      </trkpt>
      <trkpt lat="42.4367800" lon="8.9985900">
        <ele>0.0</ele>
      </trkpt>
      <trkpt lat="42.4367700" lon="8.9982400">
        <ele>0.0</ele>
      </trkpt>
      <trkpt lat="42.4368000" lon="8.9979100">
        <ele>0.0</ele>
      </trkpt>
      <trkpt lat="42.4367900" lon="8.9978200">
        <ele>0.0</ele>
      </trkpt>
      <trkpt lat="42.4367400" lon="8.9976200">
        <ele>0.0</ele>
      </trkpt>
      <trkpt lat="42.4367100" lon="8.9973300">
        <ele>0.0</ele>
      </trkpt>
      <trkpt lat="42.4367100" lon="8.9972500">
        <ele>0.0</ele>
      </trkpt>
      <trkpt lat="42.4367300" lon="8.9971700">
        <ele>0.0</ele>
      </trkpt>
      <trkpt lat="42.4367500" lon="8.9971100">
        <ele>0.0</ele>
      </trkpt>
      <trkpt lat="42.4368200" lon="8.9969300">
        <ele>0.0</ele>
      </trkpt>
      <trkpt lat="42.4368800" lon="8.9968300">
        <ele>0.0</ele>
      </trkpt>
      <trkpt lat="42.4369300" lon="8.9967600">
        <ele>0.0</ele>
      </trkpt>
      <trkpt lat="42.4369900" lon="8.9967000">
        <ele>0.0</ele>
      </trkpt>
      <trkpt lat="42.4370600" lon="8.9966200">
        <ele>0.0</ele>
      </trkpt>
      <trkpt lat="42.4371100" lon="8.9965400">
        <ele>0.0</ele>
      </trkpt>
      <trkpt lat="42.4371700" lon="8.9963700">
        <ele>0.0</ele>
      </trkpt>
      <trkpt lat="42.4371800" lon="8.9962800">
        <ele>0.0</ele>
      </trkpt>
      <trkpt lat="42.4371900" lon="8.9961700">
        <ele>0.0</ele>
      </trkpt>
      <trkpt lat="42.4371900" lon="8.9961100">
        <ele>0.0</ele>
      </trkpt>
      <trkpt lat="42.4371800" lon="8.9960800">
        <ele>0.0</ele>
      </trkpt>
      <trkpt lat="42.4371400" lon="8.9960300">
        <ele>0.0</ele>
      </trkpt>
      <trkpt lat="42.4370900" lon="8.9960000">
        <ele>0.0</ele>
      </trkpt>
      <trkpt lat="42.4370400" lon="8.9959900">
        <ele>0.0</ele>
      </trkpt>
      <trkpt lat="42.4369100" lon="8.9959700">
        <ele>0.0</ele>
      </trkpt>
      <trkpt lat="42.4367200" lon="8.9959700">
        <ele>0.0</ele>
      </trkpt>
      <trkpt lat="42.4365200" lon="8.9959800">
        <ele>0.0</ele>
      </trkpt>
      <trkpt lat="42.4364100" lon="8.9960400">
        <ele>0.0</ele>
      </trkpt>
      <trkpt lat="42.4363200" lon="8.9961200">
        <ele>0.0</ele>
      </trkpt>
      <trkpt lat="42.4362700" lon="8.9961900">
        <ele>0.0</ele>
      </trkpt>
      <trkpt lat="42.4362300" lon="8.9963000">
        <ele>0.0</ele>
      </trkpt>
      <trkpt lat="42.4362000" lon="8.9964200">
        <ele>0.0</ele>
      </trkpt>
      <trkpt lat="42.4361800" lon="8.9964600">
        <ele>0.0</ele>
      </trkpt>
      <trkpt lat="42.4361300" lon="8.9964900">
        <ele>0.0</ele>
      </trkpt>
      <trkpt lat="42.4360900" lon="8.9965000">
        <ele>0.0</ele>
      </trkpt>
      <trkpt lat="42.4360500" lon="8.9964800">
        <ele>0.0</ele>
      </trkpt>
      <trkpt lat="42.4360200" lon="8.9964500">
        <ele>0.0</ele>
      </trkpt>
      <trkpt lat="42.4360100" lon="8.9964100">
        <ele>0.0</ele>
      </trkpt>
      <trkpt lat="42.4360000" lon="8.9963700">
        <ele>0.0</ele>
      </trkpt>
      <trkpt lat="42.4360000" lon="8.9963100">
        <ele>0.0</ele>
      </trkpt>
      <trkpt lat="42.4360000" lon="8.9962500">
        <ele>0.0</ele>
      </trkpt>
      <trkpt lat="42.4360100" lon="8.9961200">
        <ele>0.0</ele>
      </trkpt>
      <trkpt lat="42.4361600" lon="8.9957300">
        <ele>0.0</ele>
      </trkpt>
      <trkpt lat="42.4361700" lon="8.9956500">
        <ele>0.0</ele>
      </trkpt>
      <trkpt lat="42.4361500" lon="8.9955100">
        <ele>0.0</ele>
      </trkpt>
      <trkpt lat="42.4360100" lon="8.9951300">
        <ele>0.0</ele>
      </trkpt>
      <trkpt lat="42.4357000" lon="8.9944300">
        <ele>0.0</ele>
      </trkpt>
      <trkpt lat="42.4355000" lon="8.9940200">
        <ele>0.0</ele>
      </trkpt>
      <trkpt lat="42.4354200" lon="8.9936800">
        <ele>0.0</ele>
      </trkpt>
      <trkpt lat="42.4352300" lon="8.9931500">
        <ele>0.0</ele>
      </trkpt>
      <trkpt lat="42.4351800" lon="8.9927700">
        <ele>0.0</ele>
      </trkpt>
      <trkpt lat="42.4351500" lon="8.9924900">
        <ele>0.0</ele>
      </trkpt>
      <trkpt lat="42.4350300" lon="8.9920300">
        <ele>0.0</ele>
      </trkpt>
      <trkpt lat="42.4348200" lon="8.9914100">
        <ele>0.0</ele>
      </trkpt>
      <trkpt lat="42.4347300" lon="8.9911700">
        <ele>0.0</ele>
      </trkpt>
      <trkpt lat="42.4345800" lon="8.9908400">
        <ele>0.0</ele>
      </trkpt>
      <trkpt lat="42.4344800" lon="8.9905800">
        <ele>0.0</ele>
      </trkpt>
      <trkpt lat="42.4342300" lon="8.9895000">
        <ele>0.0</ele>
      </trkpt>
      <trkpt lat="42.4341200" lon="8.9891300">
        <ele>0.0</ele>
      </trkpt>
      <trkpt lat="42.4339200" lon="8.9886300">
        <ele>0.0</ele>
      </trkpt>
      <trkpt lat="42.4337100" lon="8.9878900">
        <ele>0.0</ele>
      </trkpt>
      <trkpt lat="42.4336400" lon="8.9871800">
        <ele>0.0</ele>
      </trkpt>
      <trkpt lat="42.4336400" lon="8.9868700">
        <ele>0.0</ele>
      </trkpt>
      <trkpt lat="42.4336500" lon="8.9868200">
        <ele>0.0</ele>
      </trkpt>
      <trkpt lat="42.4336600" lon="8.9866800">
        <ele>0.0</ele>
      </trkpt>
      <trkpt lat="42.4336300" lon="8.9862500">
        <ele>0.0</ele>
      </trkpt>
      <trkpt lat="42.4335800" lon="8.9860500">
        <ele>0.0</ele>
      </trkpt>
      <trkpt lat="42.4334200" lon="8.9855400">
        <ele>0.0</ele>
      </trkpt>
      <trkpt lat="42.4332300" lon="8.9851300">
        <ele>0.0</ele>
      </trkpt>
      <trkpt lat="42.4330600" lon="8.9848500">
        <ele>0.0</ele>
      </trkpt>
      <trkpt lat="42.4327900" lon="8.9845400">
        <ele>0.0</ele>
      </trkpt>
      <trkpt lat="42.4326000" lon="8.9842900">
        <ele>0.0</ele>
      </trkpt>
      <trkpt lat="42.4323500" lon="8.9839200">
        <ele>0.0</ele>
      </trkpt>
      <trkpt lat="42.4322100" lon="8.9837000">
        <ele>0.0</ele>
      </trkpt>
      <trkpt lat="42.4316000" lon="8.9826300">
        <ele>0.0</ele>
      </trkpt>
      <trkpt lat="42.4315600" lon="8.9824900">
        <ele>0.0</ele>
      </trkpt>
      <trkpt lat="42.4315800" lon="8.9823500">
        <ele>0.0</ele>
      </trkpt>
      <trkpt lat="42.4316600" lon="8.9821200">
        <ele>0.0</ele>
      </trkpt>
      <trkpt lat="42.4316900" lon="8.9820000">
        <ele>0.0</ele>
      </trkpt>
      <trkpt lat="42.4316900" lon="8.9819200">
        <ele>0.0</ele>
      </trkpt>
      <trkpt lat="42.4315900" lon="8.9816200">
        <ele>0.0</ele>
      </trkpt>
      <trkpt lat="42.4315100" lon="8.9815200">
        <ele>0.0</ele>
      </trkpt>
      <trkpt lat="42.4312200" lon="8.9813100">
        <ele>0.0</ele>
      </trkpt>
      <trkpt lat="42.4305600" lon="8.9809000">
        <ele>0.0</ele>
      </trkpt>
      <trkpt lat="42.4303400" lon="8.9807400">
        <ele>0.0</ele>
      </trkpt>
      <trkpt lat="42.4296600" lon="8.9799600">
        <ele>0.0</ele>
      </trkpt>
      <trkpt lat="42.4294700" lon="8.9797900">
        <ele>0.0</ele>
      </trkpt>
      <trkpt lat="42.4292000" lon="8.9796300">
        <ele>0.0</ele>
      </trkpt>
      <trkpt lat="42.4290200" lon="8.9795300">
        <ele>0.0</ele>
      </trkpt>
      <trkpt lat="42.4288700" lon="8.9793900">
        <ele>0.0</ele>
      </trkpt>
      <trkpt lat="42.4288000" lon="8.9791900">
        <ele>0.0</ele>
      </trkpt>
      <trkpt lat="42.4287400" lon="8.9788000">
        <ele>0.0</ele>
      </trkpt>
      <trkpt lat="42.4286800" lon="8.9785100">
        <ele>0.0</ele>
      </trkpt>
      <trkpt lat="42.4286200" lon="8.9783000">
        <ele>0.0</ele>
      </trkpt>
      <trkpt lat="42.4282800" lon="8.9775100">
        <ele>0.0</ele>
      </trkpt>
      <trkpt lat="42.4281100" lon="8.9770500">
        <ele>0.0</ele>
      </trkpt>
      <trkpt lat="42.4277200" lon="8.9756900">
        <ele>0.0</ele>
      </trkpt>
      <trkpt lat="42.4276700" lon="8.9752700">
        <ele>0.0</ele>
      </trkpt>
      <trkpt lat="42.4276500" lon="8.9748300">
        <ele>0.0</ele>
      </trkpt>
      <trkpt lat="42.4277000" lon="8.9744600">
        <ele>0.0</ele>
      </trkpt>
      <trkpt lat="42.4277300" lon="8.9740500">
        <ele>0.0</ele>
      </trkpt>
      <trkpt lat="42.4277900" lon="8.9736600">
        <ele>0.0</ele>
      </trkpt>
      <trkpt lat="42.4277900" lon="8.9734300">
        <ele>0.0</ele>
      </trkpt>
      <trkpt lat="42.4277400" lon="8.9732700">
        <ele>0.0</ele>
      </trkpt>
      <trkpt lat="42.4276200" lon="8.9730700">
        <ele>0.0</ele>
      </trkpt>
      <trkpt lat="42.4273900" lon="8.9727100">
        <ele>0.0</ele>
      </trkpt>
      <trkpt lat="42.4270400" lon="8.9721500">
        <ele>0.0</ele>
      </trkpt>
      <trkpt lat="42.4265900" lon="8.9712600">
        <ele>0.0</ele>
      </trkpt>
      <trkpt lat="42.4265000" lon="8.9711000">
        <ele>0.0</ele>
      </trkpt>
      <trkpt lat="42.4264300" lon="8.9707600">
        <ele>0.0</ele>
      </trkpt>
      <trkpt lat="42.4264200" lon="8.9705700">
        <ele>0.0</ele>
      </trkpt>
      <trkpt lat="42.4264100" lon="8.9702600">
        <ele>0.0</ele>
      </trkpt>
      <trkpt lat="42.4263800" lon="8.9700600">
        <ele>0.0</ele>
      </trkpt>
      <trkpt lat="42.4262400" lon="8.9695900">
        <ele>0.0</ele>
      </trkpt>
      <trkpt lat="42.4261800" lon="8.9694800">
        <ele>0.0</ele>
      </trkpt>
      <trkpt lat="42.4261100" lon="8.9692600">
        <ele>0.0</ele>
      </trkpt>
      <trkpt lat="42.4260300" lon="8.9691300">
        <ele>0.0</ele>
      </trkpt>
      <trkpt lat="42.4257900" lon="8.9684800">
        <ele>0.0</ele>
      </trkpt>
      <trkpt lat="42.4257300" lon="8.9681700">
        <ele>0.0</ele>
      </trkpt>
      <trkpt lat="42.4255700" lon="8.9678300">
        <ele>0.0</ele>
      </trkpt>
      <trkpt lat="42.4254500" lon="8.9676500">
        <ele>0.0</ele>
      </trkpt>
      <trkpt lat="42.4251500" lon="8.9672500">
        <ele>0.0</ele>
      </trkpt>
      <trkpt lat="42.4250700" lon="8.9671000">
        <ele>0.0</ele>
      </trkpt>
      <trkpt lat="42.4248600" lon="8.9667700">
        <ele>0.0</ele>
      </trkpt>
      <trkpt lat="42.4248000" lon="8.9665700">
        <ele>0.0</ele>
      </trkpt>
      <trkpt lat="42.4247600" lon="8.9662400">
        <ele>0.0</ele>
      </trkpt>
      <trkpt lat="42.4246900" lon="8.9659500">
        <ele>0.0</ele>
      </trkpt>
      <trkpt lat="42.4245800" lon="8.9656000">
        <ele>0.0</ele>
      </trkpt>
      <trkpt lat="42.4245300" lon="8.9653600">
        <ele>0.0</ele>
      </trkpt>
      <trkpt lat="42.4244800" lon="8.9652500">
        <ele>0.0</ele>
      </trkpt>
      <trkpt lat="42.4243700" lon="8.9649500">
        <ele>0.0</ele>
      </trkpt>
      <trkpt lat="42.4243300" lon="8.9648400">
        <ele>0.0</ele>
      </trkpt>
      <trkpt lat="42.4242900" lon="8.9647700">
        <ele>0.0</ele>
      </trkpt>
      <trkpt lat="42.4242300" lon="8.9646800">
        <ele>0.0</ele>
      </trkpt>
      <trkpt lat="42.4241900" lon="8.9646200">
        <ele>0.0</ele>
      </trkpt>
      <trkpt lat="42.4240800" lon="8.9645000">
        <ele>0.0</ele>
      </trkpt>
      <trkpt lat="42.4239700" lon="8.9643900">
        <ele>0.0</ele>
      </trkpt>
      <trkpt lat="42.4238100" lon="8.9642900">
        <ele>0.0</ele>
      </trkpt>
      <trkpt lat="42.4236400" lon="8.9641500">
        <ele>0.0</ele>
      </trkpt>
      <trkpt lat="42.4234800" lon="8.9640000">
        <ele>0.0</ele>
      </trkpt>
      <trkpt lat="42.4232000" lon="8.9636700">
        <ele>0.0</ele>
      </trkpt>
      <trkpt lat="42.4230500" lon="8.9635200">
        <ele>0.0</ele>
      </trkpt>
      <trkpt lat="42.4228600" lon="8.9633400">
        <ele>0.0</ele>
      </trkpt>
      <trkpt lat="42.4226900" lon="8.9631300">
        <ele>0.0</ele>
      </trkpt>
      <trkpt lat="42.4222400" lon="8.9623700">
        <ele>0.0</ele>
      </trkpt>
      <trkpt lat="42.4219000" lon="8.9616800">
        <ele>0.0</ele>
      </trkpt>
      <trkpt lat="42.4218200" lon="8.9615000">
        <ele>0.0</ele>
      </trkpt>
      <trkpt lat="42.4216100" lon="8.9606900">
        <ele>0.0</ele>
      </trkpt>
      <trkpt lat="42.4214900" lon="8.9601800">
        <ele>0.0</ele>
      </trkpt>
      <trkpt lat="42.4213700" lon="8.9598600">
        <ele>0.0</ele>
      </trkpt>
      <trkpt lat="42.4213200" lon="8.9597400">
        <ele>0.0</ele>
      </trkpt>
      <trkpt lat="42.4212100" lon="8.9595800">
        <ele>0.0</ele>
      </trkpt>
      <trkpt lat="42.4210300" lon="8.9593800">
        <ele>0.0</ele>
      </trkpt>
      <trkpt lat="42.4208600" lon="8.9592700">
        <ele>0.0</ele>
      </trkpt>
      <trkpt lat="42.4204100" lon="8.9588700">
        <ele>0.0</ele>
      </trkpt>
      <trkpt lat="42.4202600" lon="8.9587900">
        <ele>0.0</ele>
      </trkpt>
      <trkpt lat="42.4199800" lon="8.9587200">
        <ele>0.0</ele>
      </trkpt>
      <trkpt lat="42.4197700" lon="8.9586400">
        <ele>0.0</ele>
      </trkpt>
      <trkpt lat="42.4196800" lon="8.9584900">
        <ele>0.0</ele>
      </trkpt>
      <trkpt lat="42.4196000" lon="8.9583000">
        <ele>0.0</ele>
      </trkpt>
      <trkpt lat="42.4195400" lon="8.9581400">
        <ele>0.0</ele>
      </trkpt>
      <trkpt lat="42.4194400" lon="8.9579600">
        <ele>0.0</ele>
      </trkpt>
      <trkpt lat="42.4193300" lon="8.9577800">
        <ele>0.0</ele>
      </trkpt>
      <trkpt lat="42.4191700" lon="8.9575800">
        <ele>0.0</ele>
      </trkpt>
      <trkpt lat="42.4190200" lon="8.9573600">
        <ele>0.0</ele>
      </trkpt>
      <trkpt lat="42.4189400" lon="8.9572500">
        <ele>0.0</ele>
      </trkpt>
      <trkpt lat="42.4186800" lon="8.9567300">
        <ele>0.0</ele>
      </trkpt>
      <trkpt lat="42.4185200" lon="8.9563000">
        <ele>0.0</ele>
      </trkpt>
      <trkpt lat="42.4183700" lon="8.9559500">
        <ele>0.0</ele>
      </trkpt>
      <trkpt lat="42.4183200" lon="8.9557000">
        <ele>0.0</ele>
      </trkpt>
      <trkpt lat="42.4182200" lon="8.9553600">
        <ele>0.0</ele>
      </trkpt>
      <trkpt lat="42.4181100" lon="8.9550400">
        <ele>0.0</ele>
      </trkpt>
      <trkpt lat="42.4177100" lon="8.9542000">
        <ele>0.0</ele>
      </trkpt>
      <trkpt lat="42.4174200" lon="8.9536800">
        <ele>0.0</ele>
      </trkpt>
      <trkpt lat="42.4173200" lon="8.9534200">
        <ele>0.0</ele>
      </trkpt>
      <trkpt lat="42.4172500" lon="8.9530700">
        <ele>0.0</ele>
      </trkpt>
      <trkpt lat="42.4171400" lon="8.9518500">
        <ele>0.0</ele>
      </trkpt>
      <trkpt lat="42.4170900" lon="8.9514800">
        <ele>0.0</ele>
      </trkpt>
      <trkpt lat="42.4170800" lon="8.9510100">
        <ele>0.0</ele>
      </trkpt>
      <trkpt lat="42.4170700" lon="8.9508100">
        <ele>0.0</ele>
      </trkpt>
      <trkpt lat="42.4170300" lon="8.9503000">
        <ele>0.0</ele>
      </trkpt>
      <trkpt lat="42.4169500" lon="8.9497600">
        <ele>0.0</ele>
      </trkpt>
      <trkpt lat="42.4168600" lon="8.9495000">
        <ele>0.0</ele>
      </trkpt>
      <trkpt lat="42.4167000" lon="8.9491500">
        <ele>0.0</ele>
      </trkpt>
      <trkpt lat="42.4166300" lon="8.9490400">
        <ele>0.0</ele>
      </trkpt>
      <trkpt lat="42.4164300" lon="8.9486600">
        <ele>0.0</ele>
      </trkpt>
      <trkpt lat="42.4163000" lon="8.9482900">
        <ele>0.0</ele>
      </trkpt>
      <trkpt lat="42.4161700" lon="8.9479700">
        <ele>0.0</ele>
      </trkpt>
      <trkpt lat="42.4158800" lon="8.9474400">
        <ele>0.0</ele>
      </trkpt>
      <trkpt lat="42.4155200" lon="8.9468700">
        <ele>0.0</ele>
      </trkpt>
      <trkpt lat="42.4151900" lon="8.9463900">
        <ele>0.0</ele>
      </trkpt>
      <trkpt lat="42.4150000" lon="8.9461400">
        <ele>0.0</ele>
      </trkpt>
      <trkpt lat="42.4148100" lon="8.9459200">
        <ele>0.0</ele>
      </trkpt>
      <trkpt lat="42.4146700" lon="8.9457900">
        <ele>0.0</ele>
      </trkpt>
      <trkpt lat="42.4140600" lon="8.9453000">
        <ele>0.0</ele>
      </trkpt>
      <trkpt lat="42.4138500" lon="8.9451000">
        <ele>0.0</ele>
      </trkpt>
      <trkpt lat="42.4138000" lon="8.9450900">
        <ele>0.0</ele>
      </trkpt>
      <trkpt lat="42.4137700" lon="8.9451100">
        <ele>0.0</ele>
      </trkpt>
      <trkpt lat="42.4137300" lon="8.9451500">
        <ele>0.0</ele>
      </trkpt>
      <trkpt lat="42.4137200" lon="8.9452600">
        <ele>0.0</ele>
      </trkpt>
      <trkpt lat="42.4137700" lon="8.9453800">
        <ele>0.0</ele>
      </trkpt>
      <trkpt lat="42.4138100" lon="8.9454400">
        <ele>0.0</ele>
      </trkpt>
      <trkpt lat="42.4139300" lon="8.9455700">
        <ele>0.0</ele>
      </trkpt>
      <trkpt lat="42.4139500" lon="8.9456100">
        <ele>0.0</ele>
      </trkpt>
      <trkpt lat="42.4139600" lon="8.9456500">
        <ele>0.0</ele>
      </trkpt>
      <trkpt lat="42.4139600" lon="8.9456800">
        <ele>0.0</ele>
      </trkpt>
      <trkpt lat="42.4139500" lon="8.9457100">
        <ele>0.0</ele>
      </trkpt>
      <trkpt lat="42.4139400" lon="8.9457400">
        <ele>0.0</ele>
      </trkpt>
      <trkpt lat="42.4139300" lon="8.9457700">
        <ele>0.0</ele>
      </trkpt>
      <trkpt lat="42.4139100" lon="8.9457800">
        <ele>0.0</ele>
      </trkpt>
      <trkpt lat="42.4138800" lon="8.9457800">
        <ele>0.0</ele>
      </trkpt>
      <trkpt lat="42.4138500" lon="8.9457700">
        <ele>0.0</ele>
      </trkpt>
      <trkpt lat="42.4138100" lon="8.9457500">
        <ele>0.0</ele>
      </trkpt>
      <trkpt lat="42.4135900" lon="8.9455300">
        <ele>0.0</ele>
      </trkpt>
      <trkpt lat="42.4133600" lon="8.9454200">
        <ele>0.0</ele>
      </trkpt>
      <trkpt lat="42.4132700" lon="8.9453900">
        <ele>0.0</ele>
      </trkpt>
      <trkpt lat="42.4132200" lon="8.9453700">
        <ele>0.0</ele>
      </trkpt>
      <trkpt lat="42.4131400" lon="8.9453100">
        <ele>0.0</ele>
      </trkpt>
      <trkpt lat="42.4131000" lon="8.9452800">
        <ele>0.0</ele>
      </trkpt>
      <trkpt lat="42.4130100" lon="8.9451200">
        <ele>0.0</ele>
      </trkpt>
      <trkpt lat="42.4128600" lon="8.9447900">
        <ele>0.0</ele>
      </trkpt>
      <trkpt lat="42.4126200" lon="8.9441800">
        <ele>0.0</ele>
      </trkpt>
      <trkpt lat="42.4125200" lon="8.9438400">
        <ele>0.0</ele>
      </trkpt>
      <trkpt lat="42.4124900" lon="8.9434800">
        <ele>0.0</ele>
      </trkpt>
      <trkpt lat="42.4124900" lon="8.9432400">
        <ele>0.0</ele>
      </trkpt>
      <trkpt lat="42.4125500" lon="8.9428700">
        <ele>0.0</ele>
      </trkpt>
      <trkpt lat="42.4125700" lon="8.9427100">
        <ele>0.0</ele>
      </trkpt>
      <trkpt lat="42.4125800" lon="8.9426300">
        <ele>0.0</ele>
      </trkpt>
      <trkpt lat="42.4125900" lon="8.9424700">
        <ele>0.0</ele>
      </trkpt>
      <trkpt lat="42.4126000" lon="8.9422500">
        <ele>0.0</ele>
      </trkpt>
      <trkpt lat="42.4125900" lon="8.9420100">
        <ele>0.0</ele>
      </trkpt>
      <trkpt lat="42.4125700" lon="8.9418300">
        <ele>0.0</ele>
      </trkpt>
      <trkpt lat="42.4124900" lon="8.9416300">
        <ele>0.0</ele>
      </trkpt>
      <trkpt lat="42.4123600" lon="8.9414300">
        <ele>0.0</ele>
      </trkpt>
      <trkpt lat="42.4121800" lon="8.9412600">
        <ele>0.0</ele>
      </trkpt>
      <trkpt lat="42.4117900" lon="8.9411300">
        <ele>0.0</ele>
      </trkpt>
      <trkpt lat="42.4116200" lon="8.9410800">
        <ele>0.0</ele>
      </trkpt>
      <trkpt lat="42.4114400" lon="8.9409900">
        <ele>0.0</ele>
      </trkpt>
      <trkpt lat="42.4110700" lon="8.9406700">
        <ele>0.0</ele>
      </trkpt>
      <trkpt lat="42.4106500" lon="8.9402400">
        <ele>0.0</ele>
      </trkpt>
      <trkpt lat="42.4105300" lon="8.9401100">
        <ele>0.0</ele>
      </trkpt>
      <trkpt lat="42.4105100" lon="8.9400900">
        <ele>0.0</ele>
      </trkpt>
      <trkpt lat="42.4104000" lon="8.9400000">
        <ele>0.0</ele>
      </trkpt>
      <trkpt lat="42.4103400" lon="8.9399700">
        <ele>0.0</ele>
      </trkpt>
      <trkpt lat="42.4102700" lon="8.9399700">
        <ele>0.0</ele>
      </trkpt>
      <trkpt lat="42.4101300" lon="8.9400500">
        <ele>0.0</ele>
      </trkpt>
      <trkpt lat="42.4100800" lon="8.9401400">
        <ele>0.0</ele>
      </trkpt>
      <trkpt lat="42.4100600" lon="8.9403000">
        <ele>0.0</ele>
      </trkpt>
      <trkpt lat="42.4100900" lon="8.9406600">
        <ele>0.0</ele>
      </trkpt>
      <trkpt lat="42.4101100" lon="8.9408100">
        <ele>0.0</ele>
      </trkpt>
      <trkpt lat="42.4101300" lon="8.9410000">
        <ele>0.0</ele>
      </trkpt>
      <trkpt lat="42.4102400" lon="8.9416200">
        <ele>0.0</ele>
      </trkpt>
      <trkpt lat="42.4103600" lon="8.9424300">
        <ele>0.0</ele>
      </trkpt>
      <trkpt lat="42.4103900" lon="8.9428700">
        <ele>0.0</ele>
      </trkpt>
      <trkpt lat="42.4104300" lon="8.9434300">
        <ele>0.0</ele>
      </trkpt>
      <trkpt lat="42.4104400" lon="8.9437300">
        <ele>0.0</ele>
      </trkpt>
      <trkpt lat="42.4104300" lon="8.9437700">
        <ele>0.0</ele>
      </trkpt>
      <trkpt lat="42.4104200" lon="8.9438000">
        <ele>0.0</ele>
      </trkpt>
      <trkpt lat="42.4103800" lon="8.9438300">
        <ele>0.0</ele>
      </trkpt>
      <trkpt lat="42.4103700" lon="8.9438600">
        <ele>0.0</ele>
      </trkpt>
      <trkpt lat="42.4103100" lon="8.9438700">
        <ele>0.0</ele>
      </trkpt>
      <trkpt lat="42.4102500" lon="8.9438200">
        <ele>0.0</ele>
      </trkpt>
      <trkpt lat="42.4097700" lon="8.9428700">
        <ele>0.0</ele>
      </trkpt>
      <trkpt lat="42.4094400" lon="8.9422200">
        <ele>0.0</ele>
      </trkpt>
      <trkpt lat="42.4089500" lon="8.9414200">
        <ele>0.0</ele>
      </trkpt>
      <trkpt lat="42.4085800" lon="8.9408600">
        <ele>0.0</ele>
      </trkpt>
      <trkpt lat="42.4081700" lon="8.9401900">
        <ele>0.0</ele>
      </trkpt>
      <trkpt lat="42.4080800" lon="8.9400100">
        <ele>0.0</ele>
      </trkpt>
      <trkpt lat="42.4079700" lon="8.9397500">
        <ele>0.0</ele>
      </trkpt>
      <trkpt lat="42.4078700" lon="8.9395700">
        <ele>0.0</ele>
      </trkpt>
      <trkpt lat="42.4076900" lon="8.9393000">
        <ele>0.0</ele>
      </trkpt>
      <trkpt lat="42.4074600" lon="8.9390000">
        <ele>0.0</ele>
      </trkpt>
      <trkpt lat="42.4072300" lon="8.9387400">
        <ele>0.0</ele>
      </trkpt>
      <trkpt lat="42.4070600" lon="8.9385500">
        <ele>0.0</ele>
      </trkpt>
      <trkpt lat="42.4066100" lon="8.9381600">
        <ele>0.0</ele>
      </trkpt>
      <trkpt lat="42.4065300" lon="8.9379500">
        <ele>0.0</ele>
      </trkpt>
      <trkpt lat="42.4065300" lon="8.9378200">
        <ele>0.0</ele>
      </trkpt>
      <trkpt lat="42.4065300" lon="8.9377300">
        <ele>0.0</ele>
      </trkpt>
      <trkpt lat="42.4065600" lon="8.9374000">
        <ele>0.0</ele>
      </trkpt>
      <trkpt lat="42.4065500" lon="8.9371700">
        <ele>0.0</ele>
      </trkpt>
      <trkpt lat="42.4063900" lon="8.9364800">
        <ele>0.0</ele>
      </trkpt>
      <trkpt lat="42.4060200" lon="8.9353600">
        <ele>0.0</ele>
      </trkpt>
      <trkpt lat="42.4059400" lon="8.9352100">
        <ele>0.0</ele>
      </trkpt>
      <trkpt lat="42.4057100" lon="8.9349200">
        <ele>0.0</ele>
      </trkpt>
      <trkpt lat="42.4053700" lon="8.9344200">
        <ele>0.0</ele>
      </trkpt>
      <trkpt lat="42.4050200" lon="8.9338800">
        <ele>0.0</ele>
      </trkpt>
      <trkpt lat="42.4049800" lon="8.9337800">
        <ele>0.0</ele>
      </trkpt>
      <trkpt lat="42.4049600" lon="8.9336600">
        <ele>0.0</ele>
      </trkpt>
      <trkpt lat="42.4049800" lon="8.9334400">
        <ele>0.0</ele>
      </trkpt>
      <trkpt lat="42.4049800" lon="8.9331900">
        <ele>0.0</ele>
      </trkpt>
      <trkpt lat="42.4049400" lon="8.9329100">
        <ele>0.0</ele>
      </trkpt>
      <trkpt lat="42.4048700" lon="8.9327300">
        <ele>0.0</ele>
      </trkpt>
      <trkpt lat="42.4048100" lon="8.9325900">
        <ele>0.0</ele>
      </trkpt>
      <trkpt lat="42.4046000" lon="8.9322900">
        <ele>0.0</ele>
      </trkpt>
      <trkpt lat="42.4044600" lon="8.9320400">
        <ele>0.0</ele>
      </trkpt>
      <trkpt lat="42.4043600" lon="8.9317400">
        <ele>0.0</ele>
      </trkpt>
      <trkpt lat="42.4043000" lon="8.9314900">
        <ele>0.0</ele>
      </trkpt>
      <trkpt lat="42.4041700" lon="8.9311300">
        <ele>0.0</ele>
      </trkpt>
      <trkpt lat="42.4040300" lon="8.9308100">
        <ele>0.0</ele>
      </trkpt>
      <trkpt lat="42.4038100" lon="8.9305400">
        <ele>0.0</ele>
      </trkpt>
      <trkpt lat="42.4036900" lon="8.9304200">
        <ele>0.0</ele>
      </trkpt>
      <trkpt lat="42.4035900" lon="8.9303700">
        <ele>0.0</ele>
      </trkpt>
      <trkpt lat="42.4034700" lon="8.9303600">
        <ele>0.0</ele>
      </trkpt>
      <trkpt lat="42.4032000" lon="8.9304300">
        <ele>0.0</ele>
      </trkpt>
      <trkpt lat="42.4030500" lon="8.9304000">
        <ele>0.0</ele>
      </trkpt>
      <trkpt lat="42.4028900" lon="8.9302500">
        <ele>0.0</ele>
      </trkpt>
      <trkpt lat="42.4027300" lon="8.9300000">
        <ele>0.0</ele>
      </trkpt>
      <trkpt lat="42.4027200" lon="8.9298700">
        <ele>0.0</ele>
      </trkpt>
      <trkpt lat="42.4027400" lon="8.9297900">
        <ele>0.0</ele>
      </trkpt>
      <trkpt lat="42.4027600" lon="8.9297100">
        <ele>0.0</ele>
      </trkpt>
      <trkpt lat="42.4027600" lon="8.9296200">
        <ele>0.0</ele>
      </trkpt>
      <trkpt lat="42.4027700" lon="8.9295100">
        <ele>0.0</ele>
      </trkpt>
      <trkpt lat="42.4027300" lon="8.9293900">
        <ele>0.0</ele>
      </trkpt>
      <trkpt lat="42.4026600" lon="8.9292900">
        <ele>0.0</ele>
      </trkpt>
      <trkpt lat="42.4026400" lon="8.9292100">
        <ele>0.0</ele>
      </trkpt>
      <trkpt lat="42.4026800" lon="8.9291400">
        <ele>0.0</ele>
      </trkpt>
      <trkpt lat="42.4027600" lon="8.9291000">
        <ele>0.0</ele>
      </trkpt>
      <trkpt lat="42.4031300" lon="8.9290700">
        <ele>0.0</ele>
      </trkpt>
      <trkpt lat="42.4032000" lon="8.9290500">
        <ele>0.0</ele>
      </trkpt>
      <trkpt lat="42.4032800" lon="8.9290000">
        <ele>0.0</ele>
      </trkpt>
      <trkpt lat="42.4033400" lon="8.9289500">
        <ele>0.0</ele>
      </trkpt>
      <trkpt lat="42.4033600" lon="8.9289000">
        <ele>0.0</ele>
      </trkpt>
      <trkpt lat="42.4033400" lon="8.9288000">
        <ele>0.0</ele>
      </trkpt>
      <trkpt lat="42.4032800" lon="8.9286800">
        <ele>0.0</ele>
      </trkpt>
      <trkpt lat="42.4032600" lon="8.9286200">
        <ele>0.0</ele>
      </trkpt>
      <trkpt lat="42.4032100" lon="8.9285100">
        <ele>0.0</ele>
      </trkpt>
      <trkpt lat="42.4029900" lon="8.9281500">
        <ele>0.0</ele>
      </trkpt>
      <trkpt lat="42.4028600" lon="8.9279800">
        <ele>0.0</ele>
      </trkpt>
      <trkpt lat="42.4027000" lon="8.9278000">
        <ele>0.0</ele>
      </trkpt>
      <trkpt lat="42.4026400" lon="8.9277200">
        <ele>0.0</ele>
      </trkpt>
      <trkpt lat="42.4026400" lon="8.9276500">
        <ele>0.0</ele>
      </trkpt>
      <trkpt lat="42.4026500" lon="8.9276200">
        <ele>0.0</ele>
      </trkpt>
      <trkpt lat="42.4026800" lon="8.9275700">
        <ele>0.0</ele>
      </trkpt>
      <trkpt lat="42.4027500" lon="8.9275600">
        <ele>0.0</ele>
      </trkpt>
      <trkpt lat="42.4031900" lon="8.9276800">
        <ele>0.0</ele>
      </trkpt>
      <trkpt lat="42.4033600" lon="8.9276900">
        <ele>0.0</ele>
      </trkpt>
      <trkpt lat="42.4040600" lon="8.9277900">
        <ele>0.0</ele>
      </trkpt>
      <trkpt lat="42.4041400" lon="8.9278200">
        <ele>0.0</ele>
      </trkpt>
      <trkpt lat="42.4042700" lon="8.9278200">
        <ele>0.0</ele>
      </trkpt>
      <trkpt lat="42.4043100" lon="8.9278000">
        <ele>0.0</ele>
      </trkpt>
      <trkpt lat="42.4043400" lon="8.9277600">
        <ele>0.0</ele>
      </trkpt>
      <trkpt lat="42.4043400" lon="8.9277200">
        <ele>0.0</ele>
      </trkpt>
      <trkpt lat="42.4043300" lon="8.9276800">
        <ele>0.0</ele>
      </trkpt>
      <trkpt lat="42.4042900" lon="8.9276400">
        <ele>0.0</ele>
      </trkpt>
      <trkpt lat="42.4041800" lon="8.9275800">
        <ele>0.0</ele>
      </trkpt>
      <trkpt lat="42.4041000" lon="8.9275400">
        <ele>0.0</ele>
      </trkpt>
      <trkpt lat="42.4036400" lon="8.9272200">
        <ele>0.0</ele>
      </trkpt>
      <trkpt lat="42.4024100" lon="8.9261900">
        <ele>0.0</ele>
      </trkpt>
      <trkpt lat="42.4018900" lon="8.9256200">
        <ele>0.0</ele>
      </trkpt>
      <trkpt lat="42.4011400" lon="8.9249800">
        <ele>0.0</ele>
      </trkpt>
      <trkpt lat="42.4004700" lon="8.9244800">
        <ele>0.0</ele>
      </trkpt>
      <trkpt lat="42.3999100" lon="8.9240400">
        <ele>0.0</ele>
      </trkpt>
      <trkpt lat="42.3996700" lon="8.9237500">
        <ele>0.0</ele>
      </trkpt>
      <trkpt lat="42.3996300" lon="8.9237100">
        <ele>0.0</ele>
      </trkpt>
      <trkpt lat="42.3996000" lon="8.9236900">
        <ele>0.0</ele>
      </trkpt>
      <trkpt lat="42.3994800" lon="8.9236500">
        <ele>0.0</ele>
      </trkpt>
      <trkpt lat="42.3994200" lon="8.9236400">
        <ele>0.0</ele>
      </trkpt>
      <trkpt lat="42.3993800" lon="8.9236000">
        <ele>0.0</ele>
      </trkpt>
      <trkpt lat="42.3993500" lon="8.9235400">
        <ele>0.0</ele>
      </trkpt>
      <trkpt lat="42.3993600" lon="8.9234900">
        <ele>0.0</ele>
      </trkpt>
      <trkpt lat="42.3993800" lon="8.9234600">
        <ele>0.0</ele>
      </trkpt>
      <trkpt lat="42.3994300" lon="8.9234400">
        <ele>0.0</ele>
      </trkpt>
      <trkpt lat="42.3994700" lon="8.9234300">
        <ele>0.0</ele>
      </trkpt>
      <trkpt lat="42.3995400" lon="8.9234300">
        <ele>0.0</ele>
      </trkpt>
      <trkpt lat="42.3996500" lon="8.9234700">
        <ele>0.0</ele>
      </trkpt>
      <trkpt lat="42.3997600" lon="8.9235200">
        <ele>0.0</ele>
      </trkpt>
      <trkpt lat="42.4002500" lon="8.9236900">
        <ele>0.0</ele>
      </trkpt>
      <trkpt lat="42.4008900" lon="8.9238000">
        <ele>0.0</ele>
      </trkpt>
      <trkpt lat="42.4012100" lon="8.9239000">
        <ele>0.0</ele>
      </trkpt>
      <trkpt lat="42.4018200" lon="8.9241300">
        <ele>0.0</ele>
      </trkpt>
      <trkpt lat="42.4024100" lon="8.9244500">
        <ele>0.0</ele>
      </trkpt>
      <trkpt lat="42.4028400" lon="8.9246200">
        <ele>0.0</ele>
      </trkpt>
      <trkpt lat="42.4033800" lon="8.9247200">
        <ele>0.0</ele>
      </trkpt>
      <trkpt lat="42.4038600" lon="8.9247300">
        <ele>0.0</ele>
      </trkpt>
      <trkpt lat="42.4039600" lon="8.9246800">
        <ele>0.0</ele>
      </trkpt>
      <trkpt lat="42.4040400" lon="8.9245600">
        <ele>0.0</ele>
      </trkpt>
      <trkpt lat="42.4040300" lon="8.9244400">
        <ele>0.0</ele>
      </trkpt>
      <trkpt lat="42.4040000" lon="8.9243000">
        <ele>0.0</ele>
      </trkpt>
      <trkpt lat="42.4039400" lon="8.9241500">
        <ele>0.0</ele>
      </trkpt>
      <trkpt lat="42.4033900" lon="8.9234600">
        <ele>0.0</ele>
      </trkpt>
      <trkpt lat="42.4033200" lon="8.9233300">
        <ele>0.0</ele>
      </trkpt>
      <trkpt lat="42.4032600" lon="8.9232000">
        <ele>0.0</ele>
      </trkpt>
      <trkpt lat="42.4032200" lon="8.9231000">
        <ele>0.0</ele>
      </trkpt>
      <trkpt lat="42.4032100" lon="8.9229700">
        <ele>0.0</ele>
      </trkpt>
      <trkpt lat="42.4032200" lon="8.9228600">
        <ele>0.0</ele>
      </trkpt>
      <trkpt lat="42.4032800" lon="8.9227400">
        <ele>0.0</ele>
      </trkpt>
      <trkpt lat="42.4033300" lon="8.9226700">
        <ele>0.0</ele>
      </trkpt>
      <trkpt lat="42.4034000" lon="8.9226400">
        <ele>0.0</ele>
      </trkpt>
      <trkpt lat="42.4034800" lon="8.9226500">
        <ele>0.0</ele>
      </trkpt>
      <trkpt lat="42.4035300" lon="8.9226500">
        <ele>0.0</ele>
      </trkpt>
      <trkpt lat="42.4036700" lon="8.9226900">
        <ele>0.0</ele>
      </trkpt>
      <trkpt lat="42.4040400" lon="8.9228600">
        <ele>0.0</ele>
      </trkpt>
      <trkpt lat="42.4041800" lon="8.9228700">
        <ele>0.0</ele>
      </trkpt>
      <trkpt lat="42.4042500" lon="8.9228300">
        <ele>0.0</ele>
      </trkpt>
      <trkpt lat="42.4042700" lon="8.9227500">
        <ele>0.0</ele>
      </trkpt>
      <trkpt lat="42.4042600" lon="8.9226400">
        <ele>0.0</ele>
      </trkpt>
      <trkpt lat="42.4041700" lon="8.9224800">
        <ele>0.0</ele>
      </trkpt>
      <trkpt lat="42.4038800" lon="8.9221700">
        <ele>0.0</ele>
      </trkpt>
      <trkpt lat="42.4032600" lon="8.9216100">
        <ele>0.0</ele>
      </trkpt>
      <trkpt lat="42.4031400" lon="8.9214700">
        <ele>0.0</ele>
      </trkpt>
      <trkpt lat="42.4029800" lon="8.9211900">
        <ele>0.0</ele>
      </trkpt>
      <trkpt lat="42.4028300" lon="8.9209800">
        <ele>0.0</ele>
      </trkpt>
      <trkpt lat="42.4027500" lon="8.9209000">
        <ele>0.0</ele>
      </trkpt>
      <trkpt lat="42.4026000" lon="8.9207300">
        <ele>0.0</ele>
      </trkpt>
      <trkpt lat="42.4025600" lon="8.9206900">
        <ele>0.0</ele>
      </trkpt>
      <trkpt lat="42.4024300" lon="8.9206300">
        <ele>0.0</ele>
      </trkpt>
      <trkpt lat="42.4023600" lon="8.9206000">
        <ele>0.0</ele>
      </trkpt>
      <trkpt lat="42.4020700" lon="8.9204200">
        <ele>0.0</ele>
      </trkpt>
      <trkpt lat="42.4023600" lon="8.9206000">
        <ele>0.0</ele>
      </trkpt>
      <trkpt lat="42.4024300" lon="8.9206300">
        <ele>0.0</ele>
      </trkpt>
      <trkpt lat="42.4025600" lon="8.9206900">
        <ele>0.0</ele>
      </trkpt>
      <trkpt lat="42.4026000" lon="8.9207300">
        <ele>0.0</ele>
      </trkpt>
      <trkpt lat="42.4027500" lon="8.9209000">
        <ele>0.0</ele>
      </trkpt>
      <trkpt lat="42.4028300" lon="8.9209800">
        <ele>0.0</ele>
      </trkpt>
      <trkpt lat="42.4029800" lon="8.9211900">
        <ele>0.0</ele>
      </trkpt>
      <trkpt lat="42.4031400" lon="8.9214700">
        <ele>0.0</ele>
      </trkpt>
      <trkpt lat="42.4032600" lon="8.9216100">
        <ele>0.0</ele>
      </trkpt>
      <trkpt lat="42.4038800" lon="8.9221700">
        <ele>0.0</ele>
      </trkpt>
      <trkpt lat="42.4041700" lon="8.9224800">
        <ele>0.0</ele>
      </trkpt>
      <trkpt lat="42.4042600" lon="8.9226400">
        <ele>0.0</ele>
      </trkpt>
      <trkpt lat="42.4042700" lon="8.9227500">
        <ele>0.0</ele>
      </trkpt>
      <trkpt lat="42.4042500" lon="8.9228300">
        <ele>0.0</ele>
      </trkpt>
      <trkpt lat="42.4041800" lon="8.9228700">
        <ele>0.0</ele>
      </trkpt>
      <trkpt lat="42.4040400" lon="8.9228600">
        <ele>0.0</ele>
      </trkpt>
      <trkpt lat="42.4036700" lon="8.9226900">
        <ele>0.0</ele>
      </trkpt>
      <trkpt lat="42.4035300" lon="8.9226500">
        <ele>0.0</ele>
      </trkpt>
      <trkpt lat="42.4034000" lon="8.9226400">
        <ele>0.0</ele>
      </trkpt>
      <trkpt lat="42.4033300" lon="8.9226700">
        <ele>0.0</ele>
      </trkpt>
      <trkpt lat="42.4032800" lon="8.9227400">
        <ele>0.0</ele>
      </trkpt>
      <trkpt lat="42.4032200" lon="8.9228600">
        <ele>0.0</ele>
      </trkpt>
      <trkpt lat="42.4032100" lon="8.9229700">
        <ele>0.0</ele>
      </trkpt>
      <trkpt lat="42.4032200" lon="8.9231000">
        <ele>0.0</ele>
      </trkpt>
      <trkpt lat="42.4032600" lon="8.9232000">
        <ele>0.0</ele>
      </trkpt>
      <trkpt lat="42.4033200" lon="8.9233300">
        <ele>0.0</ele>
      </trkpt>
      <trkpt lat="42.4033900" lon="8.9234600">
        <ele>0.0</ele>
      </trkpt>
      <trkpt lat="42.4039400" lon="8.9241500">
        <ele>0.0</ele>
      </trkpt>
      <trkpt lat="42.4040000" lon="8.9243000">
        <ele>0.0</ele>
      </trkpt>
      <trkpt lat="42.4040300" lon="8.9244300">
        <ele>0.0</ele>
      </trkpt>
      <trkpt lat="42.4040400" lon="8.9245600">
        <ele>0.0</ele>
      </trkpt>
      <trkpt lat="42.4039600" lon="8.9246800">
        <ele>0.0</ele>
      </trkpt>
      <trkpt lat="42.4038600" lon="8.9247300">
        <ele>0.0</ele>
      </trkpt>
      <trkpt lat="42.4033800" lon="8.9247200">
        <ele>0.0</ele>
      </trkpt>
      <trkpt lat="42.4028400" lon="8.9246200">
        <ele>0.0</ele>
      </trkpt>
      <trkpt lat="42.4024100" lon="8.9244500">
        <ele>0.0</ele>
      </trkpt>
      <trkpt lat="42.4018200" lon="8.9241300">
        <ele>0.0</ele>
      </trkpt>
      <trkpt lat="42.4012100" lon="8.9239000">
        <ele>0.0</ele>
      </trkpt>
      <trkpt lat="42.4008900" lon="8.9238000">
        <ele>0.0</ele>
      </trkpt>
      <trkpt lat="42.4002500" lon="8.9236900">
        <ele>0.0</ele>
      </trkpt>
      <trkpt lat="42.3997600" lon="8.9235200">
        <ele>0.0</ele>
      </trkpt>
      <trkpt lat="42.3996500" lon="8.9234700">
        <ele>0.0</ele>
      </trkpt>
      <trkpt lat="42.3995400" lon="8.9234300">
        <ele>0.0</ele>
      </trkpt>
      <trkpt lat="42.3994700" lon="8.9234300">
        <ele>0.0</ele>
      </trkpt>
      <trkpt lat="42.3994300" lon="8.9234400">
        <ele>0.0</ele>
      </trkpt>
      <trkpt lat="42.3993800" lon="8.9234600">
        <ele>0.0</ele>
      </trkpt>
      <trkpt lat="42.3993600" lon="8.9234900">
        <ele>0.0</ele>
      </trkpt>
      <trkpt lat="42.3993500" lon="8.9235400">
        <ele>0.0</ele>
      </trkpt>
      <trkpt lat="42.3993700" lon="8.9235900">
        <ele>0.0</ele>
      </trkpt>
      <trkpt lat="42.3994200" lon="8.9236400">
        <ele>0.0</ele>
      </trkpt>
      <trkpt lat="42.3994800" lon="8.9236500">
        <ele>0.0</ele>
      </trkpt>
      <trkpt lat="42.3996000" lon="8.9236900">
        <ele>0.0</ele>
      </trkpt>
      <trkpt lat="42.3996300" lon="8.9237100">
        <ele>0.0</ele>
      </trkpt>
      <trkpt lat="42.3996700" lon="8.9237500">
        <ele>0.0</ele>
      </trkpt>
      <trkpt lat="42.3999100" lon="8.9240400">
        <ele>0.0</ele>
      </trkpt>
      <trkpt lat="42.4004700" lon="8.9244800">
        <ele>0.0</ele>
      </trkpt>
      <trkpt lat="42.4011400" lon="8.9249800">
        <ele>0.0</ele>
      </trkpt>
      <trkpt lat="42.4018900" lon="8.9256200">
        <ele>0.0</ele>
      </trkpt>
      <trkpt lat="42.4024100" lon="8.9261900">
        <ele>0.0</ele>
      </trkpt>
      <trkpt lat="42.4036400" lon="8.9272200">
        <ele>0.0</ele>
      </trkpt>
      <trkpt lat="42.4041000" lon="8.9275400">
        <ele>0.0</ele>
      </trkpt>
      <trkpt lat="42.4041800" lon="8.9275800">
        <ele>0.0</ele>
      </trkpt>
      <trkpt lat="42.4042900" lon="8.9276400">
        <ele>0.0</ele>
      </trkpt>
      <trkpt lat="42.4043300" lon="8.9276800">
        <ele>0.0</ele>
      </trkpt>
      <trkpt lat="42.4043400" lon="8.9277200">
        <ele>0.0</ele>
      </trkpt>
      <trkpt lat="42.4043400" lon="8.9277600">
        <ele>0.0</ele>
      </trkpt>
      <trkpt lat="42.4043200" lon="8.9277800">
        <ele>0.0</ele>
      </trkpt>
      <trkpt lat="42.4042700" lon="8.9278200">
        <ele>0.0</ele>
      </trkpt>
      <trkpt lat="42.4041400" lon="8.9278200">
        <ele>0.0</ele>
      </trkpt>
      <trkpt lat="42.4040600" lon="8.9277900">
        <ele>0.0</ele>
      </trkpt>
      <trkpt lat="42.4033600" lon="8.9276900">
        <ele>0.0</ele>
      </trkpt>
      <trkpt lat="42.4031900" lon="8.9276800">
        <ele>0.0</ele>
      </trkpt>
      <trkpt lat="42.4027500" lon="8.9275600">
        <ele>0.0</ele>
      </trkpt>
      <trkpt lat="42.4026800" lon="8.9275700">
        <ele>0.0</ele>
      </trkpt>
      <trkpt lat="42.4026600" lon="8.9276100">
        <ele>0.0</ele>
      </trkpt>
      <trkpt lat="42.4026400" lon="8.9276500">
        <ele>0.0</ele>
      </trkpt>
      <trkpt lat="42.4026400" lon="8.9277200">
        <ele>0.0</ele>
      </trkpt>
      <trkpt lat="42.4027000" lon="8.9278000">
        <ele>0.0</ele>
      </trkpt>
      <trkpt lat="42.4028600" lon="8.9279800">
        <ele>0.0</ele>
      </trkpt>
      <trkpt lat="42.4029900" lon="8.9281500">
        <ele>0.0</ele>
      </trkpt>
      <trkpt lat="42.4032100" lon="8.9285100">
        <ele>0.0</ele>
      </trkpt>
      <trkpt lat="42.4032600" lon="8.9286200">
        <ele>0.0</ele>
      </trkpt>
      <trkpt lat="42.4032800" lon="8.9286800">
        <ele>0.0</ele>
      </trkpt>
      <trkpt lat="42.4033400" lon="8.9288000">
        <ele>0.0</ele>
      </trkpt>
      <trkpt lat="42.4033600" lon="8.9289000">
        <ele>0.0</ele>
      </trkpt>
      <trkpt lat="42.4033400" lon="8.9289500">
        <ele>0.0</ele>
      </trkpt>
      <trkpt lat="42.4032800" lon="8.9290000">
        <ele>0.0</ele>
      </trkpt>
      <trkpt lat="42.4032000" lon="8.9290500">
        <ele>0.0</ele>
      </trkpt>
      <trkpt lat="42.4031300" lon="8.9290700">
        <ele>0.0</ele>
      </trkpt>
      <trkpt lat="42.4027600" lon="8.9291000">
        <ele>0.0</ele>
      </trkpt>
      <trkpt lat="42.4026800" lon="8.9291400">
        <ele>0.0</ele>
      </trkpt>
      <trkpt lat="42.4026400" lon="8.9292100">
        <ele>0.0</ele>
      </trkpt>
      <trkpt lat="42.4026600" lon="8.9292900">
        <ele>0.0</ele>
      </trkpt>
      <trkpt lat="42.4027300" lon="8.9293900">
        <ele>0.0</ele>
      </trkpt>
      <trkpt lat="42.4027700" lon="8.9295100">
        <ele>0.0</ele>
      </trkpt>
      <trkpt lat="42.4027600" lon="8.9296200">
        <ele>0.0</ele>
      </trkpt>
      <trkpt lat="42.4027600" lon="8.9297100">
        <ele>0.0</ele>
      </trkpt>
      <trkpt lat="42.4027400" lon="8.9297900">
        <ele>0.0</ele>
      </trkpt>
      <trkpt lat="42.4027200" lon="8.9298700">
        <ele>0.0</ele>
      </trkpt>
      <trkpt lat="42.4027300" lon="8.9300000">
        <ele>0.0</ele>
      </trkpt>
      <trkpt lat="42.4028900" lon="8.9302500">
        <ele>0.0</ele>
      </trkpt>
      <trkpt lat="42.4030500" lon="8.9304000">
        <ele>0.0</ele>
      </trkpt>
      <trkpt lat="42.4032000" lon="8.9304300">
        <ele>0.0</ele>
      </trkpt>
      <trkpt lat="42.4034700" lon="8.9303600">
        <ele>0.0</ele>
      </trkpt>
      <trkpt lat="42.4035900" lon="8.9303700">
        <ele>0.0</ele>
      </trkpt>
      <trkpt lat="42.4036900" lon="8.9304200">
        <ele>0.0</ele>
      </trkpt>
      <trkpt lat="42.4038100" lon="8.9305400">
        <ele>0.0</ele>
      </trkpt>
      <trkpt lat="42.4040300" lon="8.9308100">
        <ele>0.0</ele>
      </trkpt>
      <trkpt lat="42.4041700" lon="8.9311300">
        <ele>0.0</ele>
      </trkpt>
      <trkpt lat="42.4043000" lon="8.9314900">
        <ele>0.0</ele>
      </trkpt>
      <trkpt lat="42.4043600" lon="8.9317400">
        <ele>0.0</ele>
      </trkpt>
      <trkpt lat="42.4044600" lon="8.9320400">
        <ele>0.0</ele>
      </trkpt>
      <trkpt lat="42.4046000" lon="8.9322900">
        <ele>0.0</ele>
      </trkpt>
      <trkpt lat="42.4048100" lon="8.9325900">
        <ele>0.0</ele>
      </trkpt>
      <trkpt lat="42.4048700" lon="8.9327300">
        <ele>0.0</ele>
      </trkpt>
      <trkpt lat="42.4049400" lon="8.9329100">
        <ele>0.0</ele>
      </trkpt>
      <trkpt lat="42.4049800" lon="8.9331900">
        <ele>0.0</ele>
      </trkpt>
      <trkpt lat="42.4049800" lon="8.9334400">
        <ele>0.0</ele>
      </trkpt>
      <trkpt lat="42.4049600" lon="8.9336600">
        <ele>0.0</ele>
      </trkpt>
      <trkpt lat="42.4049800" lon="8.9337800">
        <ele>0.0</ele>
      </trkpt>
      <trkpt lat="42.4050200" lon="8.9338800">
        <ele>0.0</ele>
      </trkpt>
      <trkpt lat="42.4053700" lon="8.9344200">
        <ele>0.0</ele>
      </trkpt>
      <trkpt lat="42.4057100" lon="8.9349200">
        <ele>0.0</ele>
      </trkpt>
      <trkpt lat="42.4059400" lon="8.9352100">
        <ele>0.0</ele>
      </trkpt>
      <trkpt lat="42.4060200" lon="8.9353600">
        <ele>0.0</ele>
      </trkpt>
      <trkpt lat="42.4063900" lon="8.9364800">
        <ele>0.0</ele>
      </trkpt>
      <trkpt lat="42.4065500" lon="8.9371700">
        <ele>0.0</ele>
      </trkpt>
      <trkpt lat="42.4065600" lon="8.9374000">
        <ele>0.0</ele>
      </trkpt>
      <trkpt lat="42.4065300" lon="8.9377300">
        <ele>0.0</ele>
      </trkpt>
      <trkpt lat="42.4065300" lon="8.9378200">
        <ele>0.0</ele>
      </trkpt>
      <trkpt lat="42.4065300" lon="8.9379500">
        <ele>0.0</ele>
      </trkpt>
      <trkpt lat="42.4066100" lon="8.9381600">
        <ele>0.0</ele>
      </trkpt>
      <trkpt lat="42.4070600" lon="8.9385500">
        <ele>0.0</ele>
      </trkpt>
      <trkpt lat="42.4072300" lon="8.9387400">
        <ele>0.0</ele>
      </trkpt>
      <trkpt lat="42.4074600" lon="8.9390000">
        <ele>0.0</ele>
      </trkpt>
      <trkpt lat="42.4076900" lon="8.9393000">
        <ele>0.0</ele>
      </trkpt>
      <trkpt lat="42.4078700" lon="8.9395700">
        <ele>0.0</ele>
      </trkpt>
      <trkpt lat="42.4079700" lon="8.9397500">
        <ele>0.0</ele>
      </trkpt>
      <trkpt lat="42.4080800" lon="8.9400100">
        <ele>0.0</ele>
      </trkpt>
      <trkpt lat="42.4081700" lon="8.9401900">
        <ele>0.0</ele>
      </trkpt>
      <trkpt lat="42.4085800" lon="8.9408600">
        <ele>0.0</ele>
      </trkpt>
      <trkpt lat="42.4089500" lon="8.9414200">
        <ele>0.0</ele>
      </trkpt>
      <trkpt lat="42.4094400" lon="8.9422200">
        <ele>0.0</ele>
      </trkpt>
      <trkpt lat="42.4097700" lon="8.9428700">
        <ele>0.0</ele>
      </trkpt>
      <trkpt lat="42.4102500" lon="8.9438200">
        <ele>0.0</ele>
      </trkpt>
      <trkpt lat="42.4103100" lon="8.9438700">
        <ele>0.0</ele>
      </trkpt>
      <trkpt lat="42.4103600" lon="8.9438700">
        <ele>0.0</ele>
      </trkpt>
      <trkpt lat="42.4103800" lon="8.9438300">
        <ele>0.0</ele>
      </trkpt>
      <trkpt lat="42.4104200" lon="8.9438000">
        <ele>0.0</ele>
      </trkpt>
      <trkpt lat="42.4104300" lon="8.9437700">
        <ele>0.0</ele>
      </trkpt>
      <trkpt lat="42.4104400" lon="8.9437300">
        <ele>0.0</ele>
      </trkpt>
      <trkpt lat="42.4104300" lon="8.9434300">
        <ele>0.0</ele>
      </trkpt>
      <trkpt lat="42.4103900" lon="8.9428700">
        <ele>0.0</ele>
      </trkpt>
      <trkpt lat="42.4103600" lon="8.9424300">
        <ele>0.0</ele>
      </trkpt>
      <trkpt lat="42.4102400" lon="8.9416200">
        <ele>0.0</ele>
      </trkpt>
      <trkpt lat="42.4101300" lon="8.9410000">
        <ele>0.0</ele>
      </trkpt>
      <trkpt lat="42.4101100" lon="8.9408100">
        <ele>0.0</ele>
      </trkpt>
      <trkpt lat="42.4100900" lon="8.9406600">
        <ele>0.0</ele>
      </trkpt>
      <trkpt lat="42.4100600" lon="8.9403000">
        <ele>0.0</ele>
      </trkpt>
      <trkpt lat="42.4100800" lon="8.9401400">
        <ele>0.0</ele>
      </trkpt>
      <trkpt lat="42.4101300" lon="8.9400500">
        <ele>0.0</ele>
      </trkpt>
      <trkpt lat="42.4102700" lon="8.9399700">
        <ele>0.0</ele>
      </trkpt>
      <trkpt lat="42.4103400" lon="8.9399700">
        <ele>0.0</ele>
      </trkpt>
      <trkpt lat="42.4104000" lon="8.9400000">
        <ele>0.0</ele>
      </trkpt>
      <trkpt lat="42.4105100" lon="8.9400900">
        <ele>0.0</ele>
      </trkpt>
      <trkpt lat="42.4105300" lon="8.9401100">
        <ele>0.0</ele>
      </trkpt>
      <trkpt lat="42.4106500" lon="8.9402400">
        <ele>0.0</ele>
      </trkpt>
      <trkpt lat="42.4110700" lon="8.9406700">
        <ele>0.0</ele>
      </trkpt>
      <trkpt lat="42.4114400" lon="8.9409900">
        <ele>0.0</ele>
      </trkpt>
      <trkpt lat="42.4116200" lon="8.9410800">
        <ele>0.0</ele>
      </trkpt>
      <trkpt lat="42.4117900" lon="8.9411300">
        <ele>0.0</ele>
      </trkpt>
      <trkpt lat="42.4121800" lon="8.9412600">
        <ele>0.0</ele>
      </trkpt>
      <trkpt lat="42.4123600" lon="8.9414300">
        <ele>0.0</ele>
      </trkpt>
      <trkpt lat="42.4124900" lon="8.9416300">
        <ele>0.0</ele>
      </trkpt>
      <trkpt lat="42.4125700" lon="8.9418300">
        <ele>0.0</ele>
      </trkpt>
      <trkpt lat="42.4125900" lon="8.9420100">
        <ele>0.0</ele>
      </trkpt>
      <trkpt lat="42.4126000" lon="8.9422500">
        <ele>0.0</ele>
      </trkpt>
      <trkpt lat="42.4125900" lon="8.9424700">
        <ele>0.0</ele>
      </trkpt>
      <trkpt lat="42.4125800" lon="8.9426300">
        <ele>0.0</ele>
      </trkpt>
      <trkpt lat="42.4125700" lon="8.9427100">
        <ele>0.0</ele>
      </trkpt>
      <trkpt lat="42.4125500" lon="8.9428700">
        <ele>0.0</ele>
      </trkpt>
      <trkpt lat="42.4124900" lon="8.9432400">
        <ele>0.0</ele>
      </trkpt>
      <trkpt lat="42.4124900" lon="8.9434800">
        <ele>0.0</ele>
      </trkpt>
      <trkpt lat="42.4125200" lon="8.9438400">
        <ele>0.0</ele>
      </trkpt>
      <trkpt lat="42.4126200" lon="8.9441800">
        <ele>0.0</ele>
      </trkpt>
      <trkpt lat="42.4128600" lon="8.9447900">
        <ele>0.0</ele>
      </trkpt>
      <trkpt lat="42.4130100" lon="8.9451200">
        <ele>0.0</ele>
      </trkpt>
      <trkpt lat="42.4131000" lon="8.9452800">
        <ele>0.0</ele>
      </trkpt>
      <trkpt lat="42.4131400" lon="8.9453100">
        <ele>0.0</ele>
      </trkpt>
      <trkpt lat="42.4132200" lon="8.9453700">
        <ele>0.0</ele>
      </trkpt>
      <trkpt lat="42.4132700" lon="8.9453900">
        <ele>0.0</ele>
      </trkpt>
      <trkpt lat="42.4133600" lon="8.9454200">
        <ele>0.0</ele>
      </trkpt>
      <trkpt lat="42.4135900" lon="8.9455300">
        <ele>0.0</ele>
      </trkpt>
      <trkpt lat="42.4138100" lon="8.9457500">
        <ele>0.0</ele>
      </trkpt>
      <trkpt lat="42.4138500" lon="8.9457700">
        <ele>0.0</ele>
      </trkpt>
      <trkpt lat="42.4138800" lon="8.9457800">
        <ele>0.0</ele>
      </trkpt>
      <trkpt lat="42.4139100" lon="8.9457800">
        <ele>0.0</ele>
      </trkpt>
      <trkpt lat="42.4139300" lon="8.9457700">
        <ele>0.0</ele>
      </trkpt>
      <trkpt lat="42.4139400" lon="8.9457400">
        <ele>0.0</ele>
      </trkpt>
      <trkpt lat="42.4139500" lon="8.9457100">
        <ele>0.0</ele>
      </trkpt>
      <trkpt lat="42.4139600" lon="8.9456800">
        <ele>0.0</ele>
      </trkpt>
      <trkpt lat="42.4139600" lon="8.9456500">
        <ele>0.0</ele>
      </trkpt>
      <trkpt lat="42.4139500" lon="8.9456100">
        <ele>0.0</ele>
      </trkpt>
      <trkpt lat="42.4139300" lon="8.9455700">
        <ele>0.0</ele>
      </trkpt>
      <trkpt lat="42.4138100" lon="8.9454400">
        <ele>0.0</ele>
      </trkpt>
      <trkpt lat="42.4137700" lon="8.9453800">
        <ele>0.0</ele>
      </trkpt>
      <trkpt lat="42.4137200" lon="8.9452600">
        <ele>0.0</ele>
      </trkpt>
      <trkpt lat="42.4137300" lon="8.9451500">
        <ele>0.0</ele>
      </trkpt>
      <trkpt lat="42.4137700" lon="8.9451100">
        <ele>0.0</ele>
      </trkpt>
      <trkpt lat="42.4138000" lon="8.9450900">
        <ele>0.0</ele>
      </trkpt>
      <trkpt lat="42.4138500" lon="8.9451000">
        <ele>0.0</ele>
      </trkpt>
      <trkpt lat="42.4140600" lon="8.9453000">
        <ele>0.0</ele>
      </trkpt>
      <trkpt lat="42.4146700" lon="8.9457900">
        <ele>0.0</ele>
      </trkpt>
      <trkpt lat="42.4148100" lon="8.9459200">
        <ele>0.0</ele>
      </trkpt>
      <trkpt lat="42.4150000" lon="8.9461400">
        <ele>0.0</ele>
      </trkpt>
      <trkpt lat="42.4151900" lon="8.9463900">
        <ele>0.0</ele>
      </trkpt>
      <trkpt lat="42.4155200" lon="8.9468700">
        <ele>0.0</ele>
      </trkpt>
      <trkpt lat="42.4158800" lon="8.9474400">
        <ele>0.0</ele>
      </trkpt>
      <trkpt lat="42.4161700" lon="8.9479700">
        <ele>0.0</ele>
      </trkpt>
      <trkpt lat="42.4163000" lon="8.9482900">
        <ele>0.0</ele>
      </trkpt>
      <trkpt lat="42.4164300" lon="8.9486600">
        <ele>0.0</ele>
      </trkpt>
      <trkpt lat="42.4166300" lon="8.9490400">
        <ele>0.0</ele>
      </trkpt>
      <trkpt lat="42.4167000" lon="8.9491500">
        <ele>0.0</ele>
      </trkpt>
      <trkpt lat="42.4168600" lon="8.9495000">
        <ele>0.0</ele>
      </trkpt>
      <trkpt lat="42.4169500" lon="8.9497600">
        <ele>0.0</ele>
      </trkpt>
      <trkpt lat="42.4170300" lon="8.9503000">
        <ele>0.0</ele>
      </trkpt>
      <trkpt lat="42.4170700" lon="8.9508100">
        <ele>0.0</ele>
      </trkpt>
      <trkpt lat="42.4170800" lon="8.9510100">
        <ele>0.0</ele>
      </trkpt>
      <trkpt lat="42.4170900" lon="8.9514800">
        <ele>0.0</ele>
      </trkpt>
      <trkpt lat="42.4171400" lon="8.9518500">
        <ele>0.0</ele>
      </trkpt>
      <trkpt lat="42.4172500" lon="8.9530700">
        <ele>0.0</ele>
      </trkpt>
      <trkpt lat="42.4173200" lon="8.9534200">
        <ele>0.0</ele>
      </trkpt>
      <trkpt lat="42.4174200" lon="8.9536800">
        <ele>0.0</ele>
      </trkpt>
      <trkpt lat="42.4177100" lon="8.9542000">
        <ele>0.0</ele>
      </trkpt>
      <trkpt lat="42.4181100" lon="8.9550400">
        <ele>0.0</ele>
      </trkpt>
      <trkpt lat="42.4182200" lon="8.9553600">
        <ele>0.0</ele>
      </trkpt>
      <trkpt lat="42.4183200" lon="8.9557000">
        <ele>0.0</ele>
      </trkpt>
      <trkpt lat="42.4183700" lon="8.9559500">
        <ele>0.0</ele>
      </trkpt>
      <trkpt lat="42.4185200" lon="8.9563000">
        <ele>0.0</ele>
      </trkpt>
      <trkpt lat="42.4186800" lon="8.9567300">
        <ele>0.0</ele>
      </trkpt>
      <trkpt lat="42.4189400" lon="8.9572500">
        <ele>0.0</ele>
      </trkpt>
      <trkpt lat="42.4190200" lon="8.9573600">
        <ele>0.0</ele>
      </trkpt>
      <trkpt lat="42.4191700" lon="8.9575800">
        <ele>0.0</ele>
      </trkpt>
      <trkpt lat="42.4193300" lon="8.9577800">
        <ele>0.0</ele>
      </trkpt>
      <trkpt lat="42.4194400" lon="8.9579600">
        <ele>0.0</ele>
      </trkpt>
      <trkpt lat="42.4195400" lon="8.9581400">
        <ele>0.0</ele>
      </trkpt>
      <trkpt lat="42.4196000" lon="8.9583000">
        <ele>0.0</ele>
      </trkpt>
      <trkpt lat="42.4196800" lon="8.9584900">
        <ele>0.0</ele>
      </trkpt>
      <trkpt lat="42.4197700" lon="8.9586400">
        <ele>0.0</ele>
      </trkpt>
      <trkpt lat="42.4199800" lon="8.9587200">
        <ele>0.0</ele>
      </trkpt>
      <trkpt lat="42.4202600" lon="8.9587900">
        <ele>0.0</ele>
      </trkpt>
      <trkpt lat="42.4204100" lon="8.9588700">
        <ele>0.0</ele>
      </trkpt>
      <trkpt lat="42.4208600" lon="8.9592700">
        <ele>0.0</ele>
      </trkpt>
      <trkpt lat="42.4210300" lon="8.9593800">
        <ele>0.0</ele>
      </trkpt>
      <trkpt lat="42.4212100" lon="8.9595800">
        <ele>0.0</ele>
      </trkpt>
      <trkpt lat="42.4213200" lon="8.9597400">
        <ele>0.0</ele>
      </trkpt>
      <trkpt lat="42.4213700" lon="8.9598600">
        <ele>0.0</ele>
      </trkpt>
      <trkpt lat="42.4214900" lon="8.9601800">
        <ele>0.0</ele>
      </trkpt>
      <trkpt lat="42.4216100" lon="8.9606900">
        <ele>0.0</ele>
      </trkpt>
      <trkpt lat="42.4218200" lon="8.9615000">
        <ele>0.0</ele>
      </trkpt>
      <trkpt lat="42.4219000" lon="8.9616800">
        <ele>0.0</ele>
      </trkpt>
      <trkpt lat="42.4222400" lon="8.9623700">
        <ele>0.0</ele>
      </trkpt>
      <trkpt lat="42.4226900" lon="8.9631300">
        <ele>0.0</ele>
      </trkpt>
      <trkpt lat="42.4228600" lon="8.9633400">
        <ele>0.0</ele>
      </trkpt>
      <trkpt lat="42.4230500" lon="8.9635200">
        <ele>0.0</ele>
      </trkpt>
      <trkpt lat="42.4232000" lon="8.9636700">
        <ele>0.0</ele>
      </trkpt>
      <trkpt lat="42.4234800" lon="8.9640000">
        <ele>0.0</ele>
      </trkpt>
      <trkpt lat="42.4236400" lon="8.9641500">
        <ele>0.0</ele>
      </trkpt>
      <trkpt lat="42.4238100" lon="8.9642900">
        <ele>0.0</ele>
      </trkpt>
      <trkpt lat="42.4239700" lon="8.9643900">
        <ele>0.0</ele>
      </trkpt>
      <trkpt lat="42.4240800" lon="8.9645000">
        <ele>0.0</ele>
      </trkpt>
      <trkpt lat="42.4241900" lon="8.9646200">
        <ele>0.0</ele>
      </trkpt>
      <trkpt lat="42.4242300" lon="8.9646800">
        <ele>0.0</ele>
      </trkpt>
      <trkpt lat="42.4242900" lon="8.9647700">
        <ele>0.0</ele>
      </trkpt>
      <trkpt lat="42.4243300" lon="8.9648400">
        <ele>0.0</ele>
      </trkpt>
      <trkpt lat="42.4243700" lon="8.9649500">
        <ele>0.0</ele>
      </trkpt>
      <trkpt lat="42.4244800" lon="8.9652500">
        <ele>0.0</ele>
      </trkpt>
      <trkpt lat="42.4245300" lon="8.9653600">
        <ele>0.0</ele>
      </trkpt>
      <trkpt lat="42.4245800" lon="8.9656000">
        <ele>0.0</ele>
      </trkpt>
      <trkpt lat="42.4246900" lon="8.9659500">
        <ele>0.0</ele>
      </trkpt>
      <trkpt lat="42.4247600" lon="8.9662400">
        <ele>0.0</ele>
      </trkpt>
      <trkpt lat="42.4248000" lon="8.9665700">
        <ele>0.0</ele>
      </trkpt>
      <trkpt lat="42.4248600" lon="8.9667700">
        <ele>0.0</ele>
      </trkpt>
      <trkpt lat="42.4250700" lon="8.9671000">
        <ele>0.0</ele>
      </trkpt>
      <trkpt lat="42.4251500" lon="8.9672500">
        <ele>0.0</ele>
      </trkpt>
      <trkpt lat="42.4254500" lon="8.9676500">
        <ele>0.0</ele>
      </trkpt>
      <trkpt lat="42.4255700" lon="8.9678300">
        <ele>0.0</ele>
      </trkpt>
      <trkpt lat="42.4257300" lon="8.9681700">
        <ele>0.0</ele>
      </trkpt>
      <trkpt lat="42.4257900" lon="8.9684800">
        <ele>0.0</ele>
      </trkpt>
      <trkpt lat="42.4260300" lon="8.9691300">
        <ele>0.0</ele>
      </trkpt>
      <trkpt lat="42.4261100" lon="8.9692600">
        <ele>0.0</ele>
      </trkpt>
      <trkpt lat="42.4261800" lon="8.9694800">
        <ele>0.0</ele>
      </trkpt>
      <trkpt lat="42.4262400" lon="8.9695900">
        <ele>0.0</ele>
      </trkpt>
      <trkpt lat="42.4263800" lon="8.9700600">
        <ele>0.0</ele>
      </trkpt>
      <trkpt lat="42.4264100" lon="8.9702600">
        <ele>0.0</ele>
      </trkpt>
      <trkpt lat="42.4264200" lon="8.9705700">
        <ele>0.0</ele>
      </trkpt>
      <trkpt lat="42.4264300" lon="8.9707600">
        <ele>0.0</ele>
      </trkpt>
      <trkpt lat="42.4265000" lon="8.9711000">
        <ele>0.0</ele>
      </trkpt>
      <trkpt lat="42.4265900" lon="8.9712600">
        <ele>0.0</ele>
      </trkpt>
      <trkpt lat="42.4270400" lon="8.9721500">
        <ele>0.0</ele>
      </trkpt>
      <trkpt lat="42.4273900" lon="8.9727100">
        <ele>0.0</ele>
      </trkpt>
      <trkpt lat="42.4276200" lon="8.9730700">
        <ele>0.0</ele>
      </trkpt>
      <trkpt lat="42.4277400" lon="8.9732700">
        <ele>0.0</ele>
      </trkpt>
      <trkpt lat="42.4277900" lon="8.9734300">
        <ele>0.0</ele>
      </trkpt>
      <trkpt lat="42.4277900" lon="8.9736600">
        <ele>0.0</ele>
      </trkpt>
      <trkpt lat="42.4277300" lon="8.9740500">
        <ele>0.0</ele>
      </trkpt>
      <trkpt lat="42.4277000" lon="8.9744600">
        <ele>0.0</ele>
      </trkpt>
      <trkpt lat="42.4276500" lon="8.9748300">
        <ele>0.0</ele>
      </trkpt>
      <trkpt lat="42.4276700" lon="8.9752700">
        <ele>0.0</ele>
      </trkpt>
      <trkpt lat="42.4277200" lon="8.9756900">
        <ele>0.0</ele>
      </trkpt>
      <trkpt lat="42.4281100" lon="8.9770500">
        <ele>0.0</ele>
      </trkpt>
      <trkpt lat="42.4282800" lon="8.9775100">
        <ele>0.0</ele>
      </trkpt>
      <trkpt lat="42.4286200" lon="8.9783000">
        <ele>0.0</ele>
      </trkpt>
      <trkpt lat="42.4286800" lon="8.9785100">
        <ele>0.0</ele>
      </trkpt>
      <trkpt lat="42.4287400" lon="8.9788000">
        <ele>0.0</ele>
      </trkpt>
      <trkpt lat="42.4288000" lon="8.9791900">
        <ele>0.0</ele>
      </trkpt>
      <trkpt lat="42.4288700" lon="8.9793900">
        <ele>0.0</ele>
      </trkpt>
      <trkpt lat="42.4290200" lon="8.9795300">
        <ele>0.0</ele>
      </trkpt>
      <trkpt lat="42.4292000" lon="8.9796300">
        <ele>0.0</ele>
      </trkpt>
      <trkpt lat="42.4294700" lon="8.9797900">
        <ele>0.0</ele>
      </trkpt>
      <trkpt lat="42.4296600" lon="8.9799600">
        <ele>0.0</ele>
      </trkpt>
      <trkpt lat="42.4303400" lon="8.9807400">
        <ele>0.0</ele>
      </trkpt>
      <trkpt lat="42.4305600" lon="8.9809000">
        <ele>0.0</ele>
      </trkpt>
      <trkpt lat="42.4312200" lon="8.9813100">
        <ele>0.0</ele>
      </trkpt>
      <trkpt lat="42.4315100" lon="8.9815200">
        <ele>0.0</ele>
      </trkpt>
      <trkpt lat="42.4315900" lon="8.9816200">
        <ele>0.0</ele>
      </trkpt>
      <trkpt lat="42.4316900" lon="8.9819200">
        <ele>0.0</ele>
      </trkpt>
      <trkpt lat="42.4316900" lon="8.9820000">
        <ele>0.0</ele>
      </trkpt>
      <trkpt lat="42.4316600" lon="8.9821200">
        <ele>0.0</ele>
      </trkpt>
      <trkpt lat="42.4315800" lon="8.9823500">
        <ele>0.0</ele>
      </trkpt>
      <trkpt lat="42.4315600" lon="8.9824900">
        <ele>0.0</ele>
      </trkpt>
      <trkpt lat="42.4316000" lon="8.9826300">
        <ele>0.0</ele>
      </trkpt>
      <trkpt lat="42.4322100" lon="8.9837000">
        <ele>0.0</ele>
      </trkpt>
      <trkpt lat="42.4323500" lon="8.9839200">
        <ele>0.0</ele>
      </trkpt>
      <trkpt lat="42.4326000" lon="8.9842900">
        <ele>0.0</ele>
      </trkpt>
      <trkpt lat="42.4327900" lon="8.9845400">
        <ele>0.0</ele>
      </trkpt>
      <trkpt lat="42.4330600" lon="8.9848500">
        <ele>0.0</ele>
      </trkpt>
      <trkpt lat="42.4332300" lon="8.9851300">
        <ele>0.0</ele>
      </trkpt>
      <trkpt lat="42.4334200" lon="8.9855400">
        <ele>0.0</ele>
      </trkpt>
      <trkpt lat="42.4335800" lon="8.9860500">
        <ele>0.0</ele>
      </trkpt>
      <trkpt lat="42.4336300" lon="8.9862500">
        <ele>0.0</ele>
      </trkpt>
      <trkpt lat="42.4336600" lon="8.9866800">
        <ele>0.0</ele>
      </trkpt>
      <trkpt lat="42.4336500" lon="8.9868200">
        <ele>0.0</ele>
      </trkpt>
      <trkpt lat="42.4336400" lon="8.9868700">
        <ele>0.0</ele>
      </trkpt>
      <trkpt lat="42.4336400" lon="8.9871800">
        <ele>0.0</ele>
      </trkpt>
      <trkpt lat="42.4337100" lon="8.9878900">
        <ele>0.0</ele>
      </trkpt>
      <trkpt lat="42.4339200" lon="8.9886300">
        <ele>0.0</ele>
      </trkpt>
      <trkpt lat="42.4341200" lon="8.9891300">
        <ele>0.0</ele>
      </trkpt>
      <trkpt lat="42.4342300" lon="8.9895000">
        <ele>0.0</ele>
      </trkpt>
      <trkpt lat="42.4344800" lon="8.9905800">
        <ele>0.0</ele>
      </trkpt>
      <trkpt lat="42.4345800" lon="8.9908400">
        <ele>0.0</ele>
      </trkpt>
      <trkpt lat="42.4347300" lon="8.9911700">
        <ele>0.0</ele>
      </trkpt>
      <trkpt lat="42.4348200" lon="8.9914100">
        <ele>0.0</ele>
      </trkpt>
      <trkpt lat="42.4350300" lon="8.9920300">
        <ele>0.0</ele>
      </trkpt>
      <trkpt lat="42.4351500" lon="8.9924900">
        <ele>0.0</ele>
      </trkpt>
      <trkpt lat="42.4351800" lon="8.9927700">
        <ele>0.0</ele>
      </trkpt>
      <trkpt lat="42.4352300" lon="8.9931500">
        <ele>0.0</ele>
      </trkpt>
      <trkpt lat="42.4354200" lon="8.9936800">
        <ele>0.0</ele>
      </trkpt>
      <trkpt lat="42.4355000" lon="8.9940200">
        <ele>0.0</ele>
      </trkpt>
      <trkpt lat="42.4357000" lon="8.9944300">
        <ele>0.0</ele>
      </trkpt>
      <trkpt lat="42.4360100" lon="8.9951300">
        <ele>0.0</ele>
      </trkpt>
      <trkpt lat="42.4361500" lon="8.9955100">
        <ele>0.0</ele>
      </trkpt>
      <trkpt lat="42.4361700" lon="8.9956500">
        <ele>0.0</ele>
      </trkpt>
      <trkpt lat="42.4361600" lon="8.9957300">
        <ele>0.0</ele>
      </trkpt>
      <trkpt lat="42.4360100" lon="8.9961200">
        <ele>0.0</ele>
      </trkpt>
      <trkpt lat="42.4360000" lon="8.9962500">
        <ele>0.0</ele>
      </trkpt>
      <trkpt lat="42.4360000" lon="8.9963100">
        <ele>0.0</ele>
      </trkpt>
      <trkpt lat="42.4360000" lon="8.9963700">
        <ele>0.0</ele>
      </trkpt>
      <trkpt lat="42.4360100" lon="8.9964100">
        <ele>0.0</ele>
      </trkpt>
      <trkpt lat="42.4360200" lon="8.9964500">
        <ele>0.0</ele>
      </trkpt>
      <trkpt lat="42.4360500" lon="8.9964800">
        <ele>0.0</ele>
      </trkpt>
      <trkpt lat="42.4360900" lon="8.9965000">
        <ele>0.0</ele>
      </trkpt>
      <trkpt lat="42.4361300" lon="8.9964900">
        <ele>0.0</ele>
      </trkpt>
      <trkpt lat="42.4361800" lon="8.9964600">
        <ele>0.0</ele>
      </trkpt>
      <trkpt lat="42.4362000" lon="8.9964200">
        <ele>0.0</ele>
      </trkpt>
      <trkpt lat="42.4362300" lon="8.9963000">
        <ele>0.0</ele>
      </trkpt>
      <trkpt lat="42.4362700" lon="8.9961900">
        <ele>0.0</ele>
      </trkpt>
      <trkpt lat="42.4363200" lon="8.9961200">
        <ele>0.0</ele>
      </trkpt>
      <trkpt lat="42.4364100" lon="8.9960400">
        <ele>0.0</ele>
      </trkpt>
      <trkpt lat="42.4365200" lon="8.9959800">
        <ele>0.0</ele>
      </trkpt>
      <trkpt lat="42.4367200" lon="8.9959700">
        <ele>0.0</ele>
      </trkpt>
      <trkpt lat="42.4369100" lon="8.9959700">
        <ele>0.0</ele>
      </trkpt>
      <trkpt lat="42.4370900" lon="8.9960000">
        <ele>0.0</ele>
      </trkpt>
      <trkpt lat="42.4371400" lon="8.9960300">
        <ele>0.0</ele>
      </trkpt>
      <trkpt lat="42.4371600" lon="8.9960600">
        <ele>0.0</ele>
      </trkpt>
      <trkpt lat="42.4371800" lon="8.9960800">
        <ele>0.0</ele>
      </trkpt>
      <trkpt lat="42.4371900" lon="8.9961100">
        <ele>0.0</ele>
      </trkpt>
      <trkpt lat="42.4371900" lon="8.9961700">
        <ele>0.0</ele>
      </trkpt>
      <trkpt lat="42.4371800" lon="8.9962800">
        <ele>0.0</ele>
      </trkpt>
      <trkpt lat="42.4371700" lon="8.9963700">
        <ele>0.0</ele>
      </trkpt>
      <trkpt lat="42.4371100" lon="8.9965400">
        <ele>0.0</ele>
      </trkpt>
      <trkpt lat="42.4370600" lon="8.9966200">
        <ele>0.0</ele>
      </trkpt>
      <trkpt lat="42.4369900" lon="8.9967000">
        <ele>0.0</ele>
      </trkpt>
      <trkpt lat="42.4369300" lon="8.9967600">
        <ele>0.0</ele>
      </trkpt>
      <trkpt lat="42.4368800" lon="8.9968300">
        <ele>0.0</ele>
      </trkpt>
      <trkpt lat="42.4368200" lon="8.9969300">
        <ele>0.0</ele>
      </trkpt>
      <trkpt lat="42.4367500" lon="8.9971100">
        <ele>0.0</ele>
      </trkpt>
      <trkpt lat="42.4367300" lon="8.9971700">
        <ele>0.0</ele>
      </trkpt>
      <trkpt lat="42.4367100" lon="8.9972500">
        <ele>0.0</ele>
      </trkpt>
      <trkpt lat="42.4367100" lon="8.9973300">
        <ele>0.0</ele>
      </trkpt>
      <trkpt lat="42.4367400" lon="8.9976200">
        <ele>0.0</ele>
      </trkpt>
      <trkpt lat="42.4367900" lon="8.9978200">
        <ele>0.0</ele>
      </trkpt>
      <trkpt lat="42.4368000" lon="8.9979100">
        <ele>0.0</ele>
      </trkpt>
      <trkpt lat="42.4367700" lon="8.9982400">
        <ele>0.0</ele>
      </trkpt>
      <trkpt lat="42.4367800" lon="8.9985900">
        <ele>0.0</ele>
      </trkpt>
      <trkpt lat="42.4368200" lon="8.9989200">
        <ele>0.0</ele>
      </trkpt>
      <trkpt lat="42.4369200" lon="8.9992900">
        <ele>0.0</ele>
      </trkpt>
      <trkpt lat="42.4369900" lon="8.9994800">
        <ele>0.0</ele>
      </trkpt>
      <trkpt lat="42.4375400" lon="9.0005800">
        <ele>0.0</ele>
      </trkpt>
      <trkpt lat="42.4376900" lon="9.0009400">
        <ele>0.0</ele>
      </trkpt>
      <trkpt lat="42.4377600" lon="9.0012300">
        <ele>0.0</ele>
      </trkpt>
      <trkpt lat="42.4378000" lon="9.0013900">
        <ele>0.0</ele>
      </trkpt>
      <trkpt lat="42.4379200" lon="9.0019100">
        <ele>0.0</ele>
      </trkpt>
      <trkpt lat="42.4379900" lon="9.0021000">
        <ele>0.0</ele>
      </trkpt>
      <trkpt lat="42.4381200" lon="9.0022700">
        <ele>0.0</ele>
      </trkpt>
      <trkpt lat="42.4383400" lon="9.0024300">
        <ele>0.0</ele>
      </trkpt>
      <trkpt lat="42.4384700" lon="9.0025000">
        <ele>0.0</ele>
      </trkpt>
      <trkpt lat="42.4389200" lon="9.0025500">
        <ele>0.0</ele>
      </trkpt>
      <trkpt lat="42.4394300" lon="9.0026500">
        <ele>0.0</ele>
      </trkpt>
      <trkpt lat="42.4395600" lon="9.0027100">
        <ele>0.0</ele>
      </trkpt>
      <trkpt lat="42.4399600" lon="9.0030300">
        <ele>0.0</ele>
      </trkpt>
      <trkpt lat="42.4401500" lon="9.0031500">
        <ele>0.0</ele>
      </trkpt>
      <trkpt lat="42.4402800" lon="9.0032200">
        <ele>0.0</ele>
      </trkpt>
      <trkpt lat="42.4404100" lon="9.0033100">
        <ele>0.0</ele>
      </trkpt>
      <trkpt lat="42.4406200" lon="9.0036400">
        <ele>0.0</ele>
      </trkpt>
      <trkpt lat="42.4409700" lon="9.0042700">
        <ele>0.0</ele>
      </trkpt>
      <trkpt lat="42.4412600" lon="9.0046800">
        <ele>0.0</ele>
      </trkpt>
      <trkpt lat="42.4413800" lon="9.0049100">
        <ele>0.0</ele>
      </trkpt>
      <trkpt lat="42.4414100" lon="9.0051200">
        <ele>0.0</ele>
      </trkpt>
      <trkpt lat="42.4414300" lon="9.0054200">
        <ele>0.0</ele>
      </trkpt>
      <trkpt lat="42.4414500" lon="9.0055900">
        <ele>0.0</ele>
      </trkpt>
      <trkpt lat="42.4414600" lon="9.0056500">
        <ele>0.0</ele>
      </trkpt>
      <trkpt lat="42.4414700" lon="9.0056800">
        <ele>0.0</ele>
      </trkpt>
      <trkpt lat="42.4415600" lon="9.0057800">
        <ele>0.0</ele>
      </trkpt>
      <trkpt lat="42.4417300" lon="9.0058300">
        <ele>0.0</ele>
      </trkpt>
      <trkpt lat="42.4419000" lon="9.0058100">
        <ele>0.0</ele>
      </trkpt>
      <trkpt lat="42.4421300" lon="9.0057600">
        <ele>0.0</ele>
      </trkpt>
      <trkpt lat="42.4424300" lon="9.0057200">
        <ele>0.0</ele>
      </trkpt>
      <trkpt lat="42.4425800" lon="9.0057700">
        <ele>0.0</ele>
      </trkpt>
      <trkpt lat="42.4426400" lon="9.0059100">
        <ele>0.0</ele>
      </trkpt>
      <trkpt lat="42.4426400" lon="9.0060100">
        <ele>0.0</ele>
      </trkpt>
      <trkpt lat="42.4425300" lon="9.0061900">
        <ele>0.0</ele>
      </trkpt>
      <trkpt lat="42.4424500" lon="9.0063600">
        <ele>0.0</ele>
      </trkpt>
      <trkpt lat="42.4424300" lon="9.0064300">
        <ele>0.0</ele>
      </trkpt>
      <trkpt lat="42.4422600" lon="9.0074500">
        <ele>0.0</ele>
      </trkpt>
      <trkpt lat="42.4420600" lon="9.0082300">
        <ele>0.0</ele>
      </trkpt>
      <trkpt lat="42.4420500" lon="9.0083900">
        <ele>0.0</ele>
      </trkpt>
      <trkpt lat="42.4420800" lon="9.0085500">
        <ele>0.0</ele>
      </trkpt>
      <trkpt lat="42.4422000" lon="9.0087900">
        <ele>0.0</ele>
      </trkpt>
      <trkpt lat="42.4422900" lon="9.0089800">
        <ele>0.0</ele>
      </trkpt>
      <trkpt lat="42.4427800" lon="9.0095700">
        <ele>0.0</ele>
      </trkpt>
      <trkpt lat="42.4428300" lon="9.0096400">
        <ele>0.0</ele>
      </trkpt>
      <trkpt lat="42.4428300" lon="9.0097100">
        <ele>0.0</ele>
      </trkpt>
      <trkpt lat="42.4428000" lon="9.0103100">
        <ele>0.0</ele>
      </trkpt>
      <trkpt lat="42.4428300" lon="9.0105100">
        <ele>0.0</ele>
      </trkpt>
      <trkpt lat="42.4429300" lon="9.0107500">
        <ele>0.0</ele>
      </trkpt>
      <trkpt lat="42.4431300" lon="9.0109800">
        <ele>0.0</ele>
      </trkpt>
      <trkpt lat="42.4432900" lon="9.0110700">
        <ele>0.0</ele>
      </trkpt>
      <trkpt lat="42.4433700" lon="9.0111700">
        <ele>0.0</ele>
      </trkpt>
      <trkpt lat="42.4436200" lon="9.0116400">
        <ele>0.0</ele>
      </trkpt>
      <trkpt lat="42.4438900" lon="9.0120400">
        <ele>0.0</ele>
      </trkpt>
      <trkpt lat="42.4441300" lon="9.0123500">
        <ele>0.0</ele>
      </trkpt>
      <trkpt lat="42.4441700" lon="9.0124400">
        <ele>0.0</ele>
      </trkpt>
      <trkpt lat="42.4442000" lon="9.0125900">
        <ele>0.0</ele>
      </trkpt>
      <trkpt lat="42.4442100" lon="9.0138200">
        <ele>0.0</ele>
      </trkpt>
      <trkpt lat="42.4442600" lon="9.0140500">
        <ele>0.0</ele>
      </trkpt>
      <trkpt lat="42.4445000" lon="9.0147000">
        <ele>0.0</ele>
      </trkpt>
      <trkpt lat="42.4446500" lon="9.0151200">
        <ele>0.0</ele>
      </trkpt>
      <trkpt lat="42.4448700" lon="9.0156800">
        <ele>0.0</ele>
      </trkpt>
      <trkpt lat="42.4449800" lon="9.0158500">
        <ele>0.0</ele>
      </trkpt>
      <trkpt lat="42.4451100" lon="9.0159400">
        <ele>0.0</ele>
      </trkpt>
      <trkpt lat="42.4454100" lon="9.0161200">
        <ele>0.0</ele>
      </trkpt>
      <trkpt lat="42.4455700" lon="9.0161900">
        <ele>0.0</ele>
      </trkpt>
      <trkpt lat="42.4456900" lon="9.0163300">
        <ele>0.0</ele>
      </trkpt>
      <trkpt lat="42.4458900" lon="9.0166500">
        <ele>0.0</ele>
      </trkpt>
      <trkpt lat="42.4459700" lon="9.0168300">
        <ele>0.0</ele>
      </trkpt>
      <trkpt lat="42.4460100" lon="9.0169300">
        <ele>0.0</ele>
      </trkpt>
      <trkpt lat="42.4459800" lon="9.0171000">
        <ele>0.0</ele>
      </trkpt>
      <trkpt lat="42.4458600" lon="9.0172800">
        <ele>0.0</ele>
      </trkpt>
      <trkpt lat="42.4456500" lon="9.0175800">
        <ele>0.0</ele>
      </trkpt>
      <trkpt lat="42.4455800" lon="9.0177100">
        <ele>0.0</ele>
      </trkpt>
      <trkpt lat="42.4455800" lon="9.0178800">
        <ele>0.0</ele>
      </trkpt>
      <trkpt lat="42.4456500" lon="9.0180300">
        <ele>0.0</ele>
      </trkpt>
      <trkpt lat="42.4458400" lon="9.0182100">
        <ele>0.0</ele>
      </trkpt>
      <trkpt lat="42.4459200" lon="9.0183300">
        <ele>0.0</ele>
      </trkpt>
      <trkpt lat="42.4460100" lon="9.0185500">
        <ele>0.0</ele>
      </trkpt>
      <trkpt lat="42.4460900" lon="9.0188300">
        <ele>0.0</ele>
      </trkpt>
      <trkpt lat="42.4460900" lon="9.0191100">
        <ele>0.0</ele>
      </trkpt>
      <trkpt lat="42.4460800" lon="9.0193100">
        <ele>0.0</ele>
      </trkpt>
      <trkpt lat="42.4461000" lon="9.0195800">
        <ele>0.0</ele>
      </trkpt>
      <trkpt lat="42.4461300" lon="9.0197800">
        <ele>0.0</ele>
      </trkpt>
      <trkpt lat="42.4461300" lon="9.0201100">
        <ele>0.0</ele>
      </trkpt>
      <trkpt lat="42.4461000" lon="9.0204200">
        <ele>0.0</ele>
      </trkpt>
      <trkpt lat="42.4460300" lon="9.0207500">
        <ele>0.0</ele>
      </trkpt>
      <trkpt lat="42.4459900" lon="9.0209900">
        <ele>0.0</ele>
      </trkpt>
      <trkpt lat="42.4459500" lon="9.0214700">
        <ele>0.0</ele>
      </trkpt>
      <trkpt lat="42.4459500" lon="9.0216800">
        <ele>0.0</ele>
      </trkpt>
      <trkpt lat="42.4459900" lon="9.0219400">
        <ele>0.0</ele>
      </trkpt>
      <trkpt lat="42.4460200" lon="9.0223000">
        <ele>0.0</ele>
      </trkpt>
      <trkpt lat="42.4459900" lon="9.0227200">
        <ele>0.0</ele>
      </trkpt>
      <trkpt lat="42.4460000" lon="9.0231500">
        <ele>0.0</ele>
      </trkpt>
      <trkpt lat="42.4461000" lon="9.0239900">
        <ele>0.0</ele>
      </trkpt>
      <trkpt lat="42.4460800" lon="9.0241800">
        <ele>0.0</ele>
      </trkpt>
      <trkpt lat="42.4459800" lon="9.0244600">
        <ele>0.0</ele>
      </trkpt>
      <trkpt lat="42.4459300" lon="9.0246100">
        <ele>0.0</ele>
      </trkpt>
      <trkpt lat="42.4459100" lon="9.0248400">
        <ele>0.0</ele>
      </trkpt>
      <trkpt lat="42.4459500" lon="9.0249100">
        <ele>0.0</ele>
      </trkpt>
      <trkpt lat="42.4460400" lon="9.0250600">
        <ele>0.0</ele>
      </trkpt>
      <trkpt lat="42.4462600" lon="9.0252700">
        <ele>0.0</ele>
      </trkpt>
      <trkpt lat="42.4465600" lon="9.0254700">
        <ele>0.0</ele>
      </trkpt>
      <trkpt lat="42.4466400" lon="9.0255300">
        <ele>0.0</ele>
      </trkpt>
      <trkpt lat="42.4467800" lon="9.0256400">
        <ele>0.0</ele>
      </trkpt>
      <trkpt lat="42.4470500" lon="9.0261000">
        <ele>0.0</ele>
      </trkpt>
      <trkpt lat="42.4473900" lon="9.0268400">
        <ele>0.0</ele>
      </trkpt>
      <trkpt lat="42.4476100" lon="9.0273300">
        <ele>0.0</ele>
      </trkpt>
      <trkpt lat="42.4477200" lon="9.0275100">
        <ele>0.0</ele>
      </trkpt>
      <trkpt lat="42.4478400" lon="9.0276800">
        <ele>0.0</ele>
      </trkpt>
      <trkpt lat="42.4481300" lon="9.0280400">
        <ele>0.0</ele>
      </trkpt>
      <trkpt lat="42.4484200" lon="9.0284200">
        <ele>0.0</ele>
      </trkpt>
      <trkpt lat="42.4486100" lon="9.0287000">
        <ele>0.0</ele>
      </trkpt>
      <trkpt lat="42.4486800" lon="9.0287700">
        <ele>0.0</ele>
      </trkpt>
      <trkpt lat="42.4488300" lon="9.0289100">
        <ele>0.0</ele>
      </trkpt>
      <trkpt lat="42.4491000" lon="9.0290300">
        <ele>0.0</ele>
      </trkpt>
      <trkpt lat="42.4492500" lon="9.0290900">
        <ele>0.0</ele>
      </trkpt>
      <trkpt lat="42.4492600" lon="9.0291200">
        <ele>0.0</ele>
      </trkpt>
      <trkpt lat="42.4492600" lon="9.0292100">
        <ele>0.0</ele>
      </trkpt>
      <trkpt lat="42.4492500" lon="9.0290900">
        <ele>0.0</ele>
      </trkpt>
      <trkpt lat="42.4493700" lon="9.0291200">
        <ele>0.0</ele>
      </trkpt>
      <trkpt lat="42.4494700" lon="9.0291600">
        <ele>0.0</ele>
      </trkpt>
      <trkpt lat="42.4499800" lon="9.0295200">
        <ele>0.0</ele>
      </trkpt>
      <trkpt lat="42.4501500" lon="9.0296100">
        <ele>0.0</ele>
      </trkpt>
      <trkpt lat="42.4502900" lon="9.0296600">
        <ele>0.0</ele>
      </trkpt>
      <trkpt lat="42.4503800" lon="9.0296500">
        <ele>0.0</ele>
      </trkpt>
      <trkpt lat="42.4504500" lon="9.0296400">
        <ele>0.0</ele>
      </trkpt>
      <trkpt lat="42.4505000" lon="9.0296100">
        <ele>0.0</ele>
      </trkpt>
      <trkpt lat="42.4505500" lon="9.0295600">
        <ele>0.0</ele>
      </trkpt>
      <trkpt lat="42.4505800" lon="9.0295000">
        <ele>0.0</ele>
      </trkpt>
      <trkpt lat="42.4506900" lon="9.0290700">
        <ele>0.0</ele>
      </trkpt>
      <trkpt lat="42.4508100" lon="9.0287700">
        <ele>0.0</ele>
      </trkpt>
      <trkpt lat="42.4508600" lon="9.0286800">
        <ele>0.0</ele>
      </trkpt>
      <trkpt lat="42.4509800" lon="9.0285600">
        <ele>0.0</ele>
      </trkpt>
      <trkpt lat="42.4511500" lon="9.0284300">
        <ele>0.0</ele>
      </trkpt>
      <trkpt lat="42.4511700" lon="9.0284000">
        <ele>0.0</ele>
      </trkpt>
      <trkpt lat="42.4513200" lon="9.0282000">
        <ele>0.0</ele>
      </trkpt>
      <trkpt lat="42.4514100" lon="9.0281100">
        <ele>0.0</ele>
      </trkpt>
      <trkpt lat="42.4514600" lon="9.0280700">
        <ele>0.0</ele>
      </trkpt>
      <trkpt lat="42.4515000" lon="9.0280600">
        <ele>0.0</ele>
      </trkpt>
      <trkpt lat="42.4515700" lon="9.0280400">
        <ele>0.0</ele>
      </trkpt>
      <trkpt lat="42.4516300" lon="9.0280400">
        <ele>0.0</ele>
      </trkpt>
      <trkpt lat="42.4516600" lon="9.0280600">
        <ele>0.0</ele>
      </trkpt>
      <trkpt lat="42.4516900" lon="9.0280800">
        <ele>0.0</ele>
      </trkpt>
      <trkpt lat="42.4517200" lon="9.0281400">
        <ele>0.0</ele>
      </trkpt>
      <trkpt lat="42.4518400" lon="9.0284500">
        <ele>0.0</ele>
      </trkpt>
      <trkpt lat="42.4520700" lon="9.0289100">
        <ele>0.0</ele>
      </trkpt>
      <trkpt lat="42.4522700" lon="9.0291700">
        <ele>0.0</ele>
      </trkpt>
      <trkpt lat="42.4524700" lon="9.0293600">
        <ele>0.0</ele>
      </trkpt>
      <trkpt lat="42.4525200" lon="9.0294100">
        <ele>0.0</ele>
      </trkpt>
      <trkpt lat="42.4527500" lon="9.0295200">
        <ele>0.0</ele>
      </trkpt>
      <trkpt lat="42.4530900" lon="9.0296300">
        <ele>0.0</ele>
      </trkpt>
      <trkpt lat="42.4532300" lon="9.0297300">
        <ele>0.0</ele>
      </trkpt>
      <trkpt lat="42.4532500" lon="9.0297400">
        <ele>0.0</ele>
      </trkpt>
      <trkpt lat="42.4533100" lon="9.0298400">
        <ele>0.0</ele>
      </trkpt>
      <trkpt lat="42.4533700" lon="9.0302300">
        <ele>0.0</ele>
      </trkpt>
      <trkpt lat="42.4534100" lon="9.0303600">
        <ele>0.0</ele>
      </trkpt>
      <trkpt lat="42.4536300" lon="9.0306500">
        <ele>0.0</ele>
      </trkpt>
      <trkpt lat="42.4536800" lon="9.0307500">
        <ele>0.0</ele>
      </trkpt>
      <trkpt lat="42.4536900" lon="9.0309200">
        <ele>0.0</ele>
      </trkpt>
      <trkpt lat="42.4536800" lon="9.0312600">
        <ele>0.0</ele>
      </trkpt>
      <trkpt lat="42.4537100" lon="9.0313700">
        <ele>0.0</ele>
      </trkpt>
      <trkpt lat="42.4537800" lon="9.0315000">
        <ele>0.0</ele>
      </trkpt>
      <trkpt lat="42.4538500" lon="9.0316300">
        <ele>0.0</ele>
      </trkpt>
      <trkpt lat="42.4541700" lon="9.0321500">
        <ele>0.0</ele>
      </trkpt>
      <trkpt lat="42.4542800" lon="9.0324400">
        <ele>0.0</ele>
      </trkpt>
      <trkpt lat="42.4543900" lon="9.0327700">
        <ele>0.0</ele>
      </trkpt>
      <trkpt lat="42.4545000" lon="9.0332200">
        <ele>0.0</ele>
      </trkpt>
      <trkpt lat="42.4546400" lon="9.0337100">
        <ele>0.0</ele>
      </trkpt>
      <trkpt lat="42.4546500" lon="9.0337500">
        <ele>0.0</ele>
      </trkpt>
      <trkpt lat="42.4546900" lon="9.0338100">
        <ele>0.0</ele>
      </trkpt>
      <trkpt lat="42.4547200" lon="9.0338600">
        <ele>0.0</ele>
      </trkpt>
      <trkpt lat="42.4547800" lon="9.0339200">
        <ele>0.0</ele>
      </trkpt>
      <trkpt lat="42.4548300" lon="9.0339600">
        <ele>0.0</ele>
      </trkpt>
      <trkpt lat="42.4548800" lon="9.0339700">
        <ele>0.0</ele>
      </trkpt>
      <trkpt lat="42.4549300" lon="9.0339700">
        <ele>0.0</ele>
      </trkpt>
      <trkpt lat="42.4550700" lon="9.0339600">
        <ele>0.0</ele>
      </trkpt>
      <trkpt lat="42.4551500" lon="9.0339400">
        <ele>0.0</ele>
      </trkpt>
      <trkpt lat="42.4553700" lon="9.0338900">
        <ele>0.0</ele>
      </trkpt>
      <trkpt lat="42.4555700" lon="9.0337800">
        <ele>0.0</ele>
      </trkpt>
      <trkpt lat="42.4556700" lon="9.0336600">
        <ele>0.0</ele>
      </trkpt>
      <trkpt lat="42.4558800" lon="9.0335000">
        <ele>0.0</ele>
      </trkpt>
      <trkpt lat="42.4561000" lon="9.0333600">
        <ele>0.0</ele>
      </trkpt>
      <trkpt lat="42.4561700" lon="9.0333300">
        <ele>0.0</ele>
      </trkpt>
      <trkpt lat="42.4563200" lon="9.0332800">
        <ele>0.0</ele>
      </trkpt>
      <trkpt lat="42.4565100" lon="9.0332600">
        <ele>0.0</ele>
      </trkpt>
      <trkpt lat="42.4568400" lon="9.0331800">
        <ele>0.0</ele>
      </trkpt>
      <trkpt lat="42.4572600" lon="9.0330000">
        <ele>0.0</ele>
      </trkpt>
      <trkpt lat="42.4574700" lon="9.0329500">
        <ele>0.0</ele>
      </trkpt>
      <trkpt lat="42.4575600" lon="9.0329500">
        <ele>0.0</ele>
      </trkpt>
      <trkpt lat="42.4578000" lon="9.0329900">
        <ele>0.0</ele>
      </trkpt>
      <trkpt lat="42.4578900" lon="9.0330100">
        <ele>0.0</ele>
      </trkpt>
      <trkpt lat="42.4579200" lon="9.0330500">
        <ele>0.0</ele>
      </trkpt>
      <trkpt lat="42.4579200" lon="9.0331000">
        <ele>0.0</ele>
      </trkpt>
      <trkpt lat="42.4579100" lon="9.0331500">
        <ele>0.0</ele>
      </trkpt>
      <trkpt lat="42.4578900" lon="9.0331900">
        <ele>0.0</ele>
      </trkpt>
      <trkpt lat="42.4578400" lon="9.0332100">
        <ele>0.0</ele>
      </trkpt>
      <trkpt lat="42.4574800" lon="9.0332100">
        <ele>0.0</ele>
      </trkpt>
      <trkpt lat="42.4574500" lon="9.0332100">
        <ele>0.0</ele>
      </trkpt>
      <trkpt lat="42.4571900" lon="9.0332500">
        <ele>0.0</ele>
      </trkpt>
      <trkpt lat="42.4571300" lon="9.0332700">
        <ele>0.0</ele>
      </trkpt>
      <trkpt lat="42.4570400" lon="9.0333500">
        <ele>0.0</ele>
      </trkpt>
      <trkpt lat="42.4567900" lon="9.0336700">
        <ele>0.0</ele>
      </trkpt>
      <trkpt lat="42.4566700" lon="9.0337900">
        <ele>0.0</ele>
      </trkpt>
      <trkpt lat="42.4566100" lon="9.0338400">
        <ele>0.0</ele>
      </trkpt>
      <trkpt lat="42.4563200" lon="9.0339600">
        <ele>0.0</ele>
      </trkpt>
      <trkpt lat="42.4561900" lon="9.0340800">
        <ele>0.0</ele>
      </trkpt>
      <trkpt lat="42.4560100" lon="9.0343000">
        <ele>0.0</ele>
      </trkpt>
      <trkpt lat="42.4559100" lon="9.0344900">
        <ele>0.0</ele>
      </trkpt>
      <trkpt lat="42.4558100" lon="9.0346500">
        <ele>0.0</ele>
      </trkpt>
      <trkpt lat="42.4557300" lon="9.0348100">
        <ele>0.0</ele>
      </trkpt>
      <trkpt lat="42.4556600" lon="9.0349700">
        <ele>0.0</ele>
      </trkpt>
      <trkpt lat="42.4556300" lon="9.0350300">
        <ele>0.0</ele>
      </trkpt>
      <trkpt lat="42.4555900" lon="9.0350700">
        <ele>0.0</ele>
      </trkpt>
      <trkpt lat="42.4555600" lon="9.0350900">
        <ele>0.0</ele>
      </trkpt>
      <trkpt lat="42.4552600" lon="9.0353000">
        <ele>0.0</ele>
      </trkpt>
      <trkpt lat="42.4552300" lon="9.0353400">
        <ele>0.0</ele>
      </trkpt>
      <trkpt lat="42.4551000" lon="9.0355300">
        <ele>0.0</ele>
      </trkpt>
      <trkpt lat="42.4551500" lon="9.0355200">
        <ele>0.0</ele>
      </trkpt>
      <trkpt lat="42.4556300" lon="9.0353100">
        <ele>0.0</ele>
      </trkpt>
      <trkpt lat="42.4557700" lon="9.0352000">
        <ele>0.0</ele>
      </trkpt>
      <trkpt lat="42.4560500" lon="9.0347600">
        <ele>0.0</ele>
      </trkpt>
      <trkpt lat="42.4561300" lon="9.0346800">
        <ele>0.0</ele>
      </trkpt>
      <trkpt lat="42.4561700" lon="9.0346300">
        <ele>0.0</ele>
      </trkpt>
      <trkpt lat="42.4562800" lon="9.0346000">
        <ele>0.0</ele>
      </trkpt>
      <trkpt lat="42.4563200" lon="9.0346100">
        <ele>0.0</ele>
      </trkpt>
      <trkpt lat="42.4563600" lon="9.0346600">
        <ele>0.0</ele>
      </trkpt>
      <trkpt lat="42.4563900" lon="9.0347100">
        <ele>0.0</ele>
      </trkpt>
      <trkpt lat="42.4564000" lon="9.0347700">
        <ele>0.0</ele>
      </trkpt>
      <trkpt lat="42.4564200" lon="9.0348400">
        <ele>0.0</ele>
      </trkpt>
      <trkpt lat="42.4564100" lon="9.0349200">
        <ele>0.0</ele>
      </trkpt>
      <trkpt lat="42.4563600" lon="9.0350300">
        <ele>0.0</ele>
      </trkpt>
      <trkpt lat="42.4562900" lon="9.0353100">
        <ele>0.0</ele>
      </trkpt>
      <trkpt lat="42.4563000" lon="9.0355300">
        <ele>0.0</ele>
      </trkpt>
      <trkpt lat="42.4562700" lon="9.0357300">
        <ele>0.0</ele>
      </trkpt>
      <trkpt lat="42.4561500" lon="9.0359500">
        <ele>0.0</ele>
      </trkpt>
      <trkpt lat="42.4557900" lon="9.0364100">
        <ele>0.0</ele>
      </trkpt>
      <trkpt lat="42.4555900" lon="9.0367900">
        <ele>0.0</ele>
      </trkpt>
      <trkpt lat="42.4554500" lon="9.0370000">
        <ele>0.0</ele>
      </trkpt>
      <trkpt lat="42.4553700" lon="9.0371700">
        <ele>0.0</ele>
      </trkpt>
      <trkpt lat="42.4553400" lon="9.0372800">
        <ele>0.0</ele>
      </trkpt>
      <trkpt lat="42.4552400" lon="9.0374500">
        <ele>0.0</ele>
      </trkpt>
      <trkpt lat="42.4550800" lon="9.0376400">
        <ele>0.0</ele>
      </trkpt>
      <trkpt lat="42.4548000" lon="9.0379000">
        <ele>0.0</ele>
      </trkpt>
      <trkpt lat="42.4546900" lon="9.0380800">
        <ele>0.0</ele>
      </trkpt>
      <trkpt lat="42.4545900" lon="9.0381700">
        <ele>0.0</ele>
      </trkpt>
      <trkpt lat="42.4544800" lon="9.0382500">
        <ele>0.0</ele>
      </trkpt>
      <trkpt lat="42.4543900" lon="9.0383200">
        <ele>0.0</ele>
      </trkpt>
      <trkpt lat="42.4543200" lon="9.0384100">
        <ele>0.0</ele>
      </trkpt>
      <trkpt lat="42.4542500" lon="9.0384900">
        <ele>0.0</ele>
      </trkpt>
      <trkpt lat="42.4541600" lon="9.0386700">
        <ele>0.0</ele>
      </trkpt>
      <trkpt lat="42.4541000" lon="9.0388900">
        <ele>0.0</ele>
      </trkpt>
      <trkpt lat="42.4541000" lon="9.0389600">
        <ele>0.0</ele>
      </trkpt>
      <trkpt lat="42.4541200" lon="9.0390900">
        <ele>0.0</ele>
      </trkpt>
      <trkpt lat="42.4541900" lon="9.0392400">
        <ele>0.0</ele>
      </trkpt>
      <trkpt lat="42.4546000" lon="9.0396500">
        <ele>0.0</ele>
      </trkpt>
      <trkpt lat="42.4546200" lon="9.0396700">
        <ele>0.0</ele>
      </trkpt>
      <trkpt lat="42.4549700" lon="9.0401800">
        <ele>0.0</ele>
      </trkpt>
      <trkpt lat="42.4551000" lon="9.0404200">
        <ele>0.0</ele>
      </trkpt>
      <trkpt lat="42.4552300" lon="9.0407800">
        <ele>0.0</ele>
      </trkpt>
      <trkpt lat="42.4553700" lon="9.0411900">
        <ele>0.0</ele>
      </trkpt>
      <trkpt lat="42.4554000" lon="9.0412500">
        <ele>0.0</ele>
      </trkpt>
      <trkpt lat="42.4555800" lon="9.0414900">
        <ele>0.0</ele>
      </trkpt>
      <trkpt lat="42.4559200" lon="9.0418400">
        <ele>0.0</ele>
      </trkpt>
      <trkpt lat="42.4560700" lon="9.0420500">
        <ele>0.0</ele>
      </trkpt>
      <trkpt lat="42.4561900" lon="9.0422400">
        <ele>0.0</ele>
      </trkpt>
      <trkpt lat="42.4563900" lon="9.0426600">
        <ele>0.0</ele>
      </trkpt>
      <trkpt lat="42.4565000" lon="9.0428000">
        <ele>0.0</ele>
      </trkpt>
      <trkpt lat="42.4566700" lon="9.0429100">
        <ele>0.0</ele>
      </trkpt>
      <trkpt lat="42.4568700" lon="9.0429500">
        <ele>0.0</ele>
      </trkpt>
      <trkpt lat="42.4571100" lon="9.0429700">
        <ele>0.0</ele>
      </trkpt>
      <trkpt lat="42.4574500" lon="9.0430600">
        <ele>0.0</ele>
      </trkpt>
      <trkpt lat="42.4579400" lon="9.0430600">
        <ele>0.0</ele>
      </trkpt>
      <trkpt lat="42.4581900" lon="9.0431200">
        <ele>0.0</ele>
      </trkpt>
      <trkpt lat="42.4583100" lon="9.0432100">
        <ele>0.0</ele>
      </trkpt>
      <trkpt lat="42.4587100" lon="9.0436700">
        <ele>0.0</ele>
      </trkpt>
      <trkpt lat="42.4589100" lon="9.0438200">
        <ele>0.0</ele>
      </trkpt>
      <trkpt lat="42.4590600" lon="9.0439600">
        <ele>0.0</ele>
      </trkpt>
      <trkpt lat="42.4590800" lon="9.0440100">
        <ele>0.0</ele>
      </trkpt>
      <trkpt lat="42.4590800" lon="9.0440900">
        <ele>0.0</ele>
      </trkpt>
      <trkpt lat="42.4590400" lon="9.0442100">
        <ele>0.0</ele>
      </trkpt>
      <trkpt lat="42.4590000" lon="9.0442500">
        <ele>0.0</ele>
      </trkpt>
      <trkpt lat="42.4589400" lon="9.0442700">
        <ele>0.0</ele>
      </trkpt>
      <trkpt lat="42.4588700" lon="9.0442900">
        <ele>0.0</ele>
      </trkpt>
      <trkpt lat="42.4588400" lon="9.0442800">
        <ele>0.0</ele>
      </trkpt>
      <trkpt lat="42.4587400" lon="9.0442600">
        <ele>0.0</ele>
      </trkpt>
      <trkpt lat="42.4584400" lon="9.0440400">
        <ele>0.0</ele>
      </trkpt>
      <trkpt lat="42.4581500" lon="9.0439100">
        <ele>0.0</ele>
      </trkpt>
      <trkpt lat="42.4579500" lon="9.0438300">
        <ele>0.0</ele>
      </trkpt>
      <trkpt lat="42.4578300" lon="9.0438400">
        <ele>0.0</ele>
      </trkpt>
      <trkpt lat="42.4577100" lon="9.0439000">
        <ele>0.0</ele>
      </trkpt>
      <trkpt lat="42.4575700" lon="9.0440000">
        <ele>0.0</ele>
      </trkpt>
      <trkpt lat="42.4572300" lon="9.0442300">
        <ele>0.0</ele>
      </trkpt>
      <trkpt lat="42.4570300" lon="9.0443600">
        <ele>0.0</ele>
      </trkpt>
      <trkpt lat="42.4569100" lon="9.0444300">
        <ele>0.0</ele>
      </trkpt>
      <trkpt lat="42.4567700" lon="9.0446300">
        <ele>0.0</ele>
      </trkpt>
      <trkpt lat="42.4567200" lon="9.0447400">
        <ele>0.0</ele>
      </trkpt>
      <trkpt lat="42.4567200" lon="9.0449100">
        <ele>0.0</ele>
      </trkpt>
      <trkpt lat="42.4567400" lon="9.0450400">
        <ele>0.0</ele>
      </trkpt>
      <trkpt lat="42.4568000" lon="9.0452200">
        <ele>0.0</ele>
      </trkpt>
      <trkpt lat="42.4568400" lon="9.0454100">
        <ele>0.0</ele>
      </trkpt>
      <trkpt lat="42.4568700" lon="9.0456900">
        <ele>0.0</ele>
      </trkpt>
      <trkpt lat="42.4568500" lon="9.0459600">
        <ele>0.0</ele>
      </trkpt>
      <trkpt lat="42.4567600" lon="9.0461200">
        <ele>0.0</ele>
      </trkpt>
      <trkpt lat="42.4565300" lon="9.0464000">
        <ele>0.0</ele>
      </trkpt>
      <trkpt lat="42.4561900" lon="9.0468900">
        <ele>0.0</ele>
      </trkpt>
      <trkpt lat="42.4561500" lon="9.0470600">
        <ele>0.0</ele>
      </trkpt>
      <trkpt lat="42.4561900" lon="9.0474000">
        <ele>0.0</ele>
      </trkpt>
      <trkpt lat="42.4561700" lon="9.0479000">
        <ele>0.0</ele>
      </trkpt>
      <trkpt lat="42.4559800" lon="9.0484600">
        <ele>0.0</ele>
      </trkpt>
      <trkpt lat="42.4557300" lon="9.0487700">
        <ele>0.0</ele>
      </trkpt>
      <trkpt lat="42.4556200" lon="9.0488600">
        <ele>0.0</ele>
      </trkpt>
      <trkpt lat="42.4554800" lon="9.0489200">
        <ele>0.0</ele>
      </trkpt>
      <trkpt lat="42.4551000" lon="9.0490200">
        <ele>0.0</ele>
      </trkpt>
      <trkpt lat="42.4550300" lon="9.0490800">
        <ele>0.0</ele>
      </trkpt>
      <trkpt lat="42.4549900" lon="9.0492300">
        <ele>0.0</ele>
      </trkpt>
      <trkpt lat="42.4549800" lon="9.0495200">
        <ele>0.0</ele>
      </trkpt>
      <trkpt lat="42.4549900" lon="9.0502000">
        <ele>0.0</ele>
      </trkpt>
      <trkpt lat="42.4549500" lon="9.0504500">
        <ele>0.0</ele>
      </trkpt>
      <trkpt lat="42.4548800" lon="9.0505800">
        <ele>0.0</ele>
      </trkpt>
      <trkpt lat="42.4547100" lon="9.0507100">
        <ele>0.0</ele>
      </trkpt>
      <trkpt lat="42.4545000" lon="9.0507800">
        <ele>0.0</ele>
      </trkpt>
      <trkpt lat="42.4541900" lon="9.0508100">
        <ele>0.0</ele>
      </trkpt>
      <trkpt lat="42.4539200" lon="9.0508700">
        <ele>0.0</ele>
      </trkpt>
      <trkpt lat="42.4537800" lon="9.0509300">
        <ele>0.0</ele>
      </trkpt>
      <trkpt lat="42.4536200" lon="9.0510400">
        <ele>0.0</ele>
      </trkpt>
      <trkpt lat="42.4535700" lon="9.0510900">
        <ele>0.0</ele>
      </trkpt>
      <trkpt lat="42.4535500" lon="9.0511400">
        <ele>0.0</ele>
      </trkpt>
      <trkpt lat="42.4535300" lon="9.0511700">
        <ele>0.0</ele>
      </trkpt>
      <trkpt lat="42.4535300" lon="9.0512700">
        <ele>0.0</ele>
      </trkpt>
      <trkpt lat="42.4535700" lon="9.0513800">
        <ele>0.0</ele>
      </trkpt>
      <trkpt lat="42.4537100" lon="9.0515600">
        <ele>0.0</ele>
      </trkpt>
      <trkpt lat="42.4542200" lon="9.0520300">
        <ele>0.0</ele>
      </trkpt>
      <trkpt lat="42.4551200" lon="9.0525400">
        <ele>0.0</ele>
      </trkpt>
      <trkpt lat="42.4553400" lon="9.0527300">
        <ele>0.0</ele>
      </trkpt>
      <trkpt lat="42.4555800" lon="9.0530300">
        <ele>0.0</ele>
      </trkpt>
      <trkpt lat="42.4557700" lon="9.0534200">
        <ele>0.0</ele>
      </trkpt>
      <trkpt lat="42.4558800" lon="9.0538100">
        <ele>0.0</ele>
      </trkpt>
      <trkpt lat="42.4559200" lon="9.0543100">
        <ele>0.0</ele>
      </trkpt>
      <trkpt lat="42.4559000" lon="9.0546100">
        <ele>0.0</ele>
      </trkpt>
      <trkpt lat="42.4558200" lon="9.0550000">
        <ele>0.0</ele>
      </trkpt>
      <trkpt lat="42.4558100" lon="9.0550300">
        <ele>0.0</ele>
      </trkpt>
      <trkpt lat="42.4554900" lon="9.0558400">
        <ele>0.0</ele>
      </trkpt>
      <trkpt lat="42.4550900" lon="9.0566700">
        <ele>0.0</ele>
      </trkpt>
      <trkpt lat="42.4548100" lon="9.0570200">
        <ele>0.0</ele>
      </trkpt>
      <trkpt lat="42.4547100" lon="9.0571100">
        <ele>0.0</ele>
      </trkpt>
      <trkpt lat="42.4543900" lon="9.0573600">
        <ele>0.0</ele>
      </trkpt>
      <trkpt lat="42.4543000" lon="9.0574800">
        <ele>0.0</ele>
      </trkpt>
      <trkpt lat="42.4542700" lon="9.0576800">
        <ele>0.0</ele>
      </trkpt>
      <trkpt lat="42.4543100" lon="9.0579800">
        <ele>0.0</ele>
      </trkpt>
      <trkpt lat="42.4543300" lon="9.0587000">
        <ele>0.0</ele>
      </trkpt>
      <trkpt lat="42.4543300" lon="9.0589700">
        <ele>0.0</ele>
      </trkpt>
      <trkpt lat="42.4542200" lon="9.0593600">
        <ele>0.0</ele>
      </trkpt>
      <trkpt lat="42.4541000" lon="9.0596300">
        <ele>0.0</ele>
      </trkpt>
      <trkpt lat="42.4540000" lon="9.0597200">
        <ele>0.0</ele>
      </trkpt>
      <trkpt lat="42.4538500" lon="9.0598200">
        <ele>0.0</ele>
      </trkpt>
      <trkpt lat="42.4536100" lon="9.0600300">
        <ele>0.0</ele>
      </trkpt>
      <trkpt lat="42.4535200" lon="9.0601900">
        <ele>0.0</ele>
      </trkpt>
      <trkpt lat="42.4535500" lon="9.0604000">
        <ele>0.0</ele>
      </trkpt>
      <trkpt lat="42.4536300" lon="9.0606900">
        <ele>0.0</ele>
      </trkpt>
      <trkpt lat="42.4537600" lon="9.0609300">
        <ele>0.0</ele>
      </trkpt>
      <trkpt lat="42.4540900" lon="9.0614500">
        <ele>0.0</ele>
      </trkpt>
      <trkpt lat="42.4543700" lon="9.0619600">
        <ele>0.0</ele>
      </trkpt>
      <trkpt lat="42.4545800" lon="9.0626900">
        <ele>0.0</ele>
      </trkpt>
      <trkpt lat="42.4546000" lon="9.0630300">
        <ele>0.0</ele>
      </trkpt>
      <trkpt lat="42.4545900" lon="9.0633700">
        <ele>0.0</ele>
      </trkpt>
      <trkpt lat="42.4544600" lon="9.0640600">
        <ele>0.0</ele>
      </trkpt>
      <trkpt lat="42.4544000" lon="9.0645500">
        <ele>0.0</ele>
      </trkpt>
      <trkpt lat="42.4543900" lon="9.0650600">
        <ele>0.0</ele>
      </trkpt>
      <trkpt lat="42.4544200" lon="9.0654900">
        <ele>0.0</ele>
      </trkpt>
      <trkpt lat="42.4545800" lon="9.0659500">
        <ele>0.0</ele>
      </trkpt>
      <trkpt lat="42.4547600" lon="9.0664000">
        <ele>0.0</ele>
      </trkpt>
      <trkpt lat="42.4549300" lon="9.0667300">
        <ele>0.0</ele>
      </trkpt>
      <trkpt lat="42.4550900" lon="9.0671100">
        <ele>0.0</ele>
      </trkpt>
      <trkpt lat="42.4551600" lon="9.0673900">
        <ele>0.0</ele>
      </trkpt>
      <trkpt lat="42.4552100" lon="9.0677200">
        <ele>0.0</ele>
      </trkpt>
      <trkpt lat="42.4552200" lon="9.0683700">
        <ele>0.0</ele>
      </trkpt>
      <trkpt lat="42.4551800" lon="9.0686300">
        <ele>0.0</ele>
      </trkpt>
      <trkpt lat="42.4551800" lon="9.0690200">
        <ele>0.0</ele>
      </trkpt>
      <trkpt lat="42.4552300" lon="9.0695500">
        <ele>0.0</ele>
      </trkpt>
      <trkpt lat="42.4552700" lon="9.0697200">
        <ele>0.0</ele>
      </trkpt>
      <trkpt lat="42.4553400" lon="9.0698400">
        <ele>0.0</ele>
      </trkpt>
      <trkpt lat="42.4560200" lon="9.0703200">
        <ele>0.0</ele>
      </trkpt>
      <trkpt lat="42.4562100" lon="9.0705400">
        <ele>0.0</ele>
      </trkpt>
      <trkpt lat="42.4563500" lon="9.0707300">
        <ele>0.0</ele>
      </trkpt>
      <trkpt lat="42.4564700" lon="9.0709100">
        <ele>0.0</ele>
      </trkpt>
      <trkpt lat="42.4566000" lon="9.0712000">
        <ele>0.0</ele>
      </trkpt>
      <trkpt lat="42.4566400" lon="9.0714800">
        <ele>0.0</ele>
      </trkpt>
      <trkpt lat="42.4566600" lon="9.0718700">
        <ele>0.0</ele>
      </trkpt>
      <trkpt lat="42.4566700" lon="9.0720500">
        <ele>0.0</ele>
      </trkpt>
      <trkpt lat="42.4567200" lon="9.0723000">
        <ele>0.0</ele>
      </trkpt>
      <trkpt lat="42.4567500" lon="9.0725000">
        <ele>0.0</ele>
      </trkpt>
      <trkpt lat="42.4567000" lon="9.0728500">
        <ele>0.0</ele>
      </trkpt>
      <trkpt lat="42.4566900" lon="9.0731500">
        <ele>0.0</ele>
      </trkpt>
      <trkpt lat="42.4566500" lon="9.0734400">
        <ele>0.0</ele>
      </trkpt>
      <trkpt lat="42.4565600" lon="9.0736700">
        <ele>0.0</ele>
      </trkpt>
      <trkpt lat="42.4564300" lon="9.0738400">
        <ele>0.0</ele>
      </trkpt>
      <trkpt lat="42.4562900" lon="9.0739000">
        <ele>0.0</ele>
      </trkpt>
      <trkpt lat="42.4561800" lon="9.0739100">
        <ele>0.0</ele>
      </trkpt>
      <trkpt lat="42.4560700" lon="9.0738400">
        <ele>0.0</ele>
      </trkpt>
      <trkpt lat="42.4559800" lon="9.0737200">
        <ele>0.0</ele>
      </trkpt>
      <trkpt lat="42.4558700" lon="9.0736100">
        <ele>0.0</ele>
      </trkpt>
      <trkpt lat="42.4556900" lon="9.0735100">
        <ele>0.0</ele>
      </trkpt>
      <trkpt lat="42.4554100" lon="9.0734800">
        <ele>0.0</ele>
      </trkpt>
      <trkpt lat="42.4552900" lon="9.0734900">
        <ele>0.0</ele>
      </trkpt>
      <trkpt lat="42.4551100" lon="9.0735500">
        <ele>0.0</ele>
      </trkpt>
      <trkpt lat="42.4550300" lon="9.0736200">
        <ele>0.0</ele>
      </trkpt>
      <trkpt lat="42.4549500" lon="9.0738100">
        <ele>0.0</ele>
      </trkpt>
      <trkpt lat="42.4549200" lon="9.0740200">
        <ele>0.0</ele>
      </trkpt>
      <trkpt lat="42.4549400" lon="9.0742700">
        <ele>0.0</ele>
      </trkpt>
      <trkpt lat="42.4550200" lon="9.0744500">
        <ele>0.0</ele>
      </trkpt>
      <trkpt lat="42.4551500" lon="9.0746600">
        <ele>0.0</ele>
      </trkpt>
      <trkpt lat="42.4551900" lon="9.0747100">
        <ele>0.0</ele>
      </trkpt>
      <trkpt lat="42.4555400" lon="9.0750900">
        <ele>0.0</ele>
      </trkpt>
      <trkpt lat="42.4557100" lon="9.0754600">
        <ele>0.0</ele>
      </trkpt>
      <trkpt lat="42.4560500" lon="9.0761600">
        <ele>0.0</ele>
      </trkpt>
      <trkpt lat="42.4563200" lon="9.0767200">
        <ele>0.0</ele>
      </trkpt>
      <trkpt lat="42.4564200" lon="9.0770000">
        <ele>0.0</ele>
      </trkpt>
      <trkpt lat="42.4565000" lon="9.0778500">
        <ele>0.0</ele>
      </trkpt>
      <trkpt lat="42.4565200" lon="9.0783000">
        <ele>0.0</ele>
      </trkpt>
      <trkpt lat="42.4564900" lon="9.0785400">
        <ele>0.0</ele>
      </trkpt>
      <trkpt lat="42.4564000" lon="9.0787800">
        <ele>0.0</ele>
      </trkpt>
      <trkpt lat="42.4563600" lon="9.0789900">
        <ele>0.0</ele>
      </trkpt>
      <trkpt lat="42.4562500" lon="9.0796900">
        <ele>0.0</ele>
      </trkpt>
      <trkpt lat="42.4562700" lon="9.0797800">
        <ele>0.0</ele>
      </trkpt>
      <trkpt lat="42.4563100" lon="9.0798600">
        <ele>0.0</ele>
      </trkpt>
      <trkpt lat="42.4563700" lon="9.0799100">
        <ele>0.0</ele>
      </trkpt>
      <trkpt lat="42.4564800" lon="9.0799500">
        <ele>0.0</ele>
      </trkpt>
      <trkpt lat="42.4565900" lon="9.0799500">
        <ele>0.0</ele>
      </trkpt>
      <trkpt lat="42.4567200" lon="9.0799500">
        <ele>0.0</ele>
      </trkpt>
      <trkpt lat="42.4572300" lon="9.0798500">
        <ele>0.0</ele>
      </trkpt>
      <trkpt lat="42.4575100" lon="9.0798900">
        <ele>0.0</ele>
      </trkpt>
      <trkpt lat="42.4578600" lon="9.0799600">
        <ele>0.0</ele>
      </trkpt>
      <trkpt lat="42.4581300" lon="9.0801000">
        <ele>0.0</ele>
      </trkpt>
      <trkpt lat="42.4582700" lon="9.0802500">
        <ele>0.0</ele>
      </trkpt>
      <trkpt lat="42.4584300" lon="9.0804800">
        <ele>0.0</ele>
      </trkpt>
      <trkpt lat="42.4585500" lon="9.0807000">
        <ele>0.0</ele>
      </trkpt>
      <trkpt lat="42.4586600" lon="9.0809900">
        <ele>0.0</ele>
      </trkpt>
      <trkpt lat="42.4586800" lon="9.0810500">
        <ele>0.0</ele>
      </trkpt>
      <trkpt lat="42.4587400" lon="9.0813600">
        <ele>0.0</ele>
      </trkpt>
      <trkpt lat="42.4587200" lon="9.0816300">
        <ele>0.0</ele>
      </trkpt>
      <trkpt lat="42.4586700" lon="9.0818100">
        <ele>0.0</ele>
      </trkpt>
      <trkpt lat="42.4585000" lon="9.0821700">
        <ele>0.0</ele>
      </trkpt>
      <trkpt lat="42.4583800" lon="9.0823500">
        <ele>0.0</ele>
      </trkpt>
      <trkpt lat="42.4583000" lon="9.0824400">
        <ele>0.0</ele>
      </trkpt>
      <trkpt lat="42.4580800" lon="9.0827700">
        <ele>0.0</ele>
      </trkpt>
      <trkpt lat="42.4579500" lon="9.0830600">
        <ele>0.0</ele>
      </trkpt>
      <trkpt lat="42.4579100" lon="9.0833200">
        <ele>0.0</ele>
      </trkpt>
      <trkpt lat="42.4579400" lon="9.0835600">
        <ele>0.0</ele>
      </trkpt>
      <trkpt lat="42.4581300" lon="9.0841700">
        <ele>0.0</ele>
      </trkpt>
      <trkpt lat="42.4583000" lon="9.0844600">
        <ele>0.0</ele>
      </trkpt>
      <trkpt lat="42.4584500" lon="9.0846800">
        <ele>0.0</ele>
      </trkpt>
      <trkpt lat="42.4586300" lon="9.0848500">
        <ele>0.0</ele>
      </trkpt>
      <trkpt lat="42.4587700" lon="9.0850300">
        <ele>0.0</ele>
      </trkpt>
      <trkpt lat="42.4589900" lon="9.0857700">
        <ele>0.0</ele>
      </trkpt>
      <trkpt lat="42.4590400" lon="9.0860500">
        <ele>0.0</ele>
      </trkpt>
      <trkpt lat="42.4590500" lon="9.0866400">
        <ele>0.0</ele>
      </trkpt>
      <trkpt lat="42.4590300" lon="9.0869100">
        <ele>0.0</ele>
      </trkpt>
      <trkpt lat="42.4589400" lon="9.0873900">
        <ele>0.0</ele>
      </trkpt>
      <trkpt lat="42.4588600" lon="9.0885500">
        <ele>0.0</ele>
      </trkpt>
      <trkpt lat="42.4588300" lon="9.0889300">
        <ele>0.0</ele>
      </trkpt>
      <trkpt lat="42.4588000" lon="9.0899900">
        <ele>0.0</ele>
      </trkpt>
      <trkpt lat="42.4588500" lon="9.0903100">
        <ele>0.0</ele>
      </trkpt>
      <trkpt lat="42.4589900" lon="9.0908500">
        <ele>0.0</ele>
      </trkpt>
      <trkpt lat="42.4590200" lon="9.0909700">
        <ele>0.0</ele>
      </trkpt>
      <trkpt lat="42.4590900" lon="9.0911800">
        <ele>0.0</ele>
      </trkpt>
      <trkpt lat="42.4592200" lon="9.0914400">
        <ele>0.0</ele>
      </trkpt>
      <trkpt lat="42.4594300" lon="9.0916000">
        <ele>0.0</ele>
      </trkpt>
      <trkpt lat="42.4598600" lon="9.0919600">
        <ele>0.0</ele>
      </trkpt>
      <trkpt lat="42.4603000" lon="9.0923300">
        <ele>0.0</ele>
      </trkpt>
      <trkpt lat="42.4605000" lon="9.0925700">
        <ele>0.0</ele>
      </trkpt>
      <trkpt lat="42.4607100" lon="9.0930900">
        <ele>0.0</ele>
      </trkpt>
      <trkpt lat="42.4607800" lon="9.0936200">
        <ele>0.0</ele>
      </trkpt>
      <trkpt lat="42.4608100" lon="9.0939200">
        <ele>0.0</ele>
      </trkpt>
      <trkpt lat="42.4609500" lon="9.0943600">
        <ele>0.0</ele>
      </trkpt>
      <trkpt lat="42.4610900" lon="9.0947700">
        <ele>0.0</ele>
      </trkpt>
      <trkpt lat="42.4612500" lon="9.0951100">
        <ele>0.0</ele>
      </trkpt>
      <trkpt lat="42.4613300" lon="9.0952200">
        <ele>0.0</ele>
      </trkpt>
      <trkpt lat="42.4614000" lon="9.0953700">
        <ele>0.0</ele>
      </trkpt>
      <trkpt lat="42.4616400" lon="9.0959300">
        <ele>0.0</ele>
      </trkpt>
      <trkpt lat="42.4619600" lon="9.0964400">
        <ele>0.0</ele>
      </trkpt>
      <trkpt lat="42.4621400" lon="9.0966800">
        <ele>0.0</ele>
      </trkpt>
      <trkpt lat="42.4626500" lon="9.0973500">
        <ele>0.0</ele>
      </trkpt>
      <trkpt lat="42.4629600" lon="9.0978100">
        <ele>0.0</ele>
      </trkpt>
      <trkpt lat="42.4633200" lon="9.0982600">
        <ele>0.0</ele>
      </trkpt>
      <trkpt lat="42.4636000" lon="9.0985700">
        <ele>0.0</ele>
      </trkpt>
      <trkpt lat="42.4638300" lon="9.0987700">
        <ele>0.0</ele>
      </trkpt>
      <trkpt lat="42.4640100" lon="9.0988500">
        <ele>0.0</ele>
      </trkpt>
      <trkpt lat="42.4644300" lon="9.0993400">
        <ele>0.0</ele>
      </trkpt>
      <trkpt lat="42.4647200" lon="9.0997900">
        <ele>0.0</ele>
      </trkpt>
      <trkpt lat="42.4648700" lon="9.1001000">
        <ele>0.0</ele>
      </trkpt>
      <trkpt lat="42.4649400" lon="9.1002700">
        <ele>0.0</ele>
      </trkpt>
      <trkpt lat="42.4649600" lon="9.1005300">
        <ele>0.0</ele>
      </trkpt>
      <trkpt lat="42.4649500" lon="9.1006700">
        <ele>0.0</ele>
      </trkpt>
      <trkpt lat="42.4648700" lon="9.1007800">
        <ele>0.0</ele>
      </trkpt>
      <trkpt lat="42.4646400" lon="9.1009800">
        <ele>0.0</ele>
      </trkpt>
      <trkpt lat="42.4644300" lon="9.1011800">
        <ele>0.0</ele>
      </trkpt>
      <trkpt lat="42.4643600" lon="9.1013300">
        <ele>0.0</ele>
      </trkpt>
      <trkpt lat="42.4643800" lon="9.1014900">
        <ele>0.0</ele>
      </trkpt>
      <trkpt lat="42.4644300" lon="9.1016700">
        <ele>0.0</ele>
      </trkpt>
      <trkpt lat="42.4645800" lon="9.1018500">
        <ele>0.0</ele>
      </trkpt>
      <trkpt lat="42.4647300" lon="9.1018800">
        <ele>0.0</ele>
      </trkpt>
      <trkpt lat="42.4651100" lon="9.1020300">
        <ele>0.0</ele>
      </trkpt>
      <trkpt lat="42.4653200" lon="9.1021600">
        <ele>0.0</ele>
      </trkpt>
      <trkpt lat="42.4657200" lon="9.1024500">
        <ele>0.0</ele>
      </trkpt>
      <trkpt lat="42.4661100" lon="9.1027900">
        <ele>0.0</ele>
      </trkpt>
      <trkpt lat="42.4663300" lon="9.1030400">
        <ele>0.0</ele>
      </trkpt>
      <trkpt lat="42.4665100" lon="9.1032900">
        <ele>0.0</ele>
      </trkpt>
      <trkpt lat="42.4669100" lon="9.1037000">
        <ele>0.0</ele>
      </trkpt>
      <trkpt lat="42.4674900" lon="9.1040800">
        <ele>0.0</ele>
      </trkpt>
      <trkpt lat="42.4677100" lon="9.1042900">
        <ele>0.0</ele>
      </trkpt>
      <trkpt lat="42.4678000" lon="9.1044600">
        <ele>0.0</ele>
      </trkpt>
      <trkpt lat="42.4679100" lon="9.1047900">
        <ele>0.0</ele>
      </trkpt>
      <trkpt lat="42.4679300" lon="9.1050900">
        <ele>0.0</ele>
      </trkpt>
      <trkpt lat="42.4679800" lon="9.1053800">
        <ele>0.0</ele>
      </trkpt>
      <trkpt lat="42.4680800" lon="9.1057900">
        <ele>0.0</ele>
      </trkpt>
      <trkpt lat="42.4682100" lon="9.1061400">
        <ele>0.0</ele>
      </trkpt>
      <trkpt lat="42.4682300" lon="9.1062000">
        <ele>0.0</ele>
      </trkpt>
      <trkpt lat="42.4682400" lon="9.1062600">
        <ele>0.0</ele>
      </trkpt>
      <trkpt lat="42.4682500" lon="9.1063300">
        <ele>0.0</ele>
      </trkpt>
      <trkpt lat="42.4682400" lon="9.1063900">
        <ele>0.0</ele>
      </trkpt>
      <trkpt lat="42.4682100" lon="9.1064300">
        <ele>0.0</ele>
      </trkpt>
      <trkpt lat="42.4681800" lon="9.1064800">
        <ele>0.0</ele>
      </trkpt>
      <trkpt lat="42.4680600" lon="9.1065700">
        <ele>0.0</ele>
      </trkpt>
      <trkpt lat="42.4679200" lon="9.1066900">
        <ele>0.0</ele>
      </trkpt>
      <trkpt lat="42.4678900" lon="9.1067500">
        <ele>0.0</ele>
      </trkpt>
      <trkpt lat="42.4678600" lon="9.1068200">
        <ele>0.0</ele>
      </trkpt>
      <trkpt lat="42.4678500" lon="9.1068800">
        <ele>0.0</ele>
      </trkpt>
      <trkpt lat="42.4678600" lon="9.1069500">
        <ele>0.0</ele>
      </trkpt>
      <trkpt lat="42.4679100" lon="9.1070500">
        <ele>0.0</ele>
      </trkpt>
      <trkpt lat="42.4681200" lon="9.1074500">
        <ele>0.0</ele>
      </trkpt>
      <trkpt lat="42.4681700" lon="9.1076400">
        <ele>0.0</ele>
      </trkpt>
      <trkpt lat="42.4681700" lon="9.1078000">
        <ele>0.0</ele>
      </trkpt>
      <trkpt lat="42.4681200" lon="9.1079900">
        <ele>0.0</ele>
      </trkpt>
      <trkpt lat="42.4680300" lon="9.1081200">
        <ele>0.0</ele>
      </trkpt>
      <trkpt lat="42.4679100" lon="9.1082200">
        <ele>0.0</ele>
      </trkpt>
      <trkpt lat="42.4676100" lon="9.1084100">
        <ele>0.0</ele>
      </trkpt>
      <trkpt lat="42.4673200" lon="9.1086300">
        <ele>0.0</ele>
      </trkpt>
      <trkpt lat="42.4671500" lon="9.1088400">
        <ele>0.0</ele>
      </trkpt>
      <trkpt lat="42.4670400" lon="9.1090400">
        <ele>0.0</ele>
      </trkpt>
      <trkpt lat="42.4669300" lon="9.1093200">
        <ele>0.0</ele>
      </trkpt>
      <trkpt lat="42.4669200" lon="9.1093600">
        <ele>0.0</ele>
      </trkpt>
      <trkpt lat="42.4668900" lon="9.1096100">
        <ele>0.0</ele>
      </trkpt>
      <trkpt lat="42.4669200" lon="9.1099000">
        <ele>0.0</ele>
      </trkpt>
      <trkpt lat="42.4670600" lon="9.1102800">
        <ele>0.0</ele>
      </trkpt>
      <trkpt lat="42.4671500" lon="9.1104600">
        <ele>0.0</ele>
      </trkpt>
      <trkpt lat="42.4672300" lon="9.1106900">
        <ele>0.0</ele>
      </trkpt>
      <trkpt lat="42.4673600" lon="9.1113200">
        <ele>0.0</ele>
      </trkpt>
      <trkpt lat="42.4675800" lon="9.1119700">
        <ele>0.0</ele>
      </trkpt>
      <trkpt lat="42.4678900" lon="9.1130100">
        <ele>0.0</ele>
      </trkpt>
      <trkpt lat="42.4679800" lon="9.1132500">
        <ele>0.0</ele>
      </trkpt>
      <trkpt lat="42.4681700" lon="9.1137800">
        <ele>0.0</ele>
      </trkpt>
      <trkpt lat="42.4683000" lon="9.1145300">
        <ele>0.0</ele>
      </trkpt>
      <trkpt lat="42.4683900" lon="9.1151900">
        <ele>0.0</ele>
      </trkpt>
      <trkpt lat="42.4685400" lon="9.1161300">
        <ele>0.0</ele>
      </trkpt>
      <trkpt lat="42.4686000" lon="9.1163600">
        <ele>0.0</ele>
      </trkpt>
      <trkpt lat="42.4688100" lon="9.1172200">
        <ele>0.0</ele>
      </trkpt>
      <trkpt lat="42.4690400" lon="9.1180800">
        <ele>0.0</ele>
      </trkpt>
      <trkpt lat="42.4691800" lon="9.1185600">
        <ele>0.0</ele>
      </trkpt>
      <trkpt lat="42.4692200" lon="9.1186500">
        <ele>0.0</ele>
      </trkpt>
      <trkpt lat="42.4692600" lon="9.1187600">
        <ele>0.0</ele>
      </trkpt>
      <trkpt lat="42.4693800" lon="9.1190500">
        <ele>0.0</ele>
      </trkpt>
      <trkpt lat="42.4694200" lon="9.1191600">
        <ele>0.0</ele>
      </trkpt>
      <trkpt lat="42.4694300" lon="9.1192100">
        <ele>0.0</ele>
      </trkpt>
      <trkpt lat="42.4694400" lon="9.1192700">
        <ele>0.0</ele>
      </trkpt>
      <trkpt lat="42.4694500" lon="9.1193800">
        <ele>0.0</ele>
      </trkpt>
      <trkpt lat="42.4694300" lon="9.1195100">
        <ele>0.0</ele>
      </trkpt>
      <trkpt lat="42.4693900" lon="9.1196200">
        <ele>0.0</ele>
      </trkpt>
      <trkpt lat="42.4693500" lon="9.1197800">
        <ele>0.0</ele>
      </trkpt>
      <trkpt lat="42.4693500" lon="9.1199000">
        <ele>0.0</ele>
      </trkpt>
      <trkpt lat="42.4693200" lon="9.1199100">
        <ele>0.0</ele>
      </trkpt>
      <trkpt lat="42.4692500" lon="9.1199100">
        <ele>0.0</ele>
      </trkpt>
      <trkpt lat="42.4691700" lon="9.1199100">
        <ele>0.0</ele>
      </trkpt>
      <trkpt lat="42.4687200" lon="9.1198200">
        <ele>0.0</ele>
      </trkpt>
      <trkpt lat="42.4685600" lon="9.1197900">
        <ele>0.0</ele>
      </trkpt>
      <trkpt lat="42.4684300" lon="9.1197900">
        <ele>0.0</ele>
      </trkpt>
      <trkpt lat="42.4683700" lon="9.1198200">
        <ele>0.0</ele>
      </trkpt>
      <trkpt lat="42.4683300" lon="9.1198600">
        <ele>0.0</ele>
      </trkpt>
      <trkpt lat="42.4683200" lon="9.1199200">
        <ele>0.0</ele>
      </trkpt>
      <trkpt lat="42.4683300" lon="9.1199900">
        <ele>0.0</ele>
      </trkpt>
      <trkpt lat="42.4683600" lon="9.1200300">
        <ele>0.0</ele>
      </trkpt>
      <trkpt lat="42.4684600" lon="9.1201200">
        <ele>0.0</ele>
      </trkpt>
      <trkpt lat="42.4685300" lon="9.1201900">
        <ele>0.0</ele>
      </trkpt>
      <trkpt lat="42.4686000" lon="9.1203000">
        <ele>0.0</ele>
      </trkpt>
      <trkpt lat="42.4686500" lon="9.1204200">
        <ele>0.0</ele>
      </trkpt>
      <trkpt lat="42.4686800" lon="9.1205000">
        <ele>0.0</ele>
      </trkpt>
      <trkpt lat="42.4686800" lon="9.1205900">
        <ele>0.0</ele>
      </trkpt>
      <trkpt lat="42.4686800" lon="9.1206500">
        <ele>0.0</ele>
      </trkpt>
      <trkpt lat="42.4686600" lon="9.1207200">
        <ele>0.0</ele>
      </trkpt>
      <trkpt lat="42.4685800" lon="9.1208200">
        <ele>0.0</ele>
      </trkpt>
      <trkpt lat="42.4685000" lon="9.1209000">
        <ele>0.0</ele>
      </trkpt>
      <trkpt lat="42.4683400" lon="9.1210000">
        <ele>0.0</ele>
      </trkpt>
      <trkpt lat="42.4683000" lon="9.1210300">
        <ele>0.0</ele>
      </trkpt>
      <trkpt lat="42.4682100" lon="9.1211800">
        <ele>0.0</ele>
      </trkpt>
      <trkpt lat="42.4681500" lon="9.1212400">
        <ele>0.0</ele>
      </trkpt>
      <trkpt lat="42.4680800" lon="9.1212600">
        <ele>0.0</ele>
      </trkpt>
      <trkpt lat="42.4679100" lon="9.1212700">
        <ele>0.0</ele>
      </trkpt>
      <trkpt lat="42.4678400" lon="9.1212900">
        <ele>0.0</ele>
      </trkpt>
      <trkpt lat="42.4678000" lon="9.1213200">
        <ele>0.0</ele>
      </trkpt>
      <trkpt lat="42.4677500" lon="9.1213900">
        <ele>0.0</ele>
      </trkpt>
      <trkpt lat="42.4677000" lon="9.1214300">
        <ele>0.0</ele>
      </trkpt>
      <trkpt lat="42.4675400" lon="9.1214500">
        <ele>0.0</ele>
      </trkpt>
      <trkpt lat="42.4674700" lon="9.1214900">
        <ele>0.0</ele>
      </trkpt>
      <trkpt lat="42.4673900" lon="9.1215900">
        <ele>0.0</ele>
      </trkpt>
      <trkpt lat="42.4673800" lon="9.1216400">
        <ele>0.0</ele>
      </trkpt>
      <trkpt lat="42.4673500" lon="9.1219000">
        <ele>0.0</ele>
      </trkpt>
      <trkpt lat="42.4673300" lon="9.1219500">
        <ele>0.0</ele>
      </trkpt>
      <trkpt lat="42.4672800" lon="9.1219700">
        <ele>0.0</ele>
      </trkpt>
      <trkpt lat="42.4672100" lon="9.1219600">
        <ele>0.0</ele>
      </trkpt>
      <trkpt lat="42.4671500" lon="9.1219400">
        <ele>0.0</ele>
      </trkpt>
      <trkpt lat="42.4671000" lon="9.1219500">
        <ele>0.0</ele>
      </trkpt>
      <trkpt lat="42.4670500" lon="9.1219700">
        <ele>0.0</ele>
      </trkpt>
      <trkpt lat="42.4670200" lon="9.1220100">
        <ele>0.0</ele>
      </trkpt>
      <trkpt lat="42.4669800" lon="9.1220900">
        <ele>0.0</ele>
      </trkpt>
      <trkpt lat="42.4669000" lon="9.1224000">
        <ele>0.0</ele>
      </trkpt>
      <trkpt lat="42.4668400" lon="9.1225500">
        <ele>0.0</ele>
      </trkpt>
      <trkpt lat="42.4668100" lon="9.1226300">
        <ele>0.0</ele>
      </trkpt>
      <trkpt lat="42.4668000" lon="9.1227500">
        <ele>0.0</ele>
      </trkpt>
      <trkpt lat="42.4667900" lon="9.1228200">
        <ele>0.0</ele>
      </trkpt>
      <trkpt lat="42.4666900" lon="9.1229800">
        <ele>0.0</ele>
      </trkpt>
      <trkpt lat="42.4666400" lon="9.1230100">
        <ele>0.0</ele>
      </trkpt>
      <trkpt lat="42.4665800" lon="9.1230200">
        <ele>0.0</ele>
      </trkpt>
      <trkpt lat="42.4664500" lon="9.1229900">
        <ele>0.0</ele>
      </trkpt>
      <trkpt lat="42.4663800" lon="9.1229900">
        <ele>0.0</ele>
      </trkpt>
      <trkpt lat="42.4663300" lon="9.1230000">
        <ele>0.0</ele>
      </trkpt>
      <trkpt lat="42.4661700" lon="9.1231600">
        <ele>0.0</ele>
      </trkpt>
      <trkpt lat="42.4661200" lon="9.1231700">
        <ele>0.0</ele>
      </trkpt>
      <trkpt lat="42.4660100" lon="9.1231700">
        <ele>0.0</ele>
      </trkpt>
      <trkpt lat="42.4659700" lon="9.1232000">
        <ele>0.0</ele>
      </trkpt>
      <trkpt lat="42.4660100" lon="9.1231700">
        <ele>0.0</ele>
      </trkpt>
      <trkpt lat="42.4661200" lon="9.1231700">
        <ele>0.0</ele>
      </trkpt>
      <trkpt lat="42.4661700" lon="9.1231600">
        <ele>0.0</ele>
      </trkpt>
      <trkpt lat="42.4663300" lon="9.1230000">
        <ele>0.0</ele>
      </trkpt>
      <trkpt lat="42.4663800" lon="9.1229900">
        <ele>0.0</ele>
      </trkpt>
      <trkpt lat="42.4664500" lon="9.1229900">
        <ele>0.0</ele>
      </trkpt>
      <trkpt lat="42.4665800" lon="9.1230200">
        <ele>0.0</ele>
      </trkpt>
      <trkpt lat="42.4666400" lon="9.1230100">
        <ele>0.0</ele>
      </trkpt>
      <trkpt lat="42.4666900" lon="9.1229800">
        <ele>0.0</ele>
      </trkpt>
      <trkpt lat="42.4667900" lon="9.1228200">
        <ele>0.0</ele>
      </trkpt>
      <trkpt lat="42.4668000" lon="9.1227500">
        <ele>0.0</ele>
      </trkpt>
      <trkpt lat="42.4668100" lon="9.1226300">
        <ele>0.0</ele>
      </trkpt>
      <trkpt lat="42.4668400" lon="9.1225500">
        <ele>0.0</ele>
      </trkpt>
      <trkpt lat="42.4669000" lon="9.1224000">
        <ele>0.0</ele>
      </trkpt>
      <trkpt lat="42.4669800" lon="9.1220900">
        <ele>0.0</ele>
      </trkpt>
      <trkpt lat="42.4670200" lon="9.1220100">
        <ele>0.0</ele>
      </trkpt>
      <trkpt lat="42.4670500" lon="9.1219700">
        <ele>0.0</ele>
      </trkpt>
      <trkpt lat="42.4671000" lon="9.1219500">
        <ele>0.0</ele>
      </trkpt>
      <trkpt lat="42.4671500" lon="9.1219400">
        <ele>0.0</ele>
      </trkpt>
      <trkpt lat="42.4672100" lon="9.1219600">
        <ele>0.0</ele>
      </trkpt>
      <trkpt lat="42.4672800" lon="9.1219700">
        <ele>0.0</ele>
      </trkpt>
      <trkpt lat="42.4673300" lon="9.1219500">
        <ele>0.0</ele>
      </trkpt>
      <trkpt lat="42.4673500" lon="9.1219000">
        <ele>0.0</ele>
      </trkpt>
      <trkpt lat="42.4673800" lon="9.1216400">
        <ele>0.0</ele>
      </trkpt>
      <trkpt lat="42.4673900" lon="9.1215900">
        <ele>0.0</ele>
      </trkpt>
      <trkpt lat="42.4674700" lon="9.1214900">
        <ele>0.0</ele>
      </trkpt>
      <trkpt lat="42.4675400" lon="9.1214500">
        <ele>0.0</ele>
      </trkpt>
      <trkpt lat="42.4677000" lon="9.1214300">
        <ele>0.0</ele>
      </trkpt>
      <trkpt lat="42.4677500" lon="9.1213900">
        <ele>0.0</ele>
      </trkpt>
      <trkpt lat="42.4678000" lon="9.1213200">
        <ele>0.0</ele>
      </trkpt>
      <trkpt lat="42.4678400" lon="9.1212900">
        <ele>0.0</ele>
      </trkpt>
      <trkpt lat="42.4679100" lon="9.1212700">
        <ele>0.0</ele>
      </trkpt>
      <trkpt lat="42.4680800" lon="9.1212600">
        <ele>0.0</ele>
      </trkpt>
      <trkpt lat="42.4681500" lon="9.1212400">
        <ele>0.0</ele>
      </trkpt>
      <trkpt lat="42.4682100" lon="9.1211800">
        <ele>0.0</ele>
      </trkpt>
      <trkpt lat="42.4683000" lon="9.1210300">
        <ele>0.0</ele>
      </trkpt>
      <trkpt lat="42.4683400" lon="9.1210000">
        <ele>0.0</ele>
      </trkpt>
      <trkpt lat="42.4685000" lon="9.1209000">
        <ele>0.0</ele>
      </trkpt>
      <trkpt lat="42.4685800" lon="9.1208200">
        <ele>0.0</ele>
      </trkpt>
      <trkpt lat="42.4686600" lon="9.1207200">
        <ele>0.0</ele>
      </trkpt>
      <trkpt lat="42.4686800" lon="9.1206500">
        <ele>0.0</ele>
      </trkpt>
      <trkpt lat="42.4686800" lon="9.1205900">
        <ele>0.0</ele>
      </trkpt>
      <trkpt lat="42.4686800" lon="9.1205000">
        <ele>0.0</ele>
      </trkpt>
      <trkpt lat="42.4686500" lon="9.1204200">
        <ele>0.0</ele>
      </trkpt>
      <trkpt lat="42.4686000" lon="9.1203000">
        <ele>0.0</ele>
      </trkpt>
      <trkpt lat="42.4685300" lon="9.1201900">
        <ele>0.0</ele>
      </trkpt>
      <trkpt lat="42.4684600" lon="9.1201200">
        <ele>0.0</ele>
      </trkpt>
      <trkpt lat="42.4683600" lon="9.1200300">
        <ele>0.0</ele>
      </trkpt>
      <trkpt lat="42.4683300" lon="9.1199900">
        <ele>0.0</ele>
      </trkpt>
      <trkpt lat="42.4683200" lon="9.1199200">
        <ele>0.0</ele>
      </trkpt>
      <trkpt lat="42.4683300" lon="9.1198600">
        <ele>0.0</ele>
      </trkpt>
      <trkpt lat="42.4683700" lon="9.1198200">
        <ele>0.0</ele>
      </trkpt>
      <trkpt lat="42.4684300" lon="9.1197900">
        <ele>0.0</ele>
      </trkpt>
      <trkpt lat="42.4685600" lon="9.1197900">
        <ele>0.0</ele>
      </trkpt>
      <trkpt lat="42.4687200" lon="9.1198200">
        <ele>0.0</ele>
      </trkpt>
      <trkpt lat="42.4691700" lon="9.1199100">
        <ele>0.0</ele>
      </trkpt>
      <trkpt lat="42.4692500" lon="9.1199100">
        <ele>0.0</ele>
      </trkpt>
      <trkpt lat="42.4693500" lon="9.1199000">
        <ele>0.0</ele>
      </trkpt>
      <trkpt lat="42.4693700" lon="9.1200900">
        <ele>0.0</ele>
      </trkpt>
      <trkpt lat="42.4694300" lon="9.1202500">
        <ele>0.0</ele>
      </trkpt>
      <trkpt lat="42.4699400" lon="9.1211900">
        <ele>0.0</ele>
      </trkpt>
      <trkpt lat="42.4700400" lon="9.1213400">
        <ele>0.0</ele>
      </trkpt>
      <trkpt lat="42.4707000" lon="9.1225700">
        <ele>0.0</ele>
      </trkpt>
      <trkpt lat="42.4710100" lon="9.1234500">
        <ele>0.0</ele>
      </trkpt>
      <trkpt lat="42.4712500" lon="9.1242200">
        <ele>0.0</ele>
      </trkpt>
      <trkpt lat="42.4713400" lon="9.1245600">
        <ele>0.0</ele>
      </trkpt>
      <trkpt lat="42.4715100" lon="9.1251000">
        <ele>0.0</ele>
      </trkpt>
      <trkpt lat="42.4717000" lon="9.1255200">
        <ele>0.0</ele>
      </trkpt>
      <trkpt lat="42.4720000" lon="9.1260900">
        <ele>0.0</ele>
      </trkpt>
      <trkpt lat="42.4724300" lon="9.1272000">
        <ele>0.0</ele>
      </trkpt>
      <trkpt lat="42.4724800" lon="9.1273500">
        <ele>0.0</ele>
      </trkpt>
      <trkpt lat="42.4725800" lon="9.1277700">
        <ele>0.0</ele>
      </trkpt>
      <trkpt lat="42.4727200" lon="9.1284400">
        <ele>0.0</ele>
      </trkpt>
      <trkpt lat="42.4727700" lon="9.1287700">
        <ele>0.0</ele>
      </trkpt>
      <trkpt lat="42.4727800" lon="9.1289100">
        <ele>0.0</ele>
      </trkpt>
      <trkpt lat="42.4728200" lon="9.1295000">
        <ele>0.0</ele>
      </trkpt>
      <trkpt lat="42.4729500" lon="9.1302500">
        <ele>0.0</ele>
      </trkpt>
      <trkpt lat="42.4730300" lon="9.1305900">
        <ele>0.0</ele>
      </trkpt>
      <trkpt lat="42.4731400" lon="9.1308900">
        <ele>0.0</ele>
      </trkpt>
      <trkpt lat="42.4732700" lon="9.1312200">
        <ele>0.0</ele>
      </trkpt>
      <trkpt lat="42.4733600" lon="9.1314200">
        <ele>0.0</ele>
      </trkpt>
      <trkpt lat="42.4734700" lon="9.1317400">
        <ele>0.0</ele>
      </trkpt>
      <trkpt lat="42.4736300" lon="9.1321700">
        <ele>0.0</ele>
      </trkpt>
      <trkpt lat="42.4737800" lon="9.1325900">
        <ele>0.0</ele>
      </trkpt>
      <trkpt lat="42.4739200" lon="9.1329100">
        <ele>0.0</ele>
      </trkpt>
      <trkpt lat="42.4740400" lon="9.1331400">
        <ele>0.0</ele>
      </trkpt>
      <trkpt lat="42.4741900" lon="9.1333800">
        <ele>0.0</ele>
      </trkpt>
      <trkpt lat="42.4749400" lon="9.1341600">
        <ele>0.0</ele>
      </trkpt>
      <trkpt lat="42.4753100" lon="9.1345700">
        <ele>0.0</ele>
      </trkpt>
      <trkpt lat="42.4753900" lon="9.1347200">
        <ele>0.0</ele>
      </trkpt>
      <trkpt lat="42.4754500" lon="9.1348700">
        <ele>0.0</ele>
      </trkpt>
      <trkpt lat="42.4755900" lon="9.1355300">
        <ele>0.0</ele>
      </trkpt>
      <trkpt lat="42.4756500" lon="9.1358600">
        <ele>0.0</ele>
      </trkpt>
      <trkpt lat="42.4756600" lon="9.1359500">
        <ele>0.0</ele>
      </trkpt>
      <trkpt lat="42.4757600" lon="9.1364000">
        <ele>0.0</ele>
      </trkpt>
      <trkpt lat="42.4758800" lon="9.1368500">
        <ele>0.0</ele>
      </trkpt>
      <trkpt lat="42.4759600" lon="9.1372900">
        <ele>0.0</ele>
      </trkpt>
      <trkpt lat="42.4760300" lon="9.1374800">
        <ele>0.0</ele>
      </trkpt>
      <trkpt lat="42.4760700" lon="9.1377200">
        <ele>0.0</ele>
      </trkpt>
      <trkpt lat="42.4761700" lon="9.1380200">
        <ele>0.0</ele>
      </trkpt>
      <trkpt lat="42.4762700" lon="9.1381500">
        <ele>0.0</ele>
      </trkpt>
      <trkpt lat="42.4763300" lon="9.1381900">
        <ele>0.0</ele>
      </trkpt>
      <trkpt lat="42.4766000" lon="9.1384100">
        <ele>0.0</ele>
      </trkpt>
      <trkpt lat="42.4767800" lon="9.1385100">
        <ele>0.0</ele>
      </trkpt>
      <trkpt lat="42.4770000" lon="9.1386600">
        <ele>0.0</ele>
      </trkpt>
      <trkpt lat="42.4772300" lon="9.1388800">
        <ele>0.0</ele>
      </trkpt>
      <trkpt lat="42.4774400" lon="9.1391700">
        <ele>0.0</ele>
      </trkpt>
      <trkpt lat="42.4774500" lon="9.1394000">
        <ele>0.0</ele>
      </trkpt>
      <trkpt lat="42.4775000" lon="9.1402400">
        <ele>0.0</ele>
      </trkpt>
      <trkpt lat="42.4775000" lon="9.1406300">
        <ele>0.0</ele>
      </trkpt>
      <trkpt lat="42.4774800" lon="9.1423100">
        <ele>0.0</ele>
      </trkpt>
      <trkpt lat="42.4774800" lon="9.1425000">
        <ele>0.0</ele>
      </trkpt>
      <trkpt lat="42.4774700" lon="9.1442400">
        <ele>0.0</ele>
      </trkpt>
      <trkpt lat="42.4774300" lon="9.1449200">
        <ele>0.0</ele>
      </trkpt>
      <trkpt lat="42.4773000" lon="9.1456600">
        <ele>0.0</ele>
      </trkpt>
      <trkpt lat="42.4770000" lon="9.1471900">
        <ele>0.0</ele>
      </trkpt>
      <trkpt lat="42.4768500" lon="9.1478600">
        <ele>0.0</ele>
      </trkpt>
      <trkpt lat="42.4768300" lon="9.1480500">
        <ele>0.0</ele>
      </trkpt>
      <trkpt lat="42.4767400" lon="9.1487300">
        <ele>0.0</ele>
      </trkpt>
      <trkpt lat="42.4767000" lon="9.1491900">
        <ele>0.0</ele>
      </trkpt>
      <trkpt lat="42.4766800" lon="9.1506100">
        <ele>0.0</ele>
      </trkpt>
      <trkpt lat="42.4767000" lon="9.1519400">
        <ele>0.0</ele>
      </trkpt>
      <trkpt lat="42.4767300" lon="9.1523200">
        <ele>0.0</ele>
      </trkpt>
      <trkpt lat="42.4767500" lon="9.1550200">
        <ele>0.0</ele>
      </trkpt>
      <trkpt lat="42.4767400" lon="9.1580600">
        <ele>0.0</ele>
      </trkpt>
      <trkpt lat="42.4767500" lon="9.1612700">
        <ele>0.0</ele>
      </trkpt>
      <trkpt lat="42.4766900" lon="9.1621400">
        <ele>0.0</ele>
      </trkpt>
      <trkpt lat="42.4766600" lon="9.1626000">
        <ele>0.0</ele>
      </trkpt>
      <trkpt lat="42.4766000" lon="9.1634000">
        <ele>0.0</ele>
      </trkpt>
      <trkpt lat="42.4765600" lon="9.1638300">
        <ele>0.0</ele>
      </trkpt>
      <trkpt lat="42.4764100" lon="9.1656400">
        <ele>0.0</ele>
      </trkpt>
      <trkpt lat="42.4763300" lon="9.1662800">
        <ele>0.0</ele>
      </trkpt>
      <trkpt lat="42.4762600" lon="9.1670700">
        <ele>0.0</ele>
      </trkpt>
      <trkpt lat="42.4761100" lon="9.1689400">
        <ele>0.0</ele>
      </trkpt>
      <trkpt lat="42.4759400" lon="9.1709100">
        <ele>0.0</ele>
      </trkpt>
      <trkpt lat="42.4758000" lon="9.1726200">
        <ele>0.0</ele>
      </trkpt>
      <trkpt lat="42.4757000" lon="9.1732700">
        <ele>0.0</ele>
      </trkpt>
      <trkpt lat="42.4756800" lon="9.1736300">
        <ele>0.0</ele>
      </trkpt>
      <trkpt lat="42.4757000" lon="9.1738500">
        <ele>0.0</ele>
      </trkpt>
      <trkpt lat="42.4757500" lon="9.1740000">
        <ele>0.0</ele>
      </trkpt>
      <trkpt lat="42.4758200" lon="9.1744500">
        <ele>0.0</ele>
      </trkpt>
      <trkpt lat="42.4758100" lon="9.1746400">
        <ele>0.0</ele>
      </trkpt>
      <trkpt lat="42.4757400" lon="9.1748100">
        <ele>0.0</ele>
      </trkpt>
      <trkpt lat="42.4756200" lon="9.1749900">
        <ele>0.0</ele>
      </trkpt>
      <trkpt lat="42.4754200" lon="9.1753000">
        <ele>0.0</ele>
      </trkpt>
      <trkpt lat="42.4753000" lon="9.1757100">
        <ele>0.0</ele>
      </trkpt>
      <trkpt lat="42.4753100" lon="9.1760800">
        <ele>0.0</ele>
      </trkpt>
      <trkpt lat="42.4753300" lon="9.1766200">
        <ele>0.0</ele>
      </trkpt>
      <trkpt lat="42.4753200" lon="9.1767400">
        <ele>0.0</ele>
      </trkpt>
      <trkpt lat="42.4753100" lon="9.1768200">
        <ele>0.0</ele>
      </trkpt>
      <trkpt lat="42.4752900" lon="9.1768900">
        <ele>0.0</ele>
      </trkpt>
      <trkpt lat="42.4752700" lon="9.1769400">
        <ele>0.0</ele>
      </trkpt>
      <trkpt lat="42.4752200" lon="9.1770200">
        <ele>0.0</ele>
      </trkpt>
      <trkpt lat="42.4752000" lon="9.1770500">
        <ele>0.0</ele>
      </trkpt>
      <trkpt lat="42.4751500" lon="9.1770700">
        <ele>0.0</ele>
      </trkpt>
      <trkpt lat="42.4751100" lon="9.1770800">
        <ele>0.0</ele>
      </trkpt>
      <trkpt lat="42.4750000" lon="9.1771000">
        <ele>0.0</ele>
      </trkpt>
      <trkpt lat="42.4748600" lon="9.1771000">
        <ele>0.0</ele>
      </trkpt>
      <trkpt lat="42.4748000" lon="9.1771300">
        <ele>0.0</ele>
      </trkpt>
      <trkpt lat="42.4747400" lon="9.1771600">
        <ele>0.0</ele>
      </trkpt>
      <trkpt lat="42.4747000" lon="9.1772100">
        <ele>0.0</ele>
      </trkpt>
      <trkpt lat="42.4746300" lon="9.1773400">
        <ele>0.0</ele>
      </trkpt>
      <trkpt lat="42.4746200" lon="9.1773700">
        <ele>0.0</ele>
      </trkpt>
      <trkpt lat="42.4746000" lon="9.1774400">
        <ele>0.0</ele>
      </trkpt>
      <trkpt lat="42.4745900" lon="9.1775200">
        <ele>0.0</ele>
      </trkpt>
      <trkpt lat="42.4745800" lon="9.1776000">
        <ele>0.0</ele>
      </trkpt>
      <trkpt lat="42.4745800" lon="9.1776900">
        <ele>0.0</ele>
      </trkpt>
      <trkpt lat="42.4748000" lon="9.1782600">
        <ele>0.0</ele>
      </trkpt>
      <trkpt lat="42.4750700" lon="9.1788700">
        <ele>0.0</ele>
      </trkpt>
      <trkpt lat="42.4753200" lon="9.1794900">
        <ele>0.0</ele>
      </trkpt>
      <trkpt lat="42.4755300" lon="9.1799800">
        <ele>0.0</ele>
      </trkpt>
      <trkpt lat="42.4756400" lon="9.1804100">
        <ele>0.0</ele>
      </trkpt>
      <trkpt lat="42.4756700" lon="9.1808600">
        <ele>0.0</ele>
      </trkpt>
      <trkpt lat="42.4756700" lon="9.1811100">
        <ele>0.0</ele>
      </trkpt>
      <trkpt lat="42.4756900" lon="9.1813400">
        <ele>0.0</ele>
      </trkpt>
      <trkpt lat="42.4758100" lon="9.1818000">
        <ele>0.0</ele>
      </trkpt>
      <trkpt lat="42.4759600" lon="9.1822200">
        <ele>0.0</ele>
      </trkpt>
      <trkpt lat="42.4761100" lon="9.1827500">
        <ele>0.0</ele>
      </trkpt>
      <trkpt lat="42.4762900" lon="9.1834500">
        <ele>0.0</ele>
      </trkpt>
      <trkpt lat="42.4765100" lon="9.1840300">
        <ele>0.0</ele>
      </trkpt>
      <trkpt lat="42.4766100" lon="9.1843700">
        <ele>0.0</ele>
      </trkpt>
      <trkpt lat="42.4767100" lon="9.1845700">
        <ele>0.0</ele>
      </trkpt>
      <trkpt lat="42.4770100" lon="9.1851600">
        <ele>0.0</ele>
      </trkpt>
      <trkpt lat="42.4773400" lon="9.1860900">
        <ele>0.0</ele>
      </trkpt>
      <trkpt lat="42.4776700" lon="9.1868300">
        <ele>0.0</ele>
      </trkpt>
      <trkpt lat="42.4778900" lon="9.1873900">
        <ele>0.0</ele>
      </trkpt>
      <trkpt lat="42.4780400" lon="9.1877700">
        <ele>0.0</ele>
      </trkpt>
      <trkpt lat="42.4781600" lon="9.1887100">
        <ele>0.0</ele>
      </trkpt>
      <trkpt lat="42.4782000" lon="9.1891200">
        <ele>0.0</ele>
      </trkpt>
      <trkpt lat="42.4784000" lon="9.1899500">
        <ele>0.0</ele>
      </trkpt>
      <trkpt lat="42.4785800" lon="9.1904800">
        <ele>0.0</ele>
      </trkpt>
      <trkpt lat="42.4789900" lon="9.1916400">
        <ele>0.0</ele>
      </trkpt>
      <trkpt lat="42.4791200" lon="9.1920200">
        <ele>0.0</ele>
      </trkpt>
      <trkpt lat="42.4793900" lon="9.1928500">
        <ele>0.0</ele>
      </trkpt>
      <trkpt lat="42.4798800" lon="9.1942900">
        <ele>0.0</ele>
      </trkpt>
      <trkpt lat="42.4801400" lon="9.1950100">
        <ele>0.0</ele>
      </trkpt>
      <trkpt lat="42.4802900" lon="9.1955400">
        <ele>0.0</ele>
      </trkpt>
      <trkpt lat="42.4803100" lon="9.1956300">
        <ele>0.0</ele>
      </trkpt>
      <trkpt lat="42.4803200" lon="9.1956900">
        <ele>0.0</ele>
      </trkpt>
      <trkpt lat="42.4803200" lon="9.1957200">
        <ele>0.0</ele>
      </trkpt>
      <trkpt lat="42.4803200" lon="9.1957700">
        <ele>0.0</ele>
      </trkpt>
      <trkpt lat="42.4803200" lon="9.1958000">
        <ele>0.0</ele>
      </trkpt>
      <trkpt lat="42.4803100" lon="9.1958400">
        <ele>0.0</ele>
      </trkpt>
      <trkpt lat="42.4802800" lon="9.1959300">
        <ele>0.0</ele>
      </trkpt>
      <trkpt lat="42.4801700" lon="9.1961300">
        <ele>0.0</ele>
      </trkpt>
      <trkpt lat="42.4800300" lon="9.1963900">
        <ele>0.0</ele>
      </trkpt>
      <trkpt lat="42.4799400" lon="9.1965900">
        <ele>0.0</ele>
      </trkpt>
      <trkpt lat="42.4799300" lon="9.1966600">
        <ele>0.0</ele>
      </trkpt>
      <trkpt lat="42.4799100" lon="9.1968000">
        <ele>0.0</ele>
      </trkpt>
      <trkpt lat="42.4799200" lon="9.1970200">
        <ele>0.0</ele>
      </trkpt>
      <trkpt lat="42.4797900" lon="9.1970900">
        <ele>0.0</ele>
      </trkpt>
      <trkpt lat="42.4795800" lon="9.1972700">
        <ele>0.0</ele>
      </trkpt>
      <trkpt lat="42.4794700" lon="9.1974300">
        <ele>0.0</ele>
      </trkpt>
      <trkpt lat="42.4794200" lon="9.1975300">
        <ele>0.0</ele>
      </trkpt>
      <trkpt lat="42.4788800" lon="9.1987100">
        <ele>0.0</ele>
      </trkpt>
      <trkpt lat="42.4788600" lon="9.1988000">
        <ele>0.0</ele>
      </trkpt>
      <trkpt lat="42.4783300" lon="9.1998900">
        <ele>0.0</ele>
      </trkpt>
      <trkpt lat="42.4782900" lon="9.1999800">
        <ele>0.0</ele>
      </trkpt>
      <trkpt lat="42.4781300" lon="9.2002400">
        <ele>0.0</ele>
      </trkpt>
      <trkpt lat="42.4780800" lon="9.2003000">
        <ele>0.0</ele>
      </trkpt>
      <trkpt lat="42.4779900" lon="9.2004000">
        <ele>0.0</ele>
      </trkpt>
      <trkpt lat="42.4776400" lon="9.2006400">
        <ele>0.0</ele>
      </trkpt>
      <trkpt lat="42.4771100" lon="9.2009700">
        <ele>0.0</ele>
      </trkpt>
      <trkpt lat="42.4758800" lon="9.2017600">
        <ele>0.0</ele>
      </trkpt>
      <trkpt lat="42.4757500" lon="9.2018400">
        <ele>0.0</ele>
      </trkpt>
      <trkpt lat="42.4751300" lon="9.2022400">
        <ele>0.0</ele>
      </trkpt>
      <trkpt lat="42.4731400" lon="9.2035000">
        <ele>0.0</ele>
      </trkpt>
      <trkpt lat="42.4724900" lon="9.2039100">
        <ele>0.0</ele>
      </trkpt>
      <trkpt lat="42.4719300" lon="9.2042600">
        <ele>0.0</ele>
      </trkpt>
      <trkpt lat="42.4717000" lon="9.2043600">
        <ele>0.0</ele>
      </trkpt>
      <trkpt lat="42.4715500" lon="9.2044100">
        <ele>0.0</ele>
      </trkpt>
      <trkpt lat="42.4712000" lon="9.2044600">
        <ele>0.0</ele>
      </trkpt>
      <trkpt lat="42.4707900" lon="9.2044700">
        <ele>0.0</ele>
      </trkpt>
      <trkpt lat="42.4700000" lon="9.2044900">
        <ele>0.0</ele>
      </trkpt>
      <trkpt lat="42.4699500" lon="9.2044900">
        <ele>0.0</ele>
      </trkpt>
      <trkpt lat="42.4697800" lon="9.2044900">
        <ele>0.0</ele>
      </trkpt>
      <trkpt lat="42.4688400" lon="9.2045200">
        <ele>0.0</ele>
      </trkpt>
      <trkpt lat="42.4659200" lon="9.2045900">
        <ele>0.0</ele>
      </trkpt>
      <trkpt lat="42.4652500" lon="9.2046200">
        <ele>0.0</ele>
      </trkpt>
      <trkpt lat="42.4646500" lon="9.2046400">
        <ele>0.0</ele>
      </trkpt>
      <trkpt lat="42.4641100" lon="9.2046600">
        <ele>0.0</ele>
      </trkpt>
      <trkpt lat="42.4640100" lon="9.2046800">
        <ele>0.0</ele>
      </trkpt>
      <trkpt lat="42.4639300" lon="9.2047000">
        <ele>0.0</ele>
      </trkpt>
      <trkpt lat="42.4638600" lon="9.2047400">
        <ele>0.0</ele>
      </trkpt>
      <trkpt lat="42.4637400" lon="9.2048000">
        <ele>0.0</ele>
      </trkpt>
      <trkpt lat="42.4634300" lon="9.2051200">
        <ele>0.0</ele>
      </trkpt>
      <trkpt lat="42.4631900" lon="9.2053800">
        <ele>0.0</ele>
      </trkpt>
      <trkpt lat="42.4628900" lon="9.2056900">
        <ele>0.0</ele>
      </trkpt>
      <trkpt lat="42.4627000" lon="9.2059000">
        <ele>0.0</ele>
      </trkpt>
      <trkpt lat="42.4626800" lon="9.2059200">
        <ele>0.0</ele>
      </trkpt>
      <trkpt lat="42.4626600" lon="9.2059400">
        <ele>0.0</ele>
      </trkpt>
      <trkpt lat="42.4626300" lon="9.2059600">
        <ele>0.0</ele>
      </trkpt>
      <trkpt lat="42.4625900" lon="9.2059800">
        <ele>0.0</ele>
      </trkpt>
      <trkpt lat="42.4625600" lon="9.2059900">
        <ele>0.0</ele>
      </trkpt>
      <trkpt lat="42.4623900" lon="9.2060400">
        <ele>0.0</ele>
      </trkpt>
      <trkpt lat="42.4623700" lon="9.2060500">
        <ele>0.0</ele>
      </trkpt>
      <trkpt lat="42.4623400" lon="9.2060700">
        <ele>0.0</ele>
      </trkpt>
      <trkpt lat="42.4622800" lon="9.2061200">
        <ele>0.0</ele>
      </trkpt>
      <trkpt lat="42.4622300" lon="9.2061900">
        <ele>0.0</ele>
      </trkpt>
      <trkpt lat="42.4622100" lon="9.2061800">
        <ele>0.0</ele>
      </trkpt>
      <trkpt lat="42.4621700" lon="9.2061700">
        <ele>0.0</ele>
      </trkpt>
      <trkpt lat="42.4621400" lon="9.2061700">
        <ele>0.0</ele>
      </trkpt>
      <trkpt lat="42.4621100" lon="9.2061800">
        <ele>0.0</ele>
      </trkpt>
      <trkpt lat="42.4620800" lon="9.2062000">
        <ele>0.0</ele>
      </trkpt>
      <trkpt lat="42.4620600" lon="9.2062300">
        <ele>0.0</ele>
      </trkpt>
      <trkpt lat="42.4620400" lon="9.2062700">
        <ele>0.0</ele>
      </trkpt>
      <trkpt lat="42.4620300" lon="9.2063200">
        <ele>0.0</ele>
      </trkpt>
      <trkpt lat="42.4620300" lon="9.2063700">
        <ele>0.0</ele>
      </trkpt>
      <trkpt lat="42.4620400" lon="9.2064000">
        <ele>0.0</ele>
      </trkpt>
      <trkpt lat="42.4620600" lon="9.2064400">
        <ele>0.0</ele>
      </trkpt>
      <trkpt lat="42.4620900" lon="9.2064600">
        <ele>0.0</ele>
      </trkpt>
      <trkpt lat="42.4620300" lon="9.2065100">
        <ele>0.0</ele>
      </trkpt>
      <trkpt lat="42.4619900" lon="9.2065400">
        <ele>0.0</ele>
      </trkpt>
      <trkpt lat="42.4618900" lon="9.2066100">
        <ele>0.0</ele>
      </trkpt>
      <trkpt lat="42.4617900" lon="9.2066800">
        <ele>0.0</ele>
      </trkpt>
      <trkpt lat="42.4602100" lon="9.2073600">
        <ele>0.0</ele>
      </trkpt>
      <trkpt lat="42.4597200" lon="9.2075700">
        <ele>0.0</ele>
      </trkpt>
      <trkpt lat="42.4591200" lon="9.2078300">
        <ele>0.0</ele>
      </trkpt>
      <trkpt lat="42.4585000" lon="9.2080900">
        <ele>0.0</ele>
      </trkpt>
      <trkpt lat="42.4582800" lon="9.2081800">
        <ele>0.0</ele>
      </trkpt>
      <trkpt lat="42.4578600" lon="9.2083400">
        <ele>0.0</ele>
      </trkpt>
      <trkpt lat="42.4576600" lon="9.2083900">
        <ele>0.0</ele>
      </trkpt>
      <trkpt lat="42.4573700" lon="9.2083900">
        <ele>0.0</ele>
      </trkpt>
      <trkpt lat="42.4572000" lon="9.2083600">
        <ele>0.0</ele>
      </trkpt>
      <trkpt lat="42.4571300" lon="9.2083500">
        <ele>0.0</ele>
      </trkpt>
      <trkpt lat="42.4568900" lon="9.2082400">
        <ele>0.0</ele>
      </trkpt>
      <trkpt lat="42.4567800" lon="9.2081600">
        <ele>0.0</ele>
      </trkpt>
      <trkpt lat="42.4567600" lon="9.2081500">
        <ele>0.0</ele>
      </trkpt>
      <trkpt lat="42.4564700" lon="9.2078800">
        <ele>0.0</ele>
      </trkpt>
      <trkpt lat="42.4560300" lon="9.2073700">
        <ele>0.0</ele>
      </trkpt>
      <trkpt lat="42.4559400" lon="9.2072900">
        <ele>0.0</ele>
      </trkpt>
      <trkpt lat="42.4557400" lon="9.2071600">
        <ele>0.0</ele>
      </trkpt>
      <trkpt lat="42.4556000" lon="9.2070700">
        <ele>0.0</ele>
      </trkpt>
      <trkpt lat="42.4553400" lon="9.2069000">
        <ele>0.0</ele>
      </trkpt>
      <trkpt lat="42.4551400" lon="9.2067100">
        <ele>0.0</ele>
      </trkpt>
      <trkpt lat="42.4550200" lon="9.2065600">
        <ele>0.0</ele>
      </trkpt>
      <trkpt lat="42.4550000" lon="9.2065400">
        <ele>0.0</ele>
      </trkpt>
      <trkpt lat="42.4545000" lon="9.2059100">
        <ele>0.0</ele>
      </trkpt>
      <trkpt lat="42.4540800" lon="9.2053700">
        <ele>0.0</ele>
      </trkpt>
      <trkpt lat="42.4538800" lon="9.2051000">
        <ele>0.0</ele>
      </trkpt>
      <trkpt lat="42.4537200" lon="9.2048400">
        <ele>0.0</ele>
      </trkpt>
      <trkpt lat="42.4534300" lon="9.2043300">
        <ele>0.0</ele>
      </trkpt>
      <trkpt lat="42.4532500" lon="9.2039900">
        <ele>0.0</ele>
      </trkpt>
      <trkpt lat="42.4519100" lon="9.2014800">
        <ele>0.0</ele>
      </trkpt>
      <trkpt lat="42.4512000" lon="9.2003200">
        <ele>0.0</ele>
      </trkpt>
      <trkpt lat="42.4511700" lon="9.2002700">
        <ele>0.0</ele>
      </trkpt>
      <trkpt lat="42.4511000" lon="9.2001600">
        <ele>0.0</ele>
      </trkpt>
      <trkpt lat="42.4505000" lon="9.1991800">
        <ele>0.0</ele>
      </trkpt>
      <trkpt lat="42.4497000" lon="9.1978700">
        <ele>0.0</ele>
      </trkpt>
      <trkpt lat="42.4496100" lon="9.1977300">
        <ele>0.0</ele>
      </trkpt>
      <trkpt lat="42.4495000" lon="9.1975600">
        <ele>0.0</ele>
      </trkpt>
      <trkpt lat="42.4493300" lon="9.1973800">
        <ele>0.0</ele>
      </trkpt>
      <trkpt lat="42.4492700" lon="9.1973300">
        <ele>0.0</ele>
      </trkpt>
      <trkpt lat="42.4491300" lon="9.1972300">
        <ele>0.0</ele>
      </trkpt>
      <trkpt lat="42.4489000" lon="9.1970800">
        <ele>0.0</ele>
      </trkpt>
      <trkpt lat="42.4486400" lon="9.1969500">
        <ele>0.0</ele>
      </trkpt>
      <trkpt lat="42.4484500" lon="9.1968800">
        <ele>0.0</ele>
      </trkpt>
      <trkpt lat="42.4482100" lon="9.1968300">
        <ele>0.0</ele>
      </trkpt>
      <trkpt lat="42.4481300" lon="9.1968300">
        <ele>0.0</ele>
      </trkpt>
      <trkpt lat="42.4479600" lon="9.1968200">
        <ele>0.0</ele>
      </trkpt>
      <trkpt lat="42.4477000" lon="9.1968600">
        <ele>0.0</ele>
      </trkpt>
      <trkpt lat="42.4475600" lon="9.1968900">
        <ele>0.0</ele>
      </trkpt>
      <trkpt lat="42.4471500" lon="9.1970500">
        <ele>0.0</ele>
      </trkpt>
      <trkpt lat="42.4462300" lon="9.1976600">
        <ele>0.0</ele>
      </trkpt>
      <trkpt lat="42.4461900" lon="9.1976800">
        <ele>0.0</ele>
      </trkpt>
      <trkpt lat="42.4461500" lon="9.1977100">
        <ele>0.0</ele>
      </trkpt>
      <trkpt lat="42.4460800" lon="9.1974600">
        <ele>0.0</ele>
      </trkpt>
      <trkpt lat="42.4460600" lon="9.1974000">
        <ele>0.0</ele>
      </trkpt>
      <trkpt lat="42.4460300" lon="9.1972200">
        <ele>0.0</ele>
      </trkpt>
      <trkpt lat="42.4459500" lon="9.1968000">
        <ele>0.0</ele>
      </trkpt>
      <trkpt lat="42.4459400" lon="9.1967300">
        <ele>0.0</ele>
      </trkpt>
      <trkpt lat="42.4459000" lon="9.1964600">
        <ele>0.0</ele>
      </trkpt>
      <trkpt lat="42.4458200" lon="9.1955000">
        <ele>0.0</ele>
      </trkpt>
      <trkpt lat="42.4458200" lon="9.1949300">
        <ele>0.0</ele>
      </trkpt>
      <trkpt lat="42.4459000" lon="9.1941500">
        <ele>0.0</ele>
      </trkpt>
      <trkpt lat="42.4459100" lon="9.1930600">
        <ele>0.0</ele>
      </trkpt>
      <trkpt lat="42.4459100" lon="9.1927000">
        <ele>0.0</ele>
      </trkpt>
      <trkpt lat="42.4459400" lon="9.1925200">
        <ele>0.0</ele>
      </trkpt>
      <trkpt lat="42.4460000" lon="9.1923000">
        <ele>0.0</ele>
      </trkpt>
      <trkpt lat="42.4461300" lon="9.1920100">
        <ele>0.0</ele>
      </trkpt>
      <trkpt lat="42.4462400" lon="9.1918100">
        <ele>0.0</ele>
      </trkpt>
      <trkpt lat="42.4463200" lon="9.1914400">
        <ele>0.0</ele>
      </trkpt>
      <trkpt lat="42.4463500" lon="9.1911700">
        <ele>0.0</ele>
      </trkpt>
      <trkpt lat="42.4463900" lon="9.1908100">
        <ele>0.0</ele>
      </trkpt>
      <trkpt lat="42.4464500" lon="9.1906100">
        <ele>0.0</ele>
      </trkpt>
      <trkpt lat="42.4465600" lon="9.1903100">
        <ele>0.0</ele>
      </trkpt>
      <trkpt lat="42.4466300" lon="9.1899200">
        <ele>0.0</ele>
      </trkpt>
      <trkpt lat="42.4466500" lon="9.1894800">
        <ele>0.0</ele>
      </trkpt>
      <trkpt lat="42.4466800" lon="9.1881900">
        <ele>0.0</ele>
      </trkpt>
      <trkpt lat="42.4467100" lon="9.1879600">
        <ele>0.0</ele>
      </trkpt>
      <trkpt lat="42.4467700" lon="9.1878400">
        <ele>0.0</ele>
      </trkpt>
      <trkpt lat="42.4469200" lon="9.1876400">
        <ele>0.0</ele>
      </trkpt>
      <trkpt lat="42.4473200" lon="9.1870300">
        <ele>0.0</ele>
      </trkpt>
      <trkpt lat="42.4475400" lon="9.1865100">
        <ele>0.0</ele>
      </trkpt>
      <trkpt lat="42.4480400" lon="9.1853500">
        <ele>0.0</ele>
      </trkpt>
      <trkpt lat="42.4481000" lon="9.1851100">
        <ele>0.0</ele>
      </trkpt>
      <trkpt lat="42.4481100" lon="9.1849300">
        <ele>0.0</ele>
      </trkpt>
      <trkpt lat="42.4480800" lon="9.1848100">
        <ele>0.0</ele>
      </trkpt>
      <trkpt lat="42.4480300" lon="9.1846700">
        <ele>0.0</ele>
      </trkpt>
      <trkpt lat="42.4479900" lon="9.1845700">
        <ele>0.0</ele>
      </trkpt>
      <trkpt lat="42.4479600" lon="9.1845100">
        <ele>0.0</ele>
      </trkpt>
      <trkpt lat="42.4479500" lon="9.1844200">
        <ele>0.0</ele>
      </trkpt>
      <trkpt lat="42.4479500" lon="9.1843700">
        <ele>0.0</ele>
      </trkpt>
      <trkpt lat="42.4479800" lon="9.1842600">
        <ele>0.0</ele>
      </trkpt>
      <trkpt lat="42.4480400" lon="9.1841700">
        <ele>0.0</ele>
      </trkpt>
      <trkpt lat="42.4481500" lon="9.1841200">
        <ele>0.0</ele>
      </trkpt>
      <trkpt lat="42.4482800" lon="9.1841100">
        <ele>0.0</ele>
      </trkpt>
      <trkpt lat="42.4484600" lon="9.1841200">
        <ele>0.0</ele>
      </trkpt>
      <trkpt lat="42.4485800" lon="9.1841100">
        <ele>0.0</ele>
      </trkpt>
      <trkpt lat="42.4486500" lon="9.1840400">
        <ele>0.0</ele>
      </trkpt>
      <trkpt lat="42.4487600" lon="9.1838600">
        <ele>0.0</ele>
      </trkpt>
      <trkpt lat="42.4488500" lon="9.1835800">
        <ele>0.0</ele>
      </trkpt>
      <trkpt lat="42.4488500" lon="9.1835400">
        <ele>0.0</ele>
      </trkpt>
      <trkpt lat="42.4488700" lon="9.1832400">
        <ele>0.0</ele>
      </trkpt>
      <trkpt lat="42.4488600" lon="9.1823000">
        <ele>0.0</ele>
      </trkpt>
      <trkpt lat="42.4488200" lon="9.1820100">
        <ele>0.0</ele>
      </trkpt>
      <trkpt lat="42.4485500" lon="9.1810900">
        <ele>0.0</ele>
      </trkpt>
      <trkpt lat="42.4485000" lon="9.1808000">
        <ele>0.0</ele>
      </trkpt>
      <trkpt lat="42.4483600" lon="9.1804900">
        <ele>0.0</ele>
      </trkpt>
      <trkpt lat="42.4482300" lon="9.1802500">
        <ele>0.0</ele>
      </trkpt>
      <trkpt lat="42.4480300" lon="9.1800300">
        <ele>0.0</ele>
      </trkpt>
      <trkpt lat="42.4477700" lon="9.1798300">
        <ele>0.0</ele>
      </trkpt>
      <trkpt lat="42.4475600" lon="9.1796100">
        <ele>0.0</ele>
      </trkpt>
      <trkpt lat="42.4473700" lon="9.1793200">
        <ele>0.0</ele>
      </trkpt>
      <trkpt lat="42.4473200" lon="9.1792400">
        <ele>0.0</ele>
      </trkpt>
      <trkpt lat="42.4468900" lon="9.1786500">
        <ele>0.0</ele>
      </trkpt>
      <trkpt lat="42.4466500" lon="9.1783900">
        <ele>0.0</ele>
      </trkpt>
      <trkpt lat="42.4464800" lon="9.1782800">
        <ele>0.0</ele>
      </trkpt>
      <trkpt lat="42.4461100" lon="9.1782500">
        <ele>0.0</ele>
      </trkpt>
      <trkpt lat="42.4458600" lon="9.1782000">
        <ele>0.0</ele>
      </trkpt>
      <trkpt lat="42.4454800" lon="9.1780700">
        <ele>0.0</ele>
      </trkpt>
      <trkpt lat="42.4450600" lon="9.1777800">
        <ele>0.0</ele>
      </trkpt>
      <trkpt lat="42.4447300" lon="9.1775200">
        <ele>0.0</ele>
      </trkpt>
      <trkpt lat="42.4444200" lon="9.1772600">
        <ele>0.0</ele>
      </trkpt>
      <trkpt lat="42.4439100" lon="9.1768600">
        <ele>0.0</ele>
      </trkpt>
      <trkpt lat="42.4436200" lon="9.1766600">
        <ele>0.0</ele>
      </trkpt>
      <trkpt lat="42.4433600" lon="9.1765400">
        <ele>0.0</ele>
      </trkpt>
      <trkpt lat="42.4429300" lon="9.1763000">
        <ele>0.0</ele>
      </trkpt>
      <trkpt lat="42.4425900" lon="9.1761600">
        <ele>0.0</ele>
      </trkpt>
      <trkpt lat="42.4424900" lon="9.1760700">
        <ele>0.0</ele>
      </trkpt>
      <trkpt lat="42.4424800" lon="9.1759600">
        <ele>0.0</ele>
      </trkpt>
      <trkpt lat="42.4424900" lon="9.1756100">
        <ele>0.0</ele>
      </trkpt>
      <trkpt lat="42.4424700" lon="9.1753800">
        <ele>0.0</ele>
      </trkpt>
      <trkpt lat="42.4424100" lon="9.1752700">
        <ele>0.0</ele>
      </trkpt>
      <trkpt lat="42.4423600" lon="9.1751300">
        <ele>0.0</ele>
      </trkpt>
      <trkpt lat="42.4422900" lon="9.1750100">
        <ele>0.0</ele>
      </trkpt>
      <trkpt lat="42.4422100" lon="9.1748300">
        <ele>0.0</ele>
      </trkpt>
      <trkpt lat="42.4420200" lon="9.1745700">
        <ele>0.0</ele>
      </trkpt>
      <trkpt lat="42.4419200" lon="9.1744400">
        <ele>0.0</ele>
      </trkpt>
      <trkpt lat="42.4417500" lon="9.1742800">
        <ele>0.0</ele>
      </trkpt>
      <trkpt lat="42.4414100" lon="9.1742000">
        <ele>0.0</ele>
      </trkpt>
      <trkpt lat="42.4410000" lon="9.1740600">
        <ele>0.0</ele>
      </trkpt>
      <trkpt lat="42.4405600" lon="9.1738100">
        <ele>0.0</ele>
      </trkpt>
      <trkpt lat="42.4399300" lon="9.1735500">
        <ele>0.0</ele>
      </trkpt>
      <trkpt lat="42.4396000" lon="9.1734600">
        <ele>0.0</ele>
      </trkpt>
      <trkpt lat="42.4392800" lon="9.1734300">
        <ele>0.0</ele>
      </trkpt>
      <trkpt lat="42.4389700" lon="9.1733600">
        <ele>0.0</ele>
      </trkpt>
      <trkpt lat="42.4386300" lon="9.1732500">
        <ele>0.0</ele>
      </trkpt>
      <trkpt lat="42.4383900" lon="9.1731200">
        <ele>0.0</ele>
      </trkpt>
      <trkpt lat="42.4382700" lon="9.1730000">
        <ele>0.0</ele>
      </trkpt>
      <trkpt lat="42.4381300" lon="9.1727800">
        <ele>0.0</ele>
      </trkpt>
      <trkpt lat="42.4380600" lon="9.1727000">
        <ele>0.0</ele>
      </trkpt>
      <trkpt lat="42.4379500" lon="9.1725900">
        <ele>0.0</ele>
      </trkpt>
      <trkpt lat="42.4376800" lon="9.1725500">
        <ele>0.0</ele>
      </trkpt>
      <trkpt lat="42.4375500" lon="9.1725400">
        <ele>0.0</ele>
      </trkpt>
      <trkpt lat="42.4374300" lon="9.1725000">
        <ele>0.0</ele>
      </trkpt>
      <trkpt lat="42.4373500" lon="9.1724800">
        <ele>0.0</ele>
      </trkpt>
      <trkpt lat="42.4372200" lon="9.1723800">
        <ele>0.0</ele>
      </trkpt>
      <trkpt lat="42.4371100" lon="9.1722700">
        <ele>0.0</ele>
      </trkpt>
      <trkpt lat="42.4370000" lon="9.1721800">
        <ele>0.0</ele>
      </trkpt>
      <trkpt lat="42.4365800" lon="9.1717700">
        <ele>0.0</ele>
      </trkpt>
      <trkpt lat="42.4362400" lon="9.1715200">
        <ele>0.0</ele>
      </trkpt>
      <trkpt lat="42.4357800" lon="9.1712900">
        <ele>0.0</ele>
      </trkpt>
      <trkpt lat="42.4356600" lon="9.1711700">
        <ele>0.0</ele>
      </trkpt>
      <trkpt lat="42.4355500" lon="9.1710400">
        <ele>0.0</ele>
      </trkpt>
      <trkpt lat="42.4354500" lon="9.1708900">
        <ele>0.0</ele>
      </trkpt>
      <trkpt lat="42.4353300" lon="9.1706400">
        <ele>0.0</ele>
      </trkpt>
      <trkpt lat="42.4352900" lon="9.1704500">
        <ele>0.0</ele>
      </trkpt>
      <trkpt lat="42.4352600" lon="9.1702400">
        <ele>0.0</ele>
      </trkpt>
      <trkpt lat="42.4352500" lon="9.1701300">
        <ele>0.0</ele>
      </trkpt>
      <trkpt lat="42.4352600" lon="9.1700100">
        <ele>0.0</ele>
      </trkpt>
      <trkpt lat="42.4352900" lon="9.1695000">
        <ele>0.0</ele>
      </trkpt>
      <trkpt lat="42.4352900" lon="9.1690800">
        <ele>0.0</ele>
      </trkpt>
      <trkpt lat="42.4352400" lon="9.1689400">
        <ele>0.0</ele>
      </trkpt>
      <trkpt lat="42.4351700" lon="9.1688000">
        <ele>0.0</ele>
      </trkpt>
      <trkpt lat="42.4350100" lon="9.1685700">
        <ele>0.0</ele>
      </trkpt>
      <trkpt lat="42.4347400" lon="9.1682200">
        <ele>0.0</ele>
      </trkpt>
      <trkpt lat="42.4345900" lon="9.1679700">
        <ele>0.0</ele>
      </trkpt>
      <trkpt lat="42.4345000" lon="9.1676800">
        <ele>0.0</ele>
      </trkpt>
      <trkpt lat="42.4344200" lon="9.1674100">
        <ele>0.0</ele>
      </trkpt>
      <trkpt lat="42.4344000" lon="9.1673400">
        <ele>0.0</ele>
      </trkpt>
      <trkpt lat="42.4342600" lon="9.1665100">
        <ele>0.0</ele>
      </trkpt>
      <trkpt lat="42.4342500" lon="9.1659700">
        <ele>0.0</ele>
      </trkpt>
      <trkpt lat="42.4342100" lon="9.1653300">
        <ele>0.0</ele>
      </trkpt>
      <trkpt lat="42.4342200" lon="9.1647200">
        <ele>0.0</ele>
      </trkpt>
      <trkpt lat="42.4342800" lon="9.1638500">
        <ele>0.0</ele>
      </trkpt>
      <trkpt lat="42.4343100" lon="9.1636200">
        <ele>0.0</ele>
      </trkpt>
      <trkpt lat="42.4343800" lon="9.1634200">
        <ele>0.0</ele>
      </trkpt>
      <trkpt lat="42.4344300" lon="9.1631200">
        <ele>0.0</ele>
      </trkpt>
      <trkpt lat="42.4344400" lon="9.1629000">
        <ele>0.0</ele>
      </trkpt>
      <trkpt lat="42.4344200" lon="9.1626800">
        <ele>0.0</ele>
      </trkpt>
      <trkpt lat="42.4344300" lon="9.1626000">
        <ele>0.0</ele>
      </trkpt>
      <trkpt lat="42.4345000" lon="9.1617800">
        <ele>0.0</ele>
      </trkpt>
      <trkpt lat="42.4345900" lon="9.1614600">
        <ele>0.0</ele>
      </trkpt>
      <trkpt lat="42.4347200" lon="9.1610500">
        <ele>0.0</ele>
      </trkpt>
      <trkpt lat="42.4351800" lon="9.1606100">
        <ele>0.0</ele>
      </trkpt>
      <trkpt lat="42.4353300" lon="9.1603500">
        <ele>0.0</ele>
      </trkpt>
      <trkpt lat="42.4353800" lon="9.1601400">
        <ele>0.0</ele>
      </trkpt>
      <trkpt lat="42.4353900" lon="9.1600100">
        <ele>0.0</ele>
      </trkpt>
      <trkpt lat="42.4353800" lon="9.1599300">
        <ele>0.0</ele>
      </trkpt>
      <trkpt lat="42.4351600" lon="9.1593900">
        <ele>0.0</ele>
      </trkpt>
      <trkpt lat="42.4350700" lon="9.1592000">
        <ele>0.0</ele>
      </trkpt>
      <trkpt lat="42.4350100" lon="9.1590000">
        <ele>0.0</ele>
      </trkpt>
      <trkpt lat="42.4349900" lon="9.1586800">
        <ele>0.0</ele>
      </trkpt>
      <trkpt lat="42.4350200" lon="9.1583500">
        <ele>0.0</ele>
      </trkpt>
      <trkpt lat="42.4350800" lon="9.1580900">
        <ele>0.0</ele>
      </trkpt>
      <trkpt lat="42.4351000" lon="9.1578100">
        <ele>0.0</ele>
      </trkpt>
      <trkpt lat="42.4351000" lon="9.1575100">
        <ele>0.0</ele>
      </trkpt>
      <trkpt lat="42.4350800" lon="9.1574000">
        <ele>0.0</ele>
      </trkpt>
      <trkpt lat="42.4350500" lon="9.1568400">
        <ele>0.0</ele>
      </trkpt>
      <trkpt lat="42.4350700" lon="9.1565500">
        <ele>0.0</ele>
      </trkpt>
      <trkpt lat="42.4352800" lon="9.1559800">
        <ele>0.0</ele>
      </trkpt>
      <trkpt lat="42.4353600" lon="9.1557800">
        <ele>0.0</ele>
      </trkpt>
      <trkpt lat="42.4353800" lon="9.1556700">
        <ele>0.0</ele>
      </trkpt>
      <trkpt lat="42.4353800" lon="9.1555500">
        <ele>0.0</ele>
      </trkpt>
      <trkpt lat="42.4353500" lon="9.1553100">
        <ele>0.0</ele>
      </trkpt>
      <trkpt lat="42.4353700" lon="9.1551800">
        <ele>0.0</ele>
      </trkpt>
      <trkpt lat="42.4354600" lon="9.1549500">
        <ele>0.0</ele>
      </trkpt>
      <trkpt lat="42.4355200" lon="9.1548400">
        <ele>0.0</ele>
      </trkpt>
      <trkpt lat="42.4356700" lon="9.1545200">
        <ele>0.0</ele>
      </trkpt>
      <trkpt lat="42.4357100" lon="9.1543600">
        <ele>0.0</ele>
      </trkpt>
      <trkpt lat="42.4357000" lon="9.1542700">
        <ele>0.0</ele>
      </trkpt>
      <trkpt lat="42.4356700" lon="9.1541700">
        <ele>0.0</ele>
      </trkpt>
      <trkpt lat="42.4355600" lon="9.1540300">
        <ele>0.0</ele>
      </trkpt>
      <trkpt lat="42.4355000" lon="9.1540000">
        <ele>0.0</ele>
      </trkpt>
      <trkpt lat="42.4354200" lon="9.1539900">
        <ele>0.0</ele>
      </trkpt>
      <trkpt lat="42.4352000" lon="9.1540400">
        <ele>0.0</ele>
      </trkpt>
      <trkpt lat="42.4350100" lon="9.1541200">
        <ele>0.0</ele>
      </trkpt>
      <trkpt lat="42.4349100" lon="9.1541400">
        <ele>0.0</ele>
      </trkpt>
      <trkpt lat="42.4348300" lon="9.1541400">
        <ele>0.0</ele>
      </trkpt>
      <trkpt lat="42.4348100" lon="9.1541100">
        <ele>0.0</ele>
      </trkpt>
      <trkpt lat="42.4347700" lon="9.1540300">
        <ele>0.0</ele>
      </trkpt>
      <trkpt lat="42.4347500" lon="9.1539400">
        <ele>0.0</ele>
      </trkpt>
      <trkpt lat="42.4344400" lon="9.1530600">
        <ele>0.0</ele>
      </trkpt>
      <trkpt lat="42.4343500" lon="9.1526800">
        <ele>0.0</ele>
      </trkpt>
      <trkpt lat="42.4343200" lon="9.1524300">
        <ele>0.0</ele>
      </trkpt>
      <trkpt lat="42.4343200" lon="9.1519700">
        <ele>0.0</ele>
      </trkpt>
      <trkpt lat="42.4343800" lon="9.1515500">
        <ele>0.0</ele>
      </trkpt>
      <trkpt lat="42.4343900" lon="9.1514600">
        <ele>0.0</ele>
      </trkpt>
      <trkpt lat="42.4344700" lon="9.1511800">
        <ele>0.0</ele>
      </trkpt>
      <trkpt lat="42.4345500" lon="9.1509700">
        <ele>0.0</ele>
      </trkpt>
      <trkpt lat="42.4345900" lon="9.1506600">
        <ele>0.0</ele>
      </trkpt>
      <trkpt lat="42.4346600" lon="9.1504400">
        <ele>0.0</ele>
      </trkpt>
      <trkpt lat="42.4348300" lon="9.1500300">
        <ele>0.0</ele>
      </trkpt>
      <trkpt lat="42.4350000" lon="9.1497600">
        <ele>0.0</ele>
      </trkpt>
      <trkpt lat="42.4351800" lon="9.1494200">
        <ele>0.0</ele>
      </trkpt>
      <trkpt lat="42.4351900" lon="9.1493300">
        <ele>0.0</ele>
      </trkpt>
      <trkpt lat="42.4351700" lon="9.1492400">
        <ele>0.0</ele>
      </trkpt>
      <trkpt lat="42.4351200" lon="9.1492000">
        <ele>0.0</ele>
      </trkpt>
      <trkpt lat="42.4349500" lon="9.1491000">
        <ele>0.0</ele>
      </trkpt>
      <trkpt lat="42.4347800" lon="9.1490400">
        <ele>0.0</ele>
      </trkpt>
      <trkpt lat="42.4347200" lon="9.1490100">
        <ele>0.0</ele>
      </trkpt>
      <trkpt lat="42.4346400" lon="9.1489400">
        <ele>0.0</ele>
      </trkpt>
      <trkpt lat="42.4343100" lon="9.1484500">
        <ele>0.0</ele>
      </trkpt>
      <trkpt lat="42.4342600" lon="9.1483400">
        <ele>0.0</ele>
      </trkpt>
      <trkpt lat="42.4342300" lon="9.1482500">
        <ele>0.0</ele>
      </trkpt>
      <trkpt lat="42.4342300" lon="9.1481200">
        <ele>0.0</ele>
      </trkpt>
      <trkpt lat="42.4342600" lon="9.1479600">
        <ele>0.0</ele>
      </trkpt>
      <trkpt lat="42.4343400" lon="9.1477100">
        <ele>0.0</ele>
      </trkpt>
      <trkpt lat="42.4344300" lon="9.1475400">
        <ele>0.0</ele>
      </trkpt>
      <trkpt lat="42.4346100" lon="9.1472800">
        <ele>0.0</ele>
      </trkpt>
      <trkpt lat="42.4348300" lon="9.1470200">
        <ele>0.0</ele>
      </trkpt>
      <trkpt lat="42.4348600" lon="9.1469300">
        <ele>0.0</ele>
      </trkpt>
      <trkpt lat="42.4349100" lon="9.1466400">
        <ele>0.0</ele>
      </trkpt>
      <trkpt lat="42.4350300" lon="9.1462400">
        <ele>0.0</ele>
      </trkpt>
      <trkpt lat="42.4352100" lon="9.1458800">
        <ele>0.0</ele>
      </trkpt>
      <trkpt lat="42.4353300" lon="9.1456700">
        <ele>0.0</ele>
      </trkpt>
      <trkpt lat="42.4353800" lon="9.1455100">
        <ele>0.0</ele>
      </trkpt>
      <trkpt lat="42.4353900" lon="9.1454300">
        <ele>0.0</ele>
      </trkpt>
      <trkpt lat="42.4354000" lon="9.1453300">
        <ele>0.0</ele>
      </trkpt>
      <trkpt lat="42.4353600" lon="9.1452400">
        <ele>0.0</ele>
      </trkpt>
      <trkpt lat="42.4352600" lon="9.1451600">
        <ele>0.0</ele>
      </trkpt>
      <trkpt lat="42.4351200" lon="9.1451600">
        <ele>0.0</ele>
      </trkpt>
      <trkpt lat="42.4349000" lon="9.1452100">
        <ele>0.0</ele>
      </trkpt>
      <trkpt lat="42.4347000" lon="9.1453000">
        <ele>0.0</ele>
      </trkpt>
      <trkpt lat="42.4345700" lon="9.1452900">
        <ele>0.0</ele>
      </trkpt>
      <trkpt lat="42.4344700" lon="9.1452600">
        <ele>0.0</ele>
      </trkpt>
      <trkpt lat="42.4343500" lon="9.1451700">
        <ele>0.0</ele>
      </trkpt>
      <trkpt lat="42.4342300" lon="9.1450200">
        <ele>0.0</ele>
      </trkpt>
      <trkpt lat="42.4341600" lon="9.1448100">
        <ele>0.0</ele>
      </trkpt>
      <trkpt lat="42.4341200" lon="9.1446300">
        <ele>0.0</ele>
      </trkpt>
      <trkpt lat="42.4341400" lon="9.1440200">
        <ele>0.0</ele>
      </trkpt>
      <trkpt lat="42.4341000" lon="9.1437600">
        <ele>0.0</ele>
      </trkpt>
      <trkpt lat="42.4340600" lon="9.1436300">
        <ele>0.0</ele>
      </trkpt>
      <trkpt lat="42.4339100" lon="9.1434300">
        <ele>0.0</ele>
      </trkpt>
      <trkpt lat="42.4337800" lon="9.1433700">
        <ele>0.0</ele>
      </trkpt>
      <trkpt lat="42.4336100" lon="9.1433400">
        <ele>0.0</ele>
      </trkpt>
      <trkpt lat="42.4334000" lon="9.1433600">
        <ele>0.0</ele>
      </trkpt>
      <trkpt lat="42.4332600" lon="9.1434200">
        <ele>0.0</ele>
      </trkpt>
      <trkpt lat="42.4327200" lon="9.1435300">
        <ele>0.0</ele>
      </trkpt>
      <trkpt lat="42.4325600" lon="9.1435200">
        <ele>0.0</ele>
      </trkpt>
      <trkpt lat="42.4322500" lon="9.1433800">
        <ele>0.0</ele>
      </trkpt>
      <trkpt lat="42.4319200" lon="9.1433000">
        <ele>0.0</ele>
      </trkpt>
      <trkpt lat="42.4319000" lon="9.1433000">
        <ele>0.0</ele>
      </trkpt>
      <trkpt lat="42.4318200" lon="9.1432400">
        <ele>0.0</ele>
      </trkpt>
      <trkpt lat="42.4318100" lon="9.1431700">
        <ele>0.0</ele>
      </trkpt>
      <trkpt lat="42.4318400" lon="9.1431100">
        <ele>0.0</ele>
      </trkpt>
      <trkpt lat="42.4319100" lon="9.1430700">
        <ele>0.0</ele>
      </trkpt>
      <trkpt lat="42.4320100" lon="9.1430300">
        <ele>0.0</ele>
      </trkpt>
      <trkpt lat="42.4321400" lon="9.1430100">
        <ele>0.0</ele>
      </trkpt>
      <trkpt lat="42.4322800" lon="9.1430400">
        <ele>0.0</ele>
      </trkpt>
      <trkpt lat="42.4325500" lon="9.1431100">
        <ele>0.0</ele>
      </trkpt>
      <trkpt lat="42.4327300" lon="9.1430800">
        <ele>0.0</ele>
      </trkpt>
      <trkpt lat="42.4328500" lon="9.1430300">
        <ele>0.0</ele>
      </trkpt>
      <trkpt lat="42.4330400" lon="9.1429300">
        <ele>0.0</ele>
      </trkpt>
      <trkpt lat="42.4337300" lon="9.1423500">
        <ele>0.0</ele>
      </trkpt>
      <trkpt lat="42.4341000" lon="9.1419900">
        <ele>0.0</ele>
      </trkpt>
      <trkpt lat="42.4343000" lon="9.1417300">
        <ele>0.0</ele>
      </trkpt>
      <trkpt lat="42.4343900" lon="9.1415500">
        <ele>0.0</ele>
      </trkpt>
      <trkpt lat="42.4344900" lon="9.1411400">
        <ele>0.0</ele>
      </trkpt>
      <trkpt lat="42.4345400" lon="9.1406300">
        <ele>0.0</ele>
      </trkpt>
      <trkpt lat="42.4345600" lon="9.1404900">
        <ele>0.0</ele>
      </trkpt>
      <trkpt lat="42.4345600" lon="9.1400500">
        <ele>0.0</ele>
      </trkpt>
      <trkpt lat="42.4344900" lon="9.1395200">
        <ele>0.0</ele>
      </trkpt>
      <trkpt lat="42.4344700" lon="9.1393600">
        <ele>0.0</ele>
      </trkpt>
      <trkpt lat="42.4345300" lon="9.1390100">
        <ele>0.0</ele>
      </trkpt>
      <trkpt lat="42.4345600" lon="9.1389400">
        <ele>0.0</ele>
      </trkpt>
      <trkpt lat="42.4346400" lon="9.1388700">
        <ele>0.0</ele>
      </trkpt>
      <trkpt lat="42.4347300" lon="9.1388100">
        <ele>0.0</ele>
      </trkpt>
      <trkpt lat="42.4347900" lon="9.1388000">
        <ele>0.0</ele>
      </trkpt>
      <trkpt lat="42.4348600" lon="9.1387900">
        <ele>0.0</ele>
      </trkpt>
      <trkpt lat="42.4349400" lon="9.1388000">
        <ele>0.0</ele>
      </trkpt>
      <trkpt lat="42.4350000" lon="9.1388300">
        <ele>0.0</ele>
      </trkpt>
      <trkpt lat="42.4350700" lon="9.1388800">
        <ele>0.0</ele>
      </trkpt>
      <trkpt lat="42.4351400" lon="9.1389300">
        <ele>0.0</ele>
      </trkpt>
      <trkpt lat="42.4352400" lon="9.1389800">
        <ele>0.0</ele>
      </trkpt>
      <trkpt lat="42.4355000" lon="9.1390300">
        <ele>0.0</ele>
      </trkpt>
      <trkpt lat="42.4356600" lon="9.1390600">
        <ele>0.0</ele>
      </trkpt>
      <trkpt lat="42.4358500" lon="9.1390600">
        <ele>0.0</ele>
      </trkpt>
      <trkpt lat="42.4360000" lon="9.1390300">
        <ele>0.0</ele>
      </trkpt>
      <trkpt lat="42.4360900" lon="9.1389800">
        <ele>0.0</ele>
      </trkpt>
      <trkpt lat="42.4361500" lon="9.1389000">
        <ele>0.0</ele>
      </trkpt>
      <trkpt lat="42.4363100" lon="9.1386000">
        <ele>0.0</ele>
      </trkpt>
      <trkpt lat="42.4363900" lon="9.1385000">
        <ele>0.0</ele>
      </trkpt>
      <trkpt lat="42.4365100" lon="9.1384700">
        <ele>0.0</ele>
      </trkpt>
      <trkpt lat="42.4366900" lon="9.1384700">
        <ele>0.0</ele>
      </trkpt>
      <trkpt lat="42.4367400" lon="9.1384500">
        <ele>0.0</ele>
      </trkpt>
      <trkpt lat="42.4367900" lon="9.1384100">
        <ele>0.0</ele>
      </trkpt>
      <trkpt lat="42.4368900" lon="9.1382100">
        <ele>0.0</ele>
      </trkpt>
      <trkpt lat="42.4370300" lon="9.1378400">
        <ele>0.0</ele>
      </trkpt>
      <trkpt lat="42.4372400" lon="9.1374900">
        <ele>0.0</ele>
      </trkpt>
      <trkpt lat="42.4373600" lon="9.1373300">
        <ele>0.0</ele>
      </trkpt>
      <trkpt lat="42.4374800" lon="9.1371000">
        <ele>0.0</ele>
      </trkpt>
      <trkpt lat="42.4375500" lon="9.1369400">
        <ele>0.0</ele>
      </trkpt>
      <trkpt lat="42.4376300" lon="9.1367900">
        <ele>0.0</ele>
      </trkpt>
      <trkpt lat="42.4377400" lon="9.1366500">
        <ele>0.0</ele>
      </trkpt>
      <trkpt lat="42.4378300" lon="9.1366000">
        <ele>0.0</ele>
      </trkpt>
      <trkpt lat="42.4380000" lon="9.1365300">
        <ele>0.0</ele>
      </trkpt>
      <trkpt lat="42.4382100" lon="9.1365000">
        <ele>0.0</ele>
      </trkpt>
      <trkpt lat="42.4384200" lon="9.1365000">
        <ele>0.0</ele>
      </trkpt>
      <trkpt lat="42.4385800" lon="9.1365200">
        <ele>0.0</ele>
      </trkpt>
      <trkpt lat="42.4388200" lon="9.1366400">
        <ele>0.0</ele>
      </trkpt>
      <trkpt lat="42.4390200" lon="9.1367700">
        <ele>0.0</ele>
      </trkpt>
      <trkpt lat="42.4392300" lon="9.1368600">
        <ele>0.0</ele>
      </trkpt>
      <trkpt lat="42.4393200" lon="9.1368500">
        <ele>0.0</ele>
      </trkpt>
      <trkpt lat="42.4393800" lon="9.1368200">
        <ele>0.0</ele>
      </trkpt>
      <trkpt lat="42.4394200" lon="9.1367500">
        <ele>0.0</ele>
      </trkpt>
      <trkpt lat="42.4394200" lon="9.1367000">
        <ele>0.0</ele>
      </trkpt>
      <trkpt lat="42.4394000" lon="9.1365600">
        <ele>0.0</ele>
      </trkpt>
      <trkpt lat="42.4393600" lon="9.1364700">
        <ele>0.0</ele>
      </trkpt>
      <trkpt lat="42.4392400" lon="9.1363200">
        <ele>0.0</ele>
      </trkpt>
      <trkpt lat="42.4390800" lon="9.1361500">
        <ele>0.0</ele>
      </trkpt>
      <trkpt lat="42.4390300" lon="9.1361200">
        <ele>0.0</ele>
      </trkpt>
      <trkpt lat="42.4388500" lon="9.1360000">
        <ele>0.0</ele>
      </trkpt>
      <trkpt lat="42.4386800" lon="9.1359000">
        <ele>0.0</ele>
      </trkpt>
      <trkpt lat="42.4385000" lon="9.1358700">
        <ele>0.0</ele>
      </trkpt>
      <trkpt lat="42.4377100" lon="9.1358000">
        <ele>0.0</ele>
      </trkpt>
      <trkpt lat="42.4376100" lon="9.1358300">
        <ele>0.0</ele>
      </trkpt>
      <trkpt lat="42.4375000" lon="9.1359200">
        <ele>0.0</ele>
      </trkpt>
      <trkpt lat="42.4372400" lon="9.1361900">
        <ele>0.0</ele>
      </trkpt>
      <trkpt lat="42.4371100" lon="9.1362600">
        <ele>0.0</ele>
      </trkpt>
      <trkpt lat="42.4369500" lon="9.1362900">
        <ele>0.0</ele>
      </trkpt>
      <trkpt lat="42.4368100" lon="9.1362300">
        <ele>0.0</ele>
      </trkpt>
      <trkpt lat="42.4365700" lon="9.1359600">
        <ele>0.0</ele>
      </trkpt>
      <trkpt lat="42.4364300" lon="9.1358700">
        <ele>0.0</ele>
      </trkpt>
      <trkpt lat="42.4363600" lon="9.1358600">
        <ele>0.0</ele>
      </trkpt>
      <trkpt lat="42.4362000" lon="9.1358900">
        <ele>0.0</ele>
      </trkpt>
      <trkpt lat="42.4360200" lon="9.1360100">
        <ele>0.0</ele>
      </trkpt>
      <trkpt lat="42.4358700" lon="9.1360900">
        <ele>0.0</ele>
      </trkpt>
      <trkpt lat="42.4357800" lon="9.1361300">
        <ele>0.0</ele>
      </trkpt>
      <trkpt lat="42.4355100" lon="9.1361600">
        <ele>0.0</ele>
      </trkpt>
      <trkpt lat="42.4354200" lon="9.1361300">
        <ele>0.0</ele>
      </trkpt>
      <trkpt lat="42.4352800" lon="9.1360600">
        <ele>0.0</ele>
      </trkpt>
      <trkpt lat="42.4350800" lon="9.1358600">
        <ele>0.0</ele>
      </trkpt>
      <trkpt lat="42.4349500" lon="9.1356700">
        <ele>0.0</ele>
      </trkpt>
      <trkpt lat="42.4348000" lon="9.1355000">
        <ele>0.0</ele>
      </trkpt>
      <trkpt lat="42.4346300" lon="9.1352700">
        <ele>0.0</ele>
      </trkpt>
      <trkpt lat="42.4345200" lon="9.1351600">
        <ele>0.0</ele>
      </trkpt>
      <trkpt lat="42.4343900" lon="9.1351100">
        <ele>0.0</ele>
      </trkpt>
      <trkpt lat="42.4343000" lon="9.1351000">
        <ele>0.0</ele>
      </trkpt>
      <trkpt lat="42.4342600" lon="9.1351000">
        <ele>0.0</ele>
      </trkpt>
      <trkpt lat="42.4342000" lon="9.1351100">
        <ele>0.0</ele>
      </trkpt>
      <trkpt lat="42.4341500" lon="9.1351200">
        <ele>0.0</ele>
      </trkpt>
      <trkpt lat="42.4340600" lon="9.1351500">
        <ele>0.0</ele>
      </trkpt>
      <trkpt lat="42.4339500" lon="9.1351700">
        <ele>0.0</ele>
      </trkpt>
      <trkpt lat="42.4338000" lon="9.1351200">
        <ele>0.0</ele>
      </trkpt>
      <trkpt lat="42.4334100" lon="9.1348400">
        <ele>0.0</ele>
      </trkpt>
      <trkpt lat="42.4332800" lon="9.1347500">
        <ele>0.0</ele>
      </trkpt>
      <trkpt lat="42.4332000" lon="9.1347000">
        <ele>0.0</ele>
      </trkpt>
      <trkpt lat="42.4331300" lon="9.1346800">
        <ele>0.0</ele>
      </trkpt>
      <trkpt lat="42.4330900" lon="9.1346900">
        <ele>0.0</ele>
      </trkpt>
      <trkpt lat="42.4330200" lon="9.1347600">
        <ele>0.0</ele>
      </trkpt>
      <trkpt lat="42.4330100" lon="9.1348400">
        <ele>0.0</ele>
      </trkpt>
      <trkpt lat="42.4330200" lon="9.1349300">
        <ele>0.0</ele>
      </trkpt>
      <trkpt lat="42.4330500" lon="9.1350300">
        <ele>0.0</ele>
      </trkpt>
      <trkpt lat="42.4330600" lon="9.1351100">
        <ele>0.0</ele>
      </trkpt>
      <trkpt lat="42.4330900" lon="9.1352200">
        <ele>0.0</ele>
      </trkpt>
      <trkpt lat="42.4331000" lon="9.1352900">
        <ele>0.0</ele>
      </trkpt>
      <trkpt lat="42.4331400" lon="9.1356100">
        <ele>0.0</ele>
      </trkpt>
      <trkpt lat="42.4331600" lon="9.1361400">
        <ele>0.0</ele>
      </trkpt>
      <trkpt lat="42.4331100" lon="9.1367400">
        <ele>0.0</ele>
      </trkpt>
      <trkpt lat="42.4330400" lon="9.1372200">
        <ele>0.0</ele>
      </trkpt>
      <trkpt lat="42.4329700" lon="9.1376300">
        <ele>0.0</ele>
      </trkpt>
      <trkpt lat="42.4329700" lon="9.1377200">
        <ele>0.0</ele>
      </trkpt>
      <trkpt lat="42.4329900" lon="9.1380000">
        <ele>0.0</ele>
      </trkpt>
      <trkpt lat="42.4330600" lon="9.1383100">
        <ele>0.0</ele>
      </trkpt>
      <trkpt lat="42.4330800" lon="9.1384800">
        <ele>0.0</ele>
      </trkpt>
      <trkpt lat="42.4330800" lon="9.1386100">
        <ele>0.0</ele>
      </trkpt>
      <trkpt lat="42.4330200" lon="9.1388300">
        <ele>0.0</ele>
      </trkpt>
      <trkpt lat="42.4330100" lon="9.1390000">
        <ele>0.0</ele>
      </trkpt>
      <trkpt lat="42.4330400" lon="9.1392200">
        <ele>0.0</ele>
      </trkpt>
      <trkpt lat="42.4330300" lon="9.1394500">
        <ele>0.0</ele>
      </trkpt>
      <trkpt lat="42.4329800" lon="9.1395900">
        <ele>0.0</ele>
      </trkpt>
      <trkpt lat="42.4329200" lon="9.1396400">
        <ele>0.0</ele>
      </trkpt>
      <trkpt lat="42.4328200" lon="9.1396700">
        <ele>0.0</ele>
      </trkpt>
      <trkpt lat="42.4325800" lon="9.1396800">
        <ele>0.0</ele>
      </trkpt>
      <trkpt lat="42.4320700" lon="9.1396300">
        <ele>0.0</ele>
      </trkpt>
      <trkpt lat="42.4320500" lon="9.1396200">
        <ele>0.0</ele>
      </trkpt>
      <trkpt lat="42.4318000" lon="9.1395300">
        <ele>0.0</ele>
      </trkpt>
      <trkpt lat="42.4310800" lon="9.1391300">
        <ele>0.0</ele>
      </trkpt>
      <trkpt lat="42.4308200" lon="9.1389100">
        <ele>0.0</ele>
      </trkpt>
      <trkpt lat="42.4307700" lon="9.1389000">
        <ele>0.0</ele>
      </trkpt>
      <trkpt lat="42.4303300" lon="9.1390300">
        <ele>0.0</ele>
      </trkpt>
      <trkpt lat="42.4300900" lon="9.1390500">
        <ele>0.0</ele>
      </trkpt>
      <trkpt lat="42.4297000" lon="9.1389500">
        <ele>0.0</ele>
      </trkpt>
      <trkpt lat="42.4295700" lon="9.1388900">
        <ele>0.0</ele>
      </trkpt>
      <trkpt lat="42.4295200" lon="9.1388800">
        <ele>0.0</ele>
      </trkpt>
      <trkpt lat="42.4294500" lon="9.1388700">
        <ele>0.0</ele>
      </trkpt>
      <trkpt lat="42.4293000" lon="9.1388400">
        <ele>0.0</ele>
      </trkpt>
      <trkpt lat="42.4292200" lon="9.1388700">
        <ele>0.0</ele>
      </trkpt>
      <trkpt lat="42.4292000" lon="9.1389000">
        <ele>0.0</ele>
      </trkpt>
      <trkpt lat="42.4291700" lon="9.1389400">
        <ele>0.0</ele>
      </trkpt>
      <trkpt lat="42.4290800" lon="9.1391800">
        <ele>0.0</ele>
      </trkpt>
      <trkpt lat="42.4290100" lon="9.1395100">
        <ele>0.0</ele>
      </trkpt>
      <trkpt lat="42.4290200" lon="9.1398600">
        <ele>0.0</ele>
      </trkpt>
      <trkpt lat="42.4290400" lon="9.1401000">
        <ele>0.0</ele>
      </trkpt>
      <trkpt lat="42.4291200" lon="9.1405500">
        <ele>0.0</ele>
      </trkpt>
      <trkpt lat="42.4291200" lon="9.1406300">
        <ele>0.0</ele>
      </trkpt>
      <trkpt lat="42.4291100" lon="9.1407700">
        <ele>0.0</ele>
      </trkpt>
      <trkpt lat="42.4290700" lon="9.1411200">
        <ele>0.0</ele>
      </trkpt>
      <trkpt lat="42.4288300" lon="9.1414500">
        <ele>0.0</ele>
      </trkpt>
      <trkpt lat="42.4285400" lon="9.1416100">
        <ele>0.0</ele>
      </trkpt>
      <trkpt lat="42.4280900" lon="9.1418200">
        <ele>0.0</ele>
      </trkpt>
      <trkpt lat="42.4279200" lon="9.1418700">
        <ele>0.0</ele>
      </trkpt>
      <trkpt lat="42.4278000" lon="9.1419800">
        <ele>0.0</ele>
      </trkpt>
      <trkpt lat="42.4274700" lon="9.1425500">
        <ele>0.0</ele>
      </trkpt>
      <trkpt lat="42.4274000" lon="9.1427800">
        <ele>0.0</ele>
      </trkpt>
      <trkpt lat="42.4273100" lon="9.1429000">
        <ele>0.0</ele>
      </trkpt>
      <trkpt lat="42.4271400" lon="9.1430800">
        <ele>0.0</ele>
      </trkpt>
      <trkpt lat="42.4267700" lon="9.1433600">
        <ele>0.0</ele>
      </trkpt>
      <trkpt lat="42.4266300" lon="9.1435400">
        <ele>0.0</ele>
      </trkpt>
      <trkpt lat="42.4264500" lon="9.1438200">
        <ele>0.0</ele>
      </trkpt>
      <trkpt lat="42.4262000" lon="9.1440300">
        <ele>0.0</ele>
      </trkpt>
      <trkpt lat="42.4260600" lon="9.1441100">
        <ele>0.0</ele>
      </trkpt>
      <trkpt lat="42.4258500" lon="9.1443300">
        <ele>0.0</ele>
      </trkpt>
      <trkpt lat="42.4257400" lon="9.1444200">
        <ele>0.0</ele>
      </trkpt>
      <trkpt lat="42.4255800" lon="9.1444700">
        <ele>0.0</ele>
      </trkpt>
      <trkpt lat="42.4250500" lon="9.1445300">
        <ele>0.0</ele>
      </trkpt>
      <trkpt lat="42.4249600" lon="9.1445500">
        <ele>0.0</ele>
      </trkpt>
      <trkpt lat="42.4247700" lon="9.1447200">
        <ele>0.0</ele>
      </trkpt>
      <trkpt lat="42.4247100" lon="9.1447900">
        <ele>0.0</ele>
      </trkpt>
      <trkpt lat="42.4241100" lon="9.1457200">
        <ele>0.0</ele>
      </trkpt>
      <trkpt lat="42.4236600" lon="9.1462200">
        <ele>0.0</ele>
      </trkpt>
      <trkpt lat="42.4231900" lon="9.1466800">
        <ele>0.0</ele>
      </trkpt>
      <trkpt lat="42.4228100" lon="9.1469800">
        <ele>0.0</ele>
      </trkpt>
      <trkpt lat="42.4222700" lon="9.1473700">
        <ele>0.0</ele>
      </trkpt>
      <trkpt lat="42.4222400" lon="9.1473700">
        <ele>0.0</ele>
      </trkpt>
      <trkpt lat="42.4222100" lon="9.1473700">
        <ele>0.0</ele>
      </trkpt>
      <trkpt lat="42.4221500" lon="9.1473500">
        <ele>0.0</ele>
      </trkpt>
      <trkpt lat="42.4220600" lon="9.1473000">
        <ele>0.0</ele>
      </trkpt>
      <trkpt lat="42.4217000" lon="9.1469500">
        <ele>0.0</ele>
      </trkpt>
      <trkpt lat="42.4214900" lon="9.1467100">
        <ele>0.0</ele>
      </trkpt>
      <trkpt lat="42.4212500" lon="9.1463900">
        <ele>0.0</ele>
      </trkpt>
      <trkpt lat="42.4210300" lon="9.1460800">
        <ele>0.0</ele>
      </trkpt>
      <trkpt lat="42.4208000" lon="9.1456200">
        <ele>0.0</ele>
      </trkpt>
      <trkpt lat="42.4206200" lon="9.1453200">
        <ele>0.0</ele>
      </trkpt>
      <trkpt lat="42.4205100" lon="9.1450900">
        <ele>0.0</ele>
      </trkpt>
      <trkpt lat="42.4204300" lon="9.1448100">
        <ele>0.0</ele>
      </trkpt>
      <trkpt lat="42.4203900" lon="9.1446500">
        <ele>0.0</ele>
      </trkpt>
      <trkpt lat="42.4203700" lon="9.1445100">
        <ele>0.0</ele>
      </trkpt>
      <trkpt lat="42.4203800" lon="9.1443400">
        <ele>0.0</ele>
      </trkpt>
      <trkpt lat="42.4204600" lon="9.1439200">
        <ele>0.0</ele>
      </trkpt>
      <trkpt lat="42.4206000" lon="9.1433600">
        <ele>0.0</ele>
      </trkpt>
      <trkpt lat="42.4206400" lon="9.1431600">
        <ele>0.0</ele>
      </trkpt>
      <trkpt lat="42.4206900" lon="9.1426700">
        <ele>0.0</ele>
      </trkpt>
      <trkpt lat="42.4207200" lon="9.1424500">
        <ele>0.0</ele>
      </trkpt>
      <trkpt lat="42.4207600" lon="9.1422900">
        <ele>0.0</ele>
      </trkpt>
      <trkpt lat="42.4208200" lon="9.1421100">
        <ele>0.0</ele>
      </trkpt>
      <trkpt lat="42.4209200" lon="9.1418900">
        <ele>0.0</ele>
      </trkpt>
      <trkpt lat="42.4210300" lon="9.1415400">
        <ele>0.0</ele>
      </trkpt>
      <trkpt lat="42.4210800" lon="9.1413400">
        <ele>0.0</ele>
      </trkpt>
      <trkpt lat="42.4210700" lon="9.1411500">
        <ele>0.0</ele>
      </trkpt>
      <trkpt lat="42.4210300" lon="9.1410100">
        <ele>0.0</ele>
      </trkpt>
      <trkpt lat="42.4209500" lon="9.1408700">
        <ele>0.0</ele>
      </trkpt>
      <trkpt lat="42.4208600" lon="9.1407800">
        <ele>0.0</ele>
      </trkpt>
      <trkpt lat="42.4206600" lon="9.1406600">
        <ele>0.0</ele>
      </trkpt>
      <trkpt lat="42.4206200" lon="9.1406300">
        <ele>0.0</ele>
      </trkpt>
      <trkpt lat="42.4205300" lon="9.1405500">
        <ele>0.0</ele>
      </trkpt>
      <trkpt lat="42.4202000" lon="9.1404000">
        <ele>0.0</ele>
      </trkpt>
      <trkpt lat="42.4199200" lon="9.1403200">
        <ele>0.0</ele>
      </trkpt>
      <trkpt lat="42.4197200" lon="9.1403100">
        <ele>0.0</ele>
      </trkpt>
      <trkpt lat="42.4195800" lon="9.1403100">
        <ele>0.0</ele>
      </trkpt>
      <trkpt lat="42.4194200" lon="9.1403600">
        <ele>0.0</ele>
      </trkpt>
      <trkpt lat="42.4190300" lon="9.1405200">
        <ele>0.0</ele>
      </trkpt>
      <trkpt lat="42.4185600" lon="9.1406300">
        <ele>0.0</ele>
      </trkpt>
      <trkpt lat="42.4184500" lon="9.1406500">
        <ele>0.0</ele>
      </trkpt>
      <trkpt lat="42.4182200" lon="9.1406300">
        <ele>0.0</ele>
      </trkpt>
      <trkpt lat="42.4182000" lon="9.1406300">
        <ele>0.0</ele>
      </trkpt>
      <trkpt lat="42.4180400" lon="9.1405600">
        <ele>0.0</ele>
      </trkpt>
      <trkpt lat="42.4175800" lon="9.1404300">
        <ele>0.0</ele>
      </trkpt>
      <trkpt lat="42.4173100" lon="9.1403100">
        <ele>0.0</ele>
      </trkpt>
      <trkpt lat="42.4171800" lon="9.1402500">
        <ele>0.0</ele>
      </trkpt>
      <trkpt lat="42.4168000" lon="9.1399600">
        <ele>0.0</ele>
      </trkpt>
      <trkpt lat="42.4166300" lon="9.1397500">
        <ele>0.0</ele>
      </trkpt>
      <trkpt lat="42.4165100" lon="9.1395100">
        <ele>0.0</ele>
      </trkpt>
      <trkpt lat="42.4164900" lon="9.1392800">
        <ele>0.0</ele>
      </trkpt>
      <trkpt lat="42.4165400" lon="9.1389600">
        <ele>0.0</ele>
      </trkpt>
      <trkpt lat="42.4165600" lon="9.1386500">
        <ele>0.0</ele>
      </trkpt>
      <trkpt lat="42.4164900" lon="9.1384200">
        <ele>0.0</ele>
      </trkpt>
      <trkpt lat="42.4164000" lon="9.1383100">
        <ele>0.0</ele>
      </trkpt>
      <trkpt lat="42.4163100" lon="9.1382200">
        <ele>0.0</ele>
      </trkpt>
      <trkpt lat="42.4160000" lon="9.1380800">
        <ele>0.0</ele>
      </trkpt>
      <trkpt lat="42.4155800" lon="9.1379700">
        <ele>0.0</ele>
      </trkpt>
      <trkpt lat="42.4153400" lon="9.1378800">
        <ele>0.0</ele>
      </trkpt>
      <trkpt lat="42.4150900" lon="9.1377200">
        <ele>0.0</ele>
      </trkpt>
      <trkpt lat="42.4149900" lon="9.1375500">
        <ele>0.0</ele>
      </trkpt>
      <trkpt lat="42.4149700" lon="9.1373400">
        <ele>0.0</ele>
      </trkpt>
      <trkpt lat="42.4150000" lon="9.1371900">
        <ele>0.0</ele>
      </trkpt>
      <trkpt lat="42.4151100" lon="9.1369400">
        <ele>0.0</ele>
      </trkpt>
      <trkpt lat="42.4151200" lon="9.1369100">
        <ele>0.0</ele>
      </trkpt>
      <trkpt lat="42.4152500" lon="9.1366300">
        <ele>0.0</ele>
      </trkpt>
      <trkpt lat="42.4154300" lon="9.1361800">
        <ele>0.0</ele>
      </trkpt>
      <trkpt lat="42.4157700" lon="9.1357300">
        <ele>0.0</ele>
      </trkpt>
      <trkpt lat="42.4162100" lon="9.1350700">
        <ele>0.0</ele>
      </trkpt>
      <trkpt lat="42.4162400" lon="9.1349300">
        <ele>0.0</ele>
      </trkpt>
      <trkpt lat="42.4162400" lon="9.1348800">
        <ele>0.0</ele>
      </trkpt>
      <trkpt lat="42.4162400" lon="9.1348500">
        <ele>0.0</ele>
      </trkpt>
      <trkpt lat="42.4161900" lon="9.1347900">
        <ele>0.0</ele>
      </trkpt>
      <trkpt lat="42.4161300" lon="9.1347400">
        <ele>0.0</ele>
      </trkpt>
      <trkpt lat="42.4160500" lon="9.1347300">
        <ele>0.0</ele>
      </trkpt>
      <trkpt lat="42.4159500" lon="9.1347800">
        <ele>0.0</ele>
      </trkpt>
      <trkpt lat="42.4158500" lon="9.1349100">
        <ele>0.0</ele>
      </trkpt>
      <trkpt lat="42.4157300" lon="9.1350800">
        <ele>0.0</ele>
      </trkpt>
      <trkpt lat="42.4154800" lon="9.1353500">
        <ele>0.0</ele>
      </trkpt>
      <trkpt lat="42.4153900" lon="9.1354200">
        <ele>0.0</ele>
      </trkpt>
      <trkpt lat="42.4152400" lon="9.1355000">
        <ele>0.0</ele>
      </trkpt>
      <trkpt lat="42.4151300" lon="9.1354800">
        <ele>0.0</ele>
      </trkpt>
      <trkpt lat="42.4150300" lon="9.1353900">
        <ele>0.0</ele>
      </trkpt>
      <trkpt lat="42.4149300" lon="9.1351500">
        <ele>0.0</ele>
      </trkpt>
      <trkpt lat="42.4148800" lon="9.1350700">
        <ele>0.0</ele>
      </trkpt>
      <trkpt lat="42.4148100" lon="9.1350000">
        <ele>0.0</ele>
      </trkpt>
      <trkpt lat="42.4146300" lon="9.1349000">
        <ele>0.0</ele>
      </trkpt>
      <trkpt lat="42.4145000" lon="9.1349000">
        <ele>0.0</ele>
      </trkpt>
      <trkpt lat="42.4143200" lon="9.1349300">
        <ele>0.0</ele>
      </trkpt>
      <trkpt lat="42.4141900" lon="9.1350000">
        <ele>0.0</ele>
      </trkpt>
      <trkpt lat="42.4140900" lon="9.1350700">
        <ele>0.0</ele>
      </trkpt>
      <trkpt lat="42.4137900" lon="9.1352600">
        <ele>0.0</ele>
      </trkpt>
      <trkpt lat="42.4135900" lon="9.1353200">
        <ele>0.0</ele>
      </trkpt>
      <trkpt lat="42.4133800" lon="9.1353500">
        <ele>0.0</ele>
      </trkpt>
      <trkpt lat="42.4129300" lon="9.1353800">
        <ele>0.0</ele>
      </trkpt>
      <trkpt lat="42.4124800" lon="9.1353700">
        <ele>0.0</ele>
      </trkpt>
      <trkpt lat="42.4123200" lon="9.1352600">
        <ele>0.0</ele>
      </trkpt>
      <trkpt lat="42.4122900" lon="9.1351900">
        <ele>0.0</ele>
      </trkpt>
      <trkpt lat="42.4123100" lon="9.1346400">
        <ele>0.0</ele>
      </trkpt>
      <trkpt lat="42.4122900" lon="9.1345600">
        <ele>0.0</ele>
      </trkpt>
      <trkpt lat="42.4122500" lon="9.1345000">
        <ele>0.0</ele>
      </trkpt>
      <trkpt lat="42.4121800" lon="9.1344500">
        <ele>0.0</ele>
      </trkpt>
      <trkpt lat="42.4121300" lon="9.1344600">
        <ele>0.0</ele>
      </trkpt>
      <trkpt lat="42.4120400" lon="9.1344900">
        <ele>0.0</ele>
      </trkpt>
      <trkpt lat="42.4119100" lon="9.1345700">
        <ele>0.0</ele>
      </trkpt>
      <trkpt lat="42.4118600" lon="9.1346200">
        <ele>0.0</ele>
      </trkpt>
      <trkpt lat="42.4114000" lon="9.1350000">
        <ele>0.0</ele>
      </trkpt>
      <trkpt lat="42.4113400" lon="9.1350100">
        <ele>0.0</ele>
      </trkpt>
      <trkpt lat="42.4112600" lon="9.1350100">
        <ele>0.0</ele>
      </trkpt>
      <trkpt lat="42.4110100" lon="9.1348400">
        <ele>0.0</ele>
      </trkpt>
      <trkpt lat="42.4109400" lon="9.1348400">
        <ele>0.0</ele>
      </trkpt>
      <trkpt lat="42.4108200" lon="9.1349000">
        <ele>0.0</ele>
      </trkpt>
      <trkpt lat="42.4106700" lon="9.1349900">
        <ele>0.0</ele>
      </trkpt>
      <trkpt lat="42.4103300" lon="9.1352800">
        <ele>0.0</ele>
      </trkpt>
      <trkpt lat="42.4101000" lon="9.1353300">
        <ele>0.0</ele>
      </trkpt>
      <trkpt lat="42.4097200" lon="9.1352900">
        <ele>0.0</ele>
      </trkpt>
      <trkpt lat="42.4097000" lon="9.1352800">
        <ele>0.0</ele>
      </trkpt>
      <trkpt lat="42.4089500" lon="9.1350000">
        <ele>0.0</ele>
      </trkpt>
      <trkpt lat="42.4088500" lon="9.1349200">
        <ele>0.0</ele>
      </trkpt>
      <trkpt lat="42.4087900" lon="9.1348600">
        <ele>0.0</ele>
      </trkpt>
      <trkpt lat="42.4087700" lon="9.1348400">
        <ele>0.0</ele>
      </trkpt>
      <trkpt lat="42.4084400" lon="9.1346300">
        <ele>0.0</ele>
      </trkpt>
      <trkpt lat="42.4084000" lon="9.1346100">
        <ele>0.0</ele>
      </trkpt>
      <trkpt lat="42.4082400" lon="9.1345700">
        <ele>0.0</ele>
      </trkpt>
      <trkpt lat="42.4080400" lon="9.1345600">
        <ele>0.0</ele>
      </trkpt>
      <trkpt lat="42.4079500" lon="9.1345900">
        <ele>0.0</ele>
      </trkpt>
      <trkpt lat="42.4072300" lon="9.1347300">
        <ele>0.0</ele>
      </trkpt>
      <trkpt lat="42.4072000" lon="9.1347300">
        <ele>0.0</ele>
      </trkpt>
      <trkpt lat="42.4068700" lon="9.1347900">
        <ele>0.0</ele>
      </trkpt>
      <trkpt lat="42.4062300" lon="9.1347400">
        <ele>0.0</ele>
      </trkpt>
      <trkpt lat="42.4060800" lon="9.1347100">
        <ele>0.0</ele>
      </trkpt>
      <trkpt lat="42.4058000" lon="9.1347200">
        <ele>0.0</ele>
      </trkpt>
      <trkpt lat="42.4052700" lon="9.1348300">
        <ele>0.0</ele>
      </trkpt>
      <trkpt lat="42.4051900" lon="9.1348300">
        <ele>0.0</ele>
      </trkpt>
      <trkpt lat="42.4050500" lon="9.1348000">
        <ele>0.0</ele>
      </trkpt>
      <trkpt lat="42.4049700" lon="9.1347400">
        <ele>0.0</ele>
      </trkpt>
      <trkpt lat="42.4048600" lon="9.1346000">
        <ele>0.0</ele>
      </trkpt>
      <trkpt lat="42.4046600" lon="9.1343900">
        <ele>0.0</ele>
      </trkpt>
      <trkpt lat="42.4046100" lon="9.1343600">
        <ele>0.0</ele>
      </trkpt>
      <trkpt lat="42.4045100" lon="9.1343400">
        <ele>0.0</ele>
      </trkpt>
      <trkpt lat="42.4044600" lon="9.1343400">
        <ele>0.0</ele>
      </trkpt>
      <trkpt lat="42.4043400" lon="9.1344400">
        <ele>0.0</ele>
      </trkpt>
      <trkpt lat="42.4041700" lon="9.1348500">
        <ele>0.0</ele>
      </trkpt>
      <trkpt lat="42.4041400" lon="9.1348800">
        <ele>0.0</ele>
      </trkpt>
      <trkpt lat="42.4040600" lon="9.1349400">
        <ele>0.0</ele>
      </trkpt>
      <trkpt lat="42.4039000" lon="9.1350100">
        <ele>0.0</ele>
      </trkpt>
      <trkpt lat="42.4037700" lon="9.1350300">
        <ele>0.0</ele>
      </trkpt>
      <trkpt lat="42.4036400" lon="9.1350200">
        <ele>0.0</ele>
      </trkpt>
      <trkpt lat="42.4034000" lon="9.1349700">
        <ele>0.0</ele>
      </trkpt>
      <trkpt lat="42.4031100" lon="9.1346500">
        <ele>0.0</ele>
      </trkpt>
      <trkpt lat="42.4029700" lon="9.1346200">
        <ele>0.0</ele>
      </trkpt>
      <trkpt lat="42.4025100" lon="9.1346800">
        <ele>0.0</ele>
      </trkpt>
      <trkpt lat="42.4023000" lon="9.1346300">
        <ele>0.0</ele>
      </trkpt>
      <trkpt lat="42.4020300" lon="9.1344200">
        <ele>0.0</ele>
      </trkpt>
      <trkpt lat="42.4019600" lon="9.1343800">
        <ele>0.0</ele>
      </trkpt>
      <trkpt lat="42.4018400" lon="9.1343300">
        <ele>0.0</ele>
      </trkpt>
      <trkpt lat="42.4018100" lon="9.1343300">
        <ele>0.0</ele>
      </trkpt>
      <trkpt lat="42.4017100" lon="9.1343500">
        <ele>0.0</ele>
      </trkpt>
      <trkpt lat="42.4016200" lon="9.1344000">
        <ele>0.0</ele>
      </trkpt>
      <trkpt lat="42.4014800" lon="9.1345300">
        <ele>0.0</ele>
      </trkpt>
      <trkpt lat="42.4013400" lon="9.1345600">
        <ele>0.0</ele>
      </trkpt>
      <trkpt lat="42.4010700" lon="9.1344700">
        <ele>0.0</ele>
      </trkpt>
      <trkpt lat="42.4010000" lon="9.1344600">
        <ele>0.0</ele>
      </trkpt>
      <trkpt lat="42.4009000" lon="9.1344900">
        <ele>0.0</ele>
      </trkpt>
      <trkpt lat="42.4003700" lon="9.1347100">
        <ele>0.0</ele>
      </trkpt>
      <trkpt lat="42.4001600" lon="9.1347200">
        <ele>0.0</ele>
      </trkpt>
      <trkpt lat="42.3999900" lon="9.1346400">
        <ele>0.0</ele>
      </trkpt>
      <trkpt lat="42.3998700" lon="9.1344900">
        <ele>0.0</ele>
      </trkpt>
      <trkpt lat="42.3996000" lon="9.1340600">
        <ele>0.0</ele>
      </trkpt>
      <trkpt lat="42.3995200" lon="9.1338800">
        <ele>0.0</ele>
      </trkpt>
      <trkpt lat="42.3993700" lon="9.1336900">
        <ele>0.0</ele>
      </trkpt>
      <trkpt lat="42.3991400" lon="9.1334800">
        <ele>0.0</ele>
      </trkpt>
      <trkpt lat="42.3989800" lon="9.1334200">
        <ele>0.0</ele>
      </trkpt>
      <trkpt lat="42.3986600" lon="9.1332100">
        <ele>0.0</ele>
      </trkpt>
      <trkpt lat="42.3983700" lon="9.1329900">
        <ele>0.0</ele>
      </trkpt>
      <trkpt lat="42.3983300" lon="9.1329300">
        <ele>0.0</ele>
      </trkpt>
      <trkpt lat="42.3982900" lon="9.1328900">
        <ele>0.0</ele>
      </trkpt>
      <trkpt lat="42.3982200" lon="9.1328200">
        <ele>0.0</ele>
      </trkpt>
      <trkpt lat="42.3981100" lon="9.1327100">
        <ele>0.0</ele>
      </trkpt>
      <trkpt lat="42.3980600" lon="9.1326900">
        <ele>0.0</ele>
      </trkpt>
      <trkpt lat="42.3980100" lon="9.1326900">
        <ele>0.0</ele>
      </trkpt>
      <trkpt lat="42.3979400" lon="9.1327000">
        <ele>0.0</ele>
      </trkpt>
      <trkpt lat="42.3978600" lon="9.1327300">
        <ele>0.0</ele>
      </trkpt>
      <trkpt lat="42.3977900" lon="9.1328100">
        <ele>0.0</ele>
      </trkpt>
      <trkpt lat="42.3977100" lon="9.1329100">
        <ele>0.0</ele>
      </trkpt>
      <trkpt lat="42.3976500" lon="9.1330300">
        <ele>0.0</ele>
      </trkpt>
      <trkpt lat="42.3976000" lon="9.1331800">
        <ele>0.0</ele>
      </trkpt>
      <trkpt lat="42.3975900" lon="9.1332700">
        <ele>0.0</ele>
      </trkpt>
      <trkpt lat="42.3975900" lon="9.1334200">
        <ele>0.0</ele>
      </trkpt>
      <trkpt lat="42.3976500" lon="9.1335800">
        <ele>0.0</ele>
      </trkpt>
      <trkpt lat="42.3978300" lon="9.1337700">
        <ele>0.0</ele>
      </trkpt>
      <trkpt lat="42.3980300" lon="9.1339700">
        <ele>0.0</ele>
      </trkpt>
      <trkpt lat="42.3983200" lon="9.1342000">
        <ele>0.0</ele>
      </trkpt>
      <trkpt lat="42.3984700" lon="9.1343400">
        <ele>0.0</ele>
      </trkpt>
      <trkpt lat="42.3985800" lon="9.1345000">
        <ele>0.0</ele>
      </trkpt>
      <trkpt lat="42.3986500" lon="9.1347100">
        <ele>0.0</ele>
      </trkpt>
      <trkpt lat="42.3986400" lon="9.1349000">
        <ele>0.0</ele>
      </trkpt>
      <trkpt lat="42.3985900" lon="9.1350000">
        <ele>0.0</ele>
      </trkpt>
      <trkpt lat="42.3985700" lon="9.1350400">
        <ele>0.0</ele>
      </trkpt>
      <trkpt lat="42.3984900" lon="9.1351300">
        <ele>0.0</ele>
      </trkpt>
      <trkpt lat="42.3983500" lon="9.1352100">
        <ele>0.0</ele>
      </trkpt>
      <trkpt lat="42.3979500" lon="9.1353300">
        <ele>0.0</ele>
      </trkpt>
      <trkpt lat="42.3977200" lon="9.1354900">
        <ele>0.0</ele>
      </trkpt>
      <trkpt lat="42.3973500" lon="9.1357500">
        <ele>0.0</ele>
      </trkpt>
      <trkpt lat="42.3971900" lon="9.1358900">
        <ele>0.0</ele>
      </trkpt>
      <trkpt lat="42.3971000" lon="9.1360100">
        <ele>0.0</ele>
      </trkpt>
      <trkpt lat="42.3970100" lon="9.1362200">
        <ele>0.0</ele>
      </trkpt>
      <trkpt lat="42.3969300" lon="9.1363600">
        <ele>0.0</ele>
      </trkpt>
      <trkpt lat="42.3968800" lon="9.1364600">
        <ele>0.0</ele>
      </trkpt>
      <trkpt lat="42.3967300" lon="9.1366400">
        <ele>0.0</ele>
      </trkpt>
      <trkpt lat="42.3965700" lon="9.1367500">
        <ele>0.0</ele>
      </trkpt>
      <trkpt lat="42.3957100" lon="9.1369100">
        <ele>0.0</ele>
      </trkpt>
      <trkpt lat="42.3949200" lon="9.1369600">
        <ele>0.0</ele>
      </trkpt>
      <trkpt lat="42.3941200" lon="9.1369600">
        <ele>0.0</ele>
      </trkpt>
      <trkpt lat="42.3927800" lon="9.1373500">
        <ele>0.0</ele>
      </trkpt>
      <trkpt lat="42.3915000" lon="9.1378700">
        <ele>0.0</ele>
      </trkpt>
      <trkpt lat="42.3912600" lon="9.1378800">
        <ele>0.0</ele>
      </trkpt>
      <trkpt lat="42.3910700" lon="9.1378500">
        <ele>0.0</ele>
      </trkpt>
      <trkpt lat="42.3909100" lon="9.1378000">
        <ele>0.0</ele>
      </trkpt>
      <trkpt lat="42.3907400" lon="9.1377100">
        <ele>0.0</ele>
      </trkpt>
      <trkpt lat="42.3905700" lon="9.1376500">
        <ele>0.0</ele>
      </trkpt>
      <trkpt lat="42.3904100" lon="9.1376300">
        <ele>0.0</ele>
      </trkpt>
      <trkpt lat="42.3903300" lon="9.1376400">
        <ele>0.0</ele>
      </trkpt>
      <trkpt lat="42.3902600" lon="9.1377100">
        <ele>0.0</ele>
      </trkpt>
      <trkpt lat="42.3901700" lon="9.1378400">
        <ele>0.0</ele>
      </trkpt>
      <trkpt lat="42.3900400" lon="9.1381300">
        <ele>0.0</ele>
      </trkpt>
      <trkpt lat="42.3898200" lon="9.1384900">
        <ele>0.0</ele>
      </trkpt>
      <trkpt lat="42.3897500" lon="9.1385800">
        <ele>0.0</ele>
      </trkpt>
      <trkpt lat="42.3894800" lon="9.1388000">
        <ele>0.0</ele>
      </trkpt>
      <trkpt lat="42.3890200" lon="9.1390900">
        <ele>0.0</ele>
      </trkpt>
      <trkpt lat="42.3886000" lon="9.1392800">
        <ele>0.0</ele>
      </trkpt>
      <trkpt lat="42.3873100" lon="9.1397700">
        <ele>0.0</ele>
      </trkpt>
      <trkpt lat="42.3866000" lon="9.1401400">
        <ele>0.0</ele>
      </trkpt>
      <trkpt lat="42.3863500" lon="9.1402300">
        <ele>0.0</ele>
      </trkpt>
      <trkpt lat="42.3861200" lon="9.1403300">
        <ele>0.0</ele>
      </trkpt>
      <trkpt lat="42.3858600" lon="9.1403900">
        <ele>0.0</ele>
      </trkpt>
      <trkpt lat="42.3856600" lon="9.1403400">
        <ele>0.0</ele>
      </trkpt>
      <trkpt lat="42.3855200" lon="9.1402900">
        <ele>0.0</ele>
      </trkpt>
      <trkpt lat="42.3854900" lon="9.1402800">
        <ele>0.0</ele>
      </trkpt>
      <trkpt lat="42.3853600" lon="9.1401200">
        <ele>0.0</ele>
      </trkpt>
      <trkpt lat="42.3852500" lon="9.1399400">
        <ele>0.0</ele>
      </trkpt>
      <trkpt lat="42.3849500" lon="9.1394200">
        <ele>0.0</ele>
      </trkpt>
      <trkpt lat="42.3847600" lon="9.1390700">
        <ele>0.0</ele>
      </trkpt>
      <trkpt lat="42.3846600" lon="9.1387900">
        <ele>0.0</ele>
      </trkpt>
      <trkpt lat="42.3843600" lon="9.1382400">
        <ele>0.0</ele>
      </trkpt>
      <trkpt lat="42.3841300" lon="9.1379400">
        <ele>0.0</ele>
      </trkpt>
      <trkpt lat="42.3838300" lon="9.1376000">
        <ele>0.0</ele>
      </trkpt>
      <trkpt lat="42.3836900" lon="9.1374400">
        <ele>0.0</ele>
      </trkpt>
      <trkpt lat="42.3835700" lon="9.1373300">
        <ele>0.0</ele>
      </trkpt>
      <trkpt lat="42.3834300" lon="9.1372000">
        <ele>0.0</ele>
      </trkpt>
      <trkpt lat="42.3832300" lon="9.1369700">
        <ele>0.0</ele>
      </trkpt>
      <trkpt lat="42.3825100" lon="9.1364400">
        <ele>0.0</ele>
      </trkpt>
      <trkpt lat="42.3819100" lon="9.1356900">
        <ele>0.0</ele>
      </trkpt>
      <trkpt lat="42.3817200" lon="9.1353200">
        <ele>0.0</ele>
      </trkpt>
      <trkpt lat="42.3816400" lon="9.1350900">
        <ele>0.0</ele>
      </trkpt>
      <trkpt lat="42.3815500" lon="9.1346800">
        <ele>0.0</ele>
      </trkpt>
      <trkpt lat="42.3815400" lon="9.1346500">
        <ele>0.0</ele>
      </trkpt>
      <trkpt lat="42.3815100" lon="9.1341700">
        <ele>0.0</ele>
      </trkpt>
      <trkpt lat="42.3814200" lon="9.1338200">
        <ele>0.0</ele>
      </trkpt>
      <trkpt lat="42.3810800" lon="9.1328000">
        <ele>0.0</ele>
      </trkpt>
      <trkpt lat="42.3810200" lon="9.1325700">
        <ele>0.0</ele>
      </trkpt>
      <trkpt lat="42.3809700" lon="9.1323400">
        <ele>0.0</ele>
      </trkpt>
      <trkpt lat="42.3809700" lon="9.1320200">
        <ele>0.0</ele>
      </trkpt>
      <trkpt lat="42.3810100" lon="9.1311900">
        <ele>0.0</ele>
      </trkpt>
      <trkpt lat="42.3810600" lon="9.1309800">
        <ele>0.0</ele>
      </trkpt>
      <trkpt lat="42.3811900" lon="9.1306600">
        <ele>0.0</ele>
      </trkpt>
      <trkpt lat="42.3812200" lon="9.1305200">
        <ele>0.0</ele>
      </trkpt>
      <trkpt lat="42.3812000" lon="9.1302300">
        <ele>0.0</ele>
      </trkpt>
      <trkpt lat="42.3811000" lon="9.1299100">
        <ele>0.0</ele>
      </trkpt>
      <trkpt lat="42.3810200" lon="9.1293800">
        <ele>0.0</ele>
      </trkpt>
      <trkpt lat="42.3810300" lon="9.1291500">
        <ele>0.0</ele>
      </trkpt>
      <trkpt lat="42.3809600" lon="9.1287400">
        <ele>0.0</ele>
      </trkpt>
      <trkpt lat="42.3809000" lon="9.1285300">
        <ele>0.0</ele>
      </trkpt>
      <trkpt lat="42.3807900" lon="9.1280900">
        <ele>0.0</ele>
      </trkpt>
      <trkpt lat="42.3806900" lon="9.1278800">
        <ele>0.0</ele>
      </trkpt>
      <trkpt lat="42.3804800" lon="9.1275700">
        <ele>0.0</ele>
      </trkpt>
      <trkpt lat="42.3801600" lon="9.1271300">
        <ele>0.0</ele>
      </trkpt>
      <trkpt lat="42.3798100" lon="9.1265800">
        <ele>0.0</ele>
      </trkpt>
      <trkpt lat="42.3796500" lon="9.1264300">
        <ele>0.0</ele>
      </trkpt>
      <trkpt lat="42.3795300" lon="9.1262700">
        <ele>0.0</ele>
      </trkpt>
      <trkpt lat="42.3790200" lon="9.1257000">
        <ele>0.0</ele>
      </trkpt>
      <trkpt lat="42.3785700" lon="9.1253600">
        <ele>0.0</ele>
      </trkpt>
      <trkpt lat="42.3785200" lon="9.1252900">
        <ele>0.0</ele>
      </trkpt>
      <trkpt lat="42.3784500" lon="9.1251200">
        <ele>0.0</ele>
      </trkpt>
      <trkpt lat="42.3785100" lon="9.1247700">
        <ele>0.0</ele>
      </trkpt>
      <trkpt lat="42.3784900" lon="9.1245500">
        <ele>0.0</ele>
      </trkpt>
      <trkpt lat="42.3783300" lon="9.1238900">
        <ele>0.0</ele>
      </trkpt>
      <trkpt lat="42.3783300" lon="9.1237700">
        <ele>0.0</ele>
      </trkpt>
      <trkpt lat="42.3783500" lon="9.1236200">
        <ele>0.0</ele>
      </trkpt>
      <trkpt lat="42.3783900" lon="9.1235100">
        <ele>0.0</ele>
      </trkpt>
      <trkpt lat="42.3785400" lon="9.1232800">
        <ele>0.0</ele>
      </trkpt>
      <trkpt lat="42.3786500" lon="9.1229600">
        <ele>0.0</ele>
      </trkpt>
      <trkpt lat="42.3786500" lon="9.1228600">
        <ele>0.0</ele>
      </trkpt>
      <trkpt lat="42.3786200" lon="9.1227700">
        <ele>0.0</ele>
      </trkpt>
      <trkpt lat="42.3785900" lon="9.1227300">
        <ele>0.0</ele>
      </trkpt>
      <trkpt lat="42.3784500" lon="9.1225500">
        <ele>0.0</ele>
      </trkpt>
      <trkpt lat="42.3783400" lon="9.1224900">
        <ele>0.0</ele>
      </trkpt>
      <trkpt lat="42.3780900" lon="9.1223900">
        <ele>0.0</ele>
      </trkpt>
      <trkpt lat="42.3778800" lon="9.1222100">
        <ele>0.0</ele>
      </trkpt>
      <trkpt lat="42.3777700" lon="9.1220900">
        <ele>0.0</ele>
      </trkpt>
      <trkpt lat="42.3777100" lon="9.1219700">
        <ele>0.0</ele>
      </trkpt>
      <trkpt lat="42.3776600" lon="9.1217600">
        <ele>0.0</ele>
      </trkpt>
      <trkpt lat="42.3775000" lon="9.1215400">
        <ele>0.0</ele>
      </trkpt>
      <trkpt lat="42.3773400" lon="9.1214000">
        <ele>0.0</ele>
      </trkpt>
      <trkpt lat="42.3771300" lon="9.1212600">
        <ele>0.0</ele>
      </trkpt>
      <trkpt lat="42.3770400" lon="9.1211700">
        <ele>0.0</ele>
      </trkpt>
      <trkpt lat="42.3769700" lon="9.1210500">
        <ele>0.0</ele>
      </trkpt>
      <trkpt lat="42.3769000" lon="9.1208900">
        <ele>0.0</ele>
      </trkpt>
      <trkpt lat="42.3768200" lon="9.1207700">
        <ele>0.0</ele>
      </trkpt>
      <trkpt lat="42.3766500" lon="9.1206400">
        <ele>0.0</ele>
      </trkpt>
      <trkpt lat="42.3764100" lon="9.1205700">
        <ele>0.0</ele>
      </trkpt>
      <trkpt lat="42.3761200" lon="9.1205600">
        <ele>0.0</ele>
      </trkpt>
      <trkpt lat="42.3758400" lon="9.1205900">
        <ele>0.0</ele>
      </trkpt>
      <trkpt lat="42.3757000" lon="9.1205300">
        <ele>0.0</ele>
      </trkpt>
      <trkpt lat="42.3755800" lon="9.1204000">
        <ele>0.0</ele>
      </trkpt>
      <trkpt lat="42.3753900" lon="9.1201600">
        <ele>0.0</ele>
      </trkpt>
      <trkpt lat="42.3752400" lon="9.1199100">
        <ele>0.0</ele>
      </trkpt>
      <trkpt lat="42.3751700" lon="9.1196600">
        <ele>0.0</ele>
      </trkpt>
      <trkpt lat="42.3751000" lon="9.1193100">
        <ele>0.0</ele>
      </trkpt>
      <trkpt lat="42.3750900" lon="9.1189400">
        <ele>0.0</ele>
      </trkpt>
      <trkpt lat="42.3751100" lon="9.1187400">
        <ele>0.0</ele>
      </trkpt>
      <trkpt lat="42.3751000" lon="9.1186500">
        <ele>0.0</ele>
      </trkpt>
      <trkpt lat="42.3750900" lon="9.1185200">
        <ele>0.0</ele>
      </trkpt>
      <trkpt lat="42.3750000" lon="9.1182900">
        <ele>0.0</ele>
      </trkpt>
      <trkpt lat="42.3748700" lon="9.1180200">
        <ele>0.0</ele>
      </trkpt>
      <trkpt lat="42.3748400" lon="9.1178100">
        <ele>0.0</ele>
      </trkpt>
      <trkpt lat="42.3748600" lon="9.1177000">
        <ele>0.0</ele>
      </trkpt>
      <trkpt lat="42.3749700" lon="9.1173800">
        <ele>0.0</ele>
      </trkpt>
      <trkpt lat="42.3750200" lon="9.1172000">
        <ele>0.0</ele>
      </trkpt>
      <trkpt lat="42.3750400" lon="9.1170900">
        <ele>0.0</ele>
      </trkpt>
      <trkpt lat="42.3750300" lon="9.1169700">
        <ele>0.0</ele>
      </trkpt>
      <trkpt lat="42.3749800" lon="9.1168900">
        <ele>0.0</ele>
      </trkpt>
      <trkpt lat="42.3749000" lon="9.1167800">
        <ele>0.0</ele>
      </trkpt>
      <trkpt lat="42.3746800" lon="9.1166500">
        <ele>0.0</ele>
      </trkpt>
      <trkpt lat="42.3744800" lon="9.1164600">
        <ele>0.0</ele>
      </trkpt>
      <trkpt lat="42.3744100" lon="9.1163200">
        <ele>0.0</ele>
      </trkpt>
      <trkpt lat="42.3743600" lon="9.1161400">
        <ele>0.0</ele>
      </trkpt>
      <trkpt lat="42.3743300" lon="9.1159800">
        <ele>0.0</ele>
      </trkpt>
      <trkpt lat="42.3742900" lon="9.1158700">
        <ele>0.0</ele>
      </trkpt>
      <trkpt lat="42.3742100" lon="9.1157800">
        <ele>0.0</ele>
      </trkpt>
      <trkpt lat="42.3741300" lon="9.1157600">
        <ele>0.0</ele>
      </trkpt>
      <trkpt lat="42.3740400" lon="9.1157600">
        <ele>0.0</ele>
      </trkpt>
      <trkpt lat="42.3738500" lon="9.1158500">
        <ele>0.0</ele>
      </trkpt>
      <trkpt lat="42.3737200" lon="9.1158300">
        <ele>0.0</ele>
      </trkpt>
      <trkpt lat="42.3736300" lon="9.1157300">
        <ele>0.0</ele>
      </trkpt>
      <trkpt lat="42.3734300" lon="9.1155800">
        <ele>0.0</ele>
      </trkpt>
      <trkpt lat="42.3733300" lon="9.1155500">
        <ele>0.0</ele>
      </trkpt>
      <trkpt lat="42.3731900" lon="9.1155400">
        <ele>0.0</ele>
      </trkpt>
      <trkpt lat="42.3730800" lon="9.1154900">
        <ele>0.0</ele>
      </trkpt>
      <trkpt lat="42.3727800" lon="9.1153000">
        <ele>0.0</ele>
      </trkpt>
      <trkpt lat="42.3724400" lon="9.1152200">
        <ele>0.0</ele>
      </trkpt>
      <trkpt lat="42.3723700" lon="9.1151700">
        <ele>0.0</ele>
      </trkpt>
      <trkpt lat="42.3721800" lon="9.1149500">
        <ele>0.0</ele>
      </trkpt>
      <trkpt lat="42.3720300" lon="9.1147100">
        <ele>0.0</ele>
      </trkpt>
      <trkpt lat="42.3718500" lon="9.1144900">
        <ele>0.0</ele>
      </trkpt>
      <trkpt lat="42.3717000" lon="9.1142700">
        <ele>0.0</ele>
      </trkpt>
      <trkpt lat="42.3716300" lon="9.1141100">
        <ele>0.0</ele>
      </trkpt>
      <trkpt lat="42.3716400" lon="9.1139500">
        <ele>0.0</ele>
      </trkpt>
      <trkpt lat="42.3716900" lon="9.1137900">
        <ele>0.0</ele>
      </trkpt>
      <trkpt lat="42.3717600" lon="9.1136600">
        <ele>0.0</ele>
      </trkpt>
      <trkpt lat="42.3719400" lon="9.1133900">
        <ele>0.0</ele>
      </trkpt>
      <trkpt lat="42.3720900" lon="9.1132100">
        <ele>0.0</ele>
      </trkpt>
      <trkpt lat="42.3721500" lon="9.1130900">
        <ele>0.0</ele>
      </trkpt>
      <trkpt lat="42.3721800" lon="9.1126400">
        <ele>0.0</ele>
      </trkpt>
      <trkpt lat="42.3722000" lon="9.1125800">
        <ele>0.0</ele>
      </trkpt>
      <trkpt lat="42.3723600" lon="9.1122700">
        <ele>0.0</ele>
      </trkpt>
      <trkpt lat="42.3724400" lon="9.1121500">
        <ele>0.0</ele>
      </trkpt>
      <trkpt lat="42.3725000" lon="9.1120700">
        <ele>0.0</ele>
      </trkpt>
      <trkpt lat="42.3725300" lon="9.1119900">
        <ele>0.0</ele>
      </trkpt>
      <trkpt lat="42.3725800" lon="9.1115100">
        <ele>0.0</ele>
      </trkpt>
      <trkpt lat="42.3726300" lon="9.1114400">
        <ele>0.0</ele>
      </trkpt>
      <trkpt lat="42.3727200" lon="9.1113700">
        <ele>0.0</ele>
      </trkpt>
      <trkpt lat="42.3728100" lon="9.1113300">
        <ele>0.0</ele>
      </trkpt>
      <trkpt lat="42.3728900" lon="9.1113100">
        <ele>0.0</ele>
      </trkpt>
      <trkpt lat="42.3729800" lon="9.1111700">
        <ele>0.0</ele>
      </trkpt>
      <trkpt lat="42.3730100" lon="9.1110700">
        <ele>0.0</ele>
      </trkpt>
      <trkpt lat="42.3730100" lon="9.1109400">
        <ele>0.0</ele>
      </trkpt>
      <trkpt lat="42.3729800" lon="9.1107200">
        <ele>0.0</ele>
      </trkpt>
      <trkpt lat="42.3729600" lon="9.1106300">
        <ele>0.0</ele>
      </trkpt>
      <trkpt lat="42.3729200" lon="9.1101300">
        <ele>0.0</ele>
      </trkpt>
      <trkpt lat="42.3728600" lon="9.1098700">
        <ele>0.0</ele>
      </trkpt>
      <trkpt lat="42.3728100" lon="9.1097000">
        <ele>0.0</ele>
      </trkpt>
      <trkpt lat="42.3727100" lon="9.1095200">
        <ele>0.0</ele>
      </trkpt>
      <trkpt lat="42.3726500" lon="9.1093000">
        <ele>0.0</ele>
      </trkpt>
      <trkpt lat="42.3726600" lon="9.1090900">
        <ele>0.0</ele>
      </trkpt>
      <trkpt lat="42.3727100" lon="9.1089900">
        <ele>0.0</ele>
      </trkpt>
      <trkpt lat="42.3727400" lon="9.1088500">
        <ele>0.0</ele>
      </trkpt>
      <trkpt lat="42.3727400" lon="9.1083700">
        <ele>0.0</ele>
      </trkpt>
      <trkpt lat="42.3727500" lon="9.1082300">
        <ele>0.0</ele>
      </trkpt>
      <trkpt lat="42.3727600" lon="9.1077700">
        <ele>0.0</ele>
      </trkpt>
      <trkpt lat="42.3727300" lon="9.1075800">
        <ele>0.0</ele>
      </trkpt>
      <trkpt lat="42.3726800" lon="9.1075300">
        <ele>0.0</ele>
      </trkpt>
      <trkpt lat="42.3726100" lon="9.1074400">
        <ele>0.0</ele>
      </trkpt>
      <trkpt lat="42.3725400" lon="9.1073900">
        <ele>0.0</ele>
      </trkpt>
      <trkpt lat="42.3723000" lon="9.1073700">
        <ele>0.0</ele>
      </trkpt>
      <trkpt lat="42.3721100" lon="9.1073200">
        <ele>0.0</ele>
      </trkpt>
      <trkpt lat="42.3719900" lon="9.1072000">
        <ele>0.0</ele>
      </trkpt>
      <trkpt lat="42.3718600" lon="9.1069300">
        <ele>0.0</ele>
      </trkpt>
      <trkpt lat="42.3718200" lon="9.1066800">
        <ele>0.0</ele>
      </trkpt>
      <trkpt lat="42.3718000" lon="9.1064900">
        <ele>0.0</ele>
      </trkpt>
      <trkpt lat="42.3718400" lon="9.1060600">
        <ele>0.0</ele>
      </trkpt>
      <trkpt lat="42.3719000" lon="9.1058800">
        <ele>0.0</ele>
      </trkpt>
      <trkpt lat="42.3719300" lon="9.1057800">
        <ele>0.0</ele>
      </trkpt>
      <trkpt lat="42.3720000" lon="9.1056700">
        <ele>0.0</ele>
      </trkpt>
      <trkpt lat="42.3720300" lon="9.1055200">
        <ele>0.0</ele>
      </trkpt>
      <trkpt lat="42.3720300" lon="9.1053800">
        <ele>0.0</ele>
      </trkpt>
      <trkpt lat="42.3720000" lon="9.1051600">
        <ele>0.0</ele>
      </trkpt>
      <trkpt lat="42.3720000" lon="9.1048500">
        <ele>0.0</ele>
      </trkpt>
      <trkpt lat="42.3720700" lon="9.1045400">
        <ele>0.0</ele>
      </trkpt>
      <trkpt lat="42.3721300" lon="9.1044300">
        <ele>0.0</ele>
      </trkpt>
      <trkpt lat="42.3722000" lon="9.1043800">
        <ele>0.0</ele>
      </trkpt>
      <trkpt lat="42.3722700" lon="9.1043600">
        <ele>0.0</ele>
      </trkpt>
      <trkpt lat="42.3723500" lon="9.1043200">
        <ele>0.0</ele>
      </trkpt>
      <trkpt lat="42.3725200" lon="9.1042600">
        <ele>0.0</ele>
      </trkpt>
      <trkpt lat="42.3726200" lon="9.1041800">
        <ele>0.0</ele>
      </trkpt>
      <trkpt lat="42.3727100" lon="9.1039900">
        <ele>0.0</ele>
      </trkpt>
      <trkpt lat="42.3728400" lon="9.1036000">
        <ele>0.0</ele>
      </trkpt>
      <trkpt lat="42.3729300" lon="9.1034500">
        <ele>0.0</ele>
      </trkpt>
      <trkpt lat="42.3729900" lon="9.1033000">
        <ele>0.0</ele>
      </trkpt>
      <trkpt lat="42.3731200" lon="9.1030400">
        <ele>0.0</ele>
      </trkpt>
      <trkpt lat="42.3732500" lon="9.1026700">
        <ele>0.0</ele>
      </trkpt>
      <trkpt lat="42.3734200" lon="9.1021200">
        <ele>0.0</ele>
      </trkpt>
      <trkpt lat="42.3734500" lon="9.1018100">
        <ele>0.0</ele>
      </trkpt>
      <trkpt lat="42.3734000" lon="9.1012100">
        <ele>0.0</ele>
      </trkpt>
      <trkpt lat="42.3734100" lon="9.1009800">
        <ele>0.0</ele>
      </trkpt>
      <trkpt lat="42.3734300" lon="9.1008200">
        <ele>0.0</ele>
      </trkpt>
      <trkpt lat="42.3734900" lon="9.1006300">
        <ele>0.0</ele>
      </trkpt>
      <trkpt lat="42.3734900" lon="9.1004800">
        <ele>0.0</ele>
      </trkpt>
      <trkpt lat="42.3735000" lon="9.1000800">
        <ele>0.0</ele>
      </trkpt>
      <trkpt lat="42.3735000" lon="9.0996300">
        <ele>0.0</ele>
      </trkpt>
      <trkpt lat="42.3735300" lon="9.0994700">
        <ele>0.0</ele>
      </trkpt>
      <trkpt lat="42.3737900" lon="9.0988300">
        <ele>0.0</ele>
      </trkpt>
      <trkpt lat="42.3740300" lon="9.0982600">
        <ele>0.0</ele>
      </trkpt>
      <trkpt lat="42.3742700" lon="9.0977700">
        <ele>0.0</ele>
      </trkpt>
      <trkpt lat="42.3747200" lon="9.0966800">
        <ele>0.0</ele>
      </trkpt>
      <trkpt lat="42.3748500" lon="9.0965400">
        <ele>0.0</ele>
      </trkpt>
      <trkpt lat="42.3749700" lon="9.0963900">
        <ele>0.0</ele>
      </trkpt>
      <trkpt lat="42.3751000" lon="9.0961500">
        <ele>0.0</ele>
      </trkpt>
      <trkpt lat="42.3751800" lon="9.0959200">
        <ele>0.0</ele>
      </trkpt>
      <trkpt lat="42.3752300" lon="9.0957800">
        <ele>0.0</ele>
      </trkpt>
      <trkpt lat="42.3753100" lon="9.0952800">
        <ele>0.0</ele>
      </trkpt>
      <trkpt lat="42.3753600" lon="9.0951300">
        <ele>0.0</ele>
      </trkpt>
      <trkpt lat="42.3753800" lon="9.0947900">
        <ele>0.0</ele>
      </trkpt>
      <trkpt lat="42.3753400" lon="9.0945900">
        <ele>0.0</ele>
      </trkpt>
      <trkpt lat="42.3750300" lon="9.0936100">
        <ele>0.0</ele>
      </trkpt>
      <trkpt lat="42.3750200" lon="9.0934500">
        <ele>0.0</ele>
      </trkpt>
      <trkpt lat="42.3750300" lon="9.0932400">
        <ele>0.0</ele>
      </trkpt>
      <trkpt lat="42.3751600" lon="9.0926200">
        <ele>0.0</ele>
      </trkpt>
      <trkpt lat="42.3752000" lon="9.0920800">
        <ele>0.0</ele>
      </trkpt>
      <trkpt lat="42.3752500" lon="9.0916500">
        <ele>0.0</ele>
      </trkpt>
      <trkpt lat="42.3753300" lon="9.0915100">
        <ele>0.0</ele>
      </trkpt>
      <trkpt lat="42.3754100" lon="9.0914000">
        <ele>0.0</ele>
      </trkpt>
      <trkpt lat="42.3755700" lon="9.0912700">
        <ele>0.0</ele>
      </trkpt>
      <trkpt lat="42.3759800" lon="9.0910700">
        <ele>0.0</ele>
      </trkpt>
      <trkpt lat="42.3761900" lon="9.0909100">
        <ele>0.0</ele>
      </trkpt>
      <trkpt lat="42.3764900" lon="9.0906200">
        <ele>0.0</ele>
      </trkpt>
      <trkpt lat="42.3765800" lon="9.0905500">
        <ele>0.0</ele>
      </trkpt>
      <trkpt lat="42.3766500" lon="9.0904800">
        <ele>0.0</ele>
      </trkpt>
      <trkpt lat="42.3767700" lon="9.0901600">
        <ele>0.0</ele>
      </trkpt>
      <trkpt lat="42.3767600" lon="9.0900200">
        <ele>0.0</ele>
      </trkpt>
      <trkpt lat="42.3767600" lon="9.0898100">
        <ele>0.0</ele>
      </trkpt>
      <trkpt lat="42.3767100" lon="9.0895000">
        <ele>0.0</ele>
      </trkpt>
      <trkpt lat="42.3767100" lon="9.0894000">
        <ele>0.0</ele>
      </trkpt>
      <trkpt lat="42.3766800" lon="9.0893200">
        <ele>0.0</ele>
      </trkpt>
      <trkpt lat="42.3765900" lon="9.0890400">
        <ele>0.0</ele>
      </trkpt>
      <trkpt lat="42.3764100" lon="9.0887600">
        <ele>0.0</ele>
      </trkpt>
      <trkpt lat="42.3761500" lon="9.0883900">
        <ele>0.0</ele>
      </trkpt>
      <trkpt lat="42.3759800" lon="9.0882200">
        <ele>0.0</ele>
      </trkpt>
      <trkpt lat="42.3757700" lon="9.0881100">
        <ele>0.0</ele>
      </trkpt>
      <trkpt lat="42.3755900" lon="9.0879800">
        <ele>0.0</ele>
      </trkpt>
      <trkpt lat="42.3754900" lon="9.0878100">
        <ele>0.0</ele>
      </trkpt>
      <trkpt lat="42.3754300" lon="9.0876400">
        <ele>0.0</ele>
      </trkpt>
      <trkpt lat="42.3754400" lon="9.0873000">
        <ele>0.0</ele>
      </trkpt>
      <trkpt lat="42.3755300" lon="9.0870500">
        <ele>0.0</ele>
      </trkpt>
      <trkpt lat="42.3755600" lon="9.0867400">
        <ele>0.0</ele>
      </trkpt>
      <trkpt lat="42.3756000" lon="9.0854100">
        <ele>0.0</ele>
      </trkpt>
      <trkpt lat="42.3755900" lon="9.0851400">
        <ele>0.0</ele>
      </trkpt>
      <trkpt lat="42.3755100" lon="9.0846800">
        <ele>0.0</ele>
      </trkpt>
      <trkpt lat="42.3754500" lon="9.0843800">
        <ele>0.0</ele>
      </trkpt>
      <trkpt lat="42.3753200" lon="9.0840200">
        <ele>0.0</ele>
      </trkpt>
      <trkpt lat="42.3751500" lon="9.0837500">
        <ele>0.0</ele>
      </trkpt>
      <trkpt lat="42.3749300" lon="9.0835600">
        <ele>0.0</ele>
      </trkpt>
      <trkpt lat="42.3748000" lon="9.0833700">
        <ele>0.0</ele>
      </trkpt>
      <trkpt lat="42.3746600" lon="9.0830800">
        <ele>0.0</ele>
      </trkpt>
      <trkpt lat="42.3745700" lon="9.0828000">
        <ele>0.0</ele>
      </trkpt>
      <trkpt lat="42.3745500" lon="9.0825000">
        <ele>0.0</ele>
      </trkpt>
      <trkpt lat="42.3745500" lon="9.0818800">
        <ele>0.0</ele>
      </trkpt>
      <trkpt lat="42.3745300" lon="9.0814400">
        <ele>0.0</ele>
      </trkpt>
      <trkpt lat="42.3743800" lon="9.0807700">
        <ele>0.0</ele>
      </trkpt>
      <trkpt lat="42.3742400" lon="9.0802900">
        <ele>0.0</ele>
      </trkpt>
      <trkpt lat="42.3741300" lon="9.0801600">
        <ele>0.0</ele>
      </trkpt>
      <trkpt lat="42.3740300" lon="9.0800800">
        <ele>0.0</ele>
      </trkpt>
      <trkpt lat="42.3738400" lon="9.0800200">
        <ele>0.0</ele>
      </trkpt>
      <trkpt lat="42.3728800" lon="9.0800200">
        <ele>0.0</ele>
      </trkpt>
      <trkpt lat="42.3722500" lon="9.0799900">
        <ele>0.0</ele>
      </trkpt>
      <trkpt lat="42.3720400" lon="9.0798500">
        <ele>0.0</ele>
      </trkpt>
      <trkpt lat="42.3718500" lon="9.0797000">
        <ele>0.0</ele>
      </trkpt>
      <trkpt lat="42.3716300" lon="9.0793200">
        <ele>0.0</ele>
      </trkpt>
      <trkpt lat="42.3715000" lon="9.0790000">
        <ele>0.0</ele>
      </trkpt>
      <trkpt lat="42.3714300" lon="9.0786700">
        <ele>0.0</ele>
      </trkpt>
      <trkpt lat="42.3714000" lon="9.0784500">
        <ele>0.0</ele>
      </trkpt>
      <trkpt lat="42.3713200" lon="9.0781300">
        <ele>0.0</ele>
      </trkpt>
      <trkpt lat="42.3711200" lon="9.0777800">
        <ele>0.0</ele>
      </trkpt>
      <trkpt lat="42.3708800" lon="9.0774300">
        <ele>0.0</ele>
      </trkpt>
      <trkpt lat="42.3705800" lon="9.0770600">
        <ele>0.0</ele>
      </trkpt>
      <trkpt lat="42.3702500" lon="9.0767100">
        <ele>0.0</ele>
      </trkpt>
      <trkpt lat="42.3696800" lon="9.0761800">
        <ele>0.0</ele>
      </trkpt>
      <trkpt lat="42.3693800" lon="9.0758300">
        <ele>0.0</ele>
      </trkpt>
      <trkpt lat="42.3692200" lon="9.0755600">
        <ele>0.0</ele>
      </trkpt>
      <trkpt lat="42.3690500" lon="9.0752200">
        <ele>0.0</ele>
      </trkpt>
      <trkpt lat="42.3687700" lon="9.0748000">
        <ele>0.0</ele>
      </trkpt>
      <trkpt lat="42.3687500" lon="9.0747100">
        <ele>0.0</ele>
      </trkpt>
      <trkpt lat="42.3687200" lon="9.0745400">
        <ele>0.0</ele>
      </trkpt>
      <trkpt lat="42.3687400" lon="9.0743400">
        <ele>0.0</ele>
      </trkpt>
      <trkpt lat="42.3688500" lon="9.0741600">
        <ele>0.0</ele>
      </trkpt>
      <trkpt lat="42.3689300" lon="9.0739800">
        <ele>0.0</ele>
      </trkpt>
      <trkpt lat="42.3690900" lon="9.0737700">
        <ele>0.0</ele>
      </trkpt>
      <trkpt lat="42.3691200" lon="9.0735900">
        <ele>0.0</ele>
      </trkpt>
      <trkpt lat="42.3691000" lon="9.0734400">
        <ele>0.0</ele>
      </trkpt>
      <trkpt lat="42.3690600" lon="9.0732500">
        <ele>0.0</ele>
      </trkpt>
      <trkpt lat="42.3690200" lon="9.0730800">
        <ele>0.0</ele>
      </trkpt>
      <trkpt lat="42.3689600" lon="9.0727900">
        <ele>0.0</ele>
      </trkpt>
      <trkpt lat="42.3689000" lon="9.0726500">
        <ele>0.0</ele>
      </trkpt>
      <trkpt lat="42.3687300" lon="9.0723600">
        <ele>0.0</ele>
      </trkpt>
      <trkpt lat="42.3685300" lon="9.0721300">
        <ele>0.0</ele>
      </trkpt>
      <trkpt lat="42.3683900" lon="9.0719300">
        <ele>0.0</ele>
      </trkpt>
      <trkpt lat="42.3682000" lon="9.0716000">
        <ele>0.0</ele>
      </trkpt>
      <trkpt lat="42.3681000" lon="9.0713800">
        <ele>0.0</ele>
      </trkpt>
      <trkpt lat="42.3679400" lon="9.0705500">
        <ele>0.0</ele>
      </trkpt>
      <trkpt lat="42.3678700" lon="9.0701300">
        <ele>0.0</ele>
      </trkpt>
      <trkpt lat="42.3677400" lon="9.0698600">
        <ele>0.0</ele>
      </trkpt>
      <trkpt lat="42.3674900" lon="9.0694900">
        <ele>0.0</ele>
      </trkpt>
      <trkpt lat="42.3673700" lon="9.0693200">
        <ele>0.0</ele>
      </trkpt>
      <trkpt lat="42.3670900" lon="9.0689900">
        <ele>0.0</ele>
      </trkpt>
      <trkpt lat="42.3670500" lon="9.0689500">
        <ele>0.0</ele>
      </trkpt>
      <trkpt lat="42.3669300" lon="9.0689100">
        <ele>0.0</ele>
      </trkpt>
      <trkpt lat="42.3663600" lon="9.0687800">
        <ele>0.0</ele>
      </trkpt>
      <trkpt lat="42.3658000" lon="9.0686200">
        <ele>0.0</ele>
      </trkpt>
      <trkpt lat="42.3655400" lon="9.0685300">
        <ele>0.0</ele>
      </trkpt>
      <trkpt lat="42.3653800" lon="9.0684100">
        <ele>0.0</ele>
      </trkpt>
      <trkpt lat="42.3651900" lon="9.0682200">
        <ele>0.0</ele>
      </trkpt>
      <trkpt lat="42.3647400" lon="9.0677900">
        <ele>0.0</ele>
      </trkpt>
      <trkpt lat="42.3645200" lon="9.0676200">
        <ele>0.0</ele>
      </trkpt>
      <trkpt lat="42.3642700" lon="9.0674800">
        <ele>0.0</ele>
      </trkpt>
      <trkpt lat="42.3635500" lon="9.0673700">
        <ele>0.0</ele>
      </trkpt>
      <trkpt lat="42.3633000" lon="9.0673000">
        <ele>0.0</ele>
      </trkpt>
      <trkpt lat="42.3632800" lon="9.0672900">
        <ele>0.0</ele>
      </trkpt>
      <trkpt lat="42.3630800" lon="9.0672200">
        <ele>0.0</ele>
      </trkpt>
      <trkpt lat="42.3629400" lon="9.0671400">
        <ele>0.0</ele>
      </trkpt>
      <trkpt lat="42.3627800" lon="9.0670500">
        <ele>0.0</ele>
      </trkpt>
      <trkpt lat="42.3624900" lon="9.0669700">
        <ele>0.0</ele>
      </trkpt>
      <trkpt lat="42.3619900" lon="9.0667100">
        <ele>0.0</ele>
      </trkpt>
      <trkpt lat="42.3617500" lon="9.0666100">
        <ele>0.0</ele>
      </trkpt>
      <trkpt lat="42.3615200" lon="9.0664900">
        <ele>0.0</ele>
      </trkpt>
      <trkpt lat="42.3613500" lon="9.0663400">
        <ele>0.0</ele>
      </trkpt>
      <trkpt lat="42.3611100" lon="9.0660200">
        <ele>0.0</ele>
      </trkpt>
      <trkpt lat="42.3606900" lon="9.0653800">
        <ele>0.0</ele>
      </trkpt>
      <trkpt lat="42.3603900" lon="9.0649900">
        <ele>0.0</ele>
      </trkpt>
      <trkpt lat="42.3601800" lon="9.0648000">
        <ele>0.0</ele>
      </trkpt>
      <trkpt lat="42.3600500" lon="9.0646600">
        <ele>0.0</ele>
      </trkpt>
      <trkpt lat="42.3599900" lon="9.0645400">
        <ele>0.0</ele>
      </trkpt>
      <trkpt lat="42.3599800" lon="9.0645000">
        <ele>0.0</ele>
      </trkpt>
      <trkpt lat="42.3599400" lon="9.0643800">
        <ele>0.0</ele>
      </trkpt>
      <trkpt lat="42.3599000" lon="9.0641000">
        <ele>0.0</ele>
      </trkpt>
      <trkpt lat="42.3599200" lon="9.0638100">
        <ele>0.0</ele>
      </trkpt>
      <trkpt lat="42.3599200" lon="9.0637300">
        <ele>0.0</ele>
      </trkpt>
      <trkpt lat="42.3598800" lon="9.0635300">
        <ele>0.0</ele>
      </trkpt>
      <trkpt lat="42.3597200" lon="9.0628100">
        <ele>0.0</ele>
      </trkpt>
      <trkpt lat="42.3596900" lon="9.0627500">
        <ele>0.0</ele>
      </trkpt>
      <trkpt lat="42.3596700" lon="9.0627200">
        <ele>0.0</ele>
      </trkpt>
      <trkpt lat="42.3596200" lon="9.0626500">
        <ele>0.0</ele>
      </trkpt>
      <trkpt lat="42.3595900" lon="9.0626100">
        <ele>0.0</ele>
      </trkpt>
      <trkpt lat="42.3595500" lon="9.0625700">
        <ele>0.0</ele>
      </trkpt>
      <trkpt lat="42.3594700" lon="9.0625100">
        <ele>0.0</ele>
      </trkpt>
      <trkpt lat="42.3594500" lon="9.0624800">
        <ele>0.0</ele>
      </trkpt>
      <trkpt lat="42.3594300" lon="9.0624500">
        <ele>0.0</ele>
      </trkpt>
      <trkpt lat="42.3593400" lon="9.0621800">
        <ele>0.0</ele>
      </trkpt>
      <trkpt lat="42.3593000" lon="9.0619500">
        <ele>0.0</ele>
      </trkpt>
      <trkpt lat="42.3592500" lon="9.0617800">
        <ele>0.0</ele>
      </trkpt>
      <trkpt lat="42.3591900" lon="9.0616400">
        <ele>0.0</ele>
      </trkpt>
      <trkpt lat="42.3590800" lon="9.0614900">
        <ele>0.0</ele>
      </trkpt>
      <trkpt lat="42.3590000" lon="9.0613500">
        <ele>0.0</ele>
      </trkpt>
      <trkpt lat="42.3589100" lon="9.0610700">
        <ele>0.0</ele>
      </trkpt>
      <trkpt lat="42.3587900" lon="9.0603500">
        <ele>0.0</ele>
      </trkpt>
      <trkpt lat="42.3587500" lon="9.0600700">
        <ele>0.0</ele>
      </trkpt>
      <trkpt lat="42.3587200" lon="9.0596100">
        <ele>0.0</ele>
      </trkpt>
      <trkpt lat="42.3586100" lon="9.0591300">
        <ele>0.0</ele>
      </trkpt>
      <trkpt lat="42.3584800" lon="9.0588200">
        <ele>0.0</ele>
      </trkpt>
      <trkpt lat="42.3583800" lon="9.0586400">
        <ele>0.0</ele>
      </trkpt>
      <trkpt lat="42.3581900" lon="9.0582200">
        <ele>0.0</ele>
      </trkpt>
      <trkpt lat="42.3581600" lon="9.0581200">
        <ele>0.0</ele>
      </trkpt>
      <trkpt lat="42.3580800" lon="9.0580500">
        <ele>0.0</ele>
      </trkpt>
      <trkpt lat="42.3578400" lon="9.0580000">
        <ele>0.0</ele>
      </trkpt>
      <trkpt lat="42.3576900" lon="9.0579400">
        <ele>0.0</ele>
      </trkpt>
      <trkpt lat="42.3575600" lon="9.0578400">
        <ele>0.0</ele>
      </trkpt>
      <trkpt lat="42.3574700" lon="9.0576500">
        <ele>0.0</ele>
      </trkpt>
      <trkpt lat="42.3573400" lon="9.0573400">
        <ele>0.0</ele>
      </trkpt>
      <trkpt lat="42.3571600" lon="9.0570900">
        <ele>0.0</ele>
      </trkpt>
      <trkpt lat="42.3570500" lon="9.0568900">
        <ele>0.0</ele>
      </trkpt>
      <trkpt lat="42.3570000" lon="9.0567400">
        <ele>0.0</ele>
      </trkpt>
      <trkpt lat="42.3568700" lon="9.0566200">
        <ele>0.0</ele>
      </trkpt>
      <trkpt lat="42.3568100" lon="9.0565700">
        <ele>0.0</ele>
      </trkpt>
      <trkpt lat="42.3566500" lon="9.0565000">
        <ele>0.0</ele>
      </trkpt>
      <trkpt lat="42.3565000" lon="9.0564600">
        <ele>0.0</ele>
      </trkpt>
      <trkpt lat="42.3561200" lon="9.0562800">
        <ele>0.0</ele>
      </trkpt>
      <trkpt lat="42.3559600" lon="9.0562300">
        <ele>0.0</ele>
      </trkpt>
      <trkpt lat="42.3557400" lon="9.0561900">
        <ele>0.0</ele>
      </trkpt>
      <trkpt lat="42.3556900" lon="9.0561900">
        <ele>0.0</ele>
      </trkpt>
      <trkpt lat="42.3554500" lon="9.0560800">
        <ele>0.0</ele>
      </trkpt>
      <trkpt lat="42.3553800" lon="9.0560700">
        <ele>0.0</ele>
      </trkpt>
      <trkpt lat="42.3550700" lon="9.0561000">
        <ele>0.0</ele>
      </trkpt>
      <trkpt lat="42.3550300" lon="9.0560900">
        <ele>0.0</ele>
      </trkpt>
      <trkpt lat="42.3549600" lon="9.0560700">
        <ele>0.0</ele>
      </trkpt>
      <trkpt lat="42.3548600" lon="9.0560300">
        <ele>0.0</ele>
      </trkpt>
      <trkpt lat="42.3544900" lon="9.0557300">
        <ele>0.0</ele>
      </trkpt>
      <trkpt lat="42.3541500" lon="9.0552800">
        <ele>0.0</ele>
      </trkpt>
      <trkpt lat="42.3540400" lon="9.0551700">
        <ele>0.0</ele>
      </trkpt>
      <trkpt lat="42.3538800" lon="9.0550900">
        <ele>0.0</ele>
      </trkpt>
      <trkpt lat="42.3537600" lon="9.0549400">
        <ele>0.0</ele>
      </trkpt>
      <trkpt lat="42.3537300" lon="9.0548500">
        <ele>0.0</ele>
      </trkpt>
      <trkpt lat="42.3537100" lon="9.0545700">
        <ele>0.0</ele>
      </trkpt>
      <trkpt lat="42.3537100" lon="9.0544500">
        <ele>0.0</ele>
      </trkpt>
      <trkpt lat="42.3537000" lon="9.0542900">
        <ele>0.0</ele>
      </trkpt>
      <trkpt lat="42.3536500" lon="9.0541200">
        <ele>0.0</ele>
      </trkpt>
      <trkpt lat="42.3532400" lon="9.0532800">
        <ele>0.0</ele>
      </trkpt>
      <trkpt lat="42.3530100" lon="9.0529700">
        <ele>0.0</ele>
      </trkpt>
      <trkpt lat="42.3528400" lon="9.0528300">
        <ele>0.0</ele>
      </trkpt>
      <trkpt lat="42.3527200" lon="9.0528000">
        <ele>0.0</ele>
      </trkpt>
      <trkpt lat="42.3525600" lon="9.0528000">
        <ele>0.0</ele>
      </trkpt>
      <trkpt lat="42.3524200" lon="9.0528300">
        <ele>0.0</ele>
      </trkpt>
      <trkpt lat="42.3522200" lon="9.0527400">
        <ele>0.0</ele>
      </trkpt>
      <trkpt lat="42.3522000" lon="9.0527300">
        <ele>0.0</ele>
      </trkpt>
      <trkpt lat="42.3521000" lon="9.0526400">
        <ele>0.0</ele>
      </trkpt>
      <trkpt lat="42.3518100" lon="9.0523000">
        <ele>0.0</ele>
      </trkpt>
      <trkpt lat="42.3514400" lon="9.0517200">
        <ele>0.0</ele>
      </trkpt>
      <trkpt lat="42.3514000" lon="9.0514600">
        <ele>0.0</ele>
      </trkpt>
      <trkpt lat="42.3513200" lon="9.0508500">
        <ele>0.0</ele>
      </trkpt>
      <trkpt lat="42.3512700" lon="9.0506700">
        <ele>0.0</ele>
      </trkpt>
      <trkpt lat="42.3512100" lon="9.0505700">
        <ele>0.0</ele>
      </trkpt>
      <trkpt lat="42.3510500" lon="9.0504100">
        <ele>0.0</ele>
      </trkpt>
      <trkpt lat="42.3507500" lon="9.0501600">
        <ele>0.0</ele>
      </trkpt>
      <trkpt lat="42.3505300" lon="9.0499100">
        <ele>0.0</ele>
      </trkpt>
      <trkpt lat="42.3502300" lon="9.0497300">
        <ele>0.0</ele>
      </trkpt>
      <trkpt lat="42.3500900" lon="9.0495600">
        <ele>0.0</ele>
      </trkpt>
      <trkpt lat="42.3500400" lon="9.0494800">
        <ele>0.0</ele>
      </trkpt>
      <trkpt lat="42.3499600" lon="9.0494000">
        <ele>0.0</ele>
      </trkpt>
      <trkpt lat="42.3499000" lon="9.0493300">
        <ele>0.0</ele>
      </trkpt>
      <trkpt lat="42.3498100" lon="9.0493100">
        <ele>0.0</ele>
      </trkpt>
      <trkpt lat="42.3496300" lon="9.0493300">
        <ele>0.0</ele>
      </trkpt>
      <trkpt lat="42.3495200" lon="9.0493800">
        <ele>0.0</ele>
      </trkpt>
      <trkpt lat="42.3493700" lon="9.0494200">
        <ele>0.0</ele>
      </trkpt>
      <trkpt lat="42.3491800" lon="9.0493900">
        <ele>0.0</ele>
      </trkpt>
      <trkpt lat="42.3490600" lon="9.0493400">
        <ele>0.0</ele>
      </trkpt>
      <trkpt lat="42.3488400" lon="9.0493500">
        <ele>0.0</ele>
      </trkpt>
      <trkpt lat="42.3484400" lon="9.0494000">
        <ele>0.0</ele>
      </trkpt>
      <trkpt lat="42.3481600" lon="9.0493700">
        <ele>0.0</ele>
      </trkpt>
      <trkpt lat="42.3480000" lon="9.0493300">
        <ele>0.0</ele>
      </trkpt>
      <trkpt lat="42.3478500" lon="9.0492600">
        <ele>0.0</ele>
      </trkpt>
      <trkpt lat="42.3476700" lon="9.0491500">
        <ele>0.0</ele>
      </trkpt>
      <trkpt lat="42.3475600" lon="9.0490500">
        <ele>0.0</ele>
      </trkpt>
      <trkpt lat="42.3472200" lon="9.0486500">
        <ele>0.0</ele>
      </trkpt>
      <trkpt lat="42.3469900" lon="9.0485400">
        <ele>0.0</ele>
      </trkpt>
      <trkpt lat="42.3466700" lon="9.0484500">
        <ele>0.0</ele>
      </trkpt>
      <trkpt lat="42.3465400" lon="9.0484000">
        <ele>0.0</ele>
      </trkpt>
      <trkpt lat="42.3462100" lon="9.0483100">
        <ele>0.0</ele>
      </trkpt>
      <trkpt lat="42.3459100" lon="9.0482400">
        <ele>0.0</ele>
      </trkpt>
      <trkpt lat="42.3457400" lon="9.0481900">
        <ele>0.0</ele>
      </trkpt>
      <trkpt lat="42.3453500" lon="9.0481400">
        <ele>0.0</ele>
      </trkpt>
      <trkpt lat="42.3448900" lon="9.0481200">
        <ele>0.0</ele>
      </trkpt>
      <trkpt lat="42.3447300" lon="9.0480700">
        <ele>0.0</ele>
      </trkpt>
      <trkpt lat="42.3446800" lon="9.0480500">
        <ele>0.0</ele>
      </trkpt>
      <trkpt lat="42.3445400" lon="9.0479900">
        <ele>0.0</ele>
      </trkpt>
      <trkpt lat="42.3443700" lon="9.0478300">
        <ele>0.0</ele>
      </trkpt>
      <trkpt lat="42.3441400" lon="9.0475500">
        <ele>0.0</ele>
      </trkpt>
      <trkpt lat="42.3440500" lon="9.0473000">
        <ele>0.0</ele>
      </trkpt>
      <trkpt lat="42.3440200" lon="9.0471400">
        <ele>0.0</ele>
      </trkpt>
      <trkpt lat="42.3439900" lon="9.0464600">
        <ele>0.0</ele>
      </trkpt>
      <trkpt lat="42.3439600" lon="9.0463300">
        <ele>0.0</ele>
      </trkpt>
      <trkpt lat="42.3439000" lon="9.0462400">
        <ele>0.0</ele>
      </trkpt>
      <trkpt lat="42.3438400" lon="9.0459800">
        <ele>0.0</ele>
      </trkpt>
      <trkpt lat="42.3438100" lon="9.0457200">
        <ele>0.0</ele>
      </trkpt>
      <trkpt lat="42.3437200" lon="9.0454600">
        <ele>0.0</ele>
      </trkpt>
      <trkpt lat="42.3435000" lon="9.0451000">
        <ele>0.0</ele>
      </trkpt>
      <trkpt lat="42.3433600" lon="9.0449800">
        <ele>0.0</ele>
      </trkpt>
      <trkpt lat="42.3431800" lon="9.0449100">
        <ele>0.0</ele>
      </trkpt>
      <trkpt lat="42.3430200" lon="9.0448100">
        <ele>0.0</ele>
      </trkpt>
      <trkpt lat="42.3429000" lon="9.0447200">
        <ele>0.0</ele>
      </trkpt>
      <trkpt lat="42.3428200" lon="9.0446200">
        <ele>0.0</ele>
      </trkpt>
      <trkpt lat="42.3427700" lon="9.0444700">
        <ele>0.0</ele>
      </trkpt>
      <trkpt lat="42.3427200" lon="9.0442300">
        <ele>0.0</ele>
      </trkpt>
      <trkpt lat="42.3427100" lon="9.0438000">
        <ele>0.0</ele>
      </trkpt>
      <trkpt lat="42.3427700" lon="9.0427900">
        <ele>0.0</ele>
      </trkpt>
      <trkpt lat="42.3427700" lon="9.0426300">
        <ele>0.0</ele>
      </trkpt>
      <trkpt lat="42.3427700" lon="9.0422900">
        <ele>0.0</ele>
      </trkpt>
      <trkpt lat="42.3427800" lon="9.0422100">
        <ele>0.0</ele>
      </trkpt>
      <trkpt lat="42.3427800" lon="9.0419300">
        <ele>0.0</ele>
      </trkpt>
      <trkpt lat="42.3428100" lon="9.0415900">
        <ele>0.0</ele>
      </trkpt>
      <trkpt lat="42.3428800" lon="9.0413400">
        <ele>0.0</ele>
      </trkpt>
      <trkpt lat="42.3430800" lon="9.0410100">
        <ele>0.0</ele>
      </trkpt>
      <trkpt lat="42.3434900" lon="9.0406000">
        <ele>0.0</ele>
      </trkpt>
      <trkpt lat="42.3436800" lon="9.0403500">
        <ele>0.0</ele>
      </trkpt>
      <trkpt lat="42.3437300" lon="9.0402100">
        <ele>0.0</ele>
      </trkpt>
      <trkpt lat="42.3437700" lon="9.0400600">
        <ele>0.0</ele>
      </trkpt>
      <trkpt lat="42.3438000" lon="9.0397500">
        <ele>0.0</ele>
      </trkpt>
      <trkpt lat="42.3437700" lon="9.0395200">
        <ele>0.0</ele>
      </trkpt>
      <trkpt lat="42.3437500" lon="9.0393600">
        <ele>0.0</ele>
      </trkpt>
      <trkpt lat="42.3436900" lon="9.0391200">
        <ele>0.0</ele>
      </trkpt>
      <trkpt lat="42.3433500" lon="9.0381500">
        <ele>0.0</ele>
      </trkpt>
      <trkpt lat="42.3432000" lon="9.0376500">
        <ele>0.0</ele>
      </trkpt>
      <trkpt lat="42.3431100" lon="9.0372000">
        <ele>0.0</ele>
      </trkpt>
      <trkpt lat="42.3430800" lon="9.0370400">
        <ele>0.0</ele>
      </trkpt>
      <trkpt lat="42.3430000" lon="9.0364500">
        <ele>0.0</ele>
      </trkpt>
      <trkpt lat="42.3429400" lon="9.0359900">
        <ele>0.0</ele>
      </trkpt>
      <trkpt lat="42.3429700" lon="9.0357100">
        <ele>0.0</ele>
      </trkpt>
      <trkpt lat="42.3429700" lon="9.0356400">
        <ele>0.0</ele>
      </trkpt>
      <trkpt lat="42.3430600" lon="9.0354100">
        <ele>0.0</ele>
      </trkpt>
      <trkpt lat="42.3432300" lon="9.0351100">
        <ele>0.0</ele>
      </trkpt>
      <trkpt lat="42.3435400" lon="9.0348400">
        <ele>0.0</ele>
      </trkpt>
      <trkpt lat="42.3437100" lon="9.0347200">
        <ele>0.0</ele>
      </trkpt>
      <trkpt lat="42.3439800" lon="9.0345000">
        <ele>0.0</ele>
      </trkpt>
      <trkpt lat="42.3440400" lon="9.0344700">
        <ele>0.0</ele>
      </trkpt>
      <trkpt lat="42.3441100" lon="9.0344500">
        <ele>0.0</ele>
      </trkpt>
      <trkpt lat="42.3445200" lon="9.0344100">
        <ele>0.0</ele>
      </trkpt>
      <trkpt lat="42.3446500" lon="9.0343600">
        <ele>0.0</ele>
      </trkpt>
      <trkpt lat="42.3449700" lon="9.0340600">
        <ele>0.0</ele>
      </trkpt>
      <trkpt lat="42.3451000" lon="9.0339900">
        <ele>0.0</ele>
      </trkpt>
      <trkpt lat="42.3451900" lon="9.0339800">
        <ele>0.0</ele>
      </trkpt>
      <trkpt lat="42.3453300" lon="9.0340100">
        <ele>0.0</ele>
      </trkpt>
      <trkpt lat="42.3455000" lon="9.0341000">
        <ele>0.0</ele>
      </trkpt>
      <trkpt lat="42.3455700" lon="9.0341100">
        <ele>0.0</ele>
      </trkpt>
      <trkpt lat="42.3456300" lon="9.0341000">
        <ele>0.0</ele>
      </trkpt>
      <trkpt lat="42.3457000" lon="9.0340600">
        <ele>0.0</ele>
      </trkpt>
      <trkpt lat="42.3457800" lon="9.0339800">
        <ele>0.0</ele>
      </trkpt>
      <trkpt lat="42.3458200" lon="9.0335300">
        <ele>0.0</ele>
      </trkpt>
      <trkpt lat="42.3457900" lon="9.0334100">
        <ele>0.0</ele>
      </trkpt>
      <trkpt lat="42.3457500" lon="9.0333600">
        <ele>0.0</ele>
      </trkpt>
      <trkpt lat="42.3456300" lon="9.0332400">
        <ele>0.0</ele>
      </trkpt>
      <trkpt lat="42.3456000" lon="9.0332300">
        <ele>0.0</ele>
      </trkpt>
      <trkpt lat="42.3455300" lon="9.0332000">
        <ele>0.0</ele>
      </trkpt>
      <trkpt lat="42.3453600" lon="9.0331700">
        <ele>0.0</ele>
      </trkpt>
      <trkpt lat="42.3452200" lon="9.0331600">
        <ele>0.0</ele>
      </trkpt>
      <trkpt lat="42.3450900" lon="9.0331700">
        <ele>0.0</ele>
      </trkpt>
      <trkpt lat="42.3449500" lon="9.0332200">
        <ele>0.0</ele>
      </trkpt>
      <trkpt lat="42.3446900" lon="9.0334000">
        <ele>0.0</ele>
      </trkpt>
      <trkpt lat="42.3445600" lon="9.0335000">
        <ele>0.0</ele>
      </trkpt>
      <trkpt lat="42.3445000" lon="9.0335100">
        <ele>0.0</ele>
      </trkpt>
      <trkpt lat="42.3441400" lon="9.0335200">
        <ele>0.0</ele>
      </trkpt>
      <trkpt lat="42.3437200" lon="9.0334800">
        <ele>0.0</ele>
      </trkpt>
      <trkpt lat="42.3436200" lon="9.0334900">
        <ele>0.0</ele>
      </trkpt>
      <trkpt lat="42.3435300" lon="9.0335300">
        <ele>0.0</ele>
      </trkpt>
      <trkpt lat="42.3434400" lon="9.0335800">
        <ele>0.0</ele>
      </trkpt>
      <trkpt lat="42.3431600" lon="9.0338700">
        <ele>0.0</ele>
      </trkpt>
      <trkpt lat="42.3429800" lon="9.0340100">
        <ele>0.0</ele>
      </trkpt>
      <trkpt lat="42.3429200" lon="9.0340400">
        <ele>0.0</ele>
      </trkpt>
      <trkpt lat="42.3428400" lon="9.0340400">
        <ele>0.0</ele>
      </trkpt>
      <trkpt lat="42.3426900" lon="9.0339900">
        <ele>0.0</ele>
      </trkpt>
      <trkpt lat="42.3424900" lon="9.0338900">
        <ele>0.0</ele>
      </trkpt>
      <trkpt lat="42.3424600" lon="9.0338600">
        <ele>0.0</ele>
      </trkpt>
      <trkpt lat="42.3423400" lon="9.0337500">
        <ele>0.0</ele>
      </trkpt>
      <trkpt lat="42.3422300" lon="9.0336200">
        <ele>0.0</ele>
      </trkpt>
      <trkpt lat="42.3419700" lon="9.0332000">
        <ele>0.0</ele>
      </trkpt>
      <trkpt lat="42.3416300" lon="9.0325700">
        <ele>0.0</ele>
      </trkpt>
      <trkpt lat="42.3415200" lon="9.0323100">
        <ele>0.0</ele>
      </trkpt>
      <trkpt lat="42.3414100" lon="9.0319700">
        <ele>0.0</ele>
      </trkpt>
      <trkpt lat="42.3413100" lon="9.0316600">
        <ele>0.0</ele>
      </trkpt>
      <trkpt lat="42.3412700" lon="9.0315600">
        <ele>0.0</ele>
      </trkpt>
      <trkpt lat="42.3411100" lon="9.0311900">
        <ele>0.0</ele>
      </trkpt>
      <trkpt lat="42.3410200" lon="9.0310800">
        <ele>0.0</ele>
      </trkpt>
      <trkpt lat="42.3409600" lon="9.0310100">
        <ele>0.0</ele>
      </trkpt>
      <trkpt lat="42.3407500" lon="9.0308700">
        <ele>0.0</ele>
      </trkpt>
      <trkpt lat="42.3405100" lon="9.0307600">
        <ele>0.0</ele>
      </trkpt>
      <trkpt lat="42.3403900" lon="9.0307000">
        <ele>0.0</ele>
      </trkpt>
      <trkpt lat="42.3400700" lon="9.0305800">
        <ele>0.0</ele>
      </trkpt>
      <trkpt lat="42.3397200" lon="9.0304900">
        <ele>0.0</ele>
      </trkpt>
      <trkpt lat="42.3394000" lon="9.0303900">
        <ele>0.0</ele>
      </trkpt>
      <trkpt lat="42.3392700" lon="9.0303000">
        <ele>0.0</ele>
      </trkpt>
      <trkpt lat="42.3390800" lon="9.0300700">
        <ele>0.0</ele>
      </trkpt>
      <trkpt lat="42.3388700" lon="9.0297000">
        <ele>0.0</ele>
      </trkpt>
      <trkpt lat="42.3384000" lon="9.0290300">
        <ele>0.0</ele>
      </trkpt>
      <trkpt lat="42.3381900" lon="9.0288300">
        <ele>0.0</ele>
      </trkpt>
      <trkpt lat="42.3380700" lon="9.0287400">
        <ele>0.0</ele>
      </trkpt>
      <trkpt lat="42.3375400" lon="9.0285000">
        <ele>0.0</ele>
      </trkpt>
      <trkpt lat="42.3373500" lon="9.0283400">
        <ele>0.0</ele>
      </trkpt>
      <trkpt lat="42.3369200" lon="9.0278000">
        <ele>0.0</ele>
      </trkpt>
      <trkpt lat="42.3366300" lon="9.0275300">
        <ele>0.0</ele>
      </trkpt>
      <trkpt lat="42.3363800" lon="9.0272900">
        <ele>0.0</ele>
      </trkpt>
      <trkpt lat="42.3362300" lon="9.0271800">
        <ele>0.0</ele>
      </trkpt>
      <trkpt lat="42.3358200" lon="9.0269800">
        <ele>0.0</ele>
      </trkpt>
      <trkpt lat="42.3356600" lon="9.0268300">
        <ele>0.0</ele>
      </trkpt>
      <trkpt lat="42.3355000" lon="9.0266300">
        <ele>0.0</ele>
      </trkpt>
      <trkpt lat="42.3351200" lon="9.0260300">
        <ele>0.0</ele>
      </trkpt>
      <trkpt lat="42.3350400" lon="9.0258300">
        <ele>0.0</ele>
      </trkpt>
      <trkpt lat="42.3348600" lon="9.0253900">
        <ele>0.0</ele>
      </trkpt>
      <trkpt lat="42.3347000" lon="9.0249100">
        <ele>0.0</ele>
      </trkpt>
      <trkpt lat="42.3345600" lon="9.0247100">
        <ele>0.0</ele>
      </trkpt>
      <trkpt lat="42.3343900" lon="9.0244800">
        <ele>0.0</ele>
      </trkpt>
      <trkpt lat="42.3343400" lon="9.0243800">
        <ele>0.0</ele>
      </trkpt>
      <trkpt lat="42.3343200" lon="9.0243500">
        <ele>0.0</ele>
      </trkpt>
      <trkpt lat="42.3342700" lon="9.0241500">
        <ele>0.0</ele>
      </trkpt>
      <trkpt lat="42.3342300" lon="9.0239700">
        <ele>0.0</ele>
      </trkpt>
      <trkpt lat="42.3341900" lon="9.0236900">
        <ele>0.0</ele>
      </trkpt>
      <trkpt lat="42.3341200" lon="9.0234200">
        <ele>0.0</ele>
      </trkpt>
      <trkpt lat="42.3340100" lon="9.0230500">
        <ele>0.0</ele>
      </trkpt>
      <trkpt lat="42.3338100" lon="9.0226300">
        <ele>0.0</ele>
      </trkpt>
      <trkpt lat="42.3336100" lon="9.0222400">
        <ele>0.0</ele>
      </trkpt>
      <trkpt lat="42.3333900" lon="9.0218700">
        <ele>0.0</ele>
      </trkpt>
      <trkpt lat="42.3333200" lon="9.0217700">
        <ele>0.0</ele>
      </trkpt>
      <trkpt lat="42.3331700" lon="9.0214900">
        <ele>0.0</ele>
      </trkpt>
      <trkpt lat="42.3331200" lon="9.0213100">
        <ele>0.0</ele>
      </trkpt>
      <trkpt lat="42.3331000" lon="9.0212100">
        <ele>0.0</ele>
      </trkpt>
      <trkpt lat="42.3331100" lon="9.0211300">
        <ele>0.0</ele>
      </trkpt>
      <trkpt lat="42.3331200" lon="9.0210300">
        <ele>0.0</ele>
      </trkpt>
      <trkpt lat="42.3331400" lon="9.0209400">
        <ele>0.0</ele>
      </trkpt>
      <trkpt lat="42.3331700" lon="9.0208500">
        <ele>0.0</ele>
      </trkpt>
      <trkpt lat="42.3331900" lon="9.0207900">
        <ele>0.0</ele>
      </trkpt>
      <trkpt lat="42.3332500" lon="9.0206600">
        <ele>0.0</ele>
      </trkpt>
      <trkpt lat="42.3333500" lon="9.0205100">
        <ele>0.0</ele>
      </trkpt>
      <trkpt lat="42.3335000" lon="9.0202900">
        <ele>0.0</ele>
      </trkpt>
      <trkpt lat="42.3337600" lon="9.0198800">
        <ele>0.0</ele>
      </trkpt>
      <trkpt lat="42.3339200" lon="9.0196600">
        <ele>0.0</ele>
      </trkpt>
      <trkpt lat="42.3340600" lon="9.0194500">
        <ele>0.0</ele>
      </trkpt>
      <trkpt lat="42.3341600" lon="9.0193700">
        <ele>0.0</ele>
      </trkpt>
      <trkpt lat="42.3343800" lon="9.0192600">
        <ele>0.0</ele>
      </trkpt>
      <trkpt lat="42.3346600" lon="9.0191900">
        <ele>0.0</ele>
      </trkpt>
      <trkpt lat="42.3347800" lon="9.0191600">
        <ele>0.0</ele>
      </trkpt>
      <trkpt lat="42.3348700" lon="9.0191300">
        <ele>0.0</ele>
      </trkpt>
      <trkpt lat="42.3351600" lon="9.0190500">
        <ele>0.0</ele>
      </trkpt>
      <trkpt lat="42.3353700" lon="9.0189900">
        <ele>0.0</ele>
      </trkpt>
      <trkpt lat="42.3356500" lon="9.0189400">
        <ele>0.0</ele>
      </trkpt>
      <trkpt lat="42.3358600" lon="9.0189400">
        <ele>0.0</ele>
      </trkpt>
      <trkpt lat="42.3363900" lon="9.0190900">
        <ele>0.0</ele>
      </trkpt>
      <trkpt lat="42.3365900" lon="9.0190900">
        <ele>0.0</ele>
      </trkpt>
      <trkpt lat="42.3367000" lon="9.0190100">
        <ele>0.0</ele>
      </trkpt>
      <trkpt lat="42.3367400" lon="9.0189200">
        <ele>0.0</ele>
      </trkpt>
      <trkpt lat="42.3367800" lon="9.0188400">
        <ele>0.0</ele>
      </trkpt>
      <trkpt lat="42.3368200" lon="9.0187500">
        <ele>0.0</ele>
      </trkpt>
      <trkpt lat="42.3368400" lon="9.0186100">
        <ele>0.0</ele>
      </trkpt>
      <trkpt lat="42.3368500" lon="9.0185600">
        <ele>0.0</ele>
      </trkpt>
      <trkpt lat="42.3368500" lon="9.0185200">
        <ele>0.0</ele>
      </trkpt>
      <trkpt lat="42.3368100" lon="9.0182900">
        <ele>0.0</ele>
      </trkpt>
      <trkpt lat="42.3365200" lon="9.0174000">
        <ele>0.0</ele>
      </trkpt>
      <trkpt lat="42.3363900" lon="9.0170100">
        <ele>0.0</ele>
      </trkpt>
      <trkpt lat="42.3363000" lon="9.0166600">
        <ele>0.0</ele>
      </trkpt>
      <trkpt lat="42.3362700" lon="9.0164200">
        <ele>0.0</ele>
      </trkpt>
      <trkpt lat="42.3362200" lon="9.0159000">
        <ele>0.0</ele>
      </trkpt>
      <trkpt lat="42.3361600" lon="9.0150000">
        <ele>0.0</ele>
      </trkpt>
      <trkpt lat="42.3361300" lon="9.0141500">
        <ele>0.0</ele>
      </trkpt>
      <trkpt lat="42.3360500" lon="9.0140400">
        <ele>0.0</ele>
      </trkpt>
      <trkpt lat="42.3359400" lon="9.0139500">
        <ele>0.0</ele>
      </trkpt>
      <trkpt lat="42.3357700" lon="9.0137900">
        <ele>0.0</ele>
      </trkpt>
      <trkpt lat="42.3355400" lon="9.0135800">
        <ele>0.0</ele>
      </trkpt>
      <trkpt lat="42.3354800" lon="9.0134900">
        <ele>0.0</ele>
      </trkpt>
      <trkpt lat="42.3354100" lon="9.0133200">
        <ele>0.0</ele>
      </trkpt>
      <trkpt lat="42.3353400" lon="9.0128700">
        <ele>0.0</ele>
      </trkpt>
      <trkpt lat="42.3353200" lon="9.0126700">
        <ele>0.0</ele>
      </trkpt>
      <trkpt lat="42.3352800" lon="9.0122000">
        <ele>0.0</ele>
      </trkpt>
      <trkpt lat="42.3352400" lon="9.0117200">
        <ele>0.0</ele>
      </trkpt>
      <trkpt lat="42.3352100" lon="9.0116100">
        <ele>0.0</ele>
      </trkpt>
      <trkpt lat="42.3351800" lon="9.0115000">
        <ele>0.0</ele>
      </trkpt>
      <trkpt lat="42.3348600" lon="9.0107900">
        <ele>0.0</ele>
      </trkpt>
      <trkpt lat="42.3344700" lon="9.0099300">
        <ele>0.0</ele>
      </trkpt>
      <trkpt lat="42.3342700" lon="9.0092900">
        <ele>0.0</ele>
      </trkpt>
      <trkpt lat="42.3342200" lon="9.0091600">
        <ele>0.0</ele>
      </trkpt>
      <trkpt lat="42.3341700" lon="9.0090400">
        <ele>0.0</ele>
      </trkpt>
      <trkpt lat="42.3340600" lon="9.0087900">
        <ele>0.0</ele>
      </trkpt>
      <trkpt lat="42.3340300" lon="9.0087200">
        <ele>0.0</ele>
      </trkpt>
      <trkpt lat="42.3339100" lon="9.0085100">
        <ele>0.0</ele>
      </trkpt>
      <trkpt lat="42.3336800" lon="9.0080800">
        <ele>0.0</ele>
      </trkpt>
      <trkpt lat="42.3334900" lon="9.0077100">
        <ele>0.0</ele>
      </trkpt>
      <trkpt lat="42.3334400" lon="9.0075600">
        <ele>0.0</ele>
      </trkpt>
      <trkpt lat="42.3334000" lon="9.0073000">
        <ele>0.0</ele>
      </trkpt>
      <trkpt lat="42.3334000" lon="9.0070100">
        <ele>0.0</ele>
      </trkpt>
      <trkpt lat="42.3336000" lon="9.0069100">
        <ele>0.0</ele>
      </trkpt>
      <trkpt lat="42.3337000" lon="9.0068400">
        <ele>0.0</ele>
      </trkpt>
      <trkpt lat="42.3337400" lon="9.0067600">
        <ele>0.0</ele>
      </trkpt>
      <trkpt lat="42.3338500" lon="9.0060700">
        <ele>0.0</ele>
      </trkpt>
      <trkpt lat="42.3338800" lon="9.0058800">
        <ele>0.0</ele>
      </trkpt>
      <trkpt lat="42.3338900" lon="9.0055500">
        <ele>0.0</ele>
      </trkpt>
      <trkpt lat="42.3338900" lon="9.0054900">
        <ele>0.0</ele>
      </trkpt>
      <trkpt lat="42.3338600" lon="9.0053300">
        <ele>0.0</ele>
      </trkpt>
      <trkpt lat="42.3338500" lon="9.0050800">
        <ele>0.0</ele>
      </trkpt>
      <trkpt lat="42.3338500" lon="9.0047900">
        <ele>0.0</ele>
      </trkpt>
      <trkpt lat="42.3338500" lon="9.0047100">
        <ele>0.0</ele>
      </trkpt>
      <trkpt lat="42.3338800" lon="9.0046300">
        <ele>0.0</ele>
      </trkpt>
      <trkpt lat="42.3339200" lon="9.0045900">
        <ele>0.0</ele>
      </trkpt>
      <trkpt lat="42.3340200" lon="9.0045900">
        <ele>0.0</ele>
      </trkpt>
      <trkpt lat="42.3340800" lon="9.0046100">
        <ele>0.0</ele>
      </trkpt>
      <trkpt lat="42.3341000" lon="9.0046500">
        <ele>0.0</ele>
      </trkpt>
      <trkpt lat="42.3341500" lon="9.0048600">
        <ele>0.0</ele>
      </trkpt>
      <trkpt lat="42.3342700" lon="9.0050500">
        <ele>0.0</ele>
      </trkpt>
      <trkpt lat="42.3344400" lon="9.0054300">
        <ele>0.0</ele>
      </trkpt>
      <trkpt lat="42.3345800" lon="9.0056800">
        <ele>0.0</ele>
      </trkpt>
      <trkpt lat="42.3347300" lon="9.0059900">
        <ele>0.0</ele>
      </trkpt>
      <trkpt lat="42.3351100" lon="9.0064100">
        <ele>0.0</ele>
      </trkpt>
      <trkpt lat="42.3356400" lon="9.0068700">
        <ele>0.0</ele>
      </trkpt>
      <trkpt lat="42.3360600" lon="9.0071600">
        <ele>0.0</ele>
      </trkpt>
      <trkpt lat="42.3363600" lon="9.0073400">
        <ele>0.0</ele>
      </trkpt>
      <trkpt lat="42.3365700" lon="9.0074100">
        <ele>0.0</ele>
      </trkpt>
      <trkpt lat="42.3368100" lon="9.0074700">
        <ele>0.0</ele>
      </trkpt>
      <trkpt lat="42.3369600" lon="9.0075200">
        <ele>0.0</ele>
      </trkpt>
      <trkpt lat="42.3370500" lon="9.0076000">
        <ele>0.0</ele>
      </trkpt>
      <trkpt lat="42.3371900" lon="9.0078000">
        <ele>0.0</ele>
      </trkpt>
      <trkpt lat="42.3375100" lon="9.0084800">
        <ele>0.0</ele>
      </trkpt>
      <trkpt lat="42.3376100" lon="9.0086200">
        <ele>0.0</ele>
      </trkpt>
      <trkpt lat="42.3377400" lon="9.0087600">
        <ele>0.0</ele>
      </trkpt>
      <trkpt lat="42.3377700" lon="9.0087900">
        <ele>0.0</ele>
      </trkpt>
      <trkpt lat="42.3380000" lon="9.0089600">
        <ele>0.0</ele>
      </trkpt>
      <trkpt lat="42.3382400" lon="9.0091200">
        <ele>0.0</ele>
      </trkpt>
      <trkpt lat="42.3384600" lon="9.0092900">
        <ele>0.0</ele>
      </trkpt>
      <trkpt lat="42.3386700" lon="9.0094800">
        <ele>0.0</ele>
      </trkpt>
      <trkpt lat="42.3391800" lon="9.0100300">
        <ele>0.0</ele>
      </trkpt>
      <trkpt lat="42.3393800" lon="9.0101900">
        <ele>0.0</ele>
      </trkpt>
      <trkpt lat="42.3395600" lon="9.0103100">
        <ele>0.0</ele>
      </trkpt>
      <trkpt lat="42.3396600" lon="9.0103500">
        <ele>0.0</ele>
      </trkpt>
      <trkpt lat="42.3397400" lon="9.0103600">
        <ele>0.0</ele>
      </trkpt>
      <trkpt lat="42.3398300" lon="9.0103300">
        <ele>0.0</ele>
      </trkpt>
      <trkpt lat="42.3399000" lon="9.0102500">
        <ele>0.0</ele>
      </trkpt>
      <trkpt lat="42.3399300" lon="9.0101900">
        <ele>0.0</ele>
      </trkpt>
      <trkpt lat="42.3399800" lon="9.0099900">
        <ele>0.0</ele>
      </trkpt>
      <trkpt lat="42.3399900" lon="9.0097800">
        <ele>0.0</ele>
      </trkpt>
      <trkpt lat="42.3399700" lon="9.0096200">
        <ele>0.0</ele>
      </trkpt>
      <trkpt lat="42.3399100" lon="9.0094300">
        <ele>0.0</ele>
      </trkpt>
      <trkpt lat="42.3398100" lon="9.0092400">
        <ele>0.0</ele>
      </trkpt>
      <trkpt lat="42.3397100" lon="9.0091200">
        <ele>0.0</ele>
      </trkpt>
      <trkpt lat="42.3396300" lon="9.0090500">
        <ele>0.0</ele>
      </trkpt>
      <trkpt lat="42.3395500" lon="9.0090100">
        <ele>0.0</ele>
      </trkpt>
      <trkpt lat="42.3394000" lon="9.0089100">
        <ele>0.0</ele>
      </trkpt>
      <trkpt lat="42.3393200" lon="9.0088200">
        <ele>0.0</ele>
      </trkpt>
      <trkpt lat="42.3393100" lon="9.0087900">
        <ele>0.0</ele>
      </trkpt>
      <trkpt lat="42.3392600" lon="9.0087000">
        <ele>0.0</ele>
      </trkpt>
      <trkpt lat="42.3392100" lon="9.0083900">
        <ele>0.0</ele>
      </trkpt>
      <trkpt lat="42.3391900" lon="9.0080200">
        <ele>0.0</ele>
      </trkpt>
      <trkpt lat="42.3391600" lon="9.0076700">
        <ele>0.0</ele>
      </trkpt>
      <trkpt lat="42.3390700" lon="9.0070200">
        <ele>0.0</ele>
      </trkpt>
      <trkpt lat="42.3390200" lon="9.0067800">
        <ele>0.0</ele>
      </trkpt>
      <trkpt lat="42.3388600" lon="9.0062400">
        <ele>0.0</ele>
      </trkpt>
      <trkpt lat="42.3387100" lon="9.0056300">
        <ele>0.0</ele>
      </trkpt>
      <trkpt lat="42.3386900" lon="9.0053800">
        <ele>0.0</ele>
      </trkpt>
      <trkpt lat="42.3387000" lon="9.0040300">
        <ele>0.0</ele>
      </trkpt>
      <trkpt lat="42.3387100" lon="9.0038600">
        <ele>0.0</ele>
      </trkpt>
      <trkpt lat="42.3387500" lon="9.0037300">
        <ele>0.0</ele>
      </trkpt>
      <trkpt lat="42.3388700" lon="9.0035600">
        <ele>0.0</ele>
      </trkpt>
      <trkpt lat="42.3389200" lon="9.0035200">
        <ele>0.0</ele>
      </trkpt>
      <trkpt lat="42.3389700" lon="9.0034900">
        <ele>0.0</ele>
      </trkpt>
      <trkpt lat="42.3391200" lon="9.0034300">
        <ele>0.0</ele>
      </trkpt>
      <trkpt lat="42.3393900" lon="9.0033400">
        <ele>0.0</ele>
      </trkpt>
      <trkpt lat="42.3395900" lon="9.0032900">
        <ele>0.0</ele>
      </trkpt>
      <trkpt lat="42.3397200" lon="9.0032700">
        <ele>0.0</ele>
      </trkpt>
      <trkpt lat="42.3397900" lon="9.0032800">
        <ele>0.0</ele>
      </trkpt>
      <trkpt lat="42.3398800" lon="9.0033200">
        <ele>0.0</ele>
      </trkpt>
      <trkpt lat="42.3399600" lon="9.0033900">
        <ele>0.0</ele>
      </trkpt>
      <trkpt lat="42.3401000" lon="9.0035500">
        <ele>0.0</ele>
      </trkpt>
      <trkpt lat="42.3401300" lon="9.0036200">
        <ele>0.0</ele>
      </trkpt>
      <trkpt lat="42.3401800" lon="9.0038500">
        <ele>0.0</ele>
      </trkpt>
      <trkpt lat="42.3402500" lon="9.0040400">
        <ele>0.0</ele>
      </trkpt>
      <trkpt lat="42.3402800" lon="9.0041000">
        <ele>0.0</ele>
      </trkpt>
      <trkpt lat="42.3403200" lon="9.0041500">
        <ele>0.0</ele>
      </trkpt>
      <trkpt lat="42.3403600" lon="9.0042000">
        <ele>0.0</ele>
      </trkpt>
      <trkpt lat="42.3408100" lon="9.0045900">
        <ele>0.0</ele>
      </trkpt>
      <trkpt lat="42.3408400" lon="9.0046200">
        <ele>0.0</ele>
      </trkpt>
      <trkpt lat="42.3408700" lon="9.0046300">
        <ele>0.0</ele>
      </trkpt>
      <trkpt lat="42.3409100" lon="9.0046400">
        <ele>0.0</ele>
      </trkpt>
      <trkpt lat="42.3409500" lon="9.0046400">
        <ele>0.0</ele>
      </trkpt>
      <trkpt lat="42.3409800" lon="9.0046300">
        <ele>0.0</ele>
      </trkpt>
      <trkpt lat="42.3410200" lon="9.0046200">
        <ele>0.0</ele>
      </trkpt>
      <trkpt lat="42.3410500" lon="9.0046000">
        <ele>0.0</ele>
      </trkpt>
      <trkpt lat="42.3410900" lon="9.0045500">
        <ele>0.0</ele>
      </trkpt>
      <trkpt lat="42.3413100" lon="9.0042900">
        <ele>0.0</ele>
      </trkpt>
      <trkpt lat="42.3413500" lon="9.0042300">
        <ele>0.0</ele>
      </trkpt>
      <trkpt lat="42.3414500" lon="9.0041300">
        <ele>0.0</ele>
      </trkpt>
      <trkpt lat="42.3414800" lon="9.0041000">
        <ele>0.0</ele>
      </trkpt>
      <trkpt lat="42.3415000" lon="9.0040900">
        <ele>0.0</ele>
      </trkpt>
      <trkpt lat="42.3415400" lon="9.0040800">
        <ele>0.0</ele>
      </trkpt>
      <trkpt lat="42.3415700" lon="9.0040700">
        <ele>0.0</ele>
      </trkpt>
      <trkpt lat="42.3420300" lon="9.0041200">
        <ele>0.0</ele>
      </trkpt>
      <trkpt lat="42.3424200" lon="9.0041600">
        <ele>0.0</ele>
      </trkpt>
      <trkpt lat="42.3427400" lon="9.0042100">
        <ele>0.0</ele>
      </trkpt>
      <trkpt lat="42.3428100" lon="9.0042200">
        <ele>0.0</ele>
      </trkpt>
      <trkpt lat="42.3428900" lon="9.0042500">
        <ele>0.0</ele>
      </trkpt>
      <trkpt lat="42.3429600" lon="9.0042700">
        <ele>0.0</ele>
      </trkpt>
      <trkpt lat="42.3437600" lon="9.0046700">
        <ele>0.0</ele>
      </trkpt>
      <trkpt lat="42.3439500" lon="9.0047700">
        <ele>0.0</ele>
      </trkpt>
      <trkpt lat="42.3444500" lon="9.0050200">
        <ele>0.0</ele>
      </trkpt>
      <trkpt lat="42.3444800" lon="9.0050400">
        <ele>0.0</ele>
      </trkpt>
      <trkpt lat="42.3447800" lon="9.0052500">
        <ele>0.0</ele>
      </trkpt>
      <trkpt lat="42.3448300" lon="9.0052800">
        <ele>0.0</ele>
      </trkpt>
      <trkpt lat="42.3451500" lon="9.0054500">
        <ele>0.0</ele>
      </trkpt>
      <trkpt lat="42.3453600" lon="9.0055500">
        <ele>0.0</ele>
      </trkpt>
      <trkpt lat="42.3454900" lon="9.0056500">
        <ele>0.0</ele>
      </trkpt>
      <trkpt lat="42.3455200" lon="9.0056800">
        <ele>0.0</ele>
      </trkpt>
      <trkpt lat="42.3456500" lon="9.0058300">
        <ele>0.0</ele>
      </trkpt>
      <trkpt lat="42.3458100" lon="9.0060500">
        <ele>0.0</ele>
      </trkpt>
      <trkpt lat="42.3460300" lon="9.0063100">
        <ele>0.0</ele>
      </trkpt>
      <trkpt lat="42.3467000" lon="9.0070300">
        <ele>0.0</ele>
      </trkpt>
      <trkpt lat="42.3467400" lon="9.0071200">
        <ele>0.0</ele>
      </trkpt>
      <trkpt lat="42.3467600" lon="9.0071800">
        <ele>0.0</ele>
      </trkpt>
      <trkpt lat="42.3467800" lon="9.0073300">
        <ele>0.0</ele>
      </trkpt>
      <trkpt lat="42.3467900" lon="9.0074200">
        <ele>0.0</ele>
      </trkpt>
      <trkpt lat="42.3468000" lon="9.0087900">
        <ele>0.0</ele>
      </trkpt>
      <trkpt lat="42.3468000" lon="9.0091100">
        <ele>0.0</ele>
      </trkpt>
      <trkpt lat="42.3468100" lon="9.0092900">
        <ele>0.0</ele>
      </trkpt>
      <trkpt lat="42.3468200" lon="9.0093900">
        <ele>0.0</ele>
      </trkpt>
      <trkpt lat="42.3468300" lon="9.0094200">
        <ele>0.0</ele>
      </trkpt>
      <trkpt lat="42.3467300" lon="9.0097500">
        <ele>0.0</ele>
      </trkpt>
      <trkpt lat="42.3466200" lon="9.0105900">
        <ele>0.0</ele>
      </trkpt>
      <trkpt lat="42.3464700" lon="9.0117300">
        <ele>0.0</ele>
      </trkpt>
      <trkpt lat="42.3463300" lon="9.0125600">
        <ele>0.0</ele>
      </trkpt>
      <trkpt lat="42.3462300" lon="9.0133300">
        <ele>0.0</ele>
      </trkpt>
      <trkpt lat="42.3462100" lon="9.0135500">
        <ele>0.0</ele>
      </trkpt>
      <trkpt lat="42.3462100" lon="9.0136000">
        <ele>0.0</ele>
      </trkpt>
      <trkpt lat="42.3462300" lon="9.0136400">
        <ele>0.0</ele>
      </trkpt>
      <trkpt lat="42.3462500" lon="9.0136600">
        <ele>0.0</ele>
      </trkpt>
      <trkpt lat="42.3463000" lon="9.0136700">
        <ele>0.0</ele>
      </trkpt>
      <trkpt lat="42.3463700" lon="9.0136500">
        <ele>0.0</ele>
      </trkpt>
    </trkseg>
  </trk>
</gpx>